// 4.26.0 0xfe47f2dc D2 AY R0 FARGB8888 U565 N0 SIntFlashSection
// Generated by imageconverter. Please, do not edit!

#include <touchgfx/hal/Config.hpp>

LOCATION_PRAGMA("IntFlashSection")
KEEP extern const unsigned char image_pc_wait_device[] LOCATION_ATTRIBUTE("IntFlashSection") = { // 72x72 ARGB8888 pixels.
    0x00, 0x00, 0x00, 0x00, 0x00, 0x00, 0x00, 0x00, 0x00, 0x00, 0x00, 0x00,
    0x00, 0x00, 0x00, 0x00, 0x00, 0x00, 0x00, 0x00, 0x00, 0x00, 0x00, 0x00,
    0x00, 0x00, 0x00, 0x00, 0x00, 0x00, 0x00, 0x00, 0x00, 0x00, 0x00, 0x00,
    0x00, 0x00, 0x00, 0x00, 0x00, 0x00, 0x00, 0x00, 0x00, 0x00, 0x00, 0x00,
    0x00, 0x00, 0x00, 0x00, 0x00, 0x00, 0x00, 0x00, 0x00, 0x00, 0x00, 0x00,
    0x00, 0x00, 0x00, 0x00, 0x00, 0x00, 0x00, 0x00, 0x00, 0x00, 0x00, 0x00,
    0x00, 0x00, 0x00, 0x00, 0x00, 0x00, 0x00, 0x00, 0x00, 0x00, 0x00, 0x00,
    0x00, 0x00, 0x00, 0x00, 0x00, 0x00, 0x00, 0x00, 0x00, 0x00, 0x00, 0x00,
    0x00, 0x00, 0x00, 0x00, 0x00, 0x00, 0x00, 0x00, 0x00, 0x00, 0x00, 0x00,
    0x00, 0x00, 0x00, 0x00, 0x00, 0x00, 0x00, 0x00, 0x00, 0x00, 0x00, 0x00,
    0x00, 0x00, 0x00, 0x00, 0x00, 0x00, 0x00, 0x00, 0x00, 0x00, 0x00, 0x00,
    0x00, 0x00, 0x00, 0x00, 0x00, 0x00, 0x00, 0x00, 0x00, 0x00, 0x00, 0x00,
    0x00, 0x00, 0x00, 0x00, 0x00, 0x00, 0x00, 0x00, 0x00, 0x00, 0x00, 0x00,
    0x00, 0x00, 0x00, 0x00, 0x00, 0x00, 0x00, 0x00, 0x00, 0x00, 0x00, 0x00,
    0x00, 0x00, 0x00, 0x00, 0x00, 0x00, 0x00, 0x00, 0x00, 0x00, 0x00, 0x00,
    0x00, 0x00, 0x00, 0x00, 0x00, 0x00, 0x00, 0x00, 0x00, 0x00, 0x00, 0x00,
    0x00, 0x00, 0x00, 0x00, 0x00, 0x00, 0x00, 0x00, 0x00, 0x00, 0x00, 0x00,
    0x00, 0x00, 0x00, 0x00, 0x00, 0x00, 0x00, 0x00, 0x00, 0x00, 0x00, 0x00,
    0x00, 0x00, 0x00, 0x00, 0x00, 0x00, 0x00, 0x00, 0x00, 0x00, 0x00, 0x00,
    0x00, 0x00, 0x00, 0x00, 0x00, 0x00, 0x00, 0x00, 0x00, 0x00, 0x00, 0x00,
    0x00, 0x00, 0x00, 0x00, 0x00, 0x00, 0x00, 0x00, 0x00, 0x00, 0x00, 0x00,
    0x00, 0x00, 0x00, 0x00, 0x00, 0x00, 0x00, 0x00, 0x00, 0x00, 0x00, 0x00,
    0x00, 0x00, 0x00, 0x00, 0x00, 0x00, 0x00, 0x00, 0x00, 0x00, 0x00, 0x00,
    0x00, 0x00, 0x00, 0x00, 0x00, 0x00, 0x00, 0x00, 0x00, 0x00, 0x00, 0x00,
    0x00, 0x00, 0x00, 0x00, 0x00, 0x00, 0x00, 0x00, 0x00, 0x00, 0x00, 0x00,
    0x00, 0x00, 0x00, 0x00, 0x00, 0x00, 0x00, 0x00, 0x00, 0x00, 0x00, 0x00,
    0x00, 0x00, 0x00, 0x00, 0x00, 0x00, 0x00, 0x00, 0x00, 0x00, 0x00, 0x00,
    0x00, 0x00, 0x00, 0x00, 0x00, 0x00, 0x00, 0x00, 0x00, 0x00, 0x00, 0x00,
    0x00, 0x00, 0x00, 0x00, 0x00, 0x00, 0x00, 0x00, 0x00, 0x00, 0x00, 0x00,
    0x00, 0x00, 0x00, 0x00, 0x00, 0x00, 0x00, 0x00, 0x00, 0x00, 0x00, 0x00,
    0x00, 0x00, 0x00, 0x00, 0x00, 0x00, 0x00, 0x00, 0x00, 0x00, 0x00, 0x00,
    0x00, 0x00, 0x00, 0x00, 0x00, 0x00, 0x00, 0x00, 0x00, 0x00, 0x00, 0x00,
    0x00, 0x00, 0x00, 0x00, 0x00, 0x00, 0x00, 0x00, 0x00, 0x00, 0x00, 0x00,
    0x00, 0x00, 0x00, 0x00, 0x00, 0x00, 0x00, 0x00, 0x00, 0x00, 0x00, 0x00,
    0x00, 0x00, 0x00, 0x00, 0x00, 0x00, 0x00, 0x00, 0x00, 0x00, 0x00, 0x00,
    0x00, 0x00, 0x00, 0x00, 0x00, 0x00, 0x00, 0x00, 0x00, 0x00, 0x00, 0x00,
    0x00, 0x00, 0x00, 0x00, 0x00, 0x00, 0x00, 0x00, 0x00, 0x00, 0x00, 0x00,
    0x00, 0x00, 0x00, 0x00, 0x00, 0x00, 0x00, 0x00, 0x00, 0x00, 0x00, 0x00,
    0x00, 0x00, 0x00, 0x00, 0x00, 0x00, 0x00, 0x00, 0x00, 0x00, 0x00, 0x00,
    0x00, 0x00, 0x00, 0x00, 0x00, 0x00, 0x00, 0x00, 0x00, 0x00, 0x00, 0x00,
    0x00, 0x00, 0x00, 0x00, 0x00, 0x00, 0x00, 0x00, 0x00, 0x00, 0x00, 0x00,
    0x00, 0x00, 0x00, 0x00, 0x00, 0x00, 0x00, 0x00, 0x00, 0x00, 0x00, 0x00,
    0x00, 0x00, 0x00, 0x00, 0x00, 0x00, 0x00, 0x00, 0x00, 0x00, 0x00, 0x00,
    0x00, 0x00, 0x00, 0x00, 0x00, 0x00, 0x00, 0x00, 0x00, 0x00, 0x00, 0x00,
    0x00, 0x00, 0x00, 0x00, 0x00, 0x00, 0x00, 0x00, 0x00, 0x00, 0x00, 0x00,
    0x00, 0x00, 0x00, 0x00, 0x00, 0x00, 0x00, 0x00, 0x00, 0x00, 0x00, 0x00,
    0x00, 0x00, 0x00, 0x00, 0x00, 0x00, 0x00, 0x00, 0x00, 0x00, 0x00, 0x00,
    0x00, 0x00, 0x00, 0x00, 0x00, 0x00, 0x00, 0x00, 0x00, 0x00, 0x00, 0x00,
    0x00, 0x00, 0x00, 0x00, 0x00, 0x00, 0x00, 0x00, 0x00, 0x00, 0x00, 0x00,
    0x00, 0x00, 0x00, 0x00, 0x00, 0x00, 0x00, 0x00, 0x00, 0x00, 0x00, 0x00,
    0x00, 0x00, 0x00, 0x00, 0x00, 0x00, 0x00, 0x00, 0x00, 0x00, 0x00, 0x00,
    0x00, 0x00, 0x00, 0x00, 0x00, 0x00, 0x00, 0x00, 0x00, 0x00, 0x00, 0x00,
    0x00, 0x00, 0x00, 0x00, 0x00, 0x00, 0x00, 0x00, 0x00, 0x00, 0x00, 0x00,
    0x00, 0x00, 0x00, 0x00, 0x00, 0x00, 0x00, 0x00, 0x00, 0x00, 0x00, 0x00,
    0x00, 0x00, 0x00, 0x00, 0x00, 0x00, 0x00, 0x00, 0x00, 0x00, 0x00, 0x00,
    0x00, 0x00, 0x00, 0x00, 0x00, 0x00, 0x00, 0x00, 0x00, 0x00, 0x00, 0x00,
    0x00, 0x00, 0x00, 0x00, 0x00, 0x00, 0x00, 0x00, 0x00, 0x00, 0x00, 0x00,
    0x00, 0x00, 0x00, 0x00, 0x00, 0x00, 0x00, 0x00, 0x00, 0x00, 0x00, 0x00,
    0x00, 0x00, 0x00, 0x00, 0x00, 0x00, 0x00, 0x00, 0x00, 0x00, 0x00, 0x00,
    0x00, 0x00, 0x00, 0x00, 0x00, 0x00, 0x00, 0x00, 0x00, 0x00, 0x00, 0x00,
    0x00, 0x00, 0x00, 0x00, 0x00, 0x00, 0x00, 0x00, 0x00, 0x00, 0x00, 0x00,
    0x00, 0x00, 0x00, 0x00, 0x00, 0x00, 0x00, 0x00, 0x00, 0x00, 0x00, 0x00,
    0x00, 0x00, 0x00, 0x00, 0x00, 0x00, 0x00, 0x00, 0x00, 0x00, 0x00, 0x00,
    0x00, 0x00, 0x00, 0x00, 0x00, 0x00, 0x00, 0x00, 0x00, 0x00, 0x00, 0x00,
    0x00, 0x00, 0x00, 0x00, 0x00, 0x00, 0x00, 0x00, 0x00, 0x00, 0x00, 0x00,
    0x00, 0x00, 0x00, 0x00, 0x00, 0x00, 0x00, 0x00, 0x00, 0x00, 0x00, 0x00,
    0x00, 0x00, 0x00, 0x00, 0x00, 0x00, 0x00, 0x00, 0x00, 0x00, 0x00, 0x00,
    0x00, 0x00, 0x00, 0x00, 0x00, 0x00, 0x00, 0x00, 0x00, 0x00, 0x00, 0x00,
    0x00, 0x00, 0x00, 0x00, 0x00, 0x00, 0x00, 0x00, 0x00, 0x00, 0x00, 0x00,
    0x00, 0x00, 0x00, 0x00, 0x00, 0x00, 0x00, 0x00, 0x00, 0x00, 0x00, 0x00,
    0x00, 0x00, 0x00, 0x00, 0x00, 0x00, 0x00, 0x00, 0x00, 0x00, 0x00, 0x00,
    0x00, 0x00, 0x00, 0x00, 0x00, 0x00, 0x00, 0x00, 0x00, 0x00, 0x00, 0x00,
    0x00, 0x00, 0x00, 0x00, 0x00, 0x00, 0x00, 0x00, 0x00, 0x00, 0x00, 0x00,
    0x00, 0x00, 0x00, 0x00, 0x00, 0x00, 0x00, 0x00, 0x00, 0x00, 0x00, 0x00,
    0x00, 0x00, 0x00, 0x00, 0x00, 0x00, 0x00, 0x00, 0x00, 0x00, 0x00, 0x00,
    0x00, 0x00, 0x00, 0x00, 0x00, 0x00, 0x00, 0x00, 0x00, 0x00, 0x00, 0x00,
    0x00, 0x00, 0x00, 0x00, 0x00, 0x00, 0x00, 0x00, 0x00, 0x00, 0x00, 0x00,
    0x00, 0x00, 0x00, 0x00, 0x00, 0x00, 0x00, 0x00, 0x00, 0x00, 0x00, 0x00,
    0x00, 0x00, 0x00, 0x00, 0x00, 0x00, 0x00, 0x00, 0x00, 0x00, 0x00, 0x00,
    0x00, 0x00, 0x00, 0x00, 0x00, 0x00, 0x00, 0x00, 0x00, 0x00, 0x00, 0x00,
    0x00, 0x00, 0x00, 0x00, 0x00, 0x00, 0x00, 0x00, 0x00, 0x00, 0x00, 0x00,
    0x00, 0x00, 0x00, 0x00, 0x00, 0x00, 0x00, 0x00, 0x00, 0x00, 0x00, 0x00,
    0x00, 0x00, 0x00, 0x00, 0x00, 0x00, 0x00, 0x00, 0x00, 0x00, 0x00, 0x00,
    0x00, 0x00, 0x00, 0x00, 0x00, 0x00, 0x00, 0x00, 0x00, 0x00, 0x00, 0x00,
    0x00, 0x00, 0x00, 0x00, 0x00, 0x00, 0x00, 0x00, 0x00, 0x00, 0x00, 0x00,
    0x00, 0x00, 0x00, 0x00, 0x00, 0x00, 0x00, 0x00, 0x00, 0x00, 0x00, 0x00,
    0x00, 0x00, 0x00, 0x00, 0x00, 0x00, 0x00, 0x00, 0x00, 0x00, 0x00, 0x00,
    0x00, 0x00, 0x00, 0x00, 0x00, 0x00, 0x00, 0x00, 0x00, 0x00, 0x00, 0x00,
    0x00, 0x00, 0x00, 0x00, 0x00, 0x00, 0x00, 0x00, 0x00, 0x00, 0x00, 0x00,
    0x00, 0x00, 0x00, 0x00, 0x00, 0x00, 0x00, 0x00, 0x00, 0x00, 0x00, 0x00,
    0x00, 0x00, 0x00, 0x00, 0x00, 0x00, 0x00, 0x00, 0x00, 0x00, 0x00, 0x00,
    0x00, 0x00, 0x00, 0x00, 0x00, 0x00, 0x00, 0x00, 0x00, 0x00, 0x00, 0x00,
    0x00, 0x00, 0x00, 0x00, 0x00, 0x00, 0x00, 0x00, 0x00, 0x00, 0x00, 0x00,
    0x00, 0x00, 0x00, 0x00, 0x00, 0x00, 0x00, 0x00, 0x00, 0x00, 0x00, 0x00,
    0x00, 0x00, 0x00, 0x00, 0x00, 0x00, 0x00, 0x00, 0x00, 0x00, 0x00, 0x00,
    0x00, 0x00, 0x00, 0x00, 0x00, 0x00, 0x00, 0x00, 0x00, 0x00, 0x00, 0x00,
    0x00, 0x00, 0x00, 0x00, 0x00, 0x00, 0x00, 0x00, 0x00, 0x00, 0x00, 0x00,
    0x00, 0x00, 0x00, 0x00, 0x00, 0x00, 0x00, 0x00, 0x00, 0x00, 0x00, 0x00,
    0x00, 0x00, 0x00, 0x00, 0x00, 0x00, 0x00, 0x00, 0x00, 0x00, 0x00, 0x00,
    0x00, 0x00, 0x00, 0x00, 0x00, 0x00, 0x00, 0x00, 0x00, 0x00, 0x00, 0x00,
    0x00, 0x00, 0x00, 0x00, 0x00, 0x00, 0x00, 0x00, 0x00, 0x00, 0x00, 0x00,
    0x00, 0x00, 0x00, 0x00, 0x00, 0x00, 0x00, 0x00, 0x00, 0x00, 0x00, 0x00,
    0x00, 0x00, 0x00, 0x00, 0x00, 0x00, 0x00, 0x00, 0x00, 0x00, 0x00, 0x00,
    0x00, 0x00, 0x00, 0x00, 0x00, 0x00, 0x00, 0x00, 0x00, 0x00, 0x00, 0x00,
    0x00, 0x00, 0x00, 0x00, 0x00, 0x00, 0x00, 0x00, 0x00, 0x00, 0x00, 0x00,
    0x00, 0x00, 0x00, 0x00, 0x00, 0x00, 0x00, 0x00, 0x00, 0x00, 0x00, 0x00,
    0x00, 0x00, 0x00, 0x00, 0x00, 0x00, 0x00, 0x00, 0x00, 0x00, 0x00, 0x00,
    0x00, 0x00, 0x00, 0x00, 0x00, 0x00, 0x00, 0x00, 0x00, 0x00, 0x00, 0x00,
    0x00, 0x00, 0x00, 0x00, 0x00, 0x00, 0x00, 0x00, 0x00, 0x00, 0x00, 0x00,
    0x00, 0x00, 0x00, 0x00, 0x00, 0x00, 0x00, 0x00, 0x00, 0x00, 0x00, 0x00,
    0x00, 0x00, 0x00, 0x00, 0x00, 0x00, 0x00, 0x00, 0x00, 0x00, 0x00, 0x00,
    0x00, 0x00, 0x00, 0x00, 0x00, 0x00, 0x00, 0x00, 0x00, 0x00, 0x00, 0x00,
    0x00, 0x00, 0x00, 0x00, 0x00, 0x00, 0x00, 0x00, 0x00, 0x00, 0x00, 0x00,
    0x00, 0x00, 0x00, 0x00, 0x00, 0x00, 0x00, 0x00, 0x00, 0x00, 0x00, 0x00,
    0x00, 0x00, 0x00, 0x00, 0x00, 0x00, 0x00, 0x00, 0x00, 0x00, 0x00, 0x00,
    0x00, 0x00, 0x00, 0x00, 0x00, 0x00, 0x00, 0x00, 0x00, 0x00, 0x00, 0x00,
    0x00, 0x00, 0x00, 0x00, 0x00, 0x00, 0x00, 0x00, 0x00, 0x00, 0x00, 0x00,
    0x00, 0x00, 0x00, 0x00, 0x00, 0x00, 0x00, 0x00, 0x00, 0x00, 0x00, 0x00,
    0x00, 0x00, 0x00, 0x00, 0x00, 0x00, 0x00, 0x00, 0x00, 0x00, 0x00, 0x00,
    0x00, 0x00, 0x00, 0x00, 0x00, 0x00, 0x00, 0x00, 0x00, 0x00, 0x00, 0x00,
    0x00, 0x00, 0x00, 0x00, 0x00, 0x00, 0x00, 0x00, 0x00, 0x00, 0x00, 0x00,
    0x00, 0x00, 0x00, 0x00, 0x00, 0x00, 0x00, 0x00, 0x00, 0x00, 0x00, 0x00,
    0x00, 0x00, 0x00, 0x00, 0x00, 0x00, 0x00, 0x00, 0x00, 0x00, 0x00, 0x00,
    0x00, 0x00, 0x00, 0x00, 0x00, 0x00, 0x00, 0x00, 0x00, 0x00, 0x00, 0x00,
    0x00, 0x00, 0x00, 0x00, 0x00, 0x00, 0x00, 0x00, 0x00, 0x00, 0x00, 0x00,
    0x00, 0x00, 0x00, 0x00, 0x00, 0x00, 0x00, 0x00, 0x00, 0x00, 0x00, 0x00,
    0x00, 0x00, 0x00, 0x00, 0x00, 0x00, 0x00, 0x00, 0x00, 0x00, 0x00, 0x00,
    0x00, 0x00, 0x00, 0x00, 0x00, 0x00, 0x00, 0x00, 0x00, 0x00, 0x00, 0x00,
    0x00, 0x00, 0x00, 0x00, 0x00, 0x00, 0x00, 0x00, 0x00, 0x00, 0x00, 0x00,
    0x00, 0x00, 0x00, 0x00, 0x00, 0x00, 0x00, 0x00, 0x00, 0x00, 0x00, 0x00,
    0x00, 0x00, 0x00, 0x00, 0x00, 0x00, 0x00, 0x00, 0x00, 0x00, 0x00, 0x00,
    0x00, 0x00, 0x00, 0x00, 0x00, 0x00, 0x00, 0x00, 0x00, 0x00, 0x00, 0x00,
    0x00, 0x00, 0x00, 0x00, 0x00, 0x00, 0x00, 0x00, 0x00, 0x00, 0x00, 0x00,
    0x00, 0x00, 0x00, 0x00, 0x00, 0x00, 0x00, 0x00, 0x00, 0x00, 0x00, 0x00,
    0x00, 0x00, 0x00, 0x00, 0x00, 0x00, 0x00, 0x00, 0x00, 0x00, 0x00, 0x00,
    0x00, 0x00, 0x00, 0x00, 0x00, 0x00, 0x00, 0x00, 0x00, 0x00, 0x00, 0x00,
    0x00, 0x00, 0x00, 0x00, 0x00, 0x00, 0x00, 0x00, 0x00, 0x00, 0x00, 0x00,
    0x00, 0x00, 0x00, 0x00, 0x00, 0x00, 0x00, 0x00, 0x00, 0x00, 0x00, 0x00,
    0x00, 0x00, 0x00, 0x00, 0x00, 0x00, 0x00, 0x00, 0x00, 0x00, 0x00, 0x00,
    0x00, 0x00, 0x00, 0x00, 0x00, 0x00, 0x00, 0x00, 0x00, 0x00, 0x00, 0x00,
    0x00, 0x00, 0x00, 0x00, 0x00, 0x00, 0x00, 0x00, 0x00, 0x00, 0x00, 0x00,
    0x00, 0x00, 0x00, 0x00, 0x00, 0x00, 0x00, 0x00, 0x00, 0x00, 0x00, 0x00,
    0x00, 0x00, 0x00, 0x00, 0x00, 0x00, 0x00, 0x00, 0x00, 0x00, 0x00, 0x00,
    0x00, 0x00, 0x00, 0x00, 0x00, 0x00, 0x00, 0x00, 0x00, 0x00, 0x00, 0x00,
    0x00, 0x00, 0x00, 0x00, 0x00, 0x00, 0x00, 0x00, 0x00, 0x00, 0x00, 0x00,
    0x00, 0x00, 0x00, 0x00, 0x00, 0x00, 0x00, 0x00, 0x00, 0x00, 0x00, 0x00,
    0x00, 0x00, 0x00, 0x00, 0x00, 0x00, 0x00, 0x00, 0x00, 0x00, 0x00, 0x00,
    0x00, 0x00, 0x00, 0x00, 0x00, 0x00, 0x00, 0x00, 0xf8, 0xfc, 0xf8, 0x00,
    0xf8, 0xfc, 0xf8, 0x00, 0xf8, 0xfc, 0xf8, 0x00, 0xf8, 0xfc, 0xf8, 0x00,
    0xf8, 0xfc, 0xf8, 0x00, 0xf8, 0xfc, 0xf8, 0x00, 0xf8, 0xfc, 0xf8, 0x00,
    0xf8, 0xfc, 0xf8, 0x00, 0xf8, 0xfc, 0xf8, 0x00, 0xf8, 0xfc, 0xf8, 0x00,
    0xf8, 0xfc, 0xf8, 0x00, 0xf8, 0xfc, 0xf8, 0x00, 0xf8, 0xfc, 0xf8, 0x00,
    0xf8, 0xfc, 0xf8, 0x00, 0xf8, 0xfc, 0xf8, 0x00, 0xf8, 0xfc, 0xf8, 0x00,
    0xf8, 0xfc, 0xf8, 0x00, 0xf8, 0xfc, 0xf8, 0x00, 0xf8, 0xfc, 0xf8, 0x00,
    0xf8, 0xfc, 0xf8, 0x00, 0xf8, 0xfc, 0xf8, 0x00, 0xf8, 0xfc, 0xf8, 0x00,
    0xf8, 0xfc, 0xf8, 0x00, 0xf8, 0xfc, 0xf8, 0x00, 0xf8, 0xfc, 0xf8, 0x00,
    0xf8, 0xfc, 0xf8, 0x00, 0xf8, 0xfc, 0xf8, 0x00, 0xf8, 0xfc, 0xf8, 0x00,
    0xf8, 0xfc, 0xf8, 0x00, 0xf8, 0xfc, 0xf8, 0x00, 0xf8, 0xfc, 0xf8, 0x00,
    0xf8, 0xfc, 0xf8, 0x00, 0xf8, 0xfc, 0xf8, 0x00, 0xf8, 0xfc, 0xf8, 0x00,
    0xf8, 0xfc, 0xf8, 0x00, 0xf8, 0xfc, 0xf8, 0x00, 0xf8, 0xfc, 0xf8, 0x00,
    0xf8, 0xfc, 0xf8, 0x00, 0xf8, 0xfc, 0xf8, 0x00, 0xf8, 0xfc, 0xf8, 0x00,
    0xf8, 0xfc, 0xf8, 0x00, 0xf8, 0xfc, 0xf8, 0x00, 0xf8, 0xfc, 0xf8, 0x00,
    0xf8, 0xfc, 0xf8, 0x00, 0xf8, 0xfc, 0xf8, 0x00, 0xf8, 0xfc, 0xf8, 0x00,
    0xf8, 0xfc, 0xf8, 0x00, 0xf8, 0xfc, 0xf8, 0x00, 0xf8, 0xfc, 0xf8, 0x00,
    0xf8, 0xfc, 0xf8, 0x00, 0x00, 0x00, 0x00, 0x00, 0x00, 0x00, 0x00, 0x00,
    0x00, 0x00, 0x00, 0x00, 0x00, 0x00, 0x00, 0x00, 0x00, 0x00, 0x00, 0x00,
    0x00, 0x00, 0x00, 0x00, 0x00, 0x00, 0x00, 0x00, 0x00, 0x00, 0x00, 0x00,
    0x00, 0x00, 0x00, 0x00, 0x00, 0x00, 0x00, 0x00, 0x00, 0x00, 0x00, 0x00,
    0x00, 0x00, 0x00, 0x00, 0x00, 0x00, 0x00, 0x00, 0x00, 0x00, 0x00, 0x00,
    0x00, 0x00, 0x00, 0x00, 0x00, 0x00, 0x00, 0x00, 0x00, 0x00, 0x00, 0x00,
    0x00, 0x00, 0x00, 0x00, 0x00, 0x00, 0x00, 0x00, 0x00, 0x00, 0x00, 0x00,
    0xf8, 0xfc, 0xf8, 0x04, 0xf8, 0xfc, 0xf8, 0x00, 0x00, 0x00, 0x00, 0x00,
    0x00, 0x00, 0x00, 0x00, 0x00, 0x00, 0x00, 0x00, 0x00, 0x00, 0x00, 0x00,
    0x00, 0x00, 0x00, 0x00, 0x00, 0x00, 0x00, 0x00, 0x00, 0x00, 0x00, 0x00,
    0x00, 0x00, 0x00, 0x00, 0x00, 0x00, 0x00, 0x00, 0x00, 0x00, 0x00, 0x00,
    0x00, 0x00, 0x00, 0x00, 0x00, 0x00, 0x00, 0x00, 0x00, 0x00, 0x00, 0x00,
    0x00, 0x00, 0x00, 0x00, 0x00, 0x00, 0x00, 0x00, 0x00, 0x00, 0x00, 0x00,
    0x00, 0x00, 0x00, 0x00, 0x00, 0x00, 0x00, 0x00, 0x00, 0x00, 0x00, 0x00,
    0x00, 0x00, 0x00, 0x00, 0x00, 0x00, 0x00, 0x00, 0x00, 0x00, 0x00, 0x00,
    0x00, 0x00, 0x00, 0x00, 0x00, 0x00, 0x00, 0x00, 0x00, 0x00, 0x00, 0x00,
    0x00, 0x00, 0x00, 0x00, 0x00, 0x00, 0x00, 0x00, 0x00, 0x00, 0x00, 0x00,
    0x00, 0x00, 0x00, 0x00, 0x00, 0x00, 0x00, 0x00, 0x00, 0x00, 0x00, 0x00,
    0x00, 0x00, 0x00, 0x00, 0x00, 0x00, 0x00, 0x00, 0x00, 0x00, 0x00, 0x00,
    0x00, 0x00, 0x00, 0x00, 0x00, 0x00, 0x00, 0x00, 0x00, 0x00, 0x00, 0x00,
    0x00, 0x00, 0x00, 0x00, 0x00, 0x00, 0x00, 0x00, 0x00, 0x00, 0x00, 0x00,
    0x00, 0x00, 0x00, 0x00, 0x00, 0x00, 0x00, 0x00, 0x00, 0x00, 0x00, 0x00,
    0x00, 0x00, 0x00, 0x00, 0x00, 0x00, 0x00, 0x00, 0x00, 0x00, 0x00, 0x00,
    0x00, 0x00, 0x00, 0x00, 0x00, 0x00, 0x00, 0x00, 0x00, 0x00, 0x00, 0x00,
    0x00, 0x00, 0x00, 0x00, 0xf8, 0xfc, 0xf8, 0x00, 0xf8, 0xfc, 0xf8, 0x04,
    0x00, 0x00, 0x00, 0x00, 0x00, 0x00, 0x00, 0x00, 0x00, 0x00, 0x00, 0x00,
    0x00, 0x00, 0x00, 0x00, 0x00, 0x00, 0x00, 0x00, 0x00, 0x00, 0x00, 0x00,
    0x00, 0x00, 0x00, 0x00, 0x00, 0x00, 0x00, 0x00, 0x00, 0x00, 0x00, 0x00,
    0x00, 0x00, 0x00, 0x00, 0x00, 0x00, 0x00, 0x00, 0x00, 0x00, 0x00, 0x00,
    0x00, 0x00, 0x00, 0x00, 0x00, 0x00, 0x00, 0x00, 0x00, 0x00, 0x00, 0x00,
    0x00, 0x00, 0x00, 0x00, 0xf8, 0xfc, 0xf8, 0x00, 0xf8, 0xfc, 0xf8, 0x00,
    0x00, 0x00, 0x00, 0x00, 0x00, 0x00, 0x00, 0x00, 0xf8, 0xfc, 0xe8, 0x0c,
    0xf8, 0xfc, 0xf0, 0x10, 0xf8, 0xf0, 0xf0, 0x10, 0xf8, 0xfc, 0xf0, 0x10,
    0xf8, 0xfc, 0xf0, 0x10, 0xf8, 0xfc, 0xf0, 0x10, 0xf8, 0xfc, 0xf0, 0x10,
    0xf8, 0xfc, 0xf0, 0x10, 0xf8, 0xfc, 0xf0, 0x10, 0xf8, 0xfc, 0xf0, 0x10,
    0xf8, 0xfc, 0xf0, 0x10, 0xf8, 0xfc, 0xf0, 0x10, 0xf8, 0xfc, 0xf0, 0x10,
    0xf8, 0xfc, 0xf0, 0x10, 0xf8, 0xfc, 0xf0, 0x10, 0xf8, 0xfc, 0xf0, 0x10,
    0xf8, 0xfc, 0xf0, 0x10, 0xf8, 0xfc, 0xf0, 0x10, 0xf8, 0xfc, 0xf0, 0x10,
    0xf8, 0xfc, 0xf0, 0x10, 0xf8, 0xfc, 0xf0, 0x10, 0xf8, 0xfc, 0xf0, 0x10,
    0xf8, 0xfc, 0xf0, 0x10, 0xf8, 0xfc, 0xf0, 0x10, 0xf8, 0xfc, 0xf0, 0x10,
    0xf8, 0xfc, 0xf0, 0x10, 0xf8, 0xfc, 0xf0, 0x10, 0xf8, 0xfc, 0xf0, 0x10,
    0xf8, 0xfc, 0xf0, 0x10, 0xf8, 0xfc, 0xf0, 0x10, 0xf8, 0xfc, 0xf0, 0x10,
    0xf8, 0xfc, 0xf0, 0x10, 0xf8, 0xfc, 0xf0, 0x10, 0xf8, 0xfc, 0xf0, 0x10,
    0xf8, 0xfc, 0xf0, 0x10, 0xf8, 0xfc, 0xf0, 0x10, 0xf8, 0xfc, 0xf0, 0x10,
    0xf8, 0xfc, 0xf0, 0x10, 0xf8, 0xfc, 0xf0, 0x10, 0xf8, 0xfc, 0xf0, 0x10,
    0xf8, 0xfc, 0xf0, 0x10, 0xf8, 0xfc, 0xf0, 0x10, 0xf8, 0xfc, 0xf0, 0x10,
    0xf8, 0xfc, 0xf0, 0x10, 0xf8, 0xfc, 0xf0, 0x10, 0xf8, 0xfc, 0xf0, 0x10,
    0xf8, 0xfc, 0xf0, 0x10, 0xf8, 0xf0, 0xf0, 0x10, 0xf8, 0xfc, 0xf0, 0x10,
    0xf8, 0xfc, 0xe8, 0x0c, 0x00, 0x00, 0x00, 0x00, 0x00, 0x00, 0x00, 0x00,
    0xf8, 0xfc, 0xf8, 0x00, 0xf8, 0xfc, 0xf8, 0x00, 0x00, 0x00, 0x00, 0x00,
    0x00, 0x00, 0x00, 0x00, 0x00, 0x00, 0x00, 0x00, 0x00, 0x00, 0x00, 0x00,
    0x00, 0x00, 0x00, 0x00, 0x00, 0x00, 0x00, 0x00, 0x00, 0x00, 0x00, 0x00,
    0x00, 0x00, 0x00, 0x00, 0x00, 0x00, 0x00, 0x00, 0x00, 0x00, 0x00, 0x00,
    0x00, 0x00, 0x00, 0x00, 0x00, 0x00, 0x00, 0x00, 0x00, 0x00, 0x00, 0x00,
    0xf8, 0xfc, 0xf8, 0x00, 0x00, 0x00, 0x00, 0x00, 0x00, 0x00, 0x00, 0x00,
    0xf8, 0xf8, 0xf8, 0x65, 0xf8, 0xf8, 0xf8, 0xc3, 0xf8, 0xf8, 0xf0, 0xe7,
    0xf8, 0xf4, 0xf0, 0xef, 0xf8, 0xf4, 0xf0, 0xef, 0xf8, 0xf4, 0xf0, 0xef,
    0xf8, 0xf4, 0xf0, 0xef, 0xf8, 0xf8, 0xf0, 0xef, 0xf8, 0xf4, 0xf0, 0xef,
    0xf8, 0xf4, 0xf0, 0xef, 0xf8, 0xf8, 0xf0, 0xef, 0xf8, 0xf4, 0xf0, 0xef,
    0xf8, 0xf4, 0xf0, 0xef, 0xf8, 0xf8, 0xf0, 0xef, 0xf8, 0xf4, 0xf0, 0xef,
    0xf8, 0xf4, 0xf0, 0xef, 0xf8, 0xf8, 0xf0, 0xef, 0xf8, 0xf4, 0xf0, 0xef,
    0xf8, 0xf4, 0xf0, 0xef, 0xf8, 0xf8, 0xf0, 0xef, 0xf8, 0xf4, 0xf0, 0xef,
    0xf8, 0xf4, 0xf0, 0xef, 0xf8, 0xf8, 0xf0, 0xef, 0xf8, 0xf4, 0xf0, 0xef,
    0xf8, 0xf4, 0xf0, 0xef, 0xf8, 0xf8, 0xf0, 0xef, 0xf8, 0xf4, 0xf0, 0xef,
    0xf8, 0xf4, 0xf0, 0xef, 0xf8, 0xf8, 0xf0, 0xef, 0xf8, 0xf4, 0xf0, 0xef,
    0xf8, 0xf4, 0xf0, 0xef, 0xf8, 0xf8, 0xf0, 0xef, 0xf8, 0xf4, 0xf0, 0xef,
    0xf8, 0xf4, 0xf0, 0xef, 0xf8, 0xf8, 0xf0, 0xef, 0xf8, 0xf4, 0xf0, 0xef,
    0xf8, 0xf4, 0xf0, 0xef, 0xf8, 0xf8, 0xf0, 0xef, 0xf8, 0xf4, 0xf0, 0xef,
    0xf8, 0xf4, 0xf0, 0xef, 0xf8, 0xf8, 0xf0, 0xef, 0xf8, 0xf4, 0xf0, 0xef,
    0xf8, 0xf4, 0xf0, 0xef, 0xf8, 0xf8, 0xf0, 0xef, 0xf8, 0xf4, 0xf0, 0xef,
    0xf8, 0xf4, 0xf0, 0xef, 0xf8, 0xf8, 0xf0, 0xef, 0xf8, 0xf4, 0xf0, 0xef,
    0xf8, 0xf4, 0xf0, 0xef, 0xf8, 0xf4, 0xf0, 0xef, 0xf8, 0xf4, 0xf0, 0xef,
    0xf8, 0xf8, 0xf0, 0xe7, 0xf8, 0xf8, 0xf8, 0xc3, 0xf8, 0xf8, 0xf8, 0x65,
    0x00, 0x00, 0x00, 0x00, 0x00, 0x00, 0x00, 0x00, 0xf8, 0xfc, 0xf8, 0x00,
    0x00, 0x00, 0x00, 0x00, 0x00, 0x00, 0x00, 0x00, 0x00, 0x00, 0x00, 0x00,
    0x00, 0x00, 0x00, 0x00, 0x00, 0x00, 0x00, 0x00, 0x00, 0x00, 0x00, 0x00,
    0x00, 0x00, 0x00, 0x00, 0x00, 0x00, 0x00, 0x00, 0x00, 0x00, 0x00, 0x00,
    0x00, 0x00, 0x00, 0x00, 0x00, 0x00, 0x00, 0x00, 0xf8, 0xfc, 0x80, 0x00,
    0xf8, 0xfc, 0xf8, 0x00, 0xf0, 0xf4, 0xe8, 0x18, 0xf8, 0xf8, 0xf8, 0xb6,
    0xf8, 0xfc, 0xf8, 0xff, 0xf8, 0xfc, 0xf8, 0xff, 0xf8, 0xfc, 0xf8, 0xff,
    0xf8, 0xfc, 0xf8, 0xff, 0xf8, 0xfc, 0xf8, 0xff, 0xf8, 0xfc, 0xf8, 0xff,
    0xf8, 0xfc, 0xf8, 0xff, 0xf8, 0xfc, 0xf8, 0xff, 0xf8, 0xfc, 0xf8, 0xff,
    0xf8, 0xfc, 0xf8, 0xff, 0xf8, 0xfc, 0xf8, 0xff, 0xf8, 0xfc, 0xf8, 0xff,
    0xf8, 0xfc, 0xf8, 0xff, 0xf8, 0xfc, 0xf8, 0xff, 0xf8, 0xfc, 0xf8, 0xff,
    0xf8, 0xfc, 0xf8, 0xff, 0xf8, 0xfc, 0xf8, 0xff, 0xf8, 0xfc, 0xf8, 0xff,
    0xf8, 0xfc, 0xf8, 0xff, 0xf8, 0xfc, 0xf8, 0xff, 0xf8, 0xfc, 0xf8, 0xff,
    0xf8, 0xfc, 0xf8, 0xff, 0xf8, 0xfc, 0xf8, 0xff, 0xf8, 0xfc, 0xf8, 0xff,
    0xf8, 0xfc, 0xf8, 0xff, 0xf8, 0xfc, 0xf8, 0xff, 0xf8, 0xfc, 0xf8, 0xff,
    0xf8, 0xfc, 0xf8, 0xff, 0xf8, 0xfc, 0xf8, 0xff, 0xf8, 0xfc, 0xf8, 0xff,
    0xf8, 0xfc, 0xf8, 0xff, 0xf8, 0xfc, 0xf8, 0xff, 0xf8, 0xfc, 0xf8, 0xff,
    0xf8, 0xfc, 0xf8, 0xff, 0xf8, 0xfc, 0xf8, 0xff, 0xf8, 0xfc, 0xf8, 0xff,
    0xf8, 0xfc, 0xf8, 0xff, 0xf8, 0xfc, 0xf8, 0xff, 0xf8, 0xfc, 0xf8, 0xff,
    0xf8, 0xfc, 0xf8, 0xff, 0xf8, 0xfc, 0xf8, 0xff, 0xf8, 0xfc, 0xf8, 0xff,
    0xf8, 0xfc, 0xf8, 0xff, 0xf8, 0xfc, 0xf8, 0xff, 0xf8, 0xfc, 0xf8, 0xff,
    0xf8, 0xfc, 0xf8, 0xff, 0xf8, 0xfc, 0xf8, 0xff, 0xf8, 0xfc, 0xf8, 0xff,
    0xf8, 0xfc, 0xf8, 0xff, 0xf8, 0xfc, 0xf8, 0xff, 0xf8, 0xfc, 0xf8, 0xff,
    0xf8, 0xfc, 0xf8, 0xff, 0xf8, 0xfc, 0xf8, 0xff, 0xf8, 0xfc, 0xf8, 0xff,
    0xf8, 0xf8, 0xf8, 0xb6, 0xf0, 0xf4, 0xe8, 0x18, 0xf8, 0xfc, 0xf8, 0x00,
    0xf8, 0xfc, 0x80, 0x04, 0x00, 0x00, 0x00, 0x00, 0x00, 0x00, 0x00, 0x00,
    0x00, 0x00, 0x00, 0x00, 0x00, 0x00, 0x00, 0x00, 0x00, 0x00, 0x00, 0x00,
    0x00, 0x00, 0x00, 0x00, 0x00, 0x00, 0x00, 0x00, 0x00, 0x00, 0x00, 0x00,
    0x00, 0x00, 0x00, 0x00, 0x00, 0x00, 0x00, 0x00, 0xf8, 0xfc, 0xa8, 0x04,
    0xf8, 0xfc, 0xf8, 0x00, 0xf8, 0xf4, 0xf0, 0xba, 0xf8, 0xfc, 0xf8, 0xff,
    0xf8, 0xf8, 0xf0, 0xfb, 0xf8, 0xf8, 0xf0, 0xfb, 0xf8, 0xf4, 0xf0, 0xff,
    0xf8, 0xf8, 0xf0, 0xff, 0xf8, 0xf4, 0xf0, 0xff, 0xf8, 0xf8, 0xf0, 0xff,
    0xf8, 0xf4, 0xf0, 0xff, 0xf8, 0xf4, 0xf0, 0xff, 0xf8, 0xf8, 0xf0, 0xff,
    0xf8, 0xf4, 0xf0, 0xff, 0xf8, 0xf4, 0xf0, 0xff, 0xf8, 0xf4, 0xf0, 0xff,
    0xf8, 0xf4, 0xf0, 0xff, 0xf8, 0xf4, 0xf0, 0xff, 0xf8, 0xf8, 0xf0, 0xff,
    0xf8, 0xf4, 0xf0, 0xff, 0xf8, 0xf4, 0xf0, 0xff, 0xf8, 0xf4, 0xf0, 0xff,
    0xf8, 0xf4, 0xf0, 0xff, 0xf8, 0xf4, 0xf0, 0xff, 0xf8, 0xf8, 0xf0, 0xff,
    0xf8, 0xf4, 0xf0, 0xff, 0xf8, 0xf4, 0xf0, 0xff, 0xf8, 0xf4, 0xf0, 0xff,
    0xf8, 0xf4, 0xf0, 0xff, 0xf8, 0xf4, 0xf0, 0xff, 0xf8, 0xf8, 0xf0, 0xff,
    0xf8, 0xf4, 0xf0, 0xff, 0xf8, 0xf4, 0xf0, 0xff, 0xf8, 0xf4, 0xf0, 0xff,
    0xf8, 0xf4, 0xf0, 0xff, 0xf8, 0xf4, 0xf0, 0xff, 0xf8, 0xf8, 0xf0, 0xff,
    0xf8, 0xf4, 0xf0, 0xff, 0xf8, 0xf4, 0xf0, 0xff, 0xf8, 0xf4, 0xf0, 0xff,
    0xf8, 0xf4, 0xf0, 0xff, 0xf8, 0xf4, 0xf0, 0xff, 0xf8, 0xf8, 0xf0, 0xff,
    0xf8, 0xf4, 0xf0, 0xff, 0xf8, 0xf4, 0xf0, 0xff, 0xf8, 0xf4, 0xf0, 0xff,
    0xf8, 0xf4, 0xf0, 0xff, 0xf8, 0xf4, 0xf0, 0xff, 0xf8, 0xf8, 0xf0, 0xff,
    0xf8, 0xf4, 0xf0, 0xff, 0xf8, 0xf4, 0xf0, 0xff, 0xf8, 0xf8, 0xf0, 0xff,
    0xf8, 0xf4, 0xf0, 0xff, 0xf8, 0xf8, 0xf0, 0xff, 0xf8, 0xf4, 0xf0, 0xff,
    0xf8, 0xf4, 0xf0, 0xff, 0xf8, 0xf8, 0xf0, 0xfb, 0xf8, 0xf4, 0xf0, 0xfb,
    0xf8, 0xfc, 0xf8, 0xff, 0xf8, 0xf4, 0xf0, 0xba, 0xf8, 0xfc, 0xf8, 0x00,
    0xf8, 0xfc, 0xf8, 0x00, 0x00, 0x00, 0x00, 0x00, 0x00, 0x00, 0x00, 0x00,
    0x00, 0x00, 0x00, 0x00, 0x00, 0x00, 0x00, 0x00, 0x00, 0x00, 0x00, 0x00,
    0x00, 0x00, 0x00, 0x00, 0x00, 0x00, 0x00, 0x00, 0x00, 0x00, 0x00, 0x00,
    0x00, 0x00, 0x00, 0x00, 0xf8, 0xfc, 0xf8, 0x04, 0x00, 0x00, 0x00, 0x00,
    0xf8, 0xf8, 0xf0, 0x65, 0xf8, 0xfc, 0xf8, 0xff, 0xf8, 0xf8, 0xf0, 0xf7,
    0xf8, 0xf8, 0xf0, 0xff, 0xf8, 0xf8, 0xf0, 0xff, 0xf8, 0xf8, 0xf0, 0xff,
    0xf8, 0xf4, 0xf0, 0xff, 0xf8, 0xf4, 0xf0, 0xff, 0xf8, 0xf8, 0xf0, 0xff,
    0xf8, 0xf4, 0xf0, 0xff, 0xf8, 0xf8, 0xf0, 0xff, 0xf8, 0xf4, 0xf0, 0xff,
    0xf8, 0xf8, 0xf0, 0xff, 0xf8, 0xf8, 0xf0, 0xff, 0xf8, 0xf8, 0xf0, 0xff,
    0xf8, 0xf4, 0xf0, 0xff, 0xf8, 0xf8, 0xf0, 0xff, 0xf8, 0xf4, 0xf0, 0xff,
    0xf8, 0xf8, 0xf0, 0xff, 0xf8, 0xf8, 0xf0, 0xff, 0xf8, 0xf8, 0xf0, 0xff,
    0xf8, 0xf4, 0xf0, 0xff, 0xf8, 0xf8, 0xf0, 0xff, 0xf8, 0xf4, 0xf0, 0xff,
    0xf8, 0xf8, 0xf0, 0xff, 0xf8, 0xf8, 0xf0, 0xff, 0xf8, 0xf8, 0xf0, 0xff,
    0xf8, 0xf4, 0xf0, 0xff, 0xf8, 0xf8, 0xf0, 0xff, 0xf8, 0xf4, 0xf0, 0xff,
    0xf8, 0xf8, 0xf0, 0xff, 0xf8, 0xf8, 0xf0, 0xff, 0xf8, 0xf8, 0xf0, 0xff,
    0xf8, 0xf4, 0xf0, 0xff, 0xf8, 0xf8, 0xf0, 0xff, 0xf8, 0xf4, 0xf0, 0xff,
    0xf8, 0xf8, 0xf0, 0xff, 0xf8, 0xf8, 0xf0, 0xff, 0xf8, 0xf8, 0xf0, 0xff,
    0xf8, 0xf4, 0xf0, 0xff, 0xf8, 0xf8, 0xf0, 0xff, 0xf8, 0xf4, 0xf0, 0xff,
    0xf8, 0xf8, 0xf0, 0xff, 0xf8, 0xf8, 0xf0, 0xff, 0xf8, 0xf8, 0xf0, 0xff,
    0xf8, 0xf4, 0xf0, 0xff, 0xf8, 0xf8, 0xf0, 0xff, 0xf8, 0xf4, 0xf0, 0xff,
    0xf8, 0xf4, 0xf0, 0xff, 0xf8, 0xf8, 0xf0, 0xff, 0xf8, 0xf4, 0xf0, 0xff,
    0xf8, 0xf4, 0xf0, 0xff, 0xf8, 0xf8, 0xf0, 0xff, 0xf8, 0xf8, 0xf0, 0xff,
    0xf8, 0xf8, 0xf0, 0xff, 0xf8, 0xf8, 0xf0, 0xff, 0xf8, 0xf8, 0xf0, 0xff,
    0xf8, 0xf8, 0xf0, 0xf7, 0xf8, 0xfc, 0xf8, 0xff, 0xf8, 0xf8, 0xf0, 0x65,
    0x00, 0x00, 0x00, 0x00, 0xf8, 0xfc, 0xf8, 0x04, 0x00, 0x00, 0x00, 0x00,
    0x00, 0x00, 0x00, 0x00, 0x00, 0x00, 0x00, 0x00, 0x00, 0x00, 0x00, 0x00,
    0x00, 0x00, 0x00, 0x00, 0x00, 0x00, 0x00, 0x00, 0x00, 0x00, 0x00, 0x00,
    0x00, 0x00, 0x00, 0x00, 0xf8, 0xfc, 0xf8, 0x00, 0xf8, 0xfc, 0xf8, 0x00,
    0xf8, 0xf4, 0xf0, 0xcb, 0xf8, 0xfc, 0xf8, 0xff, 0xf8, 0xf4, 0xf0, 0xfb,
    0xf8, 0xf8, 0xf0, 0xff, 0xf8, 0xf8, 0xf0, 0xff, 0xf8, 0xf8, 0xf0, 0xff,
    0xf8, 0xfc, 0xf8, 0xff, 0xf8, 0xfc, 0xf8, 0xff, 0xf8, 0xfc, 0xf8, 0xff,
    0xf8, 0xfc, 0xf8, 0xff, 0xf8, 0xfc, 0xf8, 0xff, 0xf8, 0xfc, 0xf8, 0xff,
    0xf8, 0xfc, 0xf8, 0xff, 0xf8, 0xfc, 0xf8, 0xff, 0xf8, 0xfc, 0xf8, 0xff,
    0xf8, 0xfc, 0xf8, 0xff, 0xf8, 0xfc, 0xf8, 0xff, 0xf8, 0xfc, 0xf8, 0xff,
    0xf8, 0xfc, 0xf8, 0xff, 0xf8, 0xfc, 0xf8, 0xff, 0xf8, 0xfc, 0xf8, 0xff,
    0xf8, 0xfc, 0xf8, 0xff, 0xf8, 0xfc, 0xf8, 0xff, 0xf8, 0xfc, 0xf8, 0xff,
    0xf8, 0xfc, 0xf8, 0xff, 0xf8, 0xfc, 0xf8, 0xff, 0xf8, 0xfc, 0xf8, 0xff,
    0xf8, 0xfc, 0xf8, 0xff, 0xf8, 0xfc, 0xf8, 0xff, 0xf8, 0xfc, 0xf8, 0xff,
    0xf8, 0xfc, 0xf8, 0xff, 0xf8, 0xfc, 0xf8, 0xff, 0xf8, 0xfc, 0xf8, 0xff,
    0xf8, 0xfc, 0xf8, 0xff, 0xf8, 0xfc, 0xf8, 0xff, 0xf8, 0xfc, 0xf8, 0xff,
    0xf8, 0xfc, 0xf8, 0xff, 0xf8, 0xfc, 0xf8, 0xff, 0xf8, 0xfc, 0xf8, 0xff,
    0xf8, 0xfc, 0xf8, 0xff, 0xf8, 0xfc, 0xf8, 0xff, 0xf8, 0xfc, 0xf8, 0xff,
    0xf8, 0xfc, 0xf8, 0xff, 0xf8, 0xfc, 0xf8, 0xff, 0xf8, 0xfc, 0xf8, 0xff,
    0xf8, 0xfc, 0xf8, 0xff, 0xf8, 0xfc, 0xf8, 0xff, 0xf8, 0xfc, 0xf8, 0xff,
    0xf8, 0xfc, 0xf8, 0xff, 0xf8, 0xfc, 0xf8, 0xff, 0xf8, 0xfc, 0xf8, 0xff,
    0xf8, 0xfc, 0xf8, 0xff, 0xf8, 0xfc, 0xf8, 0xff, 0xf8, 0xfc, 0xf8, 0xff,
    0xf8, 0xf8, 0xf0, 0xff, 0xf8, 0xf8, 0xf0, 0xff, 0xf8, 0xf8, 0xf0, 0xff,
    0xf8, 0xf4, 0xf0, 0xfb, 0xf8, 0xfc, 0xf8, 0xff, 0xf8, 0xf4, 0xf0, 0xc7,
    0xf8, 0xfc, 0xf8, 0x00, 0xf8, 0xfc, 0xf8, 0x00, 0x00, 0x00, 0x00, 0x00,
    0x00, 0x00, 0x00, 0x00, 0x00, 0x00, 0x00, 0x00, 0x00, 0x00, 0x00, 0x00,
    0x00, 0x00, 0x00, 0x00, 0x00, 0x00, 0x00, 0x00, 0x00, 0x00, 0x00, 0x00,
    0xf8, 0xfc, 0xf8, 0x00, 0x00, 0x00, 0x00, 0x00, 0xf8, 0xfc, 0xf8, 0x0c,
    0xf8, 0xf4, 0xf0, 0xeb, 0xf8, 0xfc, 0xf8, 0xff, 0xf8, 0xf4, 0xf0, 0xff,
    0xf8, 0xf8, 0xf0, 0xff, 0xf8, 0xf8, 0xf8, 0xff, 0xf8, 0xf4, 0xf0, 0xff,
    0xf8, 0xf4, 0xf0, 0xef, 0xf8, 0xf4, 0xf0, 0xef, 0xf8, 0xf4, 0xf0, 0xef,
    0xf8, 0xf4, 0xf0, 0xef, 0xf8, 0xf4, 0xf0, 0xef, 0xf8, 0xf4, 0xf0, 0xef,
    0xf8, 0xf4, 0xf0, 0xef, 0xf8, 0xf4, 0xf0, 0xef, 0xf8, 0xf4, 0xf0, 0xef,
    0xf8, 0xf4, 0xf0, 0xef, 0xf8, 0xf4, 0xf0, 0xef, 0xf8, 0xf4, 0xf0, 0xef,
    0xf8, 0xf4, 0xf0, 0xef, 0xf8, 0xf4, 0xf0, 0xef, 0xf8, 0xf4, 0xf0, 0xef,
    0xf8, 0xf4, 0xf0, 0xef, 0xf8, 0xf4, 0xf0, 0xef, 0xf8, 0xf4, 0xf0, 0xef,
    0xf8, 0xf4, 0xf0, 0xef, 0xf8, 0xf4, 0xf0, 0xef, 0xf8, 0xf4, 0xf0, 0xef,
    0xf8, 0xf4, 0xf0, 0xef, 0xf8, 0xf4, 0xf0, 0xef, 0xf8, 0xf4, 0xf0, 0xef,
    0xf8, 0xf4, 0xf0, 0xef, 0xf8, 0xf4, 0xf0, 0xef, 0xf8, 0xf4, 0xf0, 0xef,
    0xf8, 0xf4, 0xf0, 0xef, 0xf8, 0xf4, 0xf0, 0xef, 0xf8, 0xf4, 0xf0, 0xef,
    0xf8, 0xf4, 0xf0, 0xef, 0xf8, 0xf4, 0xf0, 0xef, 0xf8, 0xf4, 0xf0, 0xef,
    0xf8, 0xf4, 0xf0, 0xef, 0xf8, 0xf4, 0xf0, 0xef, 0xf8, 0xf4, 0xf0, 0xef,
    0xf8, 0xf4, 0xf0, 0xef, 0xf8, 0xf4, 0xf0, 0xef, 0xf8, 0xf4, 0xf0, 0xef,
    0xf8, 0xf4, 0xf0, 0xef, 0xf8, 0xf4, 0xf0, 0xef, 0xf8, 0xf8, 0xf0, 0xef,
    0xf8, 0xf4, 0xf0, 0xef, 0xf8, 0xf4, 0xf0, 0xef, 0xf8, 0xf8, 0xf0, 0xef,
    0xf8, 0xf4, 0xf0, 0xef, 0xf8, 0xf4, 0xf0, 0xef, 0xf8, 0xf4, 0xf0, 0xef,
    0xf8, 0xf4, 0xf0, 0xff, 0xf8, 0xf8, 0xf0, 0xff, 0xf8, 0xf8, 0xf8, 0xff,
    0xf8, 0xf4, 0xf0, 0xff, 0xf8, 0xfc, 0xf8, 0xff, 0xf8, 0xf8, 0xf0, 0xe7,
    0xf8, 0xfc, 0xf8, 0x0c, 0x00, 0x00, 0x00, 0x00, 0xf8, 0xfc, 0xf8, 0x00,
    0x00, 0x00, 0x00, 0x00, 0x00, 0x00, 0x00, 0x00, 0x00, 0x00, 0x00, 0x00,
    0x00, 0x00, 0x00, 0x00, 0x00, 0x00, 0x00, 0x00, 0x00, 0x00, 0x00, 0x00,
    0xf8, 0xfc, 0xf8, 0x00, 0x00, 0x00, 0x00, 0x00, 0xf8, 0xfc, 0xf0, 0x10,
    0xf8, 0xf8, 0xf0, 0xef, 0xf8, 0xfc, 0xf8, 0xff, 0xf8, 0xf4, 0xf0, 0xff,
    0xf8, 0xf4, 0xf0, 0xff, 0xf8, 0xfc, 0xf8, 0xff, 0xf8, 0xf4, 0xf0, 0xef,
    0xf8, 0xfc, 0xf0, 0x20, 0xf8, 0xfc, 0xf0, 0x10, 0xf8, 0xfc, 0xf0, 0x10,
    0xf8, 0xfc, 0xf0, 0x10, 0xf8, 0xfc, 0xf0, 0x10, 0xf8, 0xfc, 0xf0, 0x10,
    0xf8, 0xfc, 0xf0, 0x10, 0xf8, 0xfc, 0xf0, 0x10, 0xf8, 0xfc, 0xf0, 0x10,
    0xf8, 0xfc, 0xf0, 0x10, 0xf8, 0xfc, 0xf0, 0x10, 0xf8, 0xfc, 0xf0, 0x10,
    0xf8, 0xfc, 0xf0, 0x10, 0xf8, 0xfc, 0xf0, 0x10, 0xf8, 0xfc, 0xf0, 0x10,
    0xf8, 0xfc, 0xf0, 0x10, 0xf8, 0xfc, 0xf0, 0x10, 0xf8, 0xfc, 0xf0, 0x10,
    0xf8, 0xfc, 0xf0, 0x10, 0xf8, 0xfc, 0xf0, 0x10, 0xf8, 0xfc, 0xf0, 0x10,
    0xf8, 0xfc, 0xf0, 0x10, 0xf8, 0xfc, 0xf0, 0x10, 0xf8, 0xfc, 0xf0, 0x10,
    0xf8, 0xfc, 0xf0, 0x10, 0xf8, 0xfc, 0xf0, 0x10, 0xf8, 0xfc, 0xf0, 0x10,
    0xf8, 0xfc, 0xf0, 0x10, 0xf8, 0xfc, 0xf0, 0x10, 0xf8, 0xfc, 0xf0, 0x10,
    0xf8, 0xfc, 0xf0, 0x10, 0xf8, 0xfc, 0xf0, 0x10, 0xf8, 0xfc, 0xf0, 0x10,
    0xf8, 0xfc, 0xf0, 0x10, 0xf8, 0xfc, 0xf0, 0x10, 0xf8, 0xfc, 0xf0, 0x10,
    0xf8, 0xfc, 0xf0, 0x10, 0xf8, 0xfc, 0xf0, 0x10, 0xf8, 0xfc, 0xf0, 0x10,
    0xf8, 0xfc, 0xf0, 0x10, 0xf8, 0xfc, 0xf0, 0x10, 0xf8, 0xfc, 0xf0, 0x10,
    0xf8, 0xfc, 0xf0, 0x10, 0xf8, 0xfc, 0xf0, 0x10, 0xf8, 0xfc, 0xf0, 0x10,
    0xf8, 0xfc, 0xf0, 0x10, 0xf8, 0xfc, 0xf0, 0x10, 0xf8, 0xfc, 0xf0, 0x1c,
    0xf8, 0xf4, 0xf0, 0xef, 0xf8, 0xfc, 0xf8, 0xff, 0xf8, 0xf4, 0xf0, 0xff,
    0xf8, 0xf4, 0xf0, 0xff, 0xf8, 0xfc, 0xf8, 0xff, 0xf8, 0xf8, 0xf0, 0xef,
    0xf8, 0xfc, 0xf0, 0x10, 0x00, 0x00, 0x00, 0x00, 0xf8, 0xfc, 0xf8, 0x00,
    0x00, 0x00, 0x00, 0x00, 0x00, 0x00, 0x00, 0x00, 0x00, 0x00, 0x00, 0x00,
    0x00, 0x00, 0x00, 0x00, 0x00, 0x00, 0x00, 0x00, 0x00, 0x00, 0x00, 0x00,
    0xf8, 0xfc, 0xf8, 0x00, 0x00, 0x00, 0x00, 0x00, 0xf8, 0xfc, 0xf0, 0x10,
    0xf8, 0xf4, 0xf0, 0xef, 0xf8, 0xfc, 0xf8, 0xff, 0xf8, 0xf8, 0xf0, 0xff,
    0xf8, 0xf4, 0xf0, 0xff, 0xf8, 0xfc, 0xf8, 0xff, 0xf8, 0xf8, 0xf0, 0xef,
    0xf8, 0xfc, 0xe8, 0x0c, 0x00, 0x00, 0x00, 0x00, 0x00, 0x00, 0x00, 0x00,
    0x00, 0x00, 0x00, 0x00, 0x00, 0x00, 0x00, 0x00, 0x00, 0x00, 0x00, 0x00,
    0x00, 0x00, 0x00, 0x00, 0x00, 0x00, 0x00, 0x00, 0x00, 0x00, 0x00, 0x00,
    0x00, 0x00, 0x00, 0x00, 0x00, 0x00, 0x00, 0x00, 0x00, 0x00, 0x00, 0x00,
    0x00, 0x00, 0x00, 0x00, 0x00, 0x00, 0x00, 0x00, 0x00, 0x00, 0x00, 0x00,
    0x00, 0x00, 0x00, 0x00, 0x00, 0x00, 0x00, 0x00, 0x00, 0x00, 0x00, 0x00,
    0x00, 0x00, 0x00, 0x00, 0x00, 0x00, 0x00, 0x00, 0x00, 0x00, 0x00, 0x00,
    0x00, 0x00, 0x00, 0x00, 0x00, 0x00, 0x00, 0x00, 0x00, 0x00, 0x00, 0x00,
    0x00, 0x00, 0x00, 0x00, 0x00, 0x00, 0x00, 0x00, 0x00, 0x00, 0x00, 0x00,
    0x00, 0x00, 0x00, 0x00, 0x00, 0x00, 0x00, 0x00, 0x00, 0x00, 0x00, 0x00,
    0x00, 0x00, 0x00, 0x00, 0x00, 0x00, 0x00, 0x00, 0x00, 0x00, 0x00, 0x00,
    0x00, 0x00, 0x00, 0x00, 0x00, 0x00, 0x00, 0x00, 0x00, 0x00, 0x00, 0x00,
    0x00, 0x00, 0x00, 0x00, 0x00, 0x00, 0x00, 0x00, 0x00, 0x00, 0x00, 0x00,
    0x00, 0x00, 0x00, 0x00, 0x00, 0x00, 0x00, 0x00, 0x00, 0x00, 0x00, 0x00,
    0x00, 0x00, 0x00, 0x00, 0x00, 0x00, 0x00, 0x00, 0x00, 0x00, 0x00, 0x00,
    0x00, 0x00, 0x00, 0x00, 0x00, 0x00, 0x00, 0x00, 0xf8, 0xfc, 0xe8, 0x0c,
    0xf8, 0xf8, 0xf0, 0xef, 0xf8, 0xfc, 0xf8, 0xff, 0xf8, 0xf4, 0xf0, 0xff,
    0xf8, 0xf8, 0xf0, 0xff, 0xf8, 0xfc, 0xf8, 0xff, 0xf8, 0xf4, 0xf0, 0xef,
    0xf8, 0xfc, 0xf0, 0x10, 0x00, 0x00, 0x00, 0x00, 0xf8, 0xfc, 0xf8, 0x00,
    0x00, 0x00, 0x00, 0x00, 0x00, 0x00, 0x00, 0x00, 0x00, 0x00, 0x00, 0x00,
    0x00, 0x00, 0x00, 0x00, 0x00, 0x00, 0x00, 0x00, 0x00, 0x00, 0x00, 0x00,
    0xf8, 0xfc, 0xf8, 0x00, 0x00, 0x00, 0x00, 0x00, 0xf8, 0xfc, 0xf0, 0x10,
    0xf8, 0xf4, 0xf0, 0xef, 0xf8, 0xfc, 0xf8, 0xff, 0xf8, 0xf8, 0xf0, 0xff,
    0xf8, 0xf4, 0xf0, 0xff, 0xf8, 0xfc, 0xf8, 0xff, 0xf8, 0xf8, 0xf0, 0xef,
    0xf8, 0xfc, 0xf0, 0x10, 0xf8, 0xfc, 0xf8, 0x00, 0xf8, 0xfc, 0xf8, 0x00,
    0xf8, 0xfc, 0xf8, 0x00, 0xf8, 0xfc, 0xf8, 0x00, 0xf8, 0xfc, 0xf8, 0x00,
    0xf8, 0xfc, 0xf8, 0x00, 0xf8, 0xfc, 0xf8, 0x00, 0xf8, 0xfc, 0xf8, 0x00,
    0xf8, 0xfc, 0xf8, 0x00, 0xf8, 0xfc, 0xf8, 0x00, 0xf8, 0xfc, 0xf8, 0x00,
    0xf8, 0xfc, 0xf8, 0x00, 0xf8, 0xfc, 0xf8, 0x00, 0xf8, 0xfc, 0xf8, 0x00,
    0xf8, 0xfc, 0xf8, 0x00, 0xf8, 0xfc, 0xf8, 0x00, 0xf8, 0xfc, 0xf8, 0x00,
    0xf8, 0xfc, 0xf8, 0x00, 0xf8, 0xfc, 0xf8, 0x00, 0xf8, 0xfc, 0xf8, 0x00,
    0xf8, 0xfc, 0xf8, 0x00, 0xf8, 0xfc, 0xf8, 0x00, 0xf8, 0xfc, 0xf8, 0x00,
    0xf8, 0xfc, 0xf8, 0x00, 0xf8, 0xfc, 0xf8, 0x00, 0xf8, 0xfc, 0xf8, 0x00,
    0xf8, 0xfc, 0xf8, 0x00, 0xf8, 0xfc, 0xf8, 0x00, 0xf8, 0xfc, 0xf8, 0x00,
    0xf8, 0xfc, 0xf8, 0x00, 0xf8, 0xfc, 0xf8, 0x00, 0xf8, 0xfc, 0xf8, 0x00,
    0xf8, 0xfc, 0xf8, 0x00, 0xf8, 0xfc, 0xf8, 0x00, 0xf8, 0xfc, 0xf8, 0x00,
    0xf8, 0xfc, 0xf8, 0x00, 0xf8, 0xfc, 0xf8, 0x00, 0xf8, 0xfc, 0xf8, 0x00,
    0xf8, 0xfc, 0xf8, 0x00, 0xf8, 0xfc, 0xf8, 0x00, 0xf8, 0xfc, 0xf8, 0x00,
    0xf8, 0xfc, 0xf8, 0x00, 0xf8, 0xfc, 0xf8, 0x00, 0xf8, 0xfc, 0xf8, 0x00,
    0xf8, 0xfc, 0xf8, 0x00, 0xf8, 0xfc, 0xf8, 0x00, 0xf8, 0xfc, 0xf0, 0x10,
    0xf8, 0xf4, 0xf0, 0xef, 0xf8, 0xfc, 0xf8, 0xff, 0xf8, 0xf8, 0xf0, 0xff,
    0xf8, 0xf4, 0xf0, 0xfb, 0xf8, 0xfc, 0xf8, 0xff, 0xf8, 0xf4, 0xf0, 0xef,
    0xf8, 0xfc, 0xf0, 0x10, 0x00, 0x00, 0x00, 0x00, 0xf8, 0xfc, 0xf8, 0x00,
    0x00, 0x00, 0x00, 0x00, 0x00, 0x00, 0x00, 0x00, 0x00, 0x00, 0x00, 0x00,
    0x00, 0x00, 0x00, 0x00, 0x00, 0x00, 0x00, 0x00, 0x00, 0x00, 0x00, 0x00,
    0xf8, 0xfc, 0xf8, 0x00, 0x00, 0x00, 0x00, 0x00, 0xf8, 0xfc, 0xf0, 0x10,
    0xf8, 0xf8, 0xf0, 0xef, 0xf8, 0xfc, 0xf8, 0xff, 0xf8, 0xf4, 0xf0, 0xff,
    0xf8, 0xf4, 0xf0, 0xfb, 0xf8, 0xfc, 0xf8, 0xff, 0xf8, 0xf4, 0xf0, 0xef,
    0xf8, 0xfc, 0xf0, 0x10, 0x00, 0x00, 0x00, 0x00, 0xf8, 0xfc, 0xf8, 0x00,
    0x00, 0x00, 0x00, 0x00, 0x00, 0x00, 0x00, 0x00, 0x00, 0x00, 0x00, 0x00,
    0x00, 0x00, 0x00, 0x00, 0x00, 0x00, 0x00, 0x00, 0x00, 0x00, 0x00, 0x00,
    0x00, 0x00, 0x00, 0x00, 0x00, 0x00, 0x00, 0x00, 0x00, 0x00, 0x00, 0x00,
    0x00, 0x00, 0x00, 0x00, 0x00, 0x00, 0x00, 0x00, 0x00, 0x00, 0x00, 0x00,
    0x00, 0x00, 0x00, 0x00, 0x00, 0x00, 0x00, 0x00, 0x00, 0x00, 0x00, 0x00,
    0x00, 0x00, 0x00, 0x00, 0x00, 0x00, 0x00, 0x00, 0x00, 0x00, 0x00, 0x00,
    0x00, 0x00, 0x00, 0x00, 0x00, 0x00, 0x00, 0x00, 0x00, 0x00, 0x00, 0x00,
    0x00, 0x00, 0x00, 0x00, 0x00, 0x00, 0x00, 0x00, 0x00, 0x00, 0x00, 0x00,
    0x00, 0x00, 0x00, 0x00, 0x00, 0x00, 0x00, 0x00, 0x00, 0x00, 0x00, 0x00,
    0x00, 0x00, 0x00, 0x00, 0x00, 0x00, 0x00, 0x00, 0x00, 0x00, 0x00, 0x00,
    0x00, 0x00, 0x00, 0x00, 0x00, 0x00, 0x00, 0x00, 0x00, 0x00, 0x00, 0x00,
    0x00, 0x00, 0x00, 0x00, 0x00, 0x00, 0x00, 0x00, 0x00, 0x00, 0x00, 0x00,
    0x00, 0x00, 0x00, 0x00, 0x00, 0x00, 0x00, 0x00, 0x00, 0x00, 0x00, 0x00,
    0x00, 0x00, 0x00, 0x00, 0x00, 0x00, 0x00, 0x00, 0x00, 0x00, 0x00, 0x00,
    0xf8, 0xfc, 0xf8, 0x00, 0x00, 0x00, 0x00, 0x00, 0xf8, 0xfc, 0xf0, 0x10,
    0xf8, 0xf4, 0xf0, 0xef, 0xf8, 0xfc, 0xf8, 0xff, 0xf8, 0xf4, 0xf0, 0xff,
    0xf8, 0xf4, 0xf0, 0xff, 0xf8, 0xfc, 0xf8, 0xff, 0xf8, 0xf8, 0xf0, 0xef,
    0xf8, 0xfc, 0xf0, 0x10, 0x00, 0x00, 0x00, 0x00, 0xf8, 0xfc, 0xf8, 0x00,
    0x00, 0x00, 0x00, 0x00, 0x00, 0x00, 0x00, 0x00, 0x00, 0x00, 0x00, 0x00,
    0x00, 0x00, 0x00, 0x00, 0x00, 0x00, 0x00, 0x00, 0x00, 0x00, 0x00, 0x00,
    0xf8, 0xfc, 0xf8, 0x00, 0x00, 0x00, 0x00, 0x00, 0xf8, 0xfc, 0xf0, 0x10,
    0xf8, 0xf4, 0xf0, 0xef, 0xf8, 0xfc, 0xf8, 0xff, 0xf8, 0xf4, 0xf0, 0xff,
    0xf8, 0xf8, 0xf0, 0xff, 0xf8, 0xfc, 0xf8, 0xff, 0xf8, 0xf4, 0xf0, 0xef,
    0xf8, 0xfc, 0xf0, 0x10, 0x00, 0x00, 0x00, 0x00, 0xf8, 0xfc, 0xf8, 0x00,
    0x00, 0x00, 0x00, 0x00, 0x00, 0x00, 0x00, 0x00, 0x00, 0x00, 0x00, 0x00,
    0x00, 0x00, 0x00, 0x00, 0x00, 0x00, 0x00, 0x00, 0x00, 0x00, 0x00, 0x00,
    0x00, 0x00, 0x00, 0x00, 0x00, 0x00, 0x00, 0x00, 0x00, 0x00, 0x00, 0x00,
    0x00, 0x00, 0x00, 0x00, 0x00, 0x00, 0x00, 0x00, 0x00, 0x00, 0x00, 0x00,
    0x00, 0x00, 0x00, 0x00, 0x00, 0x00, 0x00, 0x00, 0x00, 0x00, 0x00, 0x00,
    0x00, 0x00, 0x00, 0x00, 0x00, 0x00, 0x00, 0x00, 0x00, 0x00, 0x00, 0x00,
    0x00, 0x00, 0x00, 0x00, 0x00, 0x00, 0x00, 0x00, 0x00, 0x00, 0x00, 0x00,
    0x00, 0x00, 0x00, 0x00, 0x00, 0x00, 0x00, 0x00, 0x00, 0x00, 0x00, 0x00,
    0x00, 0x00, 0x00, 0x00, 0x00, 0x00, 0x00, 0x00, 0x00, 0x00, 0x00, 0x00,
    0x00, 0x00, 0x00, 0x00, 0x00, 0x00, 0x00, 0x00, 0x00, 0x00, 0x00, 0x00,
    0x00, 0x00, 0x00, 0x00, 0x00, 0x00, 0x00, 0x00, 0x00, 0x00, 0x00, 0x00,
    0x00, 0x00, 0x00, 0x00, 0x00, 0x00, 0x00, 0x00, 0x00, 0x00, 0x00, 0x00,
    0x00, 0x00, 0x00, 0x00, 0x00, 0x00, 0x00, 0x00, 0x00, 0x00, 0x00, 0x00,
    0x00, 0x00, 0x00, 0x00, 0x00, 0x00, 0x00, 0x00, 0x00, 0x00, 0x00, 0x00,
    0xf8, 0xfc, 0xf8, 0x00, 0x00, 0x00, 0x00, 0x00, 0xf8, 0xfc, 0xf0, 0x10,
    0xf8, 0xf8, 0xf0, 0xef, 0xf8, 0xfc, 0xf8, 0xff, 0xf8, 0xf8, 0xf0, 0xff,
    0xf8, 0xf4, 0xf0, 0xff, 0xf8, 0xfc, 0xf8, 0xff, 0xf8, 0xf4, 0xf0, 0xef,
    0xf8, 0xfc, 0xf0, 0x10, 0x00, 0x00, 0x00, 0x00, 0xf8, 0xfc, 0xf8, 0x00,
    0x00, 0x00, 0x00, 0x00, 0x00, 0x00, 0x00, 0x00, 0x00, 0x00, 0x00, 0x00,
    0x00, 0x00, 0x00, 0x00, 0x00, 0x00, 0x00, 0x00, 0x00, 0x00, 0x00, 0x00,
    0xf8, 0xfc, 0xf8, 0x00, 0x00, 0x00, 0x00, 0x00, 0xf8, 0xfc, 0xf0, 0x10,
    0xf8, 0xf4, 0xf0, 0xef, 0xf8, 0xfc, 0xf8, 0xff, 0xf8, 0xf8, 0xf0, 0xff,
    0xf8, 0xf4, 0xf0, 0xff, 0xf8, 0xfc, 0xf8, 0xff, 0xf8, 0xf8, 0xf0, 0xef,
    0xf8, 0xfc, 0xf0, 0x10, 0x00, 0x00, 0x00, 0x00, 0xf8, 0xfc, 0xf8, 0x00,
    0x00, 0x00, 0x00, 0x00, 0x00, 0x00, 0x00, 0x00, 0x00, 0x00, 0x00, 0x00,
    0x00, 0x00, 0x00, 0x00, 0x00, 0x00, 0x00, 0x00, 0x00, 0x00, 0x00, 0x00,
    0x00, 0x00, 0x00, 0x00, 0x00, 0x00, 0x00, 0x00, 0x00, 0x00, 0x00, 0x00,
    0x00, 0x00, 0x00, 0x00, 0x00, 0x00, 0x00, 0x00, 0x00, 0x00, 0x00, 0x00,
    0x00, 0x00, 0x00, 0x00, 0x00, 0x00, 0x00, 0x00, 0x00, 0x00, 0x00, 0x00,
    0x00, 0x00, 0x00, 0x00, 0x00, 0x00, 0x00, 0x00, 0x00, 0x00, 0x00, 0x00,
    0x00, 0x00, 0x00, 0x00, 0x00, 0x00, 0x00, 0x00, 0x00, 0x00, 0x00, 0x00,
    0x00, 0x00, 0x00, 0x00, 0x00, 0x00, 0x00, 0x00, 0x00, 0x00, 0x00, 0x00,
    0x00, 0x00, 0x00, 0x00, 0x00, 0x00, 0x00, 0x00, 0x00, 0x00, 0x00, 0x00,
    0x00, 0x00, 0x00, 0x00, 0x00, 0x00, 0x00, 0x00, 0x00, 0x00, 0x00, 0x00,
    0x00, 0x00, 0x00, 0x00, 0x00, 0x00, 0x00, 0x00, 0x00, 0x00, 0x00, 0x00,
    0x00, 0x00, 0x00, 0x00, 0x00, 0x00, 0x00, 0x00, 0x00, 0x00, 0x00, 0x00,
    0x00, 0x00, 0x00, 0x00, 0x00, 0x00, 0x00, 0x00, 0x00, 0x00, 0x00, 0x00,
    0x00, 0x00, 0x00, 0x00, 0x00, 0x00, 0x00, 0x00, 0x00, 0x00, 0x00, 0x00,
    0xf8, 0xfc, 0xf8, 0x00, 0x00, 0x00, 0x00, 0x00, 0xf8, 0xfc, 0xf0, 0x10,
    0xf8, 0xf4, 0xf0, 0xef, 0xf8, 0xfc, 0xf8, 0xff, 0xf8, 0xf8, 0xf0, 0xff,
    0xf8, 0xf4, 0xf0, 0xfb, 0xf8, 0xfc, 0xf8, 0xff, 0xf8, 0xf8, 0xf0, 0xef,
    0xf8, 0xfc, 0xf0, 0x10, 0x00, 0x00, 0x00, 0x00, 0xf8, 0xfc, 0xf8, 0x00,
    0x00, 0x00, 0x00, 0x00, 0x00, 0x00, 0x00, 0x00, 0x00, 0x00, 0x00, 0x00,
    0x00, 0x00, 0x00, 0x00, 0x00, 0x00, 0x00, 0x00, 0x00, 0x00, 0x00, 0x00,
    0xf8, 0xfc, 0xf8, 0x00, 0x00, 0x00, 0x00, 0x00, 0xf8, 0xfc, 0xf0, 0x10,
    0xf8, 0xf8, 0xf0, 0xef, 0xf8, 0xfc, 0xf8, 0xff, 0xf8, 0xf4, 0xf0, 0xff,
    0xf8, 0xf4, 0xf0, 0xfb, 0xf8, 0xfc, 0xf8, 0xff, 0xf8, 0xf4, 0xf0, 0xef,
    0xf8, 0xfc, 0xf0, 0x10, 0x00, 0x00, 0x00, 0x00, 0xf8, 0xfc, 0xf8, 0x00,
    0x00, 0x00, 0x00, 0x00, 0x00, 0x00, 0x00, 0x00, 0x00, 0x00, 0x00, 0x00,
    0x00, 0x00, 0x00, 0x00, 0x00, 0x00, 0x00, 0x00, 0x00, 0x00, 0x00, 0x00,
    0x00, 0x00, 0x00, 0x00, 0x00, 0x00, 0x00, 0x00, 0x00, 0x00, 0x00, 0x00,
    0x00, 0x00, 0x00, 0x00, 0x00, 0x00, 0x00, 0x00, 0x00, 0x00, 0x00, 0x00,
    0x00, 0x00, 0x00, 0x00, 0x00, 0x00, 0x00, 0x00, 0x00, 0x00, 0x00, 0x00,
    0x00, 0x00, 0x00, 0x00, 0x00, 0x00, 0x00, 0x00, 0x00, 0x00, 0x00, 0x00,
    0x00, 0x00, 0x00, 0x00, 0x00, 0x00, 0x00, 0x00, 0x00, 0x00, 0x00, 0x00,
    0x00, 0x00, 0x00, 0x00, 0x00, 0x00, 0x00, 0x00, 0x00, 0x00, 0x00, 0x00,
    0x00, 0x00, 0x00, 0x00, 0x00, 0x00, 0x00, 0x00, 0x00, 0x00, 0x00, 0x00,
    0x00, 0x00, 0x00, 0x00, 0x00, 0x00, 0x00, 0x00, 0x00, 0x00, 0x00, 0x00,
    0x00, 0x00, 0x00, 0x00, 0x00, 0x00, 0x00, 0x00, 0x00, 0x00, 0x00, 0x00,
    0x00, 0x00, 0x00, 0x00, 0x00, 0x00, 0x00, 0x00, 0x00, 0x00, 0x00, 0x00,
    0x00, 0x00, 0x00, 0x00, 0x00, 0x00, 0x00, 0x00, 0x00, 0x00, 0x00, 0x00,
    0x00, 0x00, 0x00, 0x00, 0x00, 0x00, 0x00, 0x00, 0x00, 0x00, 0x00, 0x00,
    0xf8, 0xfc, 0xf8, 0x00, 0x00, 0x00, 0x00, 0x00, 0xf8, 0xfc, 0xf0, 0x10,
    0xf8, 0xf4, 0xf0, 0xef, 0xf8, 0xfc, 0xf8, 0xff, 0xf8, 0xf4, 0xf0, 0xff,
    0xf8, 0xf8, 0xf0, 0xff, 0xf8, 0xfc, 0xf8, 0xff, 0xf8, 0xf4, 0xf0, 0xef,
    0xf8, 0xfc, 0xf0, 0x10, 0x00, 0x00, 0x00, 0x00, 0xf8, 0xfc, 0xf8, 0x00,
    0x00, 0x00, 0x00, 0x00, 0x00, 0x00, 0x00, 0x00, 0x00, 0x00, 0x00, 0x00,
    0x00, 0x00, 0x00, 0x00, 0x00, 0x00, 0x00, 0x00, 0x00, 0x00, 0x00, 0x00,
    0xf8, 0xfc, 0xf8, 0x00, 0x00, 0x00, 0x00, 0x00, 0xf8, 0xfc, 0xf0, 0x10,
    0xf8, 0xf4, 0xf0, 0xef, 0xf8, 0xfc, 0xf8, 0xff, 0xf8, 0xf8, 0xf0, 0xff,
    0xf8, 0xf8, 0xf0, 0xff, 0xf8, 0xfc, 0xf8, 0xff, 0xf8, 0xf4, 0xf0, 0xef,
    0xf8, 0xfc, 0xf0, 0x10, 0x00, 0x00, 0x00, 0x00, 0xf8, 0xfc, 0xf8, 0x00,
    0x00, 0x00, 0x00, 0x00, 0x00, 0x00, 0x00, 0x00, 0x00, 0x00, 0x00, 0x00,
    0x00, 0x00, 0x00, 0x00, 0x00, 0x00, 0x00, 0x00, 0x00, 0x00, 0x00, 0x00,
    0x00, 0x00, 0x00, 0x00, 0x00, 0x00, 0x00, 0x00, 0x00, 0x00, 0x00, 0x00,
    0x00, 0x00, 0x00, 0x00, 0x00, 0x00, 0x00, 0x00, 0x00, 0x00, 0x00, 0x00,
    0x00, 0x00, 0x00, 0x00, 0x00, 0x00, 0x00, 0x00, 0x00, 0x00, 0x00, 0x00,
    0x00, 0x00, 0x00, 0x00, 0x00, 0x00, 0x00, 0x00, 0x00, 0x00, 0x00, 0x00,
    0x00, 0x00, 0x00, 0x00, 0x00, 0x00, 0x00, 0x00, 0x00, 0x00, 0x00, 0x00,
    0x00, 0x00, 0x00, 0x00, 0x00, 0x00, 0x00, 0x00, 0x00, 0x00, 0x00, 0x00,
    0x00, 0x00, 0x00, 0x00, 0x00, 0x00, 0x00, 0x00, 0x00, 0x00, 0x00, 0x00,
    0x00, 0x00, 0x00, 0x00, 0x00, 0x00, 0x00, 0x00, 0x00, 0x00, 0x00, 0x00,
    0x00, 0x00, 0x00, 0x00, 0x00, 0x00, 0x00, 0x00, 0x00, 0x00, 0x00, 0x00,
    0x00, 0x00, 0x00, 0x00, 0x00, 0x00, 0x00, 0x00, 0x00, 0x00, 0x00, 0x00,
    0x00, 0x00, 0x00, 0x00, 0x00, 0x00, 0x00, 0x00, 0x00, 0x00, 0x00, 0x00,
    0x00, 0x00, 0x00, 0x00, 0x00, 0x00, 0x00, 0x00, 0x00, 0x00, 0x00, 0x00,
    0xf8, 0xfc, 0xf8, 0x00, 0x00, 0x00, 0x00, 0x00, 0xf8, 0xfc, 0xf0, 0x10,
    0xf8, 0xf8, 0xf0, 0xef, 0xf8, 0xfc, 0xf8, 0xff, 0xf8, 0xf4, 0xf0, 0xff,
    0xf8, 0xf4, 0xf0, 0xff, 0xf8, 0xfc, 0xf8, 0xff, 0xf8, 0xf4, 0xf0, 0xef,
    0xf8, 0xfc, 0xf0, 0x10, 0x00, 0x00, 0x00, 0x00, 0xf8, 0xfc, 0xf8, 0x00,
    0x00, 0x00, 0x00, 0x00, 0x00, 0x00, 0x00, 0x00, 0x00, 0x00, 0x00, 0x00,
    0x00, 0x00, 0x00, 0x00, 0x00, 0x00, 0x00, 0x00, 0x00, 0x00, 0x00, 0x00,
    0xf8, 0xfc, 0xf8, 0x00, 0x00, 0x00, 0x00, 0x00, 0xf8, 0xfc, 0xf0, 0x10,
    0xf8, 0xf4, 0xf0, 0xef, 0xf8, 0xfc, 0xf8, 0xff, 0xf8, 0xf4, 0xf0, 0xff,
    0xf8, 0xf4, 0xf0, 0xff, 0xf8, 0xfc, 0xf8, 0xff, 0xf8, 0xf8, 0xf0, 0xef,
    0xf8, 0xfc, 0xf0, 0x10, 0x00, 0x00, 0x00, 0x00, 0xf8, 0xfc, 0xf8, 0x00,
    0x00, 0x00, 0x00, 0x00, 0x00, 0x00, 0x00, 0x00, 0x00, 0x00, 0x00, 0x00,
    0x00, 0x00, 0x00, 0x00, 0x00, 0x00, 0x00, 0x00, 0x00, 0x00, 0x00, 0x00,
    0x00, 0x00, 0x00, 0x00, 0x00, 0x00, 0x00, 0x00, 0x00, 0x00, 0x00, 0x00,
    0x00, 0x00, 0x00, 0x00, 0x00, 0x00, 0x00, 0x00, 0x00, 0x00, 0x00, 0x00,
    0x00, 0x00, 0x00, 0x00, 0x00, 0x00, 0x00, 0x00, 0x00, 0x00, 0x00, 0x00,
    0x00, 0x00, 0x00, 0x00, 0x00, 0x00, 0x00, 0x00, 0x00, 0x00, 0x00, 0x00,
    0x00, 0x00, 0x00, 0x00, 0x00, 0x00, 0x00, 0x00, 0x00, 0x00, 0x00, 0x00,
    0x00, 0x00, 0x00, 0x00, 0x00, 0x00, 0x00, 0x00, 0x00, 0x00, 0x00, 0x00,
    0x00, 0x00, 0x00, 0x00, 0x00, 0x00, 0x00, 0x00, 0x00, 0x00, 0x00, 0x00,
    0x00, 0x00, 0x00, 0x00, 0x00, 0x00, 0x00, 0x00, 0x00, 0x00, 0x00, 0x00,
    0x00, 0x00, 0x00, 0x00, 0x00, 0x00, 0x00, 0x00, 0x00, 0x00, 0x00, 0x00,
    0x00, 0x00, 0x00, 0x00, 0x00, 0x00, 0x00, 0x00, 0x00, 0x00, 0x00, 0x00,
    0x00, 0x00, 0x00, 0x00, 0x00, 0x00, 0x00, 0x00, 0x00, 0x00, 0x00, 0x00,
    0x00, 0x00, 0x00, 0x00, 0x00, 0x00, 0x00, 0x00, 0x00, 0x00, 0x00, 0x00,
    0xf8, 0xfc, 0xf8, 0x00, 0x00, 0x00, 0x00, 0x00, 0xf8, 0xfc, 0xf0, 0x10,
    0xf8, 0xf8, 0xf0, 0xef, 0xf8, 0xfc, 0xf8, 0xff, 0xf8, 0xf4, 0xf0, 0xff,
    0xf8, 0xf8, 0xf0, 0xfb, 0xf8, 0xfc, 0xf8, 0xff, 0xf8, 0xf8, 0xf0, 0xef,
    0xf8, 0xfc, 0xf0, 0x10, 0x00, 0x00, 0x00, 0x00, 0xf8, 0xfc, 0xf8, 0x00,
    0x00, 0x00, 0x00, 0x00, 0x00, 0x00, 0x00, 0x00, 0x00, 0x00, 0x00, 0x00,
    0x00, 0x00, 0x00, 0x00, 0x00, 0x00, 0x00, 0x00, 0x00, 0x00, 0x00, 0x00,
    0xf8, 0xfc, 0xf8, 0x00, 0x00, 0x00, 0x00, 0x00, 0xf8, 0xfc, 0xf0, 0x10,
    0xf8, 0xf8, 0xf0, 0xef, 0xf8, 0xfc, 0xf8, 0xff, 0xf8, 0xf4, 0xf0, 0xff,
    0xf8, 0xf4, 0xf0, 0xff, 0xf8, 0xfc, 0xf8, 0xff, 0xf8, 0xf8, 0xf0, 0xef,
    0xf8, 0xfc, 0xf0, 0x10, 0x00, 0x00, 0x00, 0x00, 0xf8, 0xfc, 0xf8, 0x00,
    0x00, 0x00, 0x00, 0x00, 0x00, 0x00, 0x00, 0x00, 0x00, 0x00, 0x00, 0x00,
    0x00, 0x00, 0x00, 0x00, 0x00, 0x00, 0x00, 0x00, 0x00, 0x00, 0x00, 0x00,
    0x00, 0x00, 0x00, 0x00, 0x00, 0x00, 0x00, 0x00, 0x00, 0x00, 0x00, 0x00,
    0x00, 0x00, 0x00, 0x00, 0x00, 0x00, 0x00, 0x00, 0x00, 0x00, 0x00, 0x00,
    0x00, 0x00, 0x00, 0x00, 0x00, 0x00, 0x00, 0x00, 0x00, 0x00, 0x00, 0x00,
    0x00, 0x00, 0x00, 0x00, 0x00, 0x00, 0x00, 0x00, 0x00, 0x00, 0x00, 0x00,
    0x00, 0x00, 0x00, 0x00, 0x00, 0x00, 0x00, 0x00, 0x00, 0x00, 0x00, 0x00,
    0x00, 0x00, 0x00, 0x00, 0x00, 0x00, 0x00, 0x00, 0x00, 0x00, 0x00, 0x00,
    0x00, 0x00, 0x00, 0x00, 0x00, 0x00, 0x00, 0x00, 0x00, 0x00, 0x00, 0x00,
    0x00, 0x00, 0x00, 0x00, 0x00, 0x00, 0x00, 0x00, 0x00, 0x00, 0x00, 0x00,
    0x00, 0x00, 0x00, 0x00, 0x00, 0x00, 0x00, 0x00, 0x00, 0x00, 0x00, 0x00,
    0x00, 0x00, 0x00, 0x00, 0x00, 0x00, 0x00, 0x00, 0x00, 0x00, 0x00, 0x00,
    0x00, 0x00, 0x00, 0x00, 0x00, 0x00, 0x00, 0x00, 0x00, 0x00, 0x00, 0x00,
    0x00, 0x00, 0x00, 0x00, 0x00, 0x00, 0x00, 0x00, 0x00, 0x00, 0x00, 0x00,
    0xf8, 0xfc, 0xf8, 0x00, 0x00, 0x00, 0x00, 0x00, 0xf8, 0xfc, 0xf0, 0x10,
    0xf8, 0xf4, 0xf0, 0xef, 0xf8, 0xfc, 0xf8, 0xff, 0xf8, 0xf4, 0xf0, 0xff,
    0xf8, 0xf8, 0xf0, 0xff, 0xf8, 0xfc, 0xf8, 0xff, 0xf8, 0xf4, 0xf0, 0xef,
    0xf8, 0xfc, 0xf0, 0x10, 0x00, 0x00, 0x00, 0x00, 0xf8, 0xfc, 0xf8, 0x00,
    0x00, 0x00, 0x00, 0x00, 0x00, 0x00, 0x00, 0x00, 0x00, 0x00, 0x00, 0x00,
    0x00, 0x00, 0x00, 0x00, 0x00, 0x00, 0x00, 0x00, 0x00, 0x00, 0x00, 0x00,
    0xf8, 0xfc, 0xf8, 0x00, 0x00, 0x00, 0x00, 0x00, 0xf8, 0xfc, 0xf0, 0x10,
    0xf8, 0xf4, 0xf0, 0xef, 0xf8, 0xfc, 0xf8, 0xff, 0xf8, 0xf8, 0xf0, 0xff,
    0xf8, 0xf8, 0xf0, 0xfb, 0xf8, 0xfc, 0xf8, 0xff, 0xf8, 0xf4, 0xf0, 0xef,
    0xf8, 0xfc, 0xf0, 0x10, 0x00, 0x00, 0x00, 0x00, 0xf8, 0xfc, 0xf8, 0x00,
    0x00, 0x00, 0x00, 0x00, 0x00, 0x00, 0x00, 0x00, 0x00, 0x00, 0x00, 0x00,
    0x00, 0x00, 0x00, 0x00, 0x00, 0x00, 0x00, 0x00, 0x00, 0x00, 0x00, 0x00,
    0x00, 0x00, 0x00, 0x00, 0x00, 0x00, 0x00, 0x00, 0x00, 0x00, 0x00, 0x00,
    0x00, 0x00, 0x00, 0x00, 0x00, 0x00, 0x00, 0x00, 0x00, 0x00, 0x00, 0x00,
    0x00, 0x00, 0x00, 0x00, 0x00, 0x00, 0x00, 0x00, 0x00, 0x00, 0x00, 0x00,
    0x00, 0x00, 0x00, 0x00, 0x00, 0x00, 0x00, 0x00, 0x00, 0x00, 0x00, 0x00,
    0x00, 0x00, 0x00, 0x00, 0x00, 0x00, 0x00, 0x00, 0x00, 0x00, 0x00, 0x00,
    0x00, 0x00, 0x00, 0x00, 0x00, 0x00, 0x00, 0x00, 0x00, 0x00, 0x00, 0x00,
    0x00, 0x00, 0x00, 0x00, 0x00, 0x00, 0x00, 0x00, 0x00, 0x00, 0x00, 0x00,
    0x00, 0x00, 0x00, 0x00, 0x00, 0x00, 0x00, 0x00, 0x00, 0x00, 0x00, 0x00,
    0x00, 0x00, 0x00, 0x00, 0x00, 0x00, 0x00, 0x00, 0x00, 0x00, 0x00, 0x00,
    0x00, 0x00, 0x00, 0x00, 0x00, 0x00, 0x00, 0x00, 0x00, 0x00, 0x00, 0x00,
    0x00, 0x00, 0x00, 0x00, 0x00, 0x00, 0x00, 0x00, 0x00, 0x00, 0x00, 0x00,
    0x00, 0x00, 0x00, 0x00, 0x00, 0x00, 0x00, 0x00, 0x00, 0x00, 0x00, 0x00,
    0xf8, 0xfc, 0xf8, 0x00, 0x00, 0x00, 0x00, 0x00, 0xf8, 0xfc, 0xf0, 0x10,
    0xf8, 0xf8, 0xf0, 0xef, 0xf8, 0xfc, 0xf8, 0xff, 0xf8, 0xf4, 0xf0, 0xff,
    0xf8, 0xf4, 0xf0, 0xff, 0xf8, 0xfc, 0xf8, 0xff, 0xf8, 0xf4, 0xf0, 0xef,
    0xf8, 0xfc, 0xf0, 0x10, 0x00, 0x00, 0x00, 0x00, 0xf8, 0xfc, 0xf8, 0x00,
    0x00, 0x00, 0x00, 0x00, 0x00, 0x00, 0x00, 0x00, 0x00, 0x00, 0x00, 0x00,
    0x00, 0x00, 0x00, 0x00, 0x00, 0x00, 0x00, 0x00, 0x00, 0x00, 0x00, 0x00,
    0xf8, 0xfc, 0xf8, 0x00, 0x00, 0x00, 0x00, 0x00, 0xf8, 0xfc, 0xf0, 0x10,
    0xf8, 0xf4, 0xf0, 0xef, 0xf8, 0xfc, 0xf8, 0xff, 0xf8, 0xf4, 0xf0, 0xff,
    0xf8, 0xf4, 0xf0, 0xff, 0xf8, 0xfc, 0xf8, 0xff, 0xf8, 0xf4, 0xf0, 0xef,
    0xf8, 0xfc, 0xf0, 0x10, 0x00, 0x00, 0x00, 0x00, 0xf8, 0xfc, 0xf8, 0x00,
    0x00, 0x00, 0x00, 0x00, 0x00, 0x00, 0x00, 0x00, 0x00, 0x00, 0x00, 0x00,
    0x00, 0x00, 0x00, 0x00, 0x00, 0x00, 0x00, 0x00, 0x00, 0x00, 0x00, 0x00,
    0x00, 0x00, 0x00, 0x00, 0x00, 0x00, 0x00, 0x00, 0x00, 0x00, 0x00, 0x00,
    0x00, 0x00, 0x00, 0x00, 0x00, 0x00, 0x00, 0x00, 0x00, 0x00, 0x00, 0x00,
    0x00, 0x00, 0x00, 0x00, 0x00, 0x00, 0x00, 0x00, 0x00, 0x00, 0x00, 0x00,
    0x00, 0x00, 0x00, 0x00, 0x00, 0x00, 0x00, 0x00, 0x00, 0x00, 0x00, 0x00,
    0x00, 0x00, 0x00, 0x00, 0x00, 0x00, 0x00, 0x00, 0x00, 0x00, 0x00, 0x00,
    0x00, 0x00, 0x00, 0x00, 0x00, 0x00, 0x00, 0x00, 0x00, 0x00, 0x00, 0x00,
    0x00, 0x00, 0x00, 0x00, 0x00, 0x00, 0x00, 0x00, 0x00, 0x00, 0x00, 0x00,
    0x00, 0x00, 0x00, 0x00, 0x00, 0x00, 0x00, 0x00, 0x00, 0x00, 0x00, 0x00,
    0x00, 0x00, 0x00, 0x00, 0x00, 0x00, 0x00, 0x00, 0x00, 0x00, 0x00, 0x00,
    0x00, 0x00, 0x00, 0x00, 0x00, 0x00, 0x00, 0x00, 0x00, 0x00, 0x00, 0x00,
    0x00, 0x00, 0x00, 0x00, 0x00, 0x00, 0x00, 0x00, 0x00, 0x00, 0x00, 0x00,
    0x00, 0x00, 0x00, 0x00, 0x00, 0x00, 0x00, 0x00, 0x00, 0x00, 0x00, 0x00,
    0xf8, 0xfc, 0xf8, 0x00, 0x00, 0x00, 0x00, 0x00, 0xf8, 0xfc, 0xf0, 0x10,
    0xf8, 0xf4, 0xf0, 0xef, 0xf8, 0xfc, 0xf8, 0xff, 0xf8, 0xf8, 0xf0, 0xff,
    0xf8, 0xf4, 0xf0, 0xfb, 0xf8, 0xfc, 0xf8, 0xff, 0xf8, 0xf8, 0xf0, 0xef,
    0xf8, 0xfc, 0xf0, 0x10, 0x00, 0x00, 0x00, 0x00, 0xf8, 0xfc, 0xf8, 0x00,
    0x00, 0x00, 0x00, 0x00, 0x00, 0x00, 0x00, 0x00, 0x00, 0x00, 0x00, 0x00,
    0x00, 0x00, 0x00, 0x00, 0x00, 0x00, 0x00, 0x00, 0x00, 0x00, 0x00, 0x00,
    0xf8, 0xfc, 0xf8, 0x00, 0x00, 0x00, 0x00, 0x00, 0xf8, 0xfc, 0xf0, 0x10,
    0xf8, 0xf8, 0xf0, 0xef, 0xf8, 0xfc, 0xf8, 0xff, 0xf8, 0xf4, 0xf0, 0xff,
    0xf8, 0xf8, 0xf0, 0xff, 0xf8, 0xfc, 0xf8, 0xff, 0xf8, 0xf4, 0xf0, 0xef,
    0xf8, 0xfc, 0xf0, 0x10, 0x00, 0x00, 0x00, 0x00, 0xf8, 0xfc, 0xf8, 0x00,
    0x00, 0x00, 0x00, 0x00, 0x00, 0x00, 0x00, 0x00, 0x00, 0x00, 0x00, 0x00,
    0x00, 0x00, 0x00, 0x00, 0x00, 0x00, 0x00, 0x00, 0x00, 0x00, 0x00, 0x00,
    0x00, 0x00, 0x00, 0x00, 0x00, 0x00, 0x00, 0x00, 0x00, 0x00, 0x00, 0x00,
    0x00, 0x00, 0x00, 0x00, 0x00, 0x00, 0x00, 0x00, 0x00, 0x00, 0x00, 0x00,
    0x00, 0x00, 0x00, 0x00, 0x00, 0x00, 0x00, 0x00, 0x00, 0x00, 0x00, 0x00,
    0x00, 0x00, 0x00, 0x00, 0x00, 0x00, 0x00, 0x00, 0x00, 0x00, 0x00, 0x00,
    0x00, 0x00, 0x00, 0x00, 0x00, 0x00, 0x00, 0x00, 0x00, 0x00, 0x00, 0x00,
    0x00, 0x00, 0x00, 0x00, 0x00, 0x00, 0x00, 0x00, 0x00, 0x00, 0x00, 0x00,
    0x00, 0x00, 0x00, 0x00, 0x00, 0x00, 0x00, 0x00, 0x00, 0x00, 0x00, 0x00,
    0x00, 0x00, 0x00, 0x00, 0x00, 0x00, 0x00, 0x00, 0x00, 0x00, 0x00, 0x00,
    0x00, 0x00, 0x00, 0x00, 0x00, 0x00, 0x00, 0x00, 0x00, 0x00, 0x00, 0x00,
    0x00, 0x00, 0x00, 0x00, 0x00, 0x00, 0x00, 0x00, 0x00, 0x00, 0x00, 0x00,
    0x00, 0x00, 0x00, 0x00, 0x00, 0x00, 0x00, 0x00, 0x00, 0x00, 0x00, 0x00,
    0x00, 0x00, 0x00, 0x00, 0x00, 0x00, 0x00, 0x00, 0x00, 0x00, 0x00, 0x00,
    0xf8, 0xfc, 0xf8, 0x00, 0x00, 0x00, 0x00, 0x00, 0xf8, 0xfc, 0xf0, 0x10,
    0xf8, 0xf4, 0xf0, 0xef, 0xf8, 0xfc, 0xf8, 0xff, 0xf8, 0xf8, 0xf0, 0xff,
    0xf8, 0xf4, 0xf0, 0xff, 0xf8, 0xfc, 0xf8, 0xff, 0xf8, 0xf4, 0xf0, 0xef,
    0xf8, 0xfc, 0xf0, 0x10, 0x00, 0x00, 0x00, 0x00, 0xf8, 0xfc, 0xf8, 0x00,
    0x00, 0x00, 0x00, 0x00, 0x00, 0x00, 0x00, 0x00, 0x00, 0x00, 0x00, 0x00,
    0x00, 0x00, 0x00, 0x00, 0x00, 0x00, 0x00, 0x00, 0x00, 0x00, 0x00, 0x00,
    0xf8, 0xfc, 0xf8, 0x00, 0x00, 0x00, 0x00, 0x00, 0xf8, 0xfc, 0xf0, 0x10,
    0xf8, 0xf4, 0xf0, 0xef, 0xf8, 0xfc, 0xf8, 0xff, 0xf8, 0xf8, 0xf0, 0xff,
    0xf8, 0xf4, 0xf0, 0xfb, 0xf8, 0xfc, 0xf8, 0xff, 0xf8, 0xf8, 0xf0, 0xef,
    0xf8, 0xfc, 0xf0, 0x10, 0x00, 0x00, 0x00, 0x00, 0xf8, 0xfc, 0xf8, 0x00,
    0x00, 0x00, 0x00, 0x00, 0x00, 0x00, 0x00, 0x00, 0x00, 0x00, 0x00, 0x00,
    0x00, 0x00, 0x00, 0x00, 0x00, 0x00, 0x00, 0x00, 0x00, 0x00, 0x00, 0x00,
    0x00, 0x00, 0x00, 0x00, 0x00, 0x00, 0x00, 0x00, 0x00, 0x00, 0x00, 0x00,
    0x00, 0x00, 0x00, 0x00, 0x00, 0x00, 0x00, 0x00, 0x00, 0x00, 0x00, 0x00,
    0x00, 0x00, 0x00, 0x00, 0x00, 0x00, 0x00, 0x00, 0x00, 0x00, 0x00, 0x00,
    0x00, 0x00, 0x00, 0x00, 0x00, 0x00, 0x00, 0x00, 0x00, 0x00, 0x00, 0x00,
    0x00, 0x00, 0x00, 0x00, 0x00, 0x00, 0x00, 0x00, 0x00, 0x00, 0x00, 0x00,
    0x00, 0x00, 0x00, 0x00, 0x00, 0x00, 0x00, 0x00, 0x00, 0x00, 0x00, 0x00,
    0x00, 0x00, 0x00, 0x00, 0x00, 0x00, 0x00, 0x00, 0x00, 0x00, 0x00, 0x00,
    0x00, 0x00, 0x00, 0x00, 0x00, 0x00, 0x00, 0x00, 0x00, 0x00, 0x00, 0x00,
    0x00, 0x00, 0x00, 0x00, 0x00, 0x00, 0x00, 0x00, 0x00, 0x00, 0x00, 0x00,
    0x00, 0x00, 0x00, 0x00, 0x00, 0x00, 0x00, 0x00, 0x00, 0x00, 0x00, 0x00,
    0x00, 0x00, 0x00, 0x00, 0x00, 0x00, 0x00, 0x00, 0x00, 0x00, 0x00, 0x00,
    0x00, 0x00, 0x00, 0x00, 0x00, 0x00, 0x00, 0x00, 0x00, 0x00, 0x00, 0x00,
    0xf8, 0xfc, 0xf8, 0x00, 0x00, 0x00, 0x00, 0x00, 0xf8, 0xfc, 0xf0, 0x10,
    0xf8, 0xf8, 0xf0, 0xef, 0xf8, 0xfc, 0xf8, 0xff, 0xf8, 0xf4, 0xf0, 0xff,
    0xf8, 0xf8, 0xf0, 0xff, 0xf8, 0xfc, 0xf8, 0xff, 0xf8, 0xf4, 0xf0, 0xef,
    0xf8, 0xfc, 0xf0, 0x10, 0x00, 0x00, 0x00, 0x00, 0xf8, 0xfc, 0xf8, 0x00,
    0x00, 0x00, 0x00, 0x00, 0x00, 0x00, 0x00, 0x00, 0x00, 0x00, 0x00, 0x00,
    0x00, 0x00, 0x00, 0x00, 0x00, 0x00, 0x00, 0x00, 0x00, 0x00, 0x00, 0x00,
    0xf8, 0xfc, 0xf8, 0x00, 0x00, 0x00, 0x00, 0x00, 0xf8, 0xfc, 0xf0, 0x10,
    0xf8, 0xf4, 0xf0, 0xef, 0xf8, 0xfc, 0xf8, 0xff, 0xf8, 0xf4, 0xf0, 0xff,
    0xf8, 0xf4, 0xf0, 0xff, 0xf8, 0xfc, 0xf8, 0xff, 0xf8, 0xf4, 0xf0, 0xef,
    0xf8, 0xfc, 0xf0, 0x10, 0x00, 0x00, 0x00, 0x00, 0xf8, 0xfc, 0xf8, 0x00,
    0x00, 0x00, 0x00, 0x00, 0x00, 0x00, 0x00, 0x00, 0x00, 0x00, 0x00, 0x00,
    0x00, 0x00, 0x00, 0x00, 0x00, 0x00, 0x00, 0x00, 0x00, 0x00, 0x00, 0x00,
    0x00, 0x00, 0x00, 0x00, 0x00, 0x00, 0x00, 0x00, 0x00, 0x00, 0x00, 0x00,
    0x00, 0x00, 0x00, 0x00, 0x00, 0x00, 0x00, 0x00, 0x00, 0x00, 0x00, 0x00,
    0x00, 0x00, 0x00, 0x00, 0x00, 0x00, 0x00, 0x00, 0x00, 0x00, 0x00, 0x00,
    0x00, 0x00, 0x00, 0x00, 0x00, 0x00, 0x00, 0x00, 0x00, 0x00, 0x00, 0x00,
    0x00, 0x00, 0x00, 0x00, 0x00, 0x00, 0x00, 0x00, 0x00, 0x00, 0x00, 0x00,
    0x00, 0x00, 0x00, 0x00, 0x00, 0x00, 0x00, 0x00, 0x00, 0x00, 0x00, 0x00,
    0x00, 0x00, 0x00, 0x00, 0x00, 0x00, 0x00, 0x00, 0x00, 0x00, 0x00, 0x00,
    0x00, 0x00, 0x00, 0x00, 0x00, 0x00, 0x00, 0x00, 0x00, 0x00, 0x00, 0x00,
    0x00, 0x00, 0x00, 0x00, 0x00, 0x00, 0x00, 0x00, 0x00, 0x00, 0x00, 0x00,
    0x00, 0x00, 0x00, 0x00, 0x00, 0x00, 0x00, 0x00, 0x00, 0x00, 0x00, 0x00,
    0x00, 0x00, 0x00, 0x00, 0x00, 0x00, 0x00, 0x00, 0x00, 0x00, 0x00, 0x00,
    0x00, 0x00, 0x00, 0x00, 0x00, 0x00, 0x00, 0x00, 0x00, 0x00, 0x00, 0x00,
    0xf8, 0xfc, 0xf8, 0x00, 0x00, 0x00, 0x00, 0x00, 0xf8, 0xfc, 0xf0, 0x10,
    0xf8, 0xf4, 0xf0, 0xef, 0xf8, 0xfc, 0xf8, 0xff, 0xf8, 0xf4, 0xf0, 0xff,
    0xf8, 0xf4, 0xf0, 0xff, 0xf8, 0xfc, 0xf8, 0xff, 0xf8, 0xf8, 0xf0, 0xef,
    0xf8, 0xfc, 0xf0, 0x10, 0x00, 0x00, 0x00, 0x00, 0xf8, 0xfc, 0xf8, 0x00,
    0x00, 0x00, 0x00, 0x00, 0x00, 0x00, 0x00, 0x00, 0x00, 0x00, 0x00, 0x00,
    0x00, 0x00, 0x00, 0x00, 0x00, 0x00, 0x00, 0x00, 0x00, 0x00, 0x00, 0x00,
    0xf8, 0xfc, 0xf8, 0x00, 0x00, 0x00, 0x00, 0x00, 0xf8, 0xfc, 0xf0, 0x10,
    0xf8, 0xf8, 0xf0, 0xef, 0xf8, 0xfc, 0xf8, 0xff, 0xf8, 0xf4, 0xf0, 0xff,
    0xf8, 0xf8, 0xf0, 0xff, 0xf8, 0xfc, 0xf8, 0xff, 0xf8, 0xf4, 0xf0, 0xef,
    0xf8, 0xfc, 0xf0, 0x10, 0x00, 0x00, 0x00, 0x00, 0xf8, 0xfc, 0xf8, 0x00,
    0x00, 0x00, 0x00, 0x00, 0x00, 0x00, 0x00, 0x00, 0x00, 0x00, 0x00, 0x00,
    0x00, 0x00, 0x00, 0x00, 0x00, 0x00, 0x00, 0x00, 0x00, 0x00, 0x00, 0x00,
    0x00, 0x00, 0x00, 0x00, 0x00, 0x00, 0x00, 0x00, 0x00, 0x00, 0x00, 0x00,
    0x00, 0x00, 0x00, 0x00, 0x00, 0x00, 0x00, 0x00, 0x00, 0x00, 0x00, 0x00,
    0x00, 0x00, 0x00, 0x00, 0x00, 0x00, 0x00, 0x00, 0x00, 0x00, 0x00, 0x00,
    0x00, 0x00, 0x00, 0x00, 0x00, 0x00, 0x00, 0x00, 0x00, 0x00, 0x00, 0x00,
    0x00, 0x00, 0x00, 0x00, 0x00, 0x00, 0x00, 0x00, 0x00, 0x00, 0x00, 0x00,
    0x00, 0x00, 0x00, 0x00, 0x00, 0x00, 0x00, 0x00, 0x00, 0x00, 0x00, 0x00,
    0x00, 0x00, 0x00, 0x00, 0x00, 0x00, 0x00, 0x00, 0x00, 0x00, 0x00, 0x00,
    0x00, 0x00, 0x00, 0x00, 0x00, 0x00, 0x00, 0x00, 0x00, 0x00, 0x00, 0x00,
    0x00, 0x00, 0x00, 0x00, 0x00, 0x00, 0x00, 0x00, 0x00, 0x00, 0x00, 0x00,
    0x00, 0x00, 0x00, 0x00, 0x00, 0x00, 0x00, 0x00, 0x00, 0x00, 0x00, 0x00,
    0x00, 0x00, 0x00, 0x00, 0x00, 0x00, 0x00, 0x00, 0x00, 0x00, 0x00, 0x00,
    0x00, 0x00, 0x00, 0x00, 0x00, 0x00, 0x00, 0x00, 0x00, 0x00, 0x00, 0x00,
    0xf8, 0xfc, 0xf8, 0x00, 0x00, 0x00, 0x00, 0x00, 0xf8, 0xfc, 0xf0, 0x10,
    0xf8, 0xf8, 0xf0, 0xef, 0xf8, 0xfc, 0xf8, 0xff, 0xf8, 0xf4, 0xf0, 0xff,
    0xf8, 0xf8, 0xf0, 0xfb, 0xf8, 0xfc, 0xf8, 0xff, 0xf8, 0xf4, 0xf0, 0xef,
    0xf8, 0xfc, 0xf0, 0x10, 0x00, 0x00, 0x00, 0x00, 0xf8, 0xfc, 0xf8, 0x00,
    0x00, 0x00, 0x00, 0x00, 0x00, 0x00, 0x00, 0x00, 0x00, 0x00, 0x00, 0x00,
    0x00, 0x00, 0x00, 0x00, 0x00, 0x00, 0x00, 0x00, 0x00, 0x00, 0x00, 0x00,
    0xf8, 0xfc, 0xf8, 0x00, 0x00, 0x00, 0x00, 0x00, 0xf8, 0xfc, 0xf0, 0x10,
    0xf8, 0xf4, 0xf0, 0xef, 0xf8, 0xfc, 0xf8, 0xff, 0xf8, 0xf8, 0xf0, 0xff,
    0xf8, 0xf4, 0xf0, 0xff, 0xf8, 0xfc, 0xf8, 0xff, 0xf8, 0xf8, 0xf0, 0xef,
    0xf8, 0xfc, 0xf0, 0x10, 0x00, 0x00, 0x00, 0x00, 0xf8, 0xfc, 0xf8, 0x00,
    0x00, 0x00, 0x00, 0x00, 0x00, 0x00, 0x00, 0x00, 0x00, 0x00, 0x00, 0x00,
    0x00, 0x00, 0x00, 0x00, 0x00, 0x00, 0x00, 0x00, 0x00, 0x00, 0x00, 0x00,
    0x00, 0x00, 0x00, 0x00, 0x00, 0x00, 0x00, 0x00, 0x00, 0x00, 0x00, 0x00,
    0x00, 0x00, 0x00, 0x00, 0x00, 0x00, 0x00, 0x00, 0x00, 0x00, 0x00, 0x00,
    0x00, 0x00, 0x00, 0x00, 0x00, 0x00, 0x00, 0x00, 0x00, 0x00, 0x00, 0x00,
    0x00, 0x00, 0x00, 0x00, 0x00, 0x00, 0x00, 0x00, 0x00, 0x00, 0x00, 0x00,
    0x00, 0x00, 0x00, 0x00, 0x00, 0x00, 0x00, 0x00, 0x00, 0x00, 0x00, 0x00,
    0x00, 0x00, 0x00, 0x00, 0x00, 0x00, 0x00, 0x00, 0x00, 0x00, 0x00, 0x00,
    0x00, 0x00, 0x00, 0x00, 0x00, 0x00, 0x00, 0x00, 0x00, 0x00, 0x00, 0x00,
    0x00, 0x00, 0x00, 0x00, 0x00, 0x00, 0x00, 0x00, 0x00, 0x00, 0x00, 0x00,
    0x00, 0x00, 0x00, 0x00, 0x00, 0x00, 0x00, 0x00, 0x00, 0x00, 0x00, 0x00,
    0x00, 0x00, 0x00, 0x00, 0x00, 0x00, 0x00, 0x00, 0x00, 0x00, 0x00, 0x00,
    0x00, 0x00, 0x00, 0x00, 0x00, 0x00, 0x00, 0x00, 0x00, 0x00, 0x00, 0x00,
    0x00, 0x00, 0x00, 0x00, 0x00, 0x00, 0x00, 0x00, 0x00, 0x00, 0x00, 0x00,
    0xf8, 0xfc, 0xf8, 0x00, 0x00, 0x00, 0x00, 0x00, 0xf8, 0xfc, 0xf0, 0x10,
    0xf8, 0xf8, 0xf0, 0xef, 0xf8, 0xfc, 0xf8, 0xff, 0xf8, 0xf4, 0xf0, 0xff,
    0xf8, 0xf8, 0xf0, 0xff, 0xf8, 0xfc, 0xf8, 0xff, 0xf8, 0xf4, 0xf0, 0xef,
    0xf8, 0xfc, 0xf0, 0x10, 0x00, 0x00, 0x00, 0x00, 0xf8, 0xfc, 0xf8, 0x00,
    0x00, 0x00, 0x00, 0x00, 0x00, 0x00, 0x00, 0x00, 0x00, 0x00, 0x00, 0x00,
    0x00, 0x00, 0x00, 0x00, 0x00, 0x00, 0x00, 0x00, 0x00, 0x00, 0x00, 0x00,
    0xf8, 0xfc, 0xf8, 0x00, 0x00, 0x00, 0x00, 0x00, 0xf8, 0xfc, 0xf0, 0x10,
    0xf8, 0xf4, 0xf0, 0xef, 0xf8, 0xfc, 0xf8, 0xff, 0xf8, 0xf4, 0xf0, 0xff,
    0xf8, 0xf8, 0xf0, 0xfb, 0xf8, 0xfc, 0xf8, 0xff, 0xf8, 0xf4, 0xf0, 0xef,
    0xf8, 0xfc, 0xf0, 0x10, 0x00, 0x00, 0x00, 0x00, 0xf8, 0xfc, 0xf8, 0x00,
    0x00, 0x00, 0x00, 0x00, 0x00, 0x00, 0x00, 0x00, 0x00, 0x00, 0x00, 0x00,
    0x00, 0x00, 0x00, 0x00, 0x00, 0x00, 0x00, 0x00, 0x00, 0x00, 0x00, 0x00,
    0x00, 0x00, 0x00, 0x00, 0x00, 0x00, 0x00, 0x00, 0x00, 0x00, 0x00, 0x00,
    0x00, 0x00, 0x00, 0x00, 0x00, 0x00, 0x00, 0x00, 0x00, 0x00, 0x00, 0x00,
    0x00, 0x00, 0x00, 0x00, 0x00, 0x00, 0x00, 0x00, 0x00, 0x00, 0x00, 0x00,
    0x00, 0x00, 0x00, 0x00, 0x00, 0x00, 0x00, 0x00, 0x00, 0x00, 0x00, 0x00,
    0x00, 0x00, 0x00, 0x00, 0x00, 0x00, 0x00, 0x00, 0x00, 0x00, 0x00, 0x00,
    0x00, 0x00, 0x00, 0x00, 0x00, 0x00, 0x00, 0x00, 0x00, 0x00, 0x00, 0x00,
    0x00, 0x00, 0x00, 0x00, 0x00, 0x00, 0x00, 0x00, 0x00, 0x00, 0x00, 0x00,
    0x00, 0x00, 0x00, 0x00, 0x00, 0x00, 0x00, 0x00, 0x00, 0x00, 0x00, 0x00,
    0x00, 0x00, 0x00, 0x00, 0x00, 0x00, 0x00, 0x00, 0x00, 0x00, 0x00, 0x00,
    0x00, 0x00, 0x00, 0x00, 0x00, 0x00, 0x00, 0x00, 0x00, 0x00, 0x00, 0x00,
    0x00, 0x00, 0x00, 0x00, 0x00, 0x00, 0x00, 0x00, 0x00, 0x00, 0x00, 0x00,
    0x00, 0x00, 0x00, 0x00, 0x00, 0x00, 0x00, 0x00, 0x00, 0x00, 0x00, 0x00,
    0xf8, 0xfc, 0xf8, 0x00, 0x00, 0x00, 0x00, 0x00, 0xf8, 0xfc, 0xf0, 0x10,
    0xf8, 0xf4, 0xf0, 0xef, 0xf8, 0xfc, 0xf8, 0xff, 0xf8, 0xf4, 0xf0, 0xff,
    0xf8, 0xf4, 0xf0, 0xff, 0xf8, 0xfc, 0xf8, 0xff, 0xf8, 0xf8, 0xf0, 0xef,
    0xf8, 0xfc, 0xf0, 0x10, 0x00, 0x00, 0x00, 0x00, 0xf8, 0xfc, 0xf8, 0x00,
    0x00, 0x00, 0x00, 0x00, 0x00, 0x00, 0x00, 0x00, 0x00, 0x00, 0x00, 0x00,
    0x00, 0x00, 0x00, 0x00, 0x00, 0x00, 0x00, 0x00, 0x00, 0x00, 0x00, 0x00,
    0xf8, 0xfc, 0xf8, 0x00, 0x00, 0x00, 0x00, 0x00, 0xf8, 0xfc, 0xf0, 0x10,
    0xf8, 0xf8, 0xf0, 0xef, 0xf8, 0xfc, 0xf8, 0xff, 0xf8, 0xf4, 0xf0, 0xff,
    0xf8, 0xf4, 0xf0, 0xff, 0xf8, 0xfc, 0xf8, 0xff, 0xf8, 0xf4, 0xf0, 0xef,
    0xf8, 0xfc, 0xf0, 0x10, 0x00, 0x00, 0x00, 0x00, 0xf8, 0xfc, 0xf8, 0x00,
    0x00, 0x00, 0x00, 0x00, 0x00, 0x00, 0x00, 0x00, 0x00, 0x00, 0x00, 0x00,
    0x00, 0x00, 0x00, 0x00, 0x00, 0x00, 0x00, 0x00, 0x00, 0x00, 0x00, 0x00,
    0x00, 0x00, 0x00, 0x00, 0x00, 0x00, 0x00, 0x00, 0x00, 0x00, 0x00, 0x00,
    0x00, 0x00, 0x00, 0x00, 0x00, 0x00, 0x00, 0x00, 0x00, 0x00, 0x00, 0x00,
    0x00, 0x00, 0x00, 0x00, 0x00, 0x00, 0x00, 0x00, 0x00, 0x00, 0x00, 0x00,
    0x00, 0x00, 0x00, 0x00, 0x00, 0x00, 0x00, 0x00, 0x00, 0x00, 0x00, 0x00,
    0x00, 0x00, 0x00, 0x00, 0x00, 0x00, 0x00, 0x00, 0x00, 0x00, 0x00, 0x00,
    0x00, 0x00, 0x00, 0x00, 0x00, 0x00, 0x00, 0x00, 0x00, 0x00, 0x00, 0x00,
    0x00, 0x00, 0x00, 0x00, 0x00, 0x00, 0x00, 0x00, 0x00, 0x00, 0x00, 0x00,
    0x00, 0x00, 0x00, 0x00, 0x00, 0x00, 0x00, 0x00, 0x00, 0x00, 0x00, 0x00,
    0x00, 0x00, 0x00, 0x00, 0x00, 0x00, 0x00, 0x00, 0x00, 0x00, 0x00, 0x00,
    0x00, 0x00, 0x00, 0x00, 0x00, 0x00, 0x00, 0x00, 0x00, 0x00, 0x00, 0x00,
    0x00, 0x00, 0x00, 0x00, 0x00, 0x00, 0x00, 0x00, 0x00, 0x00, 0x00, 0x00,
    0x00, 0x00, 0x00, 0x00, 0x00, 0x00, 0x00, 0x00, 0x00, 0x00, 0x00, 0x00,
    0xf8, 0xfc, 0xf8, 0x04, 0x00, 0x00, 0x00, 0x00, 0xf8, 0xfc, 0xf0, 0x10,
    0xf8, 0xf4, 0xf0, 0xef, 0xf8, 0xfc, 0xf8, 0xff, 0xf8, 0xf8, 0xf0, 0xff,
    0xf8, 0xf4, 0xf0, 0xfb, 0xf8, 0xfc, 0xf8, 0xff, 0xf8, 0xf4, 0xf0, 0xef,
    0xf8, 0xfc, 0xf0, 0x10, 0x00, 0x00, 0x00, 0x00, 0xf8, 0xfc, 0xf8, 0x00,
    0x00, 0x00, 0x00, 0x00, 0x00, 0x00, 0x00, 0x00, 0x00, 0x00, 0x00, 0x00,
    0x00, 0x00, 0x00, 0x00, 0x00, 0x00, 0x00, 0x00, 0x00, 0x00, 0x00, 0x00,
    0xf8, 0xfc, 0xf8, 0x04, 0x00, 0x00, 0x00, 0x00, 0xf8, 0xfc, 0xf0, 0x10,
    0xf8, 0xf4, 0xf0, 0xef, 0xf8, 0xfc, 0xf8, 0xff, 0xf8, 0xf8, 0xf0, 0xff,
    0xf8, 0xf4, 0xf0, 0xff, 0xf8, 0xfc, 0xf8, 0xff, 0xf8, 0xf8, 0xf0, 0xef,
    0xf8, 0xfc, 0xf0, 0x10, 0x00, 0x00, 0x00, 0x00, 0xf8, 0xfc, 0xf8, 0x00,
    0x00, 0x00, 0x00, 0x00, 0x00, 0x00, 0x00, 0x00, 0x00, 0x00, 0x00, 0x00,
    0x00, 0x00, 0x00, 0x00, 0x00, 0x00, 0x00, 0x00, 0x00, 0x00, 0x00, 0x00,
    0x00, 0x00, 0x00, 0x00, 0x00, 0x00, 0x00, 0x00, 0x00, 0x00, 0x00, 0x00,
    0x00, 0x00, 0x00, 0x00, 0x00, 0x00, 0x00, 0x00, 0x00, 0x00, 0x00, 0x00,
    0x00, 0x00, 0x00, 0x00, 0x00, 0x00, 0x00, 0x00, 0x00, 0x00, 0x00, 0x00,
    0x00, 0x00, 0x00, 0x00, 0x00, 0x00, 0x00, 0x00, 0x00, 0x00, 0x00, 0x00,
    0x00, 0x00, 0x00, 0x00, 0x00, 0x00, 0x00, 0x00, 0x00, 0x00, 0x00, 0x00,
    0x00, 0x00, 0x00, 0x00, 0x00, 0x00, 0x00, 0x00, 0x00, 0x00, 0x00, 0x00,
    0x00, 0x00, 0x00, 0x00, 0x00, 0x00, 0x00, 0x00, 0x00, 0x00, 0x00, 0x00,
    0x00, 0x00, 0x00, 0x00, 0x00, 0x00, 0x00, 0x00, 0x00, 0x00, 0x00, 0x00,
    0x00, 0x00, 0x00, 0x00, 0x00, 0x00, 0x00, 0x00, 0x00, 0x00, 0x00, 0x00,
    0x00, 0x00, 0x00, 0x00, 0x00, 0x00, 0x00, 0x00, 0x00, 0x00, 0x00, 0x00,
    0x00, 0x00, 0x00, 0x00, 0x00, 0x00, 0x00, 0x00, 0x00, 0x00, 0x00, 0x00,
    0x00, 0x00, 0x00, 0x00, 0x00, 0x00, 0x00, 0x00, 0x00, 0x00, 0x00, 0x00,
    0xf8, 0xfc, 0xf8, 0x00, 0x00, 0x00, 0x00, 0x00, 0xf8, 0xfc, 0xf0, 0x10,
    0xf8, 0xf8, 0xf0, 0xef, 0xf8, 0xfc, 0xf8, 0xff, 0xf8, 0xf4, 0xf0, 0xff,
    0xf8, 0xf8, 0xf0, 0xff, 0xf8, 0xfc, 0xf8, 0xff, 0xf8, 0xf4, 0xf0, 0xef,
    0xf8, 0xfc, 0xf0, 0x10, 0x00, 0x00, 0x00, 0x00, 0xf8, 0xfc, 0xf8, 0x00,
    0x00, 0x00, 0x00, 0x00, 0x00, 0x00, 0x00, 0x00, 0x00, 0x00, 0x00, 0x00,
    0x00, 0x00, 0x00, 0x00, 0x00, 0x00, 0x00, 0x00, 0x00, 0x00, 0x00, 0x00,
    0xf8, 0xfc, 0xf8, 0x00, 0x00, 0x00, 0x00, 0x00, 0xf8, 0xfc, 0xf0, 0x10,
    0xf8, 0xf4, 0xf0, 0xef, 0xf8, 0xfc, 0xf8, 0xff, 0xf8, 0xf8, 0xf0, 0xff,
    0xf8, 0xf4, 0xf0, 0xff, 0xf8, 0xfc, 0xf8, 0xff, 0xf8, 0xf8, 0xf0, 0xef,
    0xf8, 0xfc, 0xf0, 0x10, 0x00, 0x00, 0x00, 0x00, 0xf8, 0xfc, 0xf8, 0x00,
    0x00, 0x00, 0x00, 0x00, 0x00, 0x00, 0x00, 0x00, 0x00, 0x00, 0x00, 0x00,
    0x00, 0x00, 0x00, 0x00, 0x00, 0x00, 0x00, 0x00, 0x00, 0x00, 0x00, 0x00,
    0x00, 0x00, 0x00, 0x00, 0x00, 0x00, 0x00, 0x00, 0x00, 0x00, 0x00, 0x00,
    0x00, 0x00, 0x00, 0x00, 0x00, 0x00, 0x00, 0x00, 0x00, 0x00, 0x00, 0x00,
    0x00, 0x00, 0x00, 0x00, 0x00, 0x00, 0x00, 0x00, 0x00, 0x00, 0x00, 0x00,
    0x00, 0x00, 0x00, 0x00, 0x00, 0x00, 0x00, 0x00, 0x00, 0x00, 0x00, 0x00,
    0x00, 0x00, 0x00, 0x00, 0x00, 0x00, 0x00, 0x00, 0x00, 0x00, 0x00, 0x00,
    0x00, 0x00, 0x00, 0x00, 0x00, 0x00, 0x00, 0x00, 0x00, 0x00, 0x00, 0x00,
    0x00, 0x00, 0x00, 0x00, 0x00, 0x00, 0x00, 0x00, 0x00, 0x00, 0x00, 0x00,
    0x00, 0x00, 0x00, 0x00, 0x00, 0x00, 0x00, 0x00, 0x00, 0x00, 0x00, 0x00,
    0x00, 0x00, 0x00, 0x00, 0x00, 0x00, 0x00, 0x00, 0x00, 0x00, 0x00, 0x00,
    0x00, 0x00, 0x00, 0x00, 0x00, 0x00, 0x00, 0x00, 0x00, 0x00, 0x00, 0x00,
    0x00, 0x00, 0x00, 0x00, 0x00, 0x00, 0x00, 0x00, 0x00, 0x00, 0x00, 0x00,
    0x00, 0x00, 0x00, 0x00, 0x00, 0x00, 0x00, 0x00, 0x00, 0x00, 0x00, 0x00,
    0xf8, 0xfc, 0xf8, 0x00, 0x00, 0x00, 0x00, 0x00, 0xf8, 0xfc, 0xf0, 0x10,
    0xf8, 0xf8, 0xf0, 0xef, 0xf8, 0xfc, 0xf8, 0xff, 0xf8, 0xf4, 0xf0, 0xff,
    0xf8, 0xf4, 0xf0, 0xff, 0xf8, 0xfc, 0xf8, 0xff, 0xf8, 0xf8, 0xf0, 0xef,
    0xf8, 0xfc, 0xf0, 0x10, 0x00, 0x00, 0x00, 0x00, 0xf8, 0xfc, 0xf8, 0x00,
    0x00, 0x00, 0x00, 0x00, 0x00, 0x00, 0x00, 0x00, 0x00, 0x00, 0x00, 0x00,
    0x00, 0x00, 0x00, 0x00, 0x00, 0x00, 0x00, 0x00, 0x00, 0x00, 0x00, 0x00,
    0xf8, 0xfc, 0xf8, 0x00, 0x00, 0x00, 0x00, 0x00, 0xf8, 0xfc, 0xf0, 0x10,
    0xf8, 0xf8, 0xf0, 0xef, 0xf8, 0xfc, 0xf8, 0xff, 0xf8, 0xf4, 0xf0, 0xff,
    0xf8, 0xf4, 0xf0, 0xfb, 0xf8, 0xfc, 0xf8, 0xff, 0xf8, 0xf4, 0xf0, 0xef,
    0xf8, 0xfc, 0xf0, 0x10, 0x00, 0x00, 0x00, 0x00, 0xf8, 0xfc, 0xf8, 0x00,
    0x00, 0x00, 0x00, 0x00, 0x00, 0x00, 0x00, 0x00, 0x00, 0x00, 0x00, 0x00,
    0x00, 0x00, 0x00, 0x00, 0x00, 0x00, 0x00, 0x00, 0x00, 0x00, 0x00, 0x00,
    0x00, 0x00, 0x00, 0x00, 0x00, 0x00, 0x00, 0x00, 0x00, 0x00, 0x00, 0x00,
    0x00, 0x00, 0x00, 0x00, 0x00, 0x00, 0x00, 0x00, 0x00, 0x00, 0x00, 0x00,
    0x00, 0x00, 0x00, 0x00, 0x00, 0x00, 0x00, 0x00, 0x00, 0x00, 0x00, 0x00,
    0x00, 0x00, 0x00, 0x00, 0x00, 0x00, 0x00, 0x00, 0x00, 0x00, 0x00, 0x00,
    0x00, 0x00, 0x00, 0x00, 0x00, 0x00, 0x00, 0x00, 0x00, 0x00, 0x00, 0x00,
    0x00, 0x00, 0x00, 0x00, 0x00, 0x00, 0x00, 0x00, 0x00, 0x00, 0x00, 0x00,
    0x00, 0x00, 0x00, 0x00, 0x00, 0x00, 0x00, 0x00, 0x00, 0x00, 0x00, 0x00,
    0x00, 0x00, 0x00, 0x00, 0x00, 0x00, 0x00, 0x00, 0x00, 0x00, 0x00, 0x00,
    0x00, 0x00, 0x00, 0x00, 0x00, 0x00, 0x00, 0x00, 0x00, 0x00, 0x00, 0x00,
    0x00, 0x00, 0x00, 0x00, 0x00, 0x00, 0x00, 0x00, 0x00, 0x00, 0x00, 0x00,
    0x00, 0x00, 0x00, 0x00, 0x00, 0x00, 0x00, 0x00, 0x00, 0x00, 0x00, 0x00,
    0x00, 0x00, 0x00, 0x00, 0x00, 0x00, 0x00, 0x00, 0x00, 0x00, 0x00, 0x00,
    0xf8, 0xfc, 0xf8, 0x00, 0x00, 0x00, 0x00, 0x00, 0xf8, 0xfc, 0xf0, 0x10,
    0xf8, 0xf4, 0xf0, 0xef, 0xf8, 0xfc, 0xf8, 0xff, 0xf8, 0xf8, 0xf0, 0xff,
    0xf8, 0xf4, 0xf0, 0xff, 0xf8, 0xfc, 0xf8, 0xff, 0xf8, 0xf4, 0xf0, 0xef,
    0xf8, 0xfc, 0xf0, 0x10, 0x00, 0x00, 0x00, 0x00, 0xf8, 0xfc, 0xf8, 0x00,
    0x00, 0x00, 0x00, 0x00, 0x00, 0x00, 0x00, 0x00, 0x00, 0x00, 0x00, 0x00,
    0x00, 0x00, 0x00, 0x00, 0x00, 0x00, 0x00, 0x00, 0x00, 0x00, 0x00, 0x00,
    0xf8, 0xfc, 0xf8, 0x00, 0x00, 0x00, 0x00, 0x00, 0xf8, 0xfc, 0xf0, 0x10,
    0xf8, 0xf4, 0xf0, 0xef, 0xf8, 0xfc, 0xf8, 0xff, 0xf8, 0xf8, 0xf0, 0xff,
    0xf8, 0xf4, 0xf0, 0xff, 0xf8, 0xfc, 0xf8, 0xff, 0xf8, 0xf8, 0xf0, 0xef,
    0xf8, 0xfc, 0xf0, 0x10, 0x00, 0x00, 0x00, 0x00, 0xf8, 0xfc, 0xf8, 0x00,
    0x00, 0x00, 0x00, 0x00, 0x00, 0x00, 0x00, 0x00, 0x00, 0x00, 0x00, 0x00,
    0x00, 0x00, 0x00, 0x00, 0x00, 0x00, 0x00, 0x00, 0x00, 0x00, 0x00, 0x00,
    0x00, 0x00, 0x00, 0x00, 0x00, 0x00, 0x00, 0x00, 0x00, 0x00, 0x00, 0x00,
    0x00, 0x00, 0x00, 0x00, 0x00, 0x00, 0x00, 0x00, 0x00, 0x00, 0x00, 0x00,
    0x00, 0x00, 0x00, 0x00, 0x00, 0x00, 0x00, 0x00, 0x00, 0x00, 0x00, 0x00,
    0x00, 0x00, 0x00, 0x00, 0x00, 0x00, 0x00, 0x00, 0x00, 0x00, 0x00, 0x00,
    0x00, 0x00, 0x00, 0x00, 0x00, 0x00, 0x00, 0x00, 0x00, 0x00, 0x00, 0x00,
    0x00, 0x00, 0x00, 0x00, 0x00, 0x00, 0x00, 0x00, 0x00, 0x00, 0x00, 0x00,
    0x00, 0x00, 0x00, 0x00, 0x00, 0x00, 0x00, 0x00, 0x00, 0x00, 0x00, 0x00,
    0x00, 0x00, 0x00, 0x00, 0x00, 0x00, 0x00, 0x00, 0x00, 0x00, 0x00, 0x00,
    0x00, 0x00, 0x00, 0x00, 0x00, 0x00, 0x00, 0x00, 0x00, 0x00, 0x00, 0x00,
    0x00, 0x00, 0x00, 0x00, 0x00, 0x00, 0x00, 0x00, 0x00, 0x00, 0x00, 0x00,
    0x00, 0x00, 0x00, 0x00, 0x00, 0x00, 0x00, 0x00, 0x00, 0x00, 0x00, 0x00,
    0x00, 0x00, 0x00, 0x00, 0x00, 0x00, 0x00, 0x00, 0x00, 0x00, 0x00, 0x00,
    0xf8, 0xfc, 0xf8, 0x00, 0x00, 0x00, 0x00, 0x00, 0xf8, 0xfc, 0xf0, 0x10,
    0xf8, 0xf4, 0xf0, 0xef, 0xf8, 0xfc, 0xf8, 0xff, 0xf8, 0xf4, 0xf0, 0xff,
    0xf8, 0xf8, 0xf0, 0xfb, 0xf8, 0xfc, 0xf8, 0xff, 0xf8, 0xf4, 0xf0, 0xef,
    0xf8, 0xfc, 0xf0, 0x10, 0x00, 0x00, 0x00, 0x00, 0xf8, 0xfc, 0xf8, 0x00,
    0x00, 0x00, 0x00, 0x00, 0x00, 0x00, 0x00, 0x00, 0x00, 0x00, 0x00, 0x00,
    0x00, 0x00, 0x00, 0x00, 0x00, 0x00, 0x00, 0x00, 0x00, 0x00, 0x00, 0x00,
    0xf8, 0xfc, 0xf8, 0x00, 0x00, 0x00, 0x00, 0x00, 0xf8, 0xfc, 0xf0, 0x10,
    0xf8, 0xf4, 0xf0, 0xef, 0xf8, 0xfc, 0xf8, 0xff, 0xf8, 0xf8, 0xf0, 0xff,
    0xf8, 0xf4, 0xf0, 0xff, 0xf8, 0xfc, 0xf8, 0xff, 0xf8, 0xf4, 0xf0, 0xef,
    0xf8, 0xfc, 0xf0, 0x10, 0x00, 0x00, 0x00, 0x00, 0xf8, 0xfc, 0xf8, 0x00,
    0x00, 0x00, 0x00, 0x00, 0x00, 0x00, 0x00, 0x00, 0x00, 0x00, 0x00, 0x00,
    0x00, 0x00, 0x00, 0x00, 0x00, 0x00, 0x00, 0x00, 0x00, 0x00, 0x00, 0x00,
    0x00, 0x00, 0x00, 0x00, 0x00, 0x00, 0x00, 0x00, 0x00, 0x00, 0x00, 0x00,
    0x00, 0x00, 0x00, 0x00, 0x00, 0x00, 0x00, 0x00, 0x00, 0x00, 0x00, 0x00,
    0x00, 0x00, 0x00, 0x00, 0x00, 0x00, 0x00, 0x00, 0x00, 0x00, 0x00, 0x00,
    0x00, 0x00, 0x00, 0x00, 0x00, 0x00, 0x00, 0x00, 0x00, 0x00, 0x00, 0x00,
    0x00, 0x00, 0x00, 0x00, 0x00, 0x00, 0x00, 0x00, 0x00, 0x00, 0x00, 0x00,
    0x00, 0x00, 0x00, 0x00, 0x00, 0x00, 0x00, 0x00, 0x00, 0x00, 0x00, 0x00,
    0x00, 0x00, 0x00, 0x00, 0x00, 0x00, 0x00, 0x00, 0x00, 0x00, 0x00, 0x00,
    0x00, 0x00, 0x00, 0x00, 0x00, 0x00, 0x00, 0x00, 0x00, 0x00, 0x00, 0x00,
    0x00, 0x00, 0x00, 0x00, 0x00, 0x00, 0x00, 0x00, 0x00, 0x00, 0x00, 0x00,
    0x00, 0x00, 0x00, 0x00, 0x00, 0x00, 0x00, 0x00, 0x00, 0x00, 0x00, 0x00,
    0x00, 0x00, 0x00, 0x00, 0x00, 0x00, 0x00, 0x00, 0x00, 0x00, 0x00, 0x00,
    0x00, 0x00, 0x00, 0x00, 0x00, 0x00, 0x00, 0x00, 0x00, 0x00, 0x00, 0x00,
    0xf8, 0xfc, 0xf8, 0x00, 0x00, 0x00, 0x00, 0x00, 0xf8, 0xfc, 0xf0, 0x10,
    0xf8, 0xf8, 0xf0, 0xef, 0xf8, 0xfc, 0xf8, 0xff, 0xf8, 0xf4, 0xf0, 0xff,
    0xf8, 0xf8, 0xf0, 0xff, 0xf8, 0xfc, 0xf8, 0xff, 0xf8, 0xf4, 0xf0, 0xef,
    0xf8, 0xfc, 0xf0, 0x10, 0x00, 0x00, 0x00, 0x00, 0xf8, 0xfc, 0xf8, 0x00,
    0x00, 0x00, 0x00, 0x00, 0x00, 0x00, 0x00, 0x00, 0x00, 0x00, 0x00, 0x00,
    0x00, 0x00, 0x00, 0x00, 0x00, 0x00, 0x00, 0x00, 0x00, 0x00, 0x00, 0x00,
    0xf8, 0xfc, 0xf8, 0x00, 0x00, 0x00, 0x00, 0x00, 0xf8, 0xfc, 0xf0, 0x10,
    0xf8, 0xf8, 0xf0, 0xef, 0xf8, 0xfc, 0xf8, 0xff, 0xf8, 0xf4, 0xf0, 0xff,
    0xf8, 0xf4, 0xf0, 0xfb, 0xf8, 0xfc, 0xf8, 0xff, 0xf8, 0xf8, 0xf0, 0xef,
    0xf8, 0xfc, 0xf0, 0x10, 0x00, 0x00, 0x00, 0x00, 0xf8, 0xfc, 0xf8, 0x00,
    0x00, 0x00, 0x00, 0x00, 0x00, 0x00, 0x00, 0x00, 0x00, 0x00, 0x00, 0x00,
    0x00, 0x00, 0x00, 0x00, 0x00, 0x00, 0x00, 0x00, 0x00, 0x00, 0x00, 0x00,
    0x00, 0x00, 0x00, 0x00, 0x00, 0x00, 0x00, 0x00, 0x00, 0x00, 0x00, 0x00,
    0x00, 0x00, 0x00, 0x00, 0x00, 0x00, 0x00, 0x00, 0x00, 0x00, 0x00, 0x00,
    0x00, 0x00, 0x00, 0x00, 0x00, 0x00, 0x00, 0x00, 0x00, 0x00, 0x00, 0x00,
    0x00, 0x00, 0x00, 0x00, 0x00, 0x00, 0x00, 0x00, 0x00, 0x00, 0x00, 0x00,
    0x00, 0x00, 0x00, 0x00, 0x00, 0x00, 0x00, 0x00, 0x00, 0x00, 0x00, 0x00,
    0x00, 0x00, 0x00, 0x00, 0x00, 0x00, 0x00, 0x00, 0x00, 0x00, 0x00, 0x00,
    0x00, 0x00, 0x00, 0x00, 0x00, 0x00, 0x00, 0x00, 0x00, 0x00, 0x00, 0x00,
    0x00, 0x00, 0x00, 0x00, 0x00, 0x00, 0x00, 0x00, 0x00, 0x00, 0x00, 0x00,
    0x00, 0x00, 0x00, 0x00, 0x00, 0x00, 0x00, 0x00, 0x00, 0x00, 0x00, 0x00,
    0x00, 0x00, 0x00, 0x00, 0x00, 0x00, 0x00, 0x00, 0x00, 0x00, 0x00, 0x00,
    0x00, 0x00, 0x00, 0x00, 0x00, 0x00, 0x00, 0x00, 0x00, 0x00, 0x00, 0x00,
    0x00, 0x00, 0x00, 0x00, 0x00, 0x00, 0x00, 0x00, 0x00, 0x00, 0x00, 0x00,
    0xf8, 0xfc, 0xf8, 0x00, 0x00, 0x00, 0x00, 0x00, 0xf8, 0xfc, 0xf0, 0x10,
    0xf8, 0xf8, 0xf0, 0xef, 0xf8, 0xfc, 0xf8, 0xff, 0xf8, 0xf4, 0xf0, 0xff,
    0xf8, 0xf4, 0xf0, 0xff, 0xf8, 0xfc, 0xf8, 0xff, 0xf8, 0xf8, 0xf0, 0xef,
    0xf8, 0xfc, 0xf0, 0x10, 0x00, 0x00, 0x00, 0x00, 0xf8, 0xfc, 0xf8, 0x00,
    0x00, 0x00, 0x00, 0x00, 0x00, 0x00, 0x00, 0x00, 0x00, 0x00, 0x00, 0x00,
    0x00, 0x00, 0x00, 0x00, 0x00, 0x00, 0x00, 0x00, 0x00, 0x00, 0x00, 0x00,
    0xf8, 0xfc, 0xf8, 0x00, 0x00, 0x00, 0x00, 0x00, 0xf8, 0xfc, 0xf0, 0x10,
    0xf8, 0xf4, 0xf0, 0xef, 0xf8, 0xfc, 0xf8, 0xff, 0xf8, 0xf4, 0xf0, 0xff,
    0xf8, 0xf8, 0xf0, 0xff, 0xf8, 0xfc, 0xf8, 0xff, 0xf8, 0xf4, 0xf0, 0xef,
    0xf8, 0xfc, 0xf0, 0x10, 0x00, 0x00, 0x00, 0x00, 0xf8, 0xfc, 0xf8, 0x00,
    0x00, 0x00, 0x00, 0x00, 0x00, 0x00, 0x00, 0x00, 0x00, 0x00, 0x00, 0x00,
    0x00, 0x00, 0x00, 0x00, 0x00, 0x00, 0x00, 0x00, 0x00, 0x00, 0x00, 0x00,
    0x00, 0x00, 0x00, 0x00, 0x00, 0x00, 0x00, 0x00, 0x00, 0x00, 0x00, 0x00,
    0x00, 0x00, 0x00, 0x00, 0x00, 0x00, 0x00, 0x00, 0x00, 0x00, 0x00, 0x00,
    0x00, 0x00, 0x00, 0x00, 0x00, 0x00, 0x00, 0x00, 0x00, 0x00, 0x00, 0x00,
    0x00, 0x00, 0x00, 0x00, 0x00, 0x00, 0x00, 0x00, 0x00, 0x00, 0x00, 0x00,
    0x00, 0x00, 0x00, 0x00, 0x00, 0x00, 0x00, 0x00, 0x00, 0x00, 0x00, 0x00,
    0x00, 0x00, 0x00, 0x00, 0x00, 0x00, 0x00, 0x00, 0x00, 0x00, 0x00, 0x00,
    0x00, 0x00, 0x00, 0x00, 0x00, 0x00, 0x00, 0x00, 0x00, 0x00, 0x00, 0x00,
    0x00, 0x00, 0x00, 0x00, 0x00, 0x00, 0x00, 0x00, 0x00, 0x00, 0x00, 0x00,
    0x00, 0x00, 0x00, 0x00, 0x00, 0x00, 0x00, 0x00, 0x00, 0x00, 0x00, 0x00,
    0x00, 0x00, 0x00, 0x00, 0x00, 0x00, 0x00, 0x00, 0x00, 0x00, 0x00, 0x00,
    0x00, 0x00, 0x00, 0x00, 0x00, 0x00, 0x00, 0x00, 0x00, 0x00, 0x00, 0x00,
    0x00, 0x00, 0x00, 0x00, 0x00, 0x00, 0x00, 0x00, 0x00, 0x00, 0x00, 0x00,
    0xf8, 0xfc, 0xf8, 0x00, 0x00, 0x00, 0x00, 0x00, 0xf8, 0xfc, 0xf0, 0x10,
    0xf8, 0xf4, 0xf0, 0xef, 0xf8, 0xfc, 0xf8, 0xff, 0xf8, 0xf8, 0xf0, 0xff,
    0xf8, 0xf4, 0xf0, 0xfb, 0xf8, 0xfc, 0xf8, 0xff, 0xf8, 0xf8, 0xf0, 0xef,
    0xf8, 0xfc, 0xf0, 0x10, 0x00, 0x00, 0x00, 0x00, 0xf8, 0xfc, 0xf8, 0x00,
    0x00, 0x00, 0x00, 0x00, 0x00, 0x00, 0x00, 0x00, 0x00, 0x00, 0x00, 0x00,
    0x00, 0x00, 0x00, 0x00, 0x00, 0x00, 0x00, 0x00, 0x00, 0x00, 0x00, 0x00,
    0xf8, 0xfc, 0xf8, 0x00, 0x00, 0x00, 0x00, 0x00, 0xf8, 0xfc, 0xf0, 0x10,
    0xf8, 0xf4, 0xf0, 0xef, 0xf8, 0xfc, 0xf8, 0xff, 0xf8, 0xf8, 0xf0, 0xff,
    0xf8, 0xf4, 0xf0, 0xff, 0xf8, 0xfc, 0xf8, 0xff, 0xf8, 0xf4, 0xf0, 0xef,
    0xf8, 0xfc, 0xf0, 0x10, 0x00, 0x00, 0x00, 0x00, 0xf8, 0xfc, 0xf8, 0x00,
    0x00, 0x00, 0x00, 0x00, 0x00, 0x00, 0x00, 0x00, 0x00, 0x00, 0x00, 0x00,
    0x00, 0x00, 0x00, 0x00, 0x00, 0x00, 0x00, 0x00, 0x00, 0x00, 0x00, 0x00,
    0x00, 0x00, 0x00, 0x00, 0x00, 0x00, 0x00, 0x00, 0x00, 0x00, 0x00, 0x00,
    0x00, 0x00, 0x00, 0x00, 0x00, 0x00, 0x00, 0x00, 0x00, 0x00, 0x00, 0x00,
    0x00, 0x00, 0x00, 0x00, 0x00, 0x00, 0x00, 0x00, 0x00, 0x00, 0x00, 0x00,
    0x00, 0x00, 0x00, 0x00, 0x00, 0x00, 0x00, 0x00, 0x00, 0x00, 0x00, 0x00,
    0x00, 0x00, 0x00, 0x00, 0x00, 0x00, 0x00, 0x00, 0x00, 0x00, 0x00, 0x00,
    0x00, 0x00, 0x00, 0x00, 0x00, 0x00, 0x00, 0x00, 0x00, 0x00, 0x00, 0x00,
    0x00, 0x00, 0x00, 0x00, 0x00, 0x00, 0x00, 0x00, 0x00, 0x00, 0x00, 0x00,
    0x00, 0x00, 0x00, 0x00, 0x00, 0x00, 0x00, 0x00, 0x00, 0x00, 0x00, 0x00,
    0x00, 0x00, 0x00, 0x00, 0x00, 0x00, 0x00, 0x00, 0x00, 0x00, 0x00, 0x00,
    0x00, 0x00, 0x00, 0x00, 0x00, 0x00, 0x00, 0x00, 0x00, 0x00, 0x00, 0x00,
    0x00, 0x00, 0x00, 0x00, 0x00, 0x00, 0x00, 0x00, 0x00, 0x00, 0x00, 0x00,
    0x00, 0x00, 0x00, 0x00, 0x00, 0x00, 0x00, 0x00, 0x00, 0x00, 0x00, 0x00,
    0xf8, 0xfc, 0xf8, 0x00, 0x00, 0x00, 0x00, 0x00, 0xf8, 0xfc, 0xf0, 0x10,
    0xf8, 0xf4, 0xf0, 0xef, 0xf8, 0xfc, 0xf8, 0xff, 0xf8, 0xf4, 0xf0, 0xff,
    0xf8, 0xf8, 0xf0, 0xff, 0xf8, 0xfc, 0xf8, 0xff, 0xf8, 0xf4, 0xf0, 0xef,
    0xf8, 0xfc, 0xf0, 0x10, 0x00, 0x00, 0x00, 0x00, 0xf8, 0xfc, 0xf8, 0x00,
    0x00, 0x00, 0x00, 0x00, 0x00, 0x00, 0x00, 0x00, 0x00, 0x00, 0x00, 0x00,
    0x00, 0x00, 0x00, 0x00, 0x00, 0x00, 0x00, 0x00, 0x00, 0x00, 0x00, 0x00,
    0xf8, 0xfc, 0xf8, 0x00, 0x00, 0x00, 0x00, 0x00, 0xf8, 0xfc, 0xf0, 0x10,
    0xf8, 0xf8, 0xf0, 0xef, 0xf8, 0xfc, 0xf8, 0xff, 0xf8, 0xf4, 0xf0, 0xff,
    0xf8, 0xf8, 0xf0, 0xff, 0xf8, 0xfc, 0xf8, 0xff, 0xf8, 0xf4, 0xf0, 0xef,
    0xf8, 0xfc, 0xf0, 0x10, 0xf8, 0xfc, 0xf8, 0x00, 0xf8, 0xfc, 0xf8, 0x04,
    0xf8, 0xfc, 0xf8, 0x04, 0xf8, 0xfc, 0xf8, 0x00, 0xf8, 0xfc, 0xf8, 0x04,
    0xf8, 0xfc, 0xf8, 0x00, 0xf8, 0xfc, 0xf8, 0x00, 0xf8, 0xfc, 0xf8, 0x04,
    0xf8, 0xfc, 0xf8, 0x00, 0xf8, 0xfc, 0xf8, 0x00, 0xf8, 0xfc, 0xf8, 0x00,
    0xf8, 0xfc, 0xf8, 0x00, 0xf8, 0xfc, 0xf8, 0x00, 0xf8, 0xfc, 0xf8, 0x00,
    0xf8, 0xfc, 0xf8, 0x00, 0xf8, 0xfc, 0xf8, 0x00, 0xf8, 0xfc, 0xf8, 0x00,
    0xf8, 0xfc, 0xf8, 0x00, 0xf8, 0xfc, 0xf8, 0x00, 0xf8, 0xfc, 0xf8, 0x00,
    0xf8, 0xfc, 0xf8, 0x00, 0xf8, 0xfc, 0xf8, 0x00, 0xf8, 0xfc, 0xf8, 0x00,
    0xf8, 0xfc, 0xf8, 0x00, 0xf8, 0xfc, 0xf8, 0x00, 0xf8, 0xfc, 0xf8, 0x00,
    0xf8, 0xfc, 0xf8, 0x00, 0xf8, 0xfc, 0xf8, 0x00, 0xf8, 0xfc, 0xf8, 0x00,
    0xf8, 0xfc, 0xf8, 0x00, 0xf8, 0xfc, 0xf8, 0x00, 0xf8, 0xfc, 0xf8, 0x00,
    0xf8, 0xfc, 0xf8, 0x00, 0xf8, 0xfc, 0xf8, 0x00, 0xf8, 0xfc, 0xf8, 0x00,
    0xf8, 0xfc, 0xf8, 0x00, 0xf8, 0xfc, 0xf8, 0x00, 0xf8, 0xfc, 0xf8, 0x00,
    0xf8, 0xfc, 0xf8, 0x00, 0xf8, 0xfc, 0xf8, 0x00, 0xf8, 0xfc, 0xf8, 0x00,
    0xf8, 0xfc, 0xf8, 0x00, 0xf8, 0xfc, 0xf8, 0x00, 0xf8, 0xfc, 0xf8, 0x00,
    0xf8, 0xfc, 0xf8, 0x04, 0xf8, 0xfc, 0xf8, 0x00, 0xf8, 0xfc, 0xf0, 0x10,
    0xf8, 0xf8, 0xf0, 0xef, 0xf8, 0xfc, 0xf8, 0xff, 0xf8, 0xf4, 0xf0, 0xff,
    0xf8, 0xf4, 0xf0, 0xff, 0xf8, 0xfc, 0xf8, 0xff, 0xf8, 0xf4, 0xf0, 0xef,
    0xf8, 0xfc, 0xf0, 0x10, 0x00, 0x00, 0x00, 0x00, 0xf8, 0xfc, 0xf8, 0x00,
    0x00, 0x00, 0x00, 0x00, 0x00, 0x00, 0x00, 0x00, 0x00, 0x00, 0x00, 0x00,
    0x00, 0x00, 0x00, 0x00, 0x00, 0x00, 0x00, 0x00, 0x00, 0x00, 0x00, 0x00,
    0xf8, 0xfc, 0xf8, 0x00, 0x00, 0x00, 0x00, 0x00, 0xf8, 0xfc, 0xf0, 0x10,
    0xf8, 0xf4, 0xf0, 0xef, 0xf8, 0xfc, 0xf8, 0xff, 0xf8, 0xf4, 0xf0, 0xff,
    0xf8, 0xf4, 0xf0, 0xfb, 0xf8, 0xfc, 0xf8, 0xff, 0xf8, 0xf8, 0xf0, 0xef,
    0xf8, 0xfc, 0xe8, 0x0c, 0x00, 0x00, 0x00, 0x00, 0x00, 0x00, 0x00, 0x00,
    0x00, 0x00, 0x00, 0x00, 0x00, 0x00, 0x00, 0x00, 0x00, 0x00, 0x00, 0x00,
    0x00, 0x00, 0x00, 0x00, 0x00, 0x00, 0x00, 0x00, 0x00, 0x00, 0x00, 0x00,
    0x00, 0x00, 0x00, 0x00, 0x00, 0x00, 0x00, 0x00, 0x00, 0x00, 0x00, 0x00,
    0x00, 0x00, 0x00, 0x00, 0x00, 0x00, 0x00, 0x00, 0x00, 0x00, 0x00, 0x00,
    0x00, 0x00, 0x00, 0x00, 0x00, 0x00, 0x00, 0x00, 0x00, 0x00, 0x00, 0x00,
    0x00, 0x00, 0x00, 0x00, 0x00, 0x00, 0x00, 0x00, 0x00, 0x00, 0x00, 0x00,
    0x00, 0x00, 0x00, 0x00, 0x00, 0x00, 0x00, 0x00, 0x00, 0x00, 0x00, 0x00,
    0x00, 0x00, 0x00, 0x00, 0x00, 0x00, 0x00, 0x00, 0x00, 0x00, 0x00, 0x00,
    0x00, 0x00, 0x00, 0x00, 0x00, 0x00, 0x00, 0x00, 0x00, 0x00, 0x00, 0x00,
    0x00, 0x00, 0x00, 0x00, 0x00, 0x00, 0x00, 0x00, 0x00, 0x00, 0x00, 0x00,
    0x00, 0x00, 0x00, 0x00, 0x00, 0x00, 0x00, 0x00, 0x00, 0x00, 0x00, 0x00,
    0x00, 0x00, 0x00, 0x00, 0x00, 0x00, 0x00, 0x00, 0x00, 0x00, 0x00, 0x00,
    0x00, 0x00, 0x00, 0x00, 0x00, 0x00, 0x00, 0x00, 0x00, 0x00, 0x00, 0x00,
    0x00, 0x00, 0x00, 0x00, 0x00, 0x00, 0x00, 0x00, 0x00, 0x00, 0x00, 0x00,
    0x00, 0x00, 0x00, 0x00, 0x00, 0x00, 0x00, 0x00, 0xf8, 0xfc, 0xe8, 0x0c,
    0xf8, 0xf8, 0xf0, 0xef, 0xf8, 0xfc, 0xf8, 0xff, 0xf8, 0xf4, 0xf0, 0xff,
    0xf8, 0xf8, 0xf0, 0xff, 0xf8, 0xfc, 0xf8, 0xff, 0xf8, 0xf4, 0xf0, 0xef,
    0xf8, 0xfc, 0xf0, 0x10, 0x00, 0x00, 0x00, 0x00, 0xf8, 0xfc, 0xf8, 0x00,
    0x00, 0x00, 0x00, 0x00, 0x00, 0x00, 0x00, 0x00, 0x00, 0x00, 0x00, 0x00,
    0x00, 0x00, 0x00, 0x00, 0x00, 0x00, 0x00, 0x00, 0x00, 0x00, 0x00, 0x00,
    0xf8, 0xfc, 0xf8, 0x00, 0x00, 0x00, 0x00, 0x00, 0xf8, 0xfc, 0xf0, 0x10,
    0xf8, 0xf4, 0xf0, 0xef, 0xf8, 0xfc, 0xf8, 0xff, 0xf8, 0xf8, 0xf0, 0xff,
    0xf8, 0xf4, 0xf0, 0xff, 0xf8, 0xfc, 0xf8, 0xff, 0xf8, 0xf8, 0xf0, 0xef,
    0xf8, 0xfc, 0xf0, 0x20, 0xf8, 0xfc, 0xf0, 0x10, 0xf8, 0xfc, 0xf0, 0x10,
    0xf8, 0xfc, 0xf0, 0x10, 0xf8, 0xfc, 0xf0, 0x10, 0xf8, 0xfc, 0xf0, 0x10,
    0xf8, 0xfc, 0xf0, 0x10, 0xf8, 0xfc, 0xf0, 0x10, 0xf8, 0xfc, 0xf0, 0x10,
    0xf8, 0xfc, 0xf0, 0x10, 0xf8, 0xfc, 0xf0, 0x10, 0xf8, 0xfc, 0xf0, 0x10,
    0xf8, 0xfc, 0xf0, 0x10, 0xf8, 0xfc, 0xf0, 0x10, 0xf8, 0xfc, 0xf0, 0x10,
    0xf8, 0xfc, 0xf0, 0x10, 0xf8, 0xfc, 0xf0, 0x10, 0xf8, 0xfc, 0xf0, 0x10,
    0xf8, 0xfc, 0xf0, 0x10, 0xf8, 0xfc, 0xf0, 0x10, 0xf8, 0xfc, 0xf0, 0x10,
    0xf8, 0xfc, 0xf0, 0x10, 0xf8, 0xfc, 0xf0, 0x10, 0xf8, 0xfc, 0xf0, 0x10,
    0xf8, 0xfc, 0xf0, 0x10, 0xf8, 0xfc, 0xf0, 0x10, 0xf8, 0xfc, 0xf0, 0x10,
    0xf8, 0xfc, 0xf0, 0x10, 0xf8, 0xfc, 0xf0, 0x10, 0xf8, 0xfc, 0xf0, 0x10,
    0xf8, 0xfc, 0xf0, 0x10, 0xf8, 0xfc, 0xf0, 0x10, 0xf8, 0xfc, 0xf0, 0x10,
    0xf8, 0xfc, 0xf0, 0x10, 0xf8, 0xfc, 0xf0, 0x10, 0xf8, 0xfc, 0xf0, 0x10,
    0xf8, 0xfc, 0xf0, 0x10, 0xf8, 0xfc, 0xf0, 0x10, 0xf8, 0xfc, 0xf0, 0x10,
    0xf8, 0xfc, 0xf0, 0x10, 0xf8, 0xfc, 0xf0, 0x10, 0xf8, 0xfc, 0xf0, 0x10,
    0xf8, 0xfc, 0xf0, 0x10, 0xf8, 0xfc, 0xf0, 0x10, 0xf8, 0xfc, 0xf0, 0x10,
    0xf8, 0xfc, 0xf0, 0x10, 0xf8, 0xfc, 0xf0, 0x10, 0xf8, 0xfc, 0xf0, 0x20,
    0xf8, 0xf4, 0xf0, 0xef, 0xf8, 0xfc, 0xf8, 0xff, 0xf8, 0xf4, 0xf0, 0xff,
    0xf8, 0xf8, 0xf0, 0xfb, 0xf8, 0xfc, 0xf8, 0xff, 0xf8, 0xf4, 0xf0, 0xef,
    0xf8, 0xfc, 0xf0, 0x10, 0x00, 0x00, 0x00, 0x00, 0xf8, 0xfc, 0xf8, 0x00,
    0x00, 0x00, 0x00, 0x00, 0x00, 0x00, 0x00, 0x00, 0x00, 0x00, 0x00, 0x00,
    0x00, 0x00, 0x00, 0x00, 0x00, 0x00, 0x00, 0x00, 0x00, 0x00, 0x00, 0x00,
    0xf8, 0xfc, 0xf8, 0x00, 0x00, 0x00, 0x00, 0x00, 0xf8, 0xfc, 0xf8, 0x0c,
    0xf8, 0xf8, 0xf0, 0xe7, 0xf8, 0xfc, 0xf8, 0xff, 0xf8, 0xf4, 0xf0, 0xff,
    0xf8, 0xf8, 0xf0, 0xff, 0xf8, 0xf8, 0xf0, 0xff, 0xf8, 0xf4, 0xf0, 0xff,
    0xf8, 0xf4, 0xf0, 0xef, 0xf8, 0xf8, 0xf0, 0xef, 0xf8, 0xf4, 0xf0, 0xef,
    0xf8, 0xf8, 0xf0, 0xef, 0xf8, 0xf8, 0xf0, 0xef, 0xf8, 0xf4, 0xf0, 0xef,
    0xf8, 0xf8, 0xf0, 0xef, 0xf8, 0xf8, 0xf0, 0xef, 0xf8, 0xf4, 0xf0, 0xef,
    0xf8, 0xf8, 0xf0, 0xef, 0xf8, 0xf8, 0xf0, 0xef, 0xf8, 0xf4, 0xf0, 0xef,
    0xf8, 0xf8, 0xf0, 0xef, 0xf8, 0xf8, 0xf0, 0xef, 0xf8, 0xf8, 0xf0, 0xef,
    0xf8, 0xf8, 0xf0, 0xef, 0xf8, 0xf4, 0xf0, 0xef, 0xf8, 0xf8, 0xf0, 0xef,
    0xf8, 0xf8, 0xf0, 0xef, 0xf8, 0xf8, 0xf0, 0xef, 0xf8, 0xf8, 0xf0, 0xef,
    0xf8, 0xf8, 0xf0, 0xef, 0xf8, 0xf8, 0xf0, 0xef, 0xf8, 0xf8, 0xf0, 0xef,
    0xf8, 0xf8, 0xf0, 0xef, 0xf8, 0xf8, 0xf0, 0xef, 0xf8, 0xf8, 0xf0, 0xef,
    0xf8, 0xf8, 0xf0, 0xef, 0xf8, 0xf8, 0xf0, 0xef, 0xf8, 0xf8, 0xf0, 0xef,
    0xf8, 0xf8, 0xf0, 0xef, 0xf8, 0xf8, 0xf0, 0xef, 0xf8, 0xf8, 0xf0, 0xef,
    0xf8, 0xf8, 0xf0, 0xef, 0xf8, 0xf8, 0xf0, 0xef, 0xf8, 0xf8, 0xf0, 0xef,
    0xf8, 0xf8, 0xf0, 0xef, 0xf8, 0xf8, 0xf0, 0xef, 0xf8, 0xf8, 0xf0, 0xef,
    0xf8, 0xf8, 0xf0, 0xef, 0xf8, 0xf8, 0xf0, 0xef, 0xf8, 0xf8, 0xf0, 0xef,
    0xf8, 0xf8, 0xf0, 0xef, 0xf8, 0xf8, 0xf0, 0xef, 0xf8, 0xf4, 0xf0, 0xef,
    0xf8, 0xf8, 0xf0, 0xef, 0xf8, 0xf8, 0xf0, 0xef, 0xf8, 0xf4, 0xf0, 0xef,
    0xf8, 0xf8, 0xf0, 0xff, 0xf8, 0xf8, 0xf0, 0xff, 0xf8, 0xf8, 0xf0, 0xff,
    0xf8, 0xf4, 0xf0, 0xff, 0xf8, 0xfc, 0xf8, 0xff, 0xf8, 0xf8, 0xf0, 0xe7,
    0xf8, 0xfc, 0xf8, 0x0c, 0x00, 0x00, 0x00, 0x00, 0xf8, 0xfc, 0xf8, 0x00,
    0x00, 0x00, 0x00, 0x00, 0x00, 0x00, 0x00, 0x00, 0x00, 0x00, 0x00, 0x00,
    0x00, 0x00, 0x00, 0x00, 0x00, 0x00, 0x00, 0x00, 0x00, 0x00, 0x00, 0x00,
    0x00, 0x00, 0x00, 0x00, 0xf8, 0xfc, 0xf8, 0x00, 0xf8, 0xfc, 0xf8, 0x00,
    0xf8, 0xf4, 0xf0, 0xc7, 0xf8, 0xfc, 0xf8, 0xff, 0xf8, 0xf8, 0xf0, 0xfb,
    0xf8, 0xf8, 0xf0, 0xff, 0xf8, 0xf8, 0xf0, 0xff, 0xf8, 0xf8, 0xf8, 0xff,
    0xf8, 0xfc, 0xf8, 0xff, 0xf8, 0xfc, 0xf8, 0xff, 0xf8, 0xfc, 0xf8, 0xff,
    0xf8, 0xfc, 0xf8, 0xff, 0xf8, 0xfc, 0xf8, 0xff, 0xf8, 0xfc, 0xf8, 0xff,
    0xf8, 0xfc, 0xf8, 0xff, 0xf8, 0xfc, 0xf8, 0xff, 0xf8, 0xfc, 0xf8, 0xff,
    0xf8, 0xfc, 0xf8, 0xff, 0xf8, 0xfc, 0xf8, 0xff, 0xf8, 0xfc, 0xf8, 0xff,
    0xf8, 0xfc, 0xf8, 0xff, 0xf8, 0xfc, 0xf8, 0xff, 0xf8, 0xfc, 0xf8, 0xff,
    0xf8, 0xfc, 0xf8, 0xff, 0xf8, 0xfc, 0xf8, 0xff, 0xf8, 0xfc, 0xf8, 0xff,
    0xf8, 0xfc, 0xf8, 0xff, 0xf8, 0xf8, 0xf8, 0xff, 0xf8, 0xfc, 0xf8, 0xff,
    0xf8, 0xfc, 0xf8, 0xff, 0xf8, 0xf8, 0xf8, 0xff, 0xf8, 0xfc, 0xf8, 0xff,
    0xf8, 0xfc, 0xf8, 0xff, 0xf8, 0xf8, 0xf8, 0xff, 0xf8, 0xfc, 0xf8, 0xff,
    0xf8, 0xfc, 0xf8, 0xff, 0xf8, 0xf8, 0xf8, 0xff, 0xf8, 0xfc, 0xf8, 0xff,
    0xf8, 0xfc, 0xf8, 0xff, 0xf8, 0xf8, 0xf8, 0xff, 0xf8, 0xfc, 0xf8, 0xff,
    0xf8, 0xfc, 0xf8, 0xff, 0xf8, 0xf8, 0xf8, 0xff, 0xf8, 0xfc, 0xf8, 0xff,
    0xf8, 0xfc, 0xf8, 0xff, 0xf8, 0xf8, 0xf8, 0xff, 0xf8, 0xfc, 0xf8, 0xff,
    0xf8, 0xfc, 0xf8, 0xff, 0xf8, 0xf8, 0xf8, 0xff, 0xf8, 0xfc, 0xf8, 0xff,
    0xf8, 0xfc, 0xf8, 0xff, 0xf8, 0xfc, 0xf8, 0xff, 0xf8, 0xfc, 0xf8, 0xff,
    0xf8, 0xfc, 0xf8, 0xff, 0xf8, 0xfc, 0xf8, 0xff, 0xf8, 0xfc, 0xf8, 0xff,
    0xf8, 0xf8, 0xf0, 0xff, 0xf8, 0xf8, 0xf0, 0xff, 0xf8, 0xf8, 0xf0, 0xff,
    0xf8, 0xf4, 0xf0, 0xfb, 0xf8, 0xfc, 0xf8, 0xff, 0xf8, 0xf8, 0xf0, 0xc7,
    0xf8, 0xfc, 0xf8, 0x00, 0xf8, 0xfc, 0xf8, 0x00, 0x00, 0x00, 0x00, 0x00,
    0x00, 0x00, 0x00, 0x00, 0x00, 0x00, 0x00, 0x00, 0x00, 0x00, 0x00, 0x00,
    0x00, 0x00, 0x00, 0x00, 0x00, 0x00, 0x00, 0x00, 0x00, 0x00, 0x00, 0x00,
    0x00, 0x00, 0x00, 0x00, 0xf8, 0xfc, 0xf8, 0x04, 0x00, 0x00, 0x00, 0x00,
    0xf8, 0xf8, 0xf0, 0x65, 0xf8, 0xfc, 0xf8, 0xff, 0xf8, 0xf8, 0xf0, 0xf7,
    0xf8, 0xf8, 0xf0, 0xff, 0xf8, 0xf4, 0xf8, 0xff, 0xf8, 0xf8, 0xf0, 0xff,
    0xf8, 0xf4, 0xf0, 0xff, 0xf8, 0xf4, 0xf0, 0xff, 0xf8, 0xf4, 0xf0, 0xff,
    0xf8, 0xf4, 0xf0, 0xff, 0xf8, 0xf4, 0xf0, 0xff, 0xf8, 0xf4, 0xf0, 0xff,
    0xf8, 0xf4, 0xf0, 0xff, 0xf8, 0xf4, 0xf0, 0xff, 0xf8, 0xf4, 0xf0, 0xff,
    0xf8, 0xf4, 0xf0, 0xff, 0xf8, 0xf4, 0xf0, 0xff, 0xf8, 0xf4, 0xf0, 0xff,
    0xf8, 0xf4, 0xf0, 0xff, 0xf8, 0xf4, 0xf0, 0xff, 0xf8, 0xf4, 0xf0, 0xff,
    0xf8, 0xf4, 0xf0, 0xff, 0xf8, 0xf4, 0xf0, 0xff, 0xf8, 0xf4, 0xf0, 0xff,
    0xf8, 0xf4, 0xf0, 0xff, 0xf8, 0xf4, 0xf0, 0xff, 0xf8, 0xf4, 0xf0, 0xff,
    0xf8, 0xf4, 0xf0, 0xff, 0xf8, 0xf4, 0xf0, 0xff, 0xf8, 0xf4, 0xf0, 0xff,
    0xf8, 0xf4, 0xf0, 0xff, 0xf8, 0xf4, 0xf0, 0xff, 0xf8, 0xf4, 0xf0, 0xff,
    0xf8, 0xf4, 0xf0, 0xff, 0xf8, 0xf4, 0xf0, 0xff, 0xf8, 0xf4, 0xf0, 0xff,
    0xf8, 0xf4, 0xf0, 0xff, 0xf8, 0xf4, 0xf0, 0xff, 0xf8, 0xf4, 0xf0, 0xff,
    0xf8, 0xf4, 0xf0, 0xff, 0xf8, 0xf4, 0xf0, 0xff, 0xf8, 0xf4, 0xf0, 0xff,
    0xf8, 0xf4, 0xf0, 0xff, 0xf8, 0xf4, 0xf0, 0xff, 0xf8, 0xf4, 0xf0, 0xff,
    0xf8, 0xf4, 0xf0, 0xff, 0xf8, 0xf4, 0xf0, 0xff, 0xf8, 0xf4, 0xf0, 0xff,
    0xf8, 0xf4, 0xf0, 0xff, 0xf8, 0xf4, 0xf0, 0xff, 0xf8, 0xf4, 0xf0, 0xff,
    0xf8, 0xf4, 0xf0, 0xff, 0xf8, 0xf4, 0xf0, 0xff, 0xf8, 0xf4, 0xf0, 0xff,
    0xf8, 0xf8, 0xf0, 0xff, 0xf8, 0xf8, 0xf8, 0xff, 0xf8, 0xf4, 0xf0, 0xff,
    0xf8, 0xf8, 0xf8, 0xf7, 0xf8, 0xfc, 0xf8, 0xff, 0xf8, 0xf8, 0xf0, 0x61,
    0x00, 0x00, 0x00, 0x00, 0xf8, 0xfc, 0xf8, 0x04, 0x00, 0x00, 0x00, 0x00,
    0x00, 0x00, 0x00, 0x00, 0x00, 0x00, 0x00, 0x00, 0x00, 0x00, 0x00, 0x00,
    0x00, 0x00, 0x00, 0x00, 0x00, 0x00, 0x00, 0x00, 0x00, 0x00, 0x00, 0x00,
    0x00, 0x00, 0x00, 0x00, 0x00, 0x00, 0x00, 0x00, 0xf8, 0xfc, 0xf8, 0x04,
    0xf8, 0xfc, 0xf8, 0x00, 0xf8, 0xf4, 0xf0, 0xba, 0xf8, 0xfc, 0xf8, 0xff,
    0xf8, 0xf4, 0xf0, 0xfb, 0xf8, 0xf4, 0xf0, 0xfb, 0xf8, 0xf8, 0xf0, 0xff,
    0xf8, 0xf4, 0xf0, 0xff, 0xf8, 0xf8, 0xf0, 0xff, 0xf8, 0xf8, 0xf0, 0xff,
    0xf8, 0xf4, 0xf0, 0xff, 0xf8, 0xf8, 0xf0, 0xff, 0xf8, 0xf8, 0xf0, 0xff,
    0xf8, 0xf4, 0xf0, 0xff, 0xf8, 0xf8, 0xf0, 0xff, 0xf8, 0xf8, 0xf0, 0xff,
    0xf8, 0xf4, 0xf0, 0xff, 0xf8, 0xf8, 0xf0, 0xff, 0xf8, 0xf8, 0xf0, 0xff,
    0xf8, 0xf8, 0xf0, 0xff, 0xf8, 0xf8, 0xf0, 0xff, 0xf8, 0xf8, 0xf0, 0xff,
    0xf8, 0xf8, 0xf0, 0xff, 0xf8, 0xf8, 0xf0, 0xff, 0xf8, 0xf8, 0xf0, 0xff,
    0xf8, 0xf8, 0xf0, 0xff, 0xf8, 0xf8, 0xf0, 0xff, 0xf8, 0xf8, 0xf0, 0xff,
    0xf8, 0xf8, 0xf0, 0xff, 0xf8, 0xf8, 0xf0, 0xff, 0xf8, 0xf8, 0xf0, 0xff,
    0xf8, 0xf8, 0xf0, 0xff, 0xf8, 0xf8, 0xf0, 0xff, 0xf8, 0xf8, 0xf0, 0xff,
    0xf8, 0xf8, 0xf0, 0xff, 0xf8, 0xf8, 0xf0, 0xff, 0xf8, 0xf8, 0xf0, 0xff,
    0xf8, 0xf8, 0xf0, 0xff, 0xf8, 0xf8, 0xf0, 0xff, 0xf8, 0xf8, 0xf0, 0xff,
    0xf8, 0xf8, 0xf0, 0xff, 0xf8, 0xf8, 0xf0, 0xff, 0xf8, 0xf8, 0xf0, 0xff,
    0xf8, 0xf8, 0xf0, 0xff, 0xf8, 0xf8, 0xf0, 0xff, 0xf8, 0xf8, 0xf0, 0xff,
    0xf8, 0xf8, 0xf0, 0xff, 0xf8, 0xf8, 0xf0, 0xff, 0xf8, 0xf8, 0xf0, 0xff,
    0xf8, 0xf4, 0xf0, 0xff, 0xf8, 0xf8, 0xf0, 0xff, 0xf8, 0xf8, 0xf0, 0xff,
    0xf8, 0xf4, 0xf0, 0xff, 0xf8, 0xf8, 0xf0, 0xff, 0xf8, 0xf4, 0xf0, 0xff,
    0xf8, 0xf4, 0xf0, 0xff, 0xf8, 0xf4, 0xf0, 0xfb, 0xf8, 0xf8, 0xf0, 0xfb,
    0xf8, 0xfc, 0xf8, 0xff, 0xf8, 0xf4, 0xf0, 0xba, 0xf8, 0xfc, 0xf8, 0x00,
    0xf8, 0xfc, 0xf8, 0x04, 0x00, 0x00, 0x00, 0x00, 0x00, 0x00, 0x00, 0x00,
    0x00, 0x00, 0x00, 0x00, 0x00, 0x00, 0x00, 0x00, 0x00, 0x00, 0x00, 0x00,
    0x00, 0x00, 0x00, 0x00, 0x00, 0x00, 0x00, 0x00, 0x00, 0x00, 0x00, 0x00,
    0x00, 0x00, 0x00, 0x00, 0x00, 0x00, 0x00, 0x00, 0xf8, 0xfc, 0x80, 0x00,
    0xf8, 0xfc, 0xf8, 0x00, 0xf0, 0xf4, 0xe8, 0x18, 0xf8, 0xf8, 0xf8, 0xb6,
    0xf8, 0xfc, 0xf8, 0xff, 0xf8, 0xfc, 0xf8, 0xff, 0xf8, 0xfc, 0xf8, 0xff,
    0xf8, 0xfc, 0xf8, 0xff, 0xf8, 0xfc, 0xf8, 0xff, 0xf8, 0xfc, 0xf8, 0xff,
    0xf8, 0xfc, 0xf8, 0xff, 0xf8, 0xfc, 0xf8, 0xff, 0xf8, 0xfc, 0xf8, 0xff,
    0xf8, 0xfc, 0xf8, 0xff, 0xf8, 0xfc, 0xf8, 0xff, 0xf8, 0xfc, 0xf8, 0xff,
    0xf8, 0xfc, 0xf8, 0xff, 0xf8, 0xfc, 0xf8, 0xff, 0xf8, 0xfc, 0xf8, 0xff,
    0xf8, 0xf8, 0xf0, 0xff, 0xf8, 0xf8, 0xf0, 0xff, 0xf8, 0xf8, 0xf8, 0xff,
    0xf8, 0xf8, 0xf0, 0xff, 0xf8, 0xf8, 0xf0, 0xff, 0xf8, 0xf8, 0xf0, 0xff,
    0xf8, 0xfc, 0xf8, 0xff, 0xf8, 0xfc, 0xf8, 0xff, 0xf8, 0xfc, 0xf8, 0xff,
    0xf8, 0xfc, 0xf8, 0xff, 0xf8, 0xfc, 0xf8, 0xff, 0xf8, 0xfc, 0xf8, 0xff,
    0xf8, 0xfc, 0xf8, 0xff, 0xf8, 0xfc, 0xf8, 0xff, 0xf8, 0xfc, 0xf8, 0xff,
    0xf8, 0xfc, 0xf8, 0xff, 0xf8, 0xfc, 0xf8, 0xff, 0xf8, 0xfc, 0xf8, 0xff,
    0xf8, 0xf8, 0xf0, 0xff, 0xf8, 0xf8, 0xf0, 0xff, 0xf8, 0xf8, 0xf0, 0xff,
    0xf8, 0xf8, 0xf0, 0xff, 0xf8, 0xf8, 0xf0, 0xff, 0xf8, 0xf8, 0xf0, 0xff,
    0xf8, 0xfc, 0xf8, 0xff, 0xf8, 0xfc, 0xf8, 0xff, 0xf8, 0xfc, 0xf8, 0xff,
    0xf8, 0xfc, 0xf8, 0xff, 0xf8, 0xfc, 0xf8, 0xff, 0xf8, 0xfc, 0xf8, 0xff,
    0xf8, 0xfc, 0xf8, 0xff, 0xf8, 0xfc, 0xf8, 0xff, 0xf8, 0xfc, 0xf8, 0xff,
    0xf8, 0xfc, 0xf8, 0xff, 0xf8, 0xfc, 0xf8, 0xff, 0xf8, 0xfc, 0xf8, 0xff,
    0xf8, 0xfc, 0xf8, 0xff, 0xf8, 0xfc, 0xf8, 0xff, 0xf8, 0xfc, 0xf8, 0xff,
    0xf8, 0xf8, 0xf8, 0xb6, 0xf0, 0xf4, 0xe8, 0x18, 0xf8, 0xfc, 0xf8, 0x00,
    0xf8, 0xfc, 0x80, 0x04, 0x00, 0x00, 0x00, 0x00, 0x00, 0x00, 0x00, 0x00,
    0x00, 0x00, 0x00, 0x00, 0x00, 0x00, 0x00, 0x00, 0x00, 0x00, 0x00, 0x00,
    0x00, 0x00, 0x00, 0x00, 0x00, 0x00, 0x00, 0x00, 0x00, 0x00, 0x00, 0x00,
    0x00, 0x00, 0x00, 0x00, 0x00, 0x00, 0x00, 0x00, 0x00, 0x00, 0x00, 0x00,
    0xf8, 0xfc, 0xf8, 0x00, 0x00, 0x00, 0x00, 0x00, 0x00, 0x00, 0x00, 0x00,
    0xf8, 0xf8, 0xf8, 0x65, 0xf8, 0xf8, 0xf8, 0xc3, 0xf8, 0xf8, 0xf0, 0xe7,
    0xf8, 0xf4, 0xf0, 0xef, 0xf8, 0xf4, 0xf0, 0xef, 0xf8, 0xf4, 0xf0, 0xef,
    0xf8, 0xf4, 0xf0, 0xef, 0xf8, 0xf4, 0xf0, 0xef, 0xf8, 0xf4, 0xf0, 0xef,
    0xf8, 0xf4, 0xf0, 0xef, 0xf8, 0xf4, 0xf0, 0xef, 0xf8, 0xf4, 0xf0, 0xef,
    0xf8, 0xf4, 0xf0, 0xef, 0xf8, 0xf4, 0xf0, 0xef, 0xf8, 0xf4, 0xf0, 0xef,
    0xf8, 0xf4, 0xf0, 0xff, 0xf8, 0xf8, 0xf0, 0xff, 0xf8, 0xf4, 0xf8, 0xff,
    0xf8, 0xf4, 0xf0, 0xff, 0xf8, 0xf8, 0xf0, 0xff, 0xf8, 0xf4, 0xf0, 0xff,
    0xf8, 0xf4, 0xf0, 0xef, 0xf8, 0xf4, 0xf0, 0xef, 0xf8, 0xf4, 0xf0, 0xef,
    0xf8, 0xf4, 0xf0, 0xef, 0xf8, 0xf4, 0xf0, 0xef, 0xf8, 0xf4, 0xf0, 0xef,
    0xf8, 0xf4, 0xf0, 0xef, 0xf8, 0xf4, 0xf0, 0xef, 0xf8, 0xf4, 0xf0, 0xef,
    0xf8, 0xf4, 0xf0, 0xef, 0xf8, 0xf4, 0xf0, 0xef, 0xf8, 0xf4, 0xf0, 0xef,
    0xf8, 0xf4, 0xf0, 0xff, 0xf8, 0xf8, 0xf8, 0xff, 0xf8, 0xf8, 0xf0, 0xff,
    0xf8, 0xf4, 0xf8, 0xff, 0xf8, 0xf8, 0xf0, 0xff, 0xf8, 0xf4, 0xf0, 0xff,
    0xf8, 0xf4, 0xf0, 0xef, 0xf8, 0xf4, 0xf0, 0xef, 0xf8, 0xf4, 0xf0, 0xef,
    0xf8, 0xf4, 0xf0, 0xef, 0xf8, 0xf4, 0xf0, 0xef, 0xf8, 0xf4, 0xf0, 0xef,
    0xf8, 0xf4, 0xf0, 0xef, 0xf8, 0xf4, 0xf0, 0xef, 0xf8, 0xf4, 0xf0, 0xef,
    0xf8, 0xf4, 0xf0, 0xef, 0xf8, 0xf8, 0xf0, 0xef, 0xf8, 0xf4, 0xf0, 0xef,
    0xf8, 0xf8, 0xf0, 0xe7, 0xf8, 0xf8, 0xf8, 0xc3, 0xf8, 0xfc, 0xf8, 0x65,
    0x00, 0x00, 0x00, 0x00, 0x00, 0x00, 0x00, 0x00, 0xf8, 0xfc, 0xf8, 0x00,
    0x00, 0x00, 0x00, 0x00, 0x00, 0x00, 0x00, 0x00, 0x00, 0x00, 0x00, 0x00,
    0x00, 0x00, 0x00, 0x00, 0x00, 0x00, 0x00, 0x00, 0x00, 0x00, 0x00, 0x00,
    0x00, 0x00, 0x00, 0x00, 0x00, 0x00, 0x00, 0x00, 0x00, 0x00, 0x00, 0x00,
    0x00, 0x00, 0x00, 0x00, 0x00, 0x00, 0x00, 0x00, 0x00, 0x00, 0x00, 0x00,
    0x00, 0x00, 0x00, 0x00, 0xf8, 0xfc, 0xf8, 0x00, 0xf8, 0xfc, 0xf8, 0x00,
    0x00, 0x00, 0x00, 0x00, 0x00, 0x00, 0x00, 0x00, 0xf8, 0xfc, 0xe8, 0x0c,
    0xf8, 0xfc, 0xf0, 0x10, 0xf8, 0xf0, 0xf0, 0x10, 0xf8, 0xfc, 0xf0, 0x10,
    0xf8, 0xfc, 0xf0, 0x10, 0xf8, 0xfc, 0xf0, 0x10, 0xf8, 0xfc, 0xf0, 0x10,
    0xf8, 0xfc, 0xf0, 0x10, 0xf8, 0xfc, 0xf0, 0x10, 0xf8, 0xfc, 0xf0, 0x10,
    0xf8, 0xfc, 0xf0, 0x10, 0xf8, 0xfc, 0xf0, 0x10, 0xf8, 0xfc, 0xf0, 0x20,
    0xf8, 0xf4, 0xf0, 0xef, 0xf8, 0xfc, 0xf8, 0xff, 0xf8, 0xf4, 0xf0, 0xff,
    0xf8, 0xf4, 0xf0, 0xff, 0xf8, 0xfc, 0xf8, 0xff, 0xf8, 0xf4, 0xf8, 0xef,
    0xf8, 0xfc, 0xf0, 0x20, 0xf8, 0xfc, 0xf0, 0x10, 0xf8, 0xfc, 0xf0, 0x10,
    0xf8, 0xfc, 0xf0, 0x10, 0xf8, 0xfc, 0xf0, 0x10, 0xf8, 0xfc, 0xf0, 0x10,
    0xf8, 0xfc, 0xf0, 0x10, 0xf8, 0xfc, 0xf0, 0x10, 0xf8, 0xfc, 0xf0, 0x10,
    0xf8, 0xfc, 0xf0, 0x10, 0xf8, 0xfc, 0xf0, 0x10, 0xf8, 0xfc, 0xf0, 0x1c,
    0xf8, 0xf4, 0xf0, 0xef, 0xf8, 0xfc, 0xf8, 0xff, 0xf8, 0xf4, 0xf0, 0xff,
    0xf8, 0xf4, 0xf0, 0xff, 0xf8, 0xfc, 0xf8, 0xff, 0xf8, 0xf8, 0xf8, 0xef,
    0xf8, 0xfc, 0xf0, 0x20, 0xf8, 0xfc, 0xf0, 0x10, 0xf8, 0xfc, 0xf0, 0x10,
    0xf8, 0xfc, 0xf0, 0x10, 0xf8, 0xfc, 0xf0, 0x10, 0xf8, 0xfc, 0xf0, 0x10,
    0xf8, 0xfc, 0xf0, 0x10, 0xf8, 0xfc, 0xf0, 0x10, 0xf8, 0xfc, 0xf0, 0x10,
    0xf8, 0xfc, 0xf0, 0x10, 0xf8, 0xf0, 0xf0, 0x10, 0xf8, 0xfc, 0xf0, 0x10,
    0xf8, 0xfc, 0xe8, 0x0c, 0x00, 0x00, 0x00, 0x00, 0x00, 0x00, 0x00, 0x00,
    0xf8, 0xfc, 0xf8, 0x00, 0xf8, 0xfc, 0xf8, 0x00, 0x00, 0x00, 0x00, 0x00,
    0x00, 0x00, 0x00, 0x00, 0x00, 0x00, 0x00, 0x00, 0x00, 0x00, 0x00, 0x00,
    0x00, 0x00, 0x00, 0x00, 0x00, 0x00, 0x00, 0x00, 0x00, 0x00, 0x00, 0x00,
    0x00, 0x00, 0x00, 0x00, 0x00, 0x00, 0x00, 0x00, 0x00, 0x00, 0x00, 0x00,
    0x00, 0x00, 0x00, 0x00, 0x00, 0x00, 0x00, 0x00, 0x00, 0x00, 0x00, 0x00,
    0x00, 0x00, 0x00, 0x00, 0x00, 0x00, 0x00, 0x00, 0x00, 0x00, 0x00, 0x00,
    0xf8, 0xfc, 0xf8, 0x04, 0xf8, 0xfc, 0xf8, 0x00, 0x00, 0x00, 0x00, 0x00,
    0x00, 0x00, 0x00, 0x00, 0x00, 0x00, 0x00, 0x00, 0x00, 0x00, 0x00, 0x00,
    0x00, 0x00, 0x00, 0x00, 0x00, 0x00, 0x00, 0x00, 0x00, 0x00, 0x00, 0x00,
    0x00, 0x00, 0x00, 0x00, 0x00, 0x00, 0x00, 0x00, 0x00, 0x00, 0x00, 0x00,
    0x00, 0x00, 0x00, 0x00, 0x00, 0x00, 0x00, 0x00, 0xf8, 0xfc, 0xe8, 0x0c,
    0xf8, 0xf8, 0xf0, 0xef, 0xf8, 0xfc, 0xf8, 0xff, 0xf8, 0xf8, 0xf0, 0xff,
    0xf8, 0xf8, 0xf0, 0xff, 0xf8, 0xfc, 0xf8, 0xff, 0xf8, 0xf8, 0xf0, 0xef,
    0xf8, 0xfc, 0xe8, 0x0c, 0x00, 0x00, 0x00, 0x00, 0x00, 0x00, 0x00, 0x00,
    0x00, 0x00, 0x00, 0x00, 0x00, 0x00, 0x00, 0x00, 0x00, 0x00, 0x00, 0x00,
    0x00, 0x00, 0x00, 0x00, 0x00, 0x00, 0x00, 0x00, 0x00, 0x00, 0x00, 0x00,
    0x00, 0x00, 0x00, 0x00, 0x00, 0x00, 0x00, 0x00, 0xf8, 0xfc, 0xe8, 0x0c,
    0xf8, 0xf8, 0xf0, 0xef, 0xf8, 0xfc, 0xf8, 0xff, 0xf8, 0xf4, 0xf0, 0xff,
    0xf8, 0xf8, 0xf0, 0xfb, 0xf8, 0xfc, 0xf8, 0xff, 0xf8, 0xf4, 0xf0, 0xef,
    0xf8, 0xfc, 0xe8, 0x0c, 0x00, 0x00, 0x00, 0x00, 0x00, 0x00, 0x00, 0x00,
    0x00, 0x00, 0x00, 0x00, 0x00, 0x00, 0x00, 0x00, 0x00, 0x00, 0x00, 0x00,
    0x00, 0x00, 0x00, 0x00, 0x00, 0x00, 0x00, 0x00, 0x00, 0x00, 0x00, 0x00,
    0x00, 0x00, 0x00, 0x00, 0x00, 0x00, 0x00, 0x00, 0x00, 0x00, 0x00, 0x00,
    0x00, 0x00, 0x00, 0x00, 0xf8, 0xfc, 0xf8, 0x00, 0xf8, 0xfc, 0xf8, 0x04,
    0x00, 0x00, 0x00, 0x00, 0x00, 0x00, 0x00, 0x00, 0x00, 0x00, 0x00, 0x00,
    0x00, 0x00, 0x00, 0x00, 0x00, 0x00, 0x00, 0x00, 0x00, 0x00, 0x00, 0x00,
    0x00, 0x00, 0x00, 0x00, 0x00, 0x00, 0x00, 0x00, 0x00, 0x00, 0x00, 0x00,
    0x00, 0x00, 0x00, 0x00, 0x00, 0x00, 0x00, 0x00, 0x00, 0x00, 0x00, 0x00,
    0x00, 0x00, 0x00, 0x00, 0x00, 0x00, 0x00, 0x00, 0x00, 0x00, 0x00, 0x00,
    0x00, 0x00, 0x00, 0x00, 0x00, 0x00, 0x00, 0x00, 0x00, 0x00, 0x00, 0x00,
    0x00, 0x00, 0x00, 0x00, 0x00, 0x00, 0x00, 0x00, 0xf8, 0xfc, 0xf8, 0x00,
    0xf8, 0xfc, 0xf8, 0x00, 0xf8, 0xfc, 0xf8, 0x00, 0xf8, 0xfc, 0xf8, 0x00,
    0xf8, 0xfc, 0xf8, 0x00, 0xf8, 0xfc, 0xf8, 0x00, 0xf8, 0xfc, 0xf8, 0x00,
    0xf8, 0xfc, 0xf8, 0x00, 0xf8, 0xfc, 0xf8, 0x00, 0xf8, 0xfc, 0xf8, 0x00,
    0xf8, 0xfc, 0xf8, 0x00, 0xf8, 0xfc, 0xf8, 0x00, 0xf8, 0xfc, 0xf0, 0x10,
    0xf8, 0xf8, 0xf0, 0xef, 0xf8, 0xfc, 0xf8, 0xff, 0xf8, 0xf4, 0xf0, 0xfb,
    0xf8, 0xf4, 0xf0, 0xff, 0xf8, 0xfc, 0xf8, 0xff, 0xf8, 0xf4, 0xf0, 0xef,
    0xf8, 0xfc, 0xf0, 0x10, 0xf8, 0xfc, 0xf8, 0x00, 0xf8, 0xfc, 0xf8, 0x00,
    0xf8, 0xfc, 0xf8, 0x00, 0xf8, 0xfc, 0xf8, 0x00, 0xf8, 0xfc, 0xf8, 0x00,
    0xf8, 0xfc, 0xf8, 0x00, 0xf8, 0xfc, 0xf8, 0x00, 0xf8, 0xfc, 0xf8, 0x00,
    0xf8, 0xfc, 0xf8, 0x00, 0xf8, 0xfc, 0xf8, 0x00, 0xf8, 0xfc, 0xf0, 0x10,
    0xf8, 0xf4, 0xf0, 0xef, 0xf8, 0xfc, 0xf8, 0xff, 0xf8, 0xf8, 0xf0, 0xff,
    0xf8, 0xf4, 0xf0, 0xff, 0xf8, 0xfc, 0xf8, 0xff, 0xf8, 0xf4, 0xf0, 0xef,
    0xf8, 0xfc, 0xf0, 0x10, 0xf8, 0xfc, 0xf8, 0x00, 0xf8, 0xfc, 0xf8, 0x00,
    0xf8, 0xfc, 0xf8, 0x00, 0xf8, 0xfc, 0xf8, 0x00, 0xf8, 0xfc, 0xf8, 0x00,
    0xf8, 0xfc, 0xf8, 0x00, 0xf8, 0xfc, 0xf8, 0x00, 0xf8, 0xfc, 0xf8, 0x00,
    0xf8, 0xfc, 0xf8, 0x00, 0xf8, 0xfc, 0xf8, 0x00, 0xf8, 0xfc, 0xf8, 0x00,
    0xf8, 0xfc, 0xf8, 0x00, 0x00, 0x00, 0x00, 0x00, 0x00, 0x00, 0x00, 0x00,
    0x00, 0x00, 0x00, 0x00, 0x00, 0x00, 0x00, 0x00, 0x00, 0x00, 0x00, 0x00,
    0x00, 0x00, 0x00, 0x00, 0x00, 0x00, 0x00, 0x00, 0x00, 0x00, 0x00, 0x00,
    0x00, 0x00, 0x00, 0x00, 0x00, 0x00, 0x00, 0x00, 0x00, 0x00, 0x00, 0x00,
    0x00, 0x00, 0x00, 0x00, 0x00, 0x00, 0x00, 0x00, 0x00, 0x00, 0x00, 0x00,
    0x00, 0x00, 0x00, 0x00, 0x00, 0x00, 0x00, 0x00, 0x00, 0x00, 0x00, 0x00,
    0x00, 0x00, 0x00, 0x00, 0x00, 0x00, 0x00, 0x00, 0x00, 0x00, 0x00, 0x00,
    0x00, 0x00, 0x00, 0x00, 0x00, 0x00, 0x00, 0x00, 0x00, 0x00, 0x00, 0x00,
    0x00, 0x00, 0x00, 0x00, 0x00, 0x00, 0x00, 0x00, 0x00, 0x00, 0x00, 0x00,
    0x00, 0x00, 0x00, 0x00, 0x00, 0x00, 0x00, 0x00, 0x00, 0x00, 0x00, 0x00,
    0x00, 0x00, 0x00, 0x00, 0x00, 0x00, 0x00, 0x00, 0xf8, 0xfc, 0xf8, 0x00,
    0xf8, 0xfc, 0xf8, 0x04, 0xf8, 0xfc, 0xf8, 0x00, 0xf8, 0xfc, 0xf0, 0x10,
    0xf8, 0xf4, 0xf0, 0xef, 0xf8, 0xfc, 0xf8, 0xff, 0xf8, 0xf4, 0xf0, 0xff,
    0xf8, 0xf8, 0xf0, 0xff, 0xf8, 0xfc, 0xf8, 0xff, 0xf8, 0xf4, 0xf0, 0xef,
    0xf8, 0xfc, 0xf0, 0x10, 0xf8, 0xfc, 0xf8, 0x00, 0xf8, 0xfc, 0xf8, 0x04,
    0xf8, 0xfc, 0xf8, 0x00, 0xf8, 0xfc, 0xf8, 0x00, 0xf8, 0xfc, 0xf8, 0x00,
    0xf8, 0xfc, 0xf8, 0x00, 0xf8, 0xfc, 0xf8, 0x00, 0xf8, 0xfc, 0xf8, 0x00,
    0xf8, 0xfc, 0xf8, 0x04, 0xf8, 0xfc, 0xf8, 0x00, 0xf8, 0xfc, 0xf0, 0x10,
    0xf8, 0xf4, 0xf0, 0xef, 0xf8, 0xfc, 0xf8, 0xff, 0xf8, 0xf4, 0xf0, 0xff,
    0xf8, 0xf8, 0xf0, 0xff, 0xf8, 0xfc, 0xf8, 0xff, 0xf8, 0xf4, 0xf0, 0xef,
    0xf8, 0xfc, 0xf0, 0x10, 0xf8, 0xfc, 0xf8, 0x00, 0xf8, 0xfc, 0xf8, 0x04,
    0xf8, 0xfc, 0xf8, 0x00, 0x00, 0x00, 0x00, 0x00, 0x00, 0x00, 0x00, 0x00,
    0x00, 0x00, 0x00, 0x00, 0x00, 0x00, 0x00, 0x00, 0x00, 0x00, 0x00, 0x00,
    0x00, 0x00, 0x00, 0x00, 0x00, 0x00, 0x00, 0x00, 0x00, 0x00, 0x00, 0x00,
    0x00, 0x00, 0x00, 0x00, 0x00, 0x00, 0x00, 0x00, 0x00, 0x00, 0x00, 0x00,
    0x00, 0x00, 0x00, 0x00, 0x00, 0x00, 0x00, 0x00, 0x00, 0x00, 0x00, 0x00,
    0x00, 0x00, 0x00, 0x00, 0x00, 0x00, 0x00, 0x00, 0x00, 0x00, 0x00, 0x00,
    0x00, 0x00, 0x00, 0x00, 0x00, 0x00, 0x00, 0x00, 0x00, 0x00, 0x00, 0x00,
    0x00, 0x00, 0x00, 0x00, 0x00, 0x00, 0x00, 0x00, 0x00, 0x00, 0x00, 0x00,
    0x00, 0x00, 0x00, 0x00, 0x00, 0x00, 0x00, 0x00, 0x00, 0x00, 0x00, 0x00,
    0x00, 0x00, 0x00, 0x00, 0x00, 0x00, 0x00, 0x00, 0x00, 0x00, 0x00, 0x00,
    0x00, 0x00, 0x00, 0x00, 0x00, 0x00, 0x00, 0x00, 0x00, 0x00, 0x00, 0x00,
    0x00, 0x00, 0x00, 0x00, 0x00, 0x00, 0x00, 0x00, 0x00, 0x00, 0x00, 0x00,
    0x00, 0x00, 0x00, 0x00, 0x00, 0x00, 0x00, 0x00, 0x00, 0x00, 0x00, 0x00,
    0xf8, 0xfc, 0xf8, 0x00, 0xf8, 0xfc, 0xf8, 0x04, 0x00, 0x00, 0x00, 0x00,
    0x00, 0x00, 0x00, 0x00, 0x00, 0x00, 0x00, 0x00, 0xf8, 0xfc, 0xe8, 0x0c,
    0xf8, 0xf8, 0xf8, 0xef, 0xf8, 0xfc, 0xf8, 0xff, 0xf8, 0xf4, 0xf0, 0xff,
    0xf8, 0xf8, 0xf0, 0xff, 0xf8, 0xfc, 0xf8, 0xff, 0xf8, 0xf4, 0xf0, 0xef,
    0xf8, 0xfc, 0xe8, 0x0c, 0x00, 0x00, 0x00, 0x00, 0x00, 0x00, 0x00, 0x00,
    0x00, 0x00, 0x00, 0x00, 0x00, 0x00, 0x00, 0x00, 0x00, 0x00, 0x00, 0x00,
    0x00, 0x00, 0x00, 0x00, 0x00, 0x00, 0x00, 0x00, 0x00, 0x00, 0x00, 0x00,
    0x00, 0x00, 0x00, 0x00, 0x00, 0x00, 0x00, 0x00, 0xf8, 0xfc, 0xe8, 0x0c,
    0xf8, 0xf8, 0xf0, 0xef, 0xf8, 0xfc, 0xf8, 0xff, 0xf8, 0xf4, 0xf0, 0xff,
    0xf8, 0xf4, 0xf0, 0xfb, 0xf8, 0xfc, 0xf8, 0xff, 0xf8, 0xf8, 0xf0, 0xef,
    0xf8, 0xfc, 0xe8, 0x0c, 0x00, 0x00, 0x00, 0x00, 0x00, 0x00, 0x00, 0x00,
    0x00, 0x00, 0x00, 0x00, 0xf8, 0xfc, 0xf8, 0x04, 0xf8, 0xfc, 0xf8, 0x00,
    0x00, 0x00, 0x00, 0x00, 0x00, 0x00, 0x00, 0x00, 0x00, 0x00, 0x00, 0x00,
    0x00, 0x00, 0x00, 0x00, 0x00, 0x00, 0x00, 0x00, 0x00, 0x00, 0x00, 0x00,
    0x00, 0x00, 0x00, 0x00, 0x00, 0x00, 0x00, 0x00, 0x00, 0x00, 0x00, 0x00,
    0x00, 0x00, 0x00, 0x00, 0x00, 0x00, 0x00, 0x00, 0x00, 0x00, 0x00, 0x00,
    0x00, 0x00, 0x00, 0x00, 0x00, 0x00, 0x00, 0x00, 0x00, 0x00, 0x00, 0x00,
    0x00, 0x00, 0x00, 0x00, 0x00, 0x00, 0x00, 0x00, 0x00, 0x00, 0x00, 0x00,
    0x00, 0x00, 0x00, 0x00, 0x00, 0x00, 0x00, 0x00, 0x00, 0x00, 0x00, 0x00,
    0x00, 0x00, 0x00, 0x00, 0x00, 0x00, 0x00, 0x00, 0x00, 0x00, 0x00, 0x00,
    0x00, 0x00, 0x00, 0x00, 0x00, 0x00, 0x00, 0x00, 0x00, 0x00, 0x00, 0x00,
    0x00, 0x00, 0x00, 0x00, 0x00, 0x00, 0x00, 0x00, 0x00, 0x00, 0x00, 0x00,
    0x00, 0x00, 0x00, 0x00, 0x00, 0x00, 0x00, 0x00, 0x00, 0x00, 0x00, 0x00,
    0x00, 0x00, 0x00, 0x00, 0x00, 0x00, 0x00, 0x00, 0x00, 0x00, 0x00, 0x00,
    0x00, 0x00, 0x00, 0x00, 0x00, 0x00, 0x00, 0x00, 0xf8, 0xfc, 0xf8, 0x08,
    0xf8, 0xfc, 0xf8, 0x10, 0xf8, 0xf0, 0xf0, 0x10, 0xf8, 0xfc, 0xf0, 0x20,
    0xf8, 0xf4, 0xf0, 0xef, 0xf8, 0xfc, 0xf8, 0xff, 0xf8, 0xf4, 0xf0, 0xff,
    0xf8, 0xf4, 0xf0, 0xfb, 0xf8, 0xfc, 0xf8, 0xff, 0xf8, 0xf8, 0xf0, 0xef,
    0xf8, 0xfc, 0xf0, 0x20, 0xf8, 0xfc, 0xf0, 0x10, 0xf8, 0xfc, 0xf0, 0x10,
    0xf8, 0xfc, 0xf0, 0x10, 0xf8, 0xfc, 0xf0, 0x10, 0xf8, 0xfc, 0xf0, 0x10,
    0xf8, 0xfc, 0xf0, 0x10, 0xf8, 0xfc, 0xf0, 0x10, 0xf8, 0xfc, 0xf0, 0x10,
    0xf8, 0xfc, 0xf0, 0x10, 0xf8, 0xfc, 0xf0, 0x10, 0xf8, 0xfc, 0xf0, 0x20,
    0xf8, 0xf8, 0xf0, 0xef, 0xf8, 0xfc, 0xf8, 0xff, 0xf8, 0xf4, 0xf0, 0xff,
    0xf8, 0xf8, 0xf0, 0xff, 0xf8, 0xfc, 0xf8, 0xff, 0xf8, 0xf4, 0xf0, 0xef,
    0xf8, 0xfc, 0xf0, 0x20, 0xf8, 0xf0, 0xf0, 0x10, 0xf8, 0xfc, 0xf8, 0x10,
    0xf8, 0xfc, 0xf8, 0x08, 0x00, 0x00, 0x00, 0x00, 0x00, 0x00, 0x00, 0x00,
    0x00, 0x00, 0x00, 0x00, 0x00, 0x00, 0x00, 0x00, 0x00, 0x00, 0x00, 0x00,
    0x00, 0x00, 0x00, 0x00, 0x00, 0x00, 0x00, 0x00, 0x00, 0x00, 0x00, 0x00,
    0x00, 0x00, 0x00, 0x00, 0x00, 0x00, 0x00, 0x00, 0x00, 0x00, 0x00, 0x00,
    0x00, 0x00, 0x00, 0x00, 0x00, 0x00, 0x00, 0x00, 0x00, 0x00, 0x00, 0x00,
    0x00, 0x00, 0x00, 0x00, 0x00, 0x00, 0x00, 0x00, 0x00, 0x00, 0x00, 0x00,
    0x00, 0x00, 0x00, 0x00, 0x00, 0x00, 0x00, 0x00, 0x00, 0x00, 0x00, 0x00,
    0x00, 0x00, 0x00, 0x00, 0x00, 0x00, 0x00, 0x00, 0x00, 0x00, 0x00, 0x00,
    0x00, 0x00, 0x00, 0x00, 0x00, 0x00, 0x00, 0x00, 0x00, 0x00, 0x00, 0x00,
    0x00, 0x00, 0x00, 0x00, 0x00, 0x00, 0x00, 0x00, 0x00, 0x00, 0x00, 0x00,
    0x00, 0x00, 0x00, 0x00, 0x00, 0x00, 0x00, 0x00, 0x00, 0x00, 0x00, 0x00,
    0x00, 0x00, 0x00, 0x00, 0x00, 0x00, 0x00, 0x00, 0x00, 0x00, 0x00, 0x00,
    0x00, 0x00, 0x00, 0x00, 0xf8, 0xfc, 0xf8, 0x00, 0xf8, 0xfc, 0xf8, 0x00,
    0xf8, 0xfc, 0xf8, 0x04, 0xf8, 0xf8, 0xf0, 0x86, 0xf8, 0xfc, 0xf8, 0xe3,
    0xf8, 0xf8, 0xf0, 0xef, 0xf8, 0xf8, 0xf0, 0xef, 0xf8, 0xf4, 0xf0, 0xef,
    0xf8, 0xf8, 0xf0, 0xff, 0xf8, 0xf8, 0xf0, 0xff, 0xf8, 0xf8, 0xf0, 0xff,
    0xf8, 0xf8, 0xf0, 0xff, 0xf8, 0xf8, 0xf0, 0xff, 0xf8, 0xf4, 0xf0, 0xff,
    0xf8, 0xf8, 0xf0, 0xef, 0xf8, 0xf4, 0xf0, 0xef, 0xf8, 0xf8, 0xf0, 0xef,
    0xf8, 0xf8, 0xf0, 0xef, 0xf8, 0xf4, 0xf0, 0xef, 0xf8, 0xf8, 0xf0, 0xef,
    0xf8, 0xf8, 0xf0, 0xef, 0xf8, 0xf4, 0xf0, 0xef, 0xf8, 0xf8, 0xf0, 0xef,
    0xf8, 0xf8, 0xf0, 0xef, 0xf8, 0xf4, 0xf0, 0xef, 0xf8, 0xf4, 0xf0, 0xef,
    0xf8, 0xf4, 0xf0, 0xff, 0xf8, 0xf8, 0xf0, 0xff, 0xf8, 0xf8, 0xf0, 0xff,
    0xf8, 0xf8, 0xf0, 0xff, 0xf8, 0xf8, 0xf0, 0xff, 0xf8, 0xf4, 0xf0, 0xff,
    0xf8, 0xf8, 0xf0, 0xef, 0xf8, 0xf8, 0xf0, 0xef, 0xf8, 0xf8, 0xf8, 0xef,
    0xf8, 0xfc, 0xf8, 0xe3, 0xf8, 0xf8, 0xf0, 0x86, 0xf8, 0xfc, 0xf8, 0x04,
    0xf8, 0xfc, 0xf8, 0x00, 0xf8, 0xfc, 0xf8, 0x00, 0x00, 0x00, 0x00, 0x00,
    0x00, 0x00, 0x00, 0x00, 0x00, 0x00, 0x00, 0x00, 0x00, 0x00, 0x00, 0x00,
    0x00, 0x00, 0x00, 0x00, 0x00, 0x00, 0x00, 0x00, 0x00, 0x00, 0x00, 0x00,
    0x00, 0x00, 0x00, 0x00, 0x00, 0x00, 0x00, 0x00, 0x00, 0x00, 0x00, 0x00,
    0x00, 0x00, 0x00, 0x00, 0x00, 0x00, 0x00, 0x00, 0x00, 0x00, 0x00, 0x00,
    0x00, 0x00, 0x00, 0x00, 0x00, 0x00, 0x00, 0x00, 0x00, 0x00, 0x00, 0x00,
    0x00, 0x00, 0x00, 0x00, 0x00, 0x00, 0x00, 0x00, 0x00, 0x00, 0x00, 0x00,
    0x00, 0x00, 0x00, 0x00, 0x00, 0x00, 0x00, 0x00, 0x00, 0x00, 0x00, 0x00,
    0x00, 0x00, 0x00, 0x00, 0x00, 0x00, 0x00, 0x00, 0x00, 0x00, 0x00, 0x00,
    0x00, 0x00, 0x00, 0x00, 0x00, 0x00, 0x00, 0x00, 0x00, 0x00, 0x00, 0x00,
    0x00, 0x00, 0x00, 0x00, 0x00, 0x00, 0x00, 0x00, 0x00, 0x00, 0x00, 0x00,
    0x00, 0x00, 0x00, 0x00, 0xf8, 0xfc, 0xf8, 0x04, 0x00, 0x00, 0x00, 0x00,
    0xf8, 0xf8, 0xf0, 0x86, 0xf8, 0xfc, 0xf8, 0xff, 0xf8, 0xfc, 0xf8, 0xff,
    0xf8, 0xfc, 0xf8, 0xff, 0xf8, 0xfc, 0xf8, 0xff, 0xf8, 0xfc, 0xf8, 0xff,
    0xf8, 0xf8, 0xf0, 0xff, 0xf8, 0xf8, 0xf0, 0xff, 0xf8, 0xf8, 0xf8, 0xff,
    0xf8, 0xf8, 0xf0, 0xff, 0xf8, 0xf8, 0xf8, 0xff, 0xf8, 0xf8, 0xf8, 0xff,
    0xf8, 0xfc, 0xf8, 0xff, 0xf8, 0xfc, 0xf8, 0xff, 0xf8, 0xfc, 0xf8, 0xff,
    0xf8, 0xfc, 0xf8, 0xff, 0xf8, 0xfc, 0xf8, 0xff, 0xf8, 0xfc, 0xf8, 0xff,
    0xf8, 0xfc, 0xf8, 0xff, 0xf8, 0xfc, 0xf8, 0xff, 0xf8, 0xfc, 0xf8, 0xff,
    0xf8, 0xfc, 0xf8, 0xff, 0xf8, 0xfc, 0xf8, 0xff, 0xf8, 0xfc, 0xf8, 0xff,
    0xf8, 0xf8, 0xf0, 0xff, 0xf8, 0xf8, 0xf8, 0xff, 0xf8, 0xf8, 0xf0, 0xff,
    0xf8, 0xf8, 0xf8, 0xff, 0xf8, 0xf8, 0xf0, 0xff, 0xf8, 0xf8, 0xf8, 0xff,
    0xf8, 0xfc, 0xf8, 0xff, 0xf8, 0xfc, 0xf8, 0xff, 0xf8, 0xf8, 0xf8, 0xff,
    0xf8, 0xfc, 0xf8, 0xff, 0xf8, 0xfc, 0xf8, 0xff, 0xf8, 0xf8, 0xf0, 0x86,
    0x00, 0x00, 0x00, 0x00, 0xf8, 0xfc, 0xf8, 0x04, 0x00, 0x00, 0x00, 0x00,
    0x00, 0x00, 0x00, 0x00, 0x00, 0x00, 0x00, 0x00, 0x00, 0x00, 0x00, 0x00,
    0x00, 0x00, 0x00, 0x00, 0x00, 0x00, 0x00, 0x00, 0x00, 0x00, 0x00, 0x00,
    0x00, 0x00, 0x00, 0x00, 0x00, 0x00, 0x00, 0x00, 0x00, 0x00, 0x00, 0x00,
    0x00, 0x00, 0x00, 0x00, 0x00, 0x00, 0x00, 0x00, 0x00, 0x00, 0x00, 0x00,
    0x00, 0x00, 0x00, 0x00, 0x00, 0x00, 0x00, 0x00, 0x00, 0x00, 0x00, 0x00,
    0x00, 0x00, 0x00, 0x00, 0x00, 0x00, 0x00, 0x00, 0x00, 0x00, 0x00, 0x00,
    0x00, 0x00, 0x00, 0x00, 0x00, 0x00, 0x00, 0x00, 0x00, 0x00, 0x00, 0x00,
    0x00, 0x00, 0x00, 0x00, 0x00, 0x00, 0x00, 0x00, 0x00, 0x00, 0x00, 0x00,
    0x00, 0x00, 0x00, 0x00, 0x00, 0x00, 0x00, 0x00, 0x00, 0x00, 0x00, 0x00,
    0x00, 0x00, 0x00, 0x00, 0x00, 0x00, 0x00, 0x00, 0x00, 0x00, 0x00, 0x00,
    0xf8, 0xfc, 0xf8, 0x00, 0x00, 0x00, 0x00, 0x00, 0xf8, 0xfc, 0xf8, 0x0c,
    0xf8, 0xf8, 0xf0, 0xe7, 0xf8, 0xfc, 0xf8, 0xfb, 0xf8, 0xf4, 0xf0, 0xfb,
    0xf8, 0xf4, 0xf0, 0xff, 0xf8, 0xf4, 0xf0, 0xff, 0xf8, 0xf4, 0xf0, 0xff,
    0xf8, 0xf8, 0xf0, 0xff, 0xf8, 0xf8, 0xf8, 0xff, 0xf8, 0xf4, 0xf0, 0xff,
    0xf8, 0xf4, 0xf0, 0xff, 0xf8, 0xf8, 0xf0, 0xff, 0xf8, 0xf8, 0xf0, 0xff,
    0xf8, 0xf4, 0xf0, 0xff, 0xf8, 0xf4, 0xf0, 0xff, 0xf8, 0xf4, 0xf0, 0xff,
    0xf8, 0xf4, 0xf0, 0xff, 0xf8, 0xf4, 0xf0, 0xff, 0xf8, 0xf4, 0xf0, 0xff,
    0xf8, 0xf4, 0xf0, 0xff, 0xf8, 0xf4, 0xf0, 0xff, 0xf8, 0xf4, 0xf0, 0xff,
    0xf8, 0xf4, 0xf0, 0xff, 0xf8, 0xf4, 0xf0, 0xff, 0xf8, 0xf8, 0xf0, 0xff,
    0xf8, 0xf8, 0xf0, 0xff, 0xf8, 0xf4, 0xf0, 0xff, 0xf8, 0xf8, 0xf8, 0xff,
    0xf8, 0xf4, 0xf0, 0xff, 0xf8, 0xf8, 0xf0, 0xff, 0xf8, 0xf4, 0xf0, 0xff,
    0xf8, 0xf4, 0xf0, 0xff, 0xf8, 0xf4, 0xf0, 0xff, 0xf8, 0xf4, 0xf0, 0xff,
    0xf8, 0xf4, 0xf0, 0xfb, 0xf8, 0xfc, 0xf8, 0xfb, 0xf8, 0xf8, 0xf0, 0xe7,
    0xf8, 0xfc, 0xf8, 0x0c, 0x00, 0x00, 0x00, 0x00, 0xf8, 0xfc, 0xf8, 0x00,
    0x00, 0x00, 0x00, 0x00, 0x00, 0x00, 0x00, 0x00, 0x00, 0x00, 0x00, 0x00,
    0x00, 0x00, 0x00, 0x00, 0x00, 0x00, 0x00, 0x00, 0x00, 0x00, 0x00, 0x00,
    0x00, 0x00, 0x00, 0x00, 0x00, 0x00, 0x00, 0x00, 0x00, 0x00, 0x00, 0x00,
    0x00, 0x00, 0x00, 0x00, 0x00, 0x00, 0x00, 0x00, 0x00, 0x00, 0x00, 0x00,
    0x00, 0x00, 0x00, 0x00, 0x00, 0x00, 0x00, 0x00, 0x00, 0x00, 0x00, 0x00,
    0x00, 0x00, 0x00, 0x00, 0x00, 0x00, 0x00, 0x00, 0x00, 0x00, 0x00, 0x00,
    0x00, 0x00, 0x00, 0x00, 0x00, 0x00, 0x00, 0x00, 0x00, 0x00, 0x00, 0x00,
    0x00, 0x00, 0x00, 0x00, 0x00, 0x00, 0x00, 0x00, 0x00, 0x00, 0x00, 0x00,
    0x00, 0x00, 0x00, 0x00, 0x00, 0x00, 0x00, 0x00, 0x00, 0x00, 0x00, 0x00,
    0x00, 0x00, 0x00, 0x00, 0x00, 0x00, 0x00, 0x00, 0x00, 0x00, 0x00, 0x00,
    0xf8, 0xfc, 0xf8, 0x00, 0x00, 0x00, 0x00, 0x00, 0xf8, 0xfc, 0xf8, 0x0c,
    0xf8, 0xf8, 0xf0, 0xe7, 0xf8, 0xfc, 0xf8, 0xfb, 0xf8, 0xf8, 0xf0, 0xfb,
    0xf8, 0xf8, 0xf0, 0xff, 0xf8, 0xf4, 0xf0, 0xff, 0xf8, 0xf4, 0xf0, 0xfb,
    0xf8, 0xf8, 0xf0, 0xff, 0xf8, 0xf4, 0xf0, 0xff, 0xf8, 0xf4, 0xf0, 0xff,
    0xf8, 0xf4, 0xf0, 0xff, 0xf8, 0xf4, 0xf0, 0xff, 0xf8, 0xf4, 0xf0, 0xff,
    0xf8, 0xf8, 0xf0, 0xff, 0xf8, 0xf4, 0xf0, 0xff, 0xf8, 0xf8, 0xf0, 0xff,
    0xf8, 0xf8, 0xf0, 0xff, 0xf8, 0xf4, 0xf0, 0xff, 0xf8, 0xf8, 0xf0, 0xff,
    0xf8, 0xf8, 0xf0, 0xff, 0xf8, 0xf4, 0xf0, 0xff, 0xf8, 0xf8, 0xf0, 0xff,
    0xf8, 0xf8, 0xf0, 0xff, 0xf8, 0xf4, 0xf0, 0xff, 0xf8, 0xf4, 0xf0, 0xff,
    0xf8, 0xf4, 0xf0, 0xff, 0xf8, 0xf8, 0xf0, 0xff, 0xf8, 0xf4, 0xf0, 0xff,
    0xf8, 0xf4, 0xf0, 0xff, 0xf8, 0xf4, 0xf0, 0xff, 0xf8, 0xf8, 0xf0, 0xff,
    0xf8, 0xf8, 0xf0, 0xfb, 0xf8, 0xf8, 0xf0, 0xff, 0xf8, 0xf8, 0xf0, 0xff,
    0xf8, 0xf4, 0xf0, 0xfb, 0xf8, 0xfc, 0xf8, 0xfb, 0xf8, 0xf8, 0xf0, 0xe7,
    0xf8, 0xfc, 0xf8, 0x0c, 0x00, 0x00, 0x00, 0x00, 0xf8, 0xfc, 0xf8, 0x00,
    0x00, 0x00, 0x00, 0x00, 0x00, 0x00, 0x00, 0x00, 0x00, 0x00, 0x00, 0x00,
    0x00, 0x00, 0x00, 0x00, 0x00, 0x00, 0x00, 0x00, 0x00, 0x00, 0x00, 0x00,
    0x00, 0x00, 0x00, 0x00, 0x00, 0x00, 0x00, 0x00, 0x00, 0x00, 0x00, 0x00,
    0x00, 0x00, 0x00, 0x00, 0x00, 0x00, 0x00, 0x00, 0x00, 0x00, 0x00, 0x00,
    0x00, 0x00, 0x00, 0x00, 0x00, 0x00, 0x00, 0x00, 0x00, 0x00, 0x00, 0x00,
    0x00, 0x00, 0x00, 0x00, 0x00, 0x00, 0x00, 0x00, 0x00, 0x00, 0x00, 0x00,
    0x00, 0x00, 0x00, 0x00, 0x00, 0x00, 0x00, 0x00, 0x00, 0x00, 0x00, 0x00,
    0x00, 0x00, 0x00, 0x00, 0x00, 0x00, 0x00, 0x00, 0x00, 0x00, 0x00, 0x00,
    0x00, 0x00, 0x00, 0x00, 0x00, 0x00, 0x00, 0x00, 0x00, 0x00, 0x00, 0x00,
    0x00, 0x00, 0x00, 0x00, 0x00, 0x00, 0x00, 0x00, 0x00, 0x00, 0x00, 0x00,
    0x00, 0x00, 0x00, 0x00, 0xf8, 0xfc, 0xf8, 0x04, 0x00, 0x00, 0x00, 0x00,
    0xf8, 0xf8, 0xf0, 0x86, 0xf8, 0xfc, 0xf8, 0xff, 0xf8, 0xfc, 0xf8, 0xff,
    0xf8, 0xfc, 0xf8, 0xff, 0xf8, 0xfc, 0xf8, 0xff, 0xf8, 0xfc, 0xf8, 0xff,
    0xf8, 0xfc, 0xf8, 0xff, 0xf8, 0xfc, 0xf8, 0xff, 0xf8, 0xfc, 0xf8, 0xff,
    0xf8, 0xfc, 0xf8, 0xff, 0xf8, 0xfc, 0xf8, 0xff, 0xf8, 0xfc, 0xf8, 0xff,
    0xf8, 0xfc, 0xf8, 0xff, 0xf8, 0xfc, 0xf8, 0xff, 0xf8, 0xfc, 0xf8, 0xff,
    0xf8, 0xfc, 0xf8, 0xff, 0xf8, 0xfc, 0xf8, 0xff, 0xf8, 0xfc, 0xf8, 0xff,
    0xf8, 0xfc, 0xf8, 0xff, 0xf8, 0xfc, 0xf8, 0xff, 0xf8, 0xfc, 0xf8, 0xff,
    0xf8, 0xfc, 0xf8, 0xff, 0xf8, 0xfc, 0xf8, 0xff, 0xf8, 0xfc, 0xf8, 0xff,
    0xf8, 0xfc, 0xf8, 0xff, 0xf8, 0xfc, 0xf8, 0xff, 0xf8, 0xfc, 0xf8, 0xff,
    0xf8, 0xfc, 0xf8, 0xff, 0xf8, 0xfc, 0xf8, 0xff, 0xf8, 0xfc, 0xf8, 0xff,
    0xf8, 0xfc, 0xf8, 0xff, 0xf8, 0xfc, 0xf8, 0xff, 0xf8, 0xfc, 0xf8, 0xff,
    0xf8, 0xfc, 0xf8, 0xff, 0xf8, 0xfc, 0xf8, 0xff, 0xf8, 0xf8, 0xf0, 0x86,
    0x00, 0x00, 0x00, 0x00, 0xf8, 0xfc, 0xf8, 0x04, 0x00, 0x00, 0x00, 0x00,
    0x00, 0x00, 0x00, 0x00, 0x00, 0x00, 0x00, 0x00, 0x00, 0x00, 0x00, 0x00,
    0x00, 0x00, 0x00, 0x00, 0x00, 0x00, 0x00, 0x00, 0x00, 0x00, 0x00, 0x00,
    0x00, 0x00, 0x00, 0x00, 0x00, 0x00, 0x00, 0x00, 0x00, 0x00, 0x00, 0x00,
    0x00, 0x00, 0x00, 0x00, 0x00, 0x00, 0x00, 0x00, 0x00, 0x00, 0x00, 0x00,
    0x00, 0x00, 0x00, 0x00, 0x00, 0x00, 0x00, 0x00, 0x00, 0x00, 0x00, 0x00,
    0x00, 0x00, 0x00, 0x00, 0x00, 0x00, 0x00, 0x00, 0x00, 0x00, 0x00, 0x00,
    0x00, 0x00, 0x00, 0x00, 0x00, 0x00, 0x00, 0x00, 0x00, 0x00, 0x00, 0x00,
    0x00, 0x00, 0x00, 0x00, 0x00, 0x00, 0x00, 0x00, 0x00, 0x00, 0x00, 0x00,
    0x00, 0x00, 0x00, 0x00, 0x00, 0x00, 0x00, 0x00, 0x00, 0x00, 0x00, 0x00,
    0x00, 0x00, 0x00, 0x00, 0x00, 0x00, 0x00, 0x00, 0x00, 0x00, 0x00, 0x00,
    0x00, 0x00, 0x00, 0x00, 0xf8, 0xfc, 0xf8, 0x00, 0xf8, 0xfc, 0xf8, 0x00,
    0xf8, 0xfc, 0xf8, 0x04, 0xf8, 0xf8, 0xf8, 0x86, 0xf8, 0xf8, 0xf8, 0xe3,
    0xf8, 0xf8, 0xf8, 0xeb, 0xf8, 0xf8, 0xf0, 0xef, 0xf8, 0xf4, 0xf0, 0xef,
    0xf8, 0xf4, 0xf0, 0xef, 0xf8, 0xf8, 0xf0, 0xef, 0xf8, 0xf8, 0xf0, 0xef,
    0xf8, 0xf4, 0xf0, 0xef, 0xf8, 0xf8, 0xf0, 0xef, 0xf8, 0xf4, 0xf0, 0xef,
    0xf8, 0xf4, 0xf0, 0xef, 0xf8, 0xf4, 0xf0, 0xef, 0xf8, 0xf4, 0xf0, 0xef,
    0xf8, 0xf4, 0xf0, 0xef, 0xf8, 0xf4, 0xf0, 0xef, 0xf8, 0xf4, 0xf0, 0xef,
    0xf8, 0xf4, 0xf0, 0xef, 0xf8, 0xf4, 0xf0, 0xef, 0xf8, 0xf4, 0xf0, 0xef,
    0xf8, 0xf4, 0xf0, 0xef, 0xf8, 0xf8, 0xf0, 0xef, 0xf8, 0xf4, 0xf0, 0xef,
    0xf8, 0xf4, 0xf0, 0xef, 0xf8, 0xf8, 0xf0, 0xef, 0xf8, 0xf4, 0xf0, 0xef,
    0xf8, 0xf4, 0xf0, 0xef, 0xf8, 0xf8, 0xf0, 0xef, 0xf8, 0xf4, 0xf0, 0xef,
    0xf8, 0xf4, 0xf0, 0xef, 0xf8, 0xf8, 0xf0, 0xef, 0xf8, 0xf8, 0xf8, 0xeb,
    0xf8, 0xfc, 0xf8, 0xdf, 0xf8, 0xf8, 0xf0, 0x86, 0xf8, 0xfc, 0xf8, 0x04,
    0xf8, 0xfc, 0xf8, 0x00, 0xf8, 0xfc, 0xf8, 0x00, 0x00, 0x00, 0x00, 0x00,
    0x00, 0x00, 0x00, 0x00, 0x00, 0x00, 0x00, 0x00, 0x00, 0x00, 0x00, 0x00,
    0x00, 0x00, 0x00, 0x00, 0x00, 0x00, 0x00, 0x00, 0x00, 0x00, 0x00, 0x00,
    0x00, 0x00, 0x00, 0x00, 0x00, 0x00, 0x00, 0x00, 0x00, 0x00, 0x00, 0x00,
    0x00, 0x00, 0x00, 0x00, 0x00, 0x00, 0x00, 0x00, 0x00, 0x00, 0x00, 0x00,
    0x00, 0x00, 0x00, 0x00, 0x00, 0x00, 0x00, 0x00, 0x00, 0x00, 0x00, 0x00,
    0x00, 0x00, 0x00, 0x00, 0x00, 0x00, 0x00, 0x00, 0x00, 0x00, 0x00, 0x00,
    0x00, 0x00, 0x00, 0x00, 0x00, 0x00, 0x00, 0x00, 0x00, 0x00, 0x00, 0x00,
    0x00, 0x00, 0x00, 0x00, 0x00, 0x00, 0x00, 0x00, 0x00, 0x00, 0x00, 0x00,
    0x00, 0x00, 0x00, 0x00, 0x00, 0x00, 0x00, 0x00, 0x00, 0x00, 0x00, 0x00,
    0x00, 0x00, 0x00, 0x00, 0x00, 0x00, 0x00, 0x00, 0x00, 0x00, 0x00, 0x00,
    0x00, 0x00, 0x00, 0x00, 0x00, 0x00, 0x00, 0x00, 0x00, 0x00, 0x00, 0x00,
    0x00, 0x00, 0x00, 0x00, 0x00, 0x00, 0x00, 0x00, 0xf8, 0xfc, 0xf8, 0x08,
    0xf8, 0xfc, 0xf8, 0x10, 0xf8, 0xf0, 0xf0, 0x10, 0xf8, 0xfc, 0xf0, 0x10,
    0xf8, 0xfc, 0xf0, 0x10, 0xf8, 0xfc, 0xf0, 0x10, 0xf8, 0xfc, 0xf0, 0x10,
    0xf8, 0xfc, 0xf0, 0x10, 0xf8, 0xfc, 0xf0, 0x10, 0xf8, 0xfc, 0xf0, 0x10,
    0xf8, 0xfc, 0xf0, 0x10, 0xf8, 0xfc, 0xf0, 0x10, 0xf8, 0xfc, 0xf0, 0x10,
    0xf8, 0xfc, 0xf0, 0x10, 0xf8, 0xfc, 0xf0, 0x10, 0xf8, 0xfc, 0xf0, 0x10,
    0xf8, 0xfc, 0xf0, 0x10, 0xf8, 0xfc, 0xf0, 0x10, 0xf8, 0xfc, 0xf0, 0x10,
    0xf8, 0xfc, 0xf0, 0x10, 0xf8, 0xfc, 0xf0, 0x10, 0xf8, 0xfc, 0xf0, 0x10,
    0xf8, 0xfc, 0xf0, 0x10, 0xf8, 0xfc, 0xf0, 0x10, 0xf8, 0xfc, 0xf0, 0x10,
    0xf8, 0xfc, 0xf0, 0x10, 0xf8, 0xfc, 0xf0, 0x10, 0xf8, 0xfc, 0xf0, 0x10,
    0xf8, 0xfc, 0xf0, 0x10, 0xf8, 0xf0, 0xf0, 0x10, 0xf8, 0xfc, 0xf8, 0x10,
    0xf8, 0xfc, 0xf8, 0x08, 0x00, 0x00, 0x00, 0x00, 0x00, 0x00, 0x00, 0x00,
    0x00, 0x00, 0x00, 0x00, 0x00, 0x00, 0x00, 0x00, 0x00, 0x00, 0x00, 0x00,
    0x00, 0x00, 0x00, 0x00, 0x00, 0x00, 0x00, 0x00, 0x00, 0x00, 0x00, 0x00,
    0x00, 0x00, 0x00, 0x00, 0x00, 0x00, 0x00, 0x00, 0x00, 0x00, 0x00, 0x00,
    0x00, 0x00, 0x00, 0x00, 0x00, 0x00, 0x00, 0x00, 0x00, 0x00, 0x00, 0x00,
    0x00, 0x00, 0x00, 0x00, 0x00, 0x00, 0x00, 0x00, 0x00, 0x00, 0x00, 0x00,
    0x00, 0x00, 0x00, 0x00, 0x00, 0x00, 0x00, 0x00, 0x00, 0x00, 0x00, 0x00,
    0x00, 0x00, 0x00, 0x00, 0x00, 0x00, 0x00, 0x00, 0x00, 0x00, 0x00, 0x00,
    0x00, 0x00, 0x00, 0x00, 0x00, 0x00, 0x00, 0x00, 0x00, 0x00, 0x00, 0x00,
    0x00, 0x00, 0x00, 0x00, 0x00, 0x00, 0x00, 0x00, 0x00, 0x00, 0x00, 0x00,
    0x00, 0x00, 0x00, 0x00, 0x00, 0x00, 0x00, 0x00, 0x00, 0x00, 0x00, 0x00,
    0x00, 0x00, 0x00, 0x00, 0x00, 0x00, 0x00, 0x00, 0x00, 0x00, 0x00, 0x00,
    0x00, 0x00, 0x00, 0x00, 0x00, 0x00, 0x00, 0x00, 0x00, 0x00, 0x00, 0x00,
    0xf8, 0xfc, 0xf8, 0x00, 0xf8, 0xfc, 0xf8, 0x04, 0x00, 0x00, 0x00, 0x00,
    0x00, 0x00, 0x00, 0x00, 0x00, 0x00, 0x00, 0x00, 0x00, 0x00, 0x00, 0x00,
    0x00, 0x00, 0x00, 0x00, 0x00, 0x00, 0x00, 0x00, 0x00, 0x00, 0x00, 0x00,
    0x00, 0x00, 0x00, 0x00, 0x00, 0x00, 0x00, 0x00, 0x00, 0x00, 0x00, 0x00,
    0x00, 0x00, 0x00, 0x00, 0x00, 0x00, 0x00, 0x00, 0x00, 0x00, 0x00, 0x00,
    0x00, 0x00, 0x00, 0x00, 0x00, 0x00, 0x00, 0x00, 0x00, 0x00, 0x00, 0x00,
    0x00, 0x00, 0x00, 0x00, 0x00, 0x00, 0x00, 0x00, 0x00, 0x00, 0x00, 0x00,
    0x00, 0x00, 0x00, 0x00, 0x00, 0x00, 0x00, 0x00, 0x00, 0x00, 0x00, 0x00,
    0x00, 0x00, 0x00, 0x00, 0x00, 0x00, 0x00, 0x00, 0x00, 0x00, 0x00, 0x00,
    0x00, 0x00, 0x00, 0x00, 0x00, 0x00, 0x00, 0x00, 0x00, 0x00, 0x00, 0x00,
    0x00, 0x00, 0x00, 0x00, 0x00, 0x00, 0x00, 0x00, 0x00, 0x00, 0x00, 0x00,
    0x00, 0x00, 0x00, 0x00, 0xf8, 0xfc, 0xf8, 0x04, 0xf8, 0xfc, 0xf8, 0x00,
    0x00, 0x00, 0x00, 0x00, 0x00, 0x00, 0x00, 0x00, 0x00, 0x00, 0x00, 0x00,
    0x00, 0x00, 0x00, 0x00, 0x00, 0x00, 0x00, 0x00, 0x00, 0x00, 0x00, 0x00,
    0x00, 0x00, 0x00, 0x00, 0x00, 0x00, 0x00, 0x00, 0x00, 0x00, 0x00, 0x00,
    0x00, 0x00, 0x00, 0x00, 0x00, 0x00, 0x00, 0x00, 0x00, 0x00, 0x00, 0x00,
    0x00, 0x00, 0x00, 0x00, 0x00, 0x00, 0x00, 0x00, 0x00, 0x00, 0x00, 0x00,
    0x00, 0x00, 0x00, 0x00, 0x00, 0x00, 0x00, 0x00, 0x00, 0x00, 0x00, 0x00,
    0x00, 0x00, 0x00, 0x00, 0x00, 0x00, 0x00, 0x00, 0x00, 0x00, 0x00, 0x00,
    0x00, 0x00, 0x00, 0x00, 0x00, 0x00, 0x00, 0x00, 0x00, 0x00, 0x00, 0x00,
    0x00, 0x00, 0x00, 0x00, 0x00, 0x00, 0x00, 0x00, 0x00, 0x00, 0x00, 0x00,
    0x00, 0x00, 0x00, 0x00, 0x00, 0x00, 0x00, 0x00, 0x00, 0x00, 0x00, 0x00,
    0x00, 0x00, 0x00, 0x00, 0x00, 0x00, 0x00, 0x00, 0x00, 0x00, 0x00, 0x00,
    0x00, 0x00, 0x00, 0x00, 0x00, 0x00, 0x00, 0x00, 0x00, 0x00, 0x00, 0x00,
    0x00, 0x00, 0x00, 0x00, 0x00, 0x00, 0x00, 0x00, 0xf8, 0xfc, 0xf8, 0x00,
    0xf8, 0xfc, 0xf8, 0x00, 0xf8, 0xfc, 0xf8, 0x00, 0xf8, 0xfc, 0xf8, 0x00,
    0xf8, 0xfc, 0xf8, 0x00, 0xf8, 0xfc, 0xf8, 0x00, 0xf8, 0xfc, 0xf8, 0x00,
    0xf8, 0xfc, 0xf8, 0x00, 0xf8, 0xfc, 0xf8, 0x00, 0xf8, 0xfc, 0xf8, 0x00,
    0xf8, 0xfc, 0xf8, 0x00, 0xf8, 0xfc, 0xf8, 0x00, 0xf8, 0xfc, 0xf8, 0x00,
    0xf8, 0xfc, 0xf8, 0x00, 0xf8, 0xfc, 0xf8, 0x00, 0xf8, 0xfc, 0xf8, 0x00,
    0xf8, 0xfc, 0xf8, 0x00, 0xf8, 0xfc, 0xf8, 0x00, 0xf8, 0xfc, 0xf8, 0x00,
    0xf8, 0xfc, 0xf8, 0x00, 0xf8, 0xfc, 0xf8, 0x00, 0xf8, 0xfc, 0xf8, 0x00,
    0xf8, 0xfc, 0xf8, 0x00, 0xf8, 0xfc, 0xf8, 0x00, 0xf8, 0xfc, 0xf8, 0x00,
    0xf8, 0xfc, 0xf8, 0x00, 0xf8, 0xfc, 0xf8, 0x00, 0xf8, 0xfc, 0xf8, 0x00,
    0xf8, 0xfc, 0xf8, 0x00, 0xf8, 0xfc, 0xf8, 0x00, 0xf8, 0xfc, 0xf8, 0x00,
    0xf8, 0xfc, 0xf8, 0x00, 0x00, 0x00, 0x00, 0x00, 0x00, 0x00, 0x00, 0x00,
    0x00, 0x00, 0x00, 0x00, 0x00, 0x00, 0x00, 0x00, 0x00, 0x00, 0x00, 0x00,
    0x00, 0x00, 0x00, 0x00, 0x00, 0x00, 0x00, 0x00, 0x00, 0x00, 0x00, 0x00,
    0x00, 0x00, 0x00, 0x00, 0x00, 0x00, 0x00, 0x00, 0x00, 0x00, 0x00, 0x00,
    0x00, 0x00, 0x00, 0x00, 0x00, 0x00, 0x00, 0x00, 0x00, 0x00, 0x00, 0x00,
    0x00, 0x00, 0x00, 0x00, 0x00, 0x00, 0x00, 0x00, 0x00, 0x00, 0x00, 0x00,
    0x00, 0x00, 0x00, 0x00, 0x00, 0x00, 0x00, 0x00, 0x00, 0x00, 0x00, 0x00,
    0x00, 0x00, 0x00, 0x00, 0x00, 0x00, 0x00, 0x00, 0x00, 0x00, 0x00, 0x00,
    0x00, 0x00, 0x00, 0x00, 0x00, 0x00, 0x00, 0x00, 0x00, 0x00, 0x00, 0x00,
    0x00, 0x00, 0x00, 0x00, 0x00, 0x00, 0x00, 0x00, 0x00, 0x00, 0x00, 0x00,
    0x00, 0x00, 0x00, 0x00, 0x00, 0x00, 0x00, 0x00, 0x00, 0x00, 0x00, 0x00,
    0x00, 0x00, 0x00, 0x00, 0x00, 0x00, 0x00, 0x00, 0x00, 0x00, 0x00, 0x00,
    0x00, 0x00, 0x00, 0x00, 0x00, 0x00, 0x00, 0x00, 0x00, 0x00, 0x00, 0x00,
    0x00, 0x00, 0x00, 0x00, 0x00, 0x00, 0x00, 0x00, 0x00, 0x00, 0x00, 0x00,
    0x00, 0x00, 0x00, 0x00, 0x00, 0x00, 0x00, 0x00, 0x00, 0x00, 0x00, 0x00,
    0x00, 0x00, 0x00, 0x00, 0x00, 0x00, 0x00, 0x00, 0x00, 0x00, 0x00, 0x00,
    0x00, 0x00, 0x00, 0x00, 0x00, 0x00, 0x00, 0x00, 0x00, 0x00, 0x00, 0x00,
    0x00, 0x00, 0x00, 0x00, 0x00, 0x00, 0x00, 0x00, 0x00, 0x00, 0x00, 0x00,
    0x00, 0x00, 0x00, 0x00, 0x00, 0x00, 0x00, 0x00, 0x00, 0x00, 0x00, 0x00,
    0x00, 0x00, 0x00, 0x00, 0x00, 0x00, 0x00, 0x00, 0x00, 0x00, 0x00, 0x00,
    0x00, 0x00, 0x00, 0x00, 0x00, 0x00, 0x00, 0x00, 0x00, 0x00, 0x00, 0x00,
    0x00, 0x00, 0x00, 0x00, 0x00, 0x00, 0x00, 0x00, 0x00, 0x00, 0x00, 0x00,
    0x00, 0x00, 0x00, 0x00, 0x00, 0x00, 0x00, 0x00, 0x00, 0x00, 0x00, 0x00,
    0x00, 0x00, 0x00, 0x00, 0x00, 0x00, 0x00, 0x00, 0x00, 0x00, 0x00, 0x00,
    0x00, 0x00, 0x00, 0x00, 0x00, 0x00, 0x00, 0x00, 0x00, 0x00, 0x00, 0x00,
    0x00, 0x00, 0x00, 0x00, 0x00, 0x00, 0x00, 0x00, 0x00, 0x00, 0x00, 0x00,
    0x00, 0x00, 0x00, 0x00, 0x00, 0x00, 0x00, 0x00, 0x00, 0x00, 0x00, 0x00,
    0x00, 0x00, 0x00, 0x00, 0x00, 0x00, 0x00, 0x00, 0x00, 0x00, 0x00, 0x00,
    0x00, 0x00, 0x00, 0x00, 0x00, 0x00, 0x00, 0x00, 0x00, 0x00, 0x00, 0x00,
    0x00, 0x00, 0x00, 0x00, 0x00, 0x00, 0x00, 0x00, 0x00, 0x00, 0x00, 0x00,
    0x00, 0x00, 0x00, 0x00, 0x00, 0x00, 0x00, 0x00, 0x00, 0x00, 0x00, 0x00,
    0x00, 0x00, 0x00, 0x00, 0x00, 0x00, 0x00, 0x00, 0x00, 0x00, 0x00, 0x00,
    0x00, 0x00, 0x00, 0x00, 0x00, 0x00, 0x00, 0x00, 0x00, 0x00, 0x00, 0x00,
    0x00, 0x00, 0x00, 0x00, 0x00, 0x00, 0x00, 0x00, 0x00, 0x00, 0x00, 0x00,
    0x00, 0x00, 0x00, 0x00, 0x00, 0x00, 0x00, 0x00, 0x00, 0x00, 0x00, 0x00,
    0x00, 0x00, 0x00, 0x00, 0x00, 0x00, 0x00, 0x00, 0x00, 0x00, 0x00, 0x00,
    0x00, 0x00, 0x00, 0x00, 0x00, 0x00, 0x00, 0x00, 0x00, 0x00, 0x00, 0x00,
    0x00, 0x00, 0x00, 0x00, 0x00, 0x00, 0x00, 0x00, 0x00, 0x00, 0x00, 0x00,
    0x00, 0x00, 0x00, 0x00, 0x00, 0x00, 0x00, 0x00, 0x00, 0x00, 0x00, 0x00,
    0x00, 0x00, 0x00, 0x00, 0x00, 0x00, 0x00, 0x00, 0x00, 0x00, 0x00, 0x00,
    0x00, 0x00, 0x00, 0x00, 0x00, 0x00, 0x00, 0x00, 0x00, 0x00, 0x00, 0x00,
    0x00, 0x00, 0x00, 0x00, 0x00, 0x00, 0x00, 0x00, 0x00, 0x00, 0x00, 0x00,
    0x00, 0x00, 0x00, 0x00, 0x00, 0x00, 0x00, 0x00, 0x00, 0x00, 0x00, 0x00,
    0x00, 0x00, 0x00, 0x00, 0x00, 0x00, 0x00, 0x00, 0x00, 0x00, 0x00, 0x00,
    0x00, 0x00, 0x00, 0x00, 0x00, 0x00, 0x00, 0x00, 0x00, 0x00, 0x00, 0x00,
    0x00, 0x00, 0x00, 0x00, 0x00, 0x00, 0x00, 0x00, 0x00, 0x00, 0x00, 0x00,
    0x00, 0x00, 0x00, 0x00, 0x00, 0x00, 0x00, 0x00, 0x00, 0x00, 0x00, 0x00,
    0x00, 0x00, 0x00, 0x00, 0x00, 0x00, 0x00, 0x00, 0x00, 0x00, 0x00, 0x00,
    0x00, 0x00, 0x00, 0x00, 0x00, 0x00, 0x00, 0x00, 0x00, 0x00, 0x00, 0x00,
    0x00, 0x00, 0x00, 0x00, 0x00, 0x00, 0x00, 0x00, 0x00, 0x00, 0x00, 0x00,
    0x00, 0x00, 0x00, 0x00, 0x00, 0x00, 0x00, 0x00, 0x00, 0x00, 0x00, 0x00,
    0x00, 0x00, 0x00, 0x00, 0x00, 0x00, 0x00, 0x00, 0x00, 0x00, 0x00, 0x00,
    0x00, 0x00, 0x00, 0x00, 0x00, 0x00, 0x00, 0x00, 0x00, 0x00, 0x00, 0x00,
    0x00, 0x00, 0x00, 0x00, 0x00, 0x00, 0x00, 0x00, 0x00, 0x00, 0x00, 0x00,
    0x00, 0x00, 0x00, 0x00, 0x00, 0x00, 0x00, 0x00, 0x00, 0x00, 0x00, 0x00,
    0x00, 0x00, 0x00, 0x00, 0x00, 0x00, 0x00, 0x00, 0x00, 0x00, 0x00, 0x00,
    0x00, 0x00, 0x00, 0x00, 0x00, 0x00, 0x00, 0x00, 0x00, 0x00, 0x00, 0x00,
    0x00, 0x00, 0x00, 0x00, 0x00, 0x00, 0x00, 0x00, 0x00, 0x00, 0x00, 0x00,
    0x00, 0x00, 0x00, 0x00, 0x00, 0x00, 0x00, 0x00, 0x00, 0x00, 0x00, 0x00,
    0x00, 0x00, 0x00, 0x00, 0x00, 0x00, 0x00, 0x00, 0x00, 0x00, 0x00, 0x00,
    0x00, 0x00, 0x00, 0x00, 0x00, 0x00, 0x00, 0x00, 0x00, 0x00, 0x00, 0x00,
    0x00, 0x00, 0x00, 0x00, 0x00, 0x00, 0x00, 0x00, 0x00, 0x00, 0x00, 0x00,
    0x00, 0x00, 0x00, 0x00, 0x00, 0x00, 0x00, 0x00, 0x00, 0x00, 0x00, 0x00,
    0x00, 0x00, 0x00, 0x00, 0x00, 0x00, 0x00, 0x00, 0x00, 0x00, 0x00, 0x00,
    0x00, 0x00, 0x00, 0x00, 0x00, 0x00, 0x00, 0x00, 0x00, 0x00, 0x00, 0x00,
    0x00, 0x00, 0x00, 0x00, 0x00, 0x00, 0x00, 0x00, 0x00, 0x00, 0x00, 0x00,
    0x00, 0x00, 0x00, 0x00, 0x00, 0x00, 0x00, 0x00, 0x00, 0x00, 0x00, 0x00,
    0x00, 0x00, 0x00, 0x00, 0x00, 0x00, 0x00, 0x00, 0x00, 0x00, 0x00, 0x00,
    0x00, 0x00, 0x00, 0x00, 0x00, 0x00, 0x00, 0x00, 0x00, 0x00, 0x00, 0x00,
    0x00, 0x00, 0x00, 0x00, 0x00, 0x00, 0x00, 0x00, 0x00, 0x00, 0x00, 0x00,
    0x00, 0x00, 0x00, 0x00, 0x00, 0x00, 0x00, 0x00, 0x00, 0x00, 0x00, 0x00,
    0x00, 0x00, 0x00, 0x00, 0x00, 0x00, 0x00, 0x00, 0x00, 0x00, 0x00, 0x00,
    0x00, 0x00, 0x00, 0x00, 0x00, 0x00, 0x00, 0x00, 0x00, 0x00, 0x00, 0x00,
    0x00, 0x00, 0x00, 0x00, 0x00, 0x00, 0x00, 0x00, 0x00, 0x00, 0x00, 0x00,
    0x00, 0x00, 0x00, 0x00, 0x00, 0x00, 0x00, 0x00, 0x00, 0x00, 0x00, 0x00,
    0x00, 0x00, 0x00, 0x00, 0x00, 0x00, 0x00, 0x00, 0x00, 0x00, 0x00, 0x00,
    0x00, 0x00, 0x00, 0x00, 0x00, 0x00, 0x00, 0x00, 0x00, 0x00, 0x00, 0x00,
    0x00, 0x00, 0x00, 0x00, 0x00, 0x00, 0x00, 0x00, 0x00, 0x00, 0x00, 0x00,
    0x00, 0x00, 0x00, 0x00, 0x00, 0x00, 0x00, 0x00, 0x00, 0x00, 0x00, 0x00,
    0x00, 0x00, 0x00, 0x00, 0x00, 0x00, 0x00, 0x00, 0x00, 0x00, 0x00, 0x00,
    0x00, 0x00, 0x00, 0x00, 0x00, 0x00, 0x00, 0x00, 0x00, 0x00, 0x00, 0x00,
    0x00, 0x00, 0x00, 0x00, 0x00, 0x00, 0x00, 0x00, 0x00, 0x00, 0x00, 0x00,
    0x00, 0x00, 0x00, 0x00, 0x00, 0x00, 0x00, 0x00, 0x00, 0x00, 0x00, 0x00,
    0x00, 0x00, 0x00, 0x00, 0x00, 0x00, 0x00, 0x00, 0x00, 0x00, 0x00, 0x00,
    0x00, 0x00, 0x00, 0x00, 0x00, 0x00, 0x00, 0x00, 0x00, 0x00, 0x00, 0x00,
    0x00, 0x00, 0x00, 0x00, 0x00, 0x00, 0x00, 0x00, 0x00, 0x00, 0x00, 0x00,
    0x00, 0x00, 0x00, 0x00, 0x00, 0x00, 0x00, 0x00, 0x00, 0x00, 0x00, 0x00,
    0x00, 0x00, 0x00, 0x00, 0x00, 0x00, 0x00, 0x00, 0x00, 0x00, 0x00, 0x00,
    0x00, 0x00, 0x00, 0x00, 0x00, 0x00, 0x00, 0x00, 0x00, 0x00, 0x00, 0x00,
    0x00, 0x00, 0x00, 0x00, 0x00, 0x00, 0x00, 0x00, 0x00, 0x00, 0x00, 0x00,
    0x00, 0x00, 0x00, 0x00, 0x00, 0x00, 0x00, 0x00, 0x00, 0x00, 0x00, 0x00,
    0x00, 0x00, 0x00, 0x00, 0x00, 0x00, 0x00, 0x00, 0x00, 0x00, 0x00, 0x00,
    0x00, 0x00, 0x00, 0x00, 0x00, 0x00, 0x00, 0x00, 0x00, 0x00, 0x00, 0x00,
    0x00, 0x00, 0x00, 0x00, 0x00, 0x00, 0x00, 0x00, 0x00, 0x00, 0x00, 0x00,
    0x00, 0x00, 0x00, 0x00, 0x00, 0x00, 0x00, 0x00, 0x00, 0x00, 0x00, 0x00,
    0x00, 0x00, 0x00, 0x00, 0x00, 0x00, 0x00, 0x00, 0x00, 0x00, 0x00, 0x00,
    0x00, 0x00, 0x00, 0x00, 0x00, 0x00, 0x00, 0x00, 0x00, 0x00, 0x00, 0x00,
    0x00, 0x00, 0x00, 0x00, 0x00, 0x00, 0x00, 0x00, 0x00, 0x00, 0x00, 0x00,
    0x00, 0x00, 0x00, 0x00, 0x00, 0x00, 0x00, 0x00, 0x00, 0x00, 0x00, 0x00,
    0x00, 0x00, 0x00, 0x00, 0x00, 0x00, 0x00, 0x00, 0x00, 0x00, 0x00, 0x00,
    0x00, 0x00, 0x00, 0x00, 0x00, 0x00, 0x00, 0x00, 0x00, 0x00, 0x00, 0x00,
    0x00, 0x00, 0x00, 0x00, 0x00, 0x00, 0x00, 0x00, 0x00, 0x00, 0x00, 0x00,
    0x00, 0x00, 0x00, 0x00, 0x00, 0x00, 0x00, 0x00, 0x00, 0x00, 0x00, 0x00,
    0x00, 0x00, 0x00, 0x00, 0x00, 0x00, 0x00, 0x00, 0x00, 0x00, 0x00, 0x00,
    0x00, 0x00, 0x00, 0x00, 0x00, 0x00, 0x00, 0x00, 0x00, 0x00, 0x00, 0x00,
    0x00, 0x00, 0x00, 0x00, 0x00, 0x00, 0x00, 0x00, 0x00, 0x00, 0x00, 0x00,
    0x00, 0x00, 0x00, 0x00, 0x00, 0x00, 0x00, 0x00, 0x00, 0x00, 0x00, 0x00,
    0x00, 0x00, 0x00, 0x00, 0x00, 0x00, 0x00, 0x00, 0x00, 0x00, 0x00, 0x00,
    0x00, 0x00, 0x00, 0x00, 0x00, 0x00, 0x00, 0x00, 0x00, 0x00, 0x00, 0x00,
    0x00, 0x00, 0x00, 0x00, 0x00, 0x00, 0x00, 0x00, 0x00, 0x00, 0x00, 0x00,
    0x00, 0x00, 0x00, 0x00, 0x00, 0x00, 0x00, 0x00, 0x00, 0x00, 0x00, 0x00,
    0x00, 0x00, 0x00, 0x00, 0x00, 0x00, 0x00, 0x00, 0x00, 0x00, 0x00, 0x00,
    0x00, 0x00, 0x00, 0x00, 0x00, 0x00, 0x00, 0x00, 0x00, 0x00, 0x00, 0x00,
    0x00, 0x00, 0x00, 0x00, 0x00, 0x00, 0x00, 0x00, 0x00, 0x00, 0x00, 0x00,
    0x00, 0x00, 0x00, 0x00, 0x00, 0x00, 0x00, 0x00, 0x00, 0x00, 0x00, 0x00,
    0x00, 0x00, 0x00, 0x00, 0x00, 0x00, 0x00, 0x00, 0x00, 0x00, 0x00, 0x00,
    0x00, 0x00, 0x00, 0x00, 0x00, 0x00, 0x00, 0x00, 0x00, 0x00, 0x00, 0x00,
    0x00, 0x00, 0x00, 0x00, 0x00, 0x00, 0x00, 0x00, 0x00, 0x00, 0x00, 0x00,
    0x00, 0x00, 0x00, 0x00, 0x00, 0x00, 0x00, 0x00, 0x00, 0x00, 0x00, 0x00,
    0x00, 0x00, 0x00, 0x00, 0x00, 0x00, 0x00, 0x00, 0x00, 0x00, 0x00, 0x00,
    0x00, 0x00, 0x00, 0x00, 0x00, 0x00, 0x00, 0x00, 0x00, 0x00, 0x00, 0x00,
    0x00, 0x00, 0x00, 0x00, 0x00, 0x00, 0x00, 0x00, 0x00, 0x00, 0x00, 0x00,
    0x00, 0x00, 0x00, 0x00, 0x00, 0x00, 0x00, 0x00, 0x00, 0x00, 0x00, 0x00,
    0x00, 0x00, 0x00, 0x00, 0x00, 0x00, 0x00, 0x00, 0x00, 0x00, 0x00, 0x00,
    0x00, 0x00, 0x00, 0x00, 0x00, 0x00, 0x00, 0x00, 0x00, 0x00, 0x00, 0x00,
    0x00, 0x00, 0x00, 0x00, 0x00, 0x00, 0x00, 0x00, 0x00, 0x00, 0x00, 0x00,
    0x00, 0x00, 0x00, 0x00, 0x00, 0x00, 0x00, 0x00, 0x00, 0x00, 0x00, 0x00,
    0x00, 0x00, 0x00, 0x00, 0x00, 0x00, 0x00, 0x00, 0x00, 0x00, 0x00, 0x00,
    0x00, 0x00, 0x00, 0x00, 0x00, 0x00, 0x00, 0x00, 0x00, 0x00, 0x00, 0x00,
    0x00, 0x00, 0x00, 0x00, 0x00, 0x00, 0x00, 0x00, 0x00, 0x00, 0x00, 0x00,
    0x00, 0x00, 0x00, 0x00, 0x00, 0x00, 0x00, 0x00, 0x00, 0x00, 0x00, 0x00,
    0x00, 0x00, 0x00, 0x00, 0x00, 0x00, 0x00, 0x00, 0x00, 0x00, 0x00, 0x00,
    0x00, 0x00, 0x00, 0x00, 0x00, 0x00, 0x00, 0x00, 0x00, 0x00, 0x00, 0x00,
    0x00, 0x00, 0x00, 0x00, 0x00, 0x00, 0x00, 0x00, 0x00, 0x00, 0x00, 0x00,
    0x00, 0x00, 0x00, 0x00, 0x00, 0x00, 0x00, 0x00, 0x00, 0x00, 0x00, 0x00,
    0x00, 0x00, 0x00, 0x00, 0x00, 0x00, 0x00, 0x00, 0x00, 0x00, 0x00, 0x00,
    0x00, 0x00, 0x00, 0x00, 0x00, 0x00, 0x00, 0x00, 0x00, 0x00, 0x00, 0x00,
    0x00, 0x00, 0x00, 0x00, 0x00, 0x00, 0x00, 0x00, 0x00, 0x00, 0x00, 0x00,
    0x00, 0x00, 0x00, 0x00, 0x00, 0x00, 0x00, 0x00, 0x00, 0x00, 0x00, 0x00,
    0x00, 0x00, 0x00, 0x00, 0x00, 0x00, 0x00, 0x00, 0x00, 0x00, 0x00, 0x00,
    0x00, 0x00, 0x00, 0x00, 0x00, 0x00, 0x00, 0x00, 0x00, 0x00, 0x00, 0x00,
    0x00, 0x00, 0x00, 0x00, 0x00, 0x00, 0x00, 0x00, 0x00, 0x00, 0x00, 0x00,
    0x00, 0x00, 0x00, 0x00, 0x00, 0x00, 0x00, 0x00, 0x00, 0x00, 0x00, 0x00,
    0x00, 0x00, 0x00, 0x00, 0x00, 0x00, 0x00, 0x00, 0x00, 0x00, 0x00, 0x00,
    0x00, 0x00, 0x00, 0x00, 0x00, 0x00, 0x00, 0x00, 0x00, 0x00, 0x00, 0x00,
    0x00, 0x00, 0x00, 0x00, 0x00, 0x00, 0x00, 0x00, 0x00, 0x00, 0x00, 0x00,
    0x00, 0x00, 0x00, 0x00, 0x00, 0x00, 0x00, 0x00, 0x00, 0x00, 0x00, 0x00,
    0x00, 0x00, 0x00, 0x00, 0x00, 0x00, 0x00, 0x00, 0x00, 0x00, 0x00, 0x00,
    0x00, 0x00, 0x00, 0x00, 0x00, 0x00, 0x00, 0x00, 0x00, 0x00, 0x00, 0x00,
    0x00, 0x00, 0x00, 0x00, 0x00, 0x00, 0x00, 0x00, 0x00, 0x00, 0x00, 0x00,
    0x00, 0x00, 0x00, 0x00, 0x00, 0x00, 0x00, 0x00, 0x00, 0x00, 0x00, 0x00
};
