// 4.26.0 0xf4795d30 D2 AY R0 FARGB8888 U565 N0 SIntFlashSection
// Generated by imageconverter. Please, do not edit!

#include <touchgfx/hal/Config.hpp>

LOCATION_PRAGMA("IntFlashSection")
KEEP extern const unsigned char image_self_bandy_logo[] LOCATION_ATTRIBUTE("IntFlashSection") = { // 180x41 ARGB8888 pixels.
    0x00, 0x00, 0x00, 0x00, 0x00, 0x00, 0x00, 0x00, 0x00, 0x00, 0x00, 0x00,
    0x00, 0x00, 0x00, 0x00, 0x00, 0x00, 0x00, 0x00, 0x00, 0x00, 0x00, 0x00,
    0x00, 0x00, 0x00, 0x00, 0x00, 0x00, 0x00, 0x00, 0x00, 0x00, 0x00, 0x00,
    0x00, 0x00, 0x00, 0x00, 0x00, 0x00, 0x00, 0x00, 0x00, 0x00, 0x00, 0x00,
    0x00, 0x00, 0x00, 0x00, 0x00, 0x00, 0x00, 0x00, 0x00, 0x00, 0x00, 0x00,
    0x00, 0x00, 0x00, 0x00, 0x00, 0x00, 0x00, 0x00, 0x00, 0x00, 0x00, 0x00,
    0x00, 0x00, 0x00, 0x00, 0x00, 0x00, 0x00, 0x00, 0x00, 0x00, 0x00, 0x00,
    0x00, 0x00, 0x00, 0x00, 0x00, 0x00, 0x00, 0x00, 0x00, 0x00, 0x00, 0x00,
    0x00, 0x00, 0x00, 0x00, 0x00, 0x00, 0x00, 0x00, 0x00, 0x00, 0x00, 0x00,
    0x00, 0x00, 0x00, 0x00, 0x00, 0x00, 0x00, 0x00, 0x00, 0x00, 0x00, 0x00,
    0x00, 0x00, 0x00, 0x00, 0x00, 0x00, 0x00, 0x00, 0x00, 0x00, 0x00, 0x00,
    0x00, 0x00, 0x00, 0x00, 0x00, 0x00, 0x00, 0x00, 0x00, 0x00, 0x00, 0x00,
    0x00, 0x00, 0x00, 0x00, 0x00, 0x00, 0x00, 0x00, 0x00, 0x00, 0x00, 0x00,
    0x00, 0x00, 0x00, 0x00, 0x00, 0x00, 0x00, 0x00, 0x00, 0x00, 0x00, 0x00,
    0x00, 0x00, 0x00, 0x00, 0x00, 0x00, 0x00, 0x00, 0x00, 0x00, 0x00, 0x00,
    0x00, 0x00, 0x00, 0x00, 0x00, 0x00, 0x00, 0x00, 0x00, 0x00, 0x00, 0x00,
    0x00, 0x00, 0x00, 0x00, 0x00, 0x00, 0x00, 0x00, 0x00, 0x00, 0x00, 0x00,
    0x00, 0x00, 0x00, 0x00, 0x00, 0x00, 0x00, 0x00, 0x00, 0x00, 0x00, 0x00,
    0x00, 0x00, 0x00, 0x00, 0x00, 0x00, 0x00, 0x00, 0x00, 0x00, 0x00, 0x00,
    0x00, 0x00, 0x00, 0x00, 0x00, 0x00, 0x00, 0x00, 0x00, 0x00, 0x00, 0x00,
    0x00, 0x00, 0x00, 0x00, 0x00, 0x00, 0x00, 0x00, 0x00, 0x00, 0x00, 0x00,
    0x00, 0x00, 0x00, 0x00, 0x00, 0x00, 0x00, 0x00, 0x00, 0x00, 0x00, 0x00,
    0x00, 0x00, 0x00, 0x00, 0x00, 0x00, 0x00, 0x00, 0x00, 0x00, 0x00, 0x00,
    0x00, 0x00, 0x00, 0x00, 0x00, 0x00, 0x00, 0x00, 0x00, 0x00, 0x00, 0x00,
    0x00, 0x00, 0x00, 0x00, 0x00, 0x00, 0x00, 0x00, 0x00, 0x00, 0x00, 0x00,
    0x00, 0x00, 0x00, 0x00, 0x00, 0x00, 0x00, 0x00, 0x00, 0x00, 0x00, 0x00,
    0x00, 0x00, 0x00, 0x00, 0x00, 0x00, 0x00, 0x00, 0x00, 0x00, 0x00, 0x00,
    0x00, 0x00, 0x00, 0x00, 0x00, 0x00, 0x00, 0x00, 0x00, 0x00, 0x00, 0x00,
    0x00, 0x00, 0x00, 0x00, 0x00, 0x00, 0x00, 0x00, 0x00, 0x00, 0x00, 0x00,
    0x00, 0x00, 0x00, 0x00, 0x00, 0x00, 0x00, 0x00, 0x00, 0x00, 0x00, 0x00,
    0x00, 0x00, 0x00, 0x00, 0x00, 0x00, 0x00, 0x00, 0x00, 0x00, 0x00, 0x00,
    0x00, 0x00, 0x00, 0x00, 0x00, 0x00, 0x00, 0x00, 0x00, 0x00, 0x00, 0x00,
    0x00, 0x00, 0x00, 0x00, 0x00, 0x00, 0x00, 0x00, 0x00, 0x00, 0x00, 0x00,
    0x00, 0x00, 0x00, 0x00, 0x00, 0x00, 0x00, 0x00, 0x00, 0x00, 0x00, 0x00,
    0x00, 0x00, 0x00, 0x00, 0x00, 0x00, 0x00, 0x00, 0x00, 0x00, 0x00, 0x00,
    0x00, 0x00, 0x00, 0x00, 0x00, 0x00, 0x00, 0x00, 0x00, 0x00, 0x00, 0x00,
    0x00, 0x00, 0x00, 0x00, 0x00, 0x00, 0x00, 0x00, 0x00, 0x00, 0x00, 0x00,
    0x00, 0x00, 0x00, 0x00, 0x00, 0x00, 0x00, 0x00, 0x00, 0x00, 0x00, 0x00,
    0x00, 0x00, 0x00, 0x00, 0x00, 0x00, 0x00, 0x00, 0x00, 0x00, 0x00, 0x00,
    0x00, 0x00, 0x00, 0x00, 0x00, 0x00, 0x00, 0x00, 0x00, 0x00, 0x00, 0x00,
    0x00, 0x00, 0x00, 0x00, 0x00, 0x00, 0x00, 0x00, 0x00, 0x00, 0x00, 0x00,
    0x00, 0x00, 0x00, 0x00, 0x00, 0x00, 0x00, 0x00, 0x00, 0x00, 0x00, 0x00,
    0x00, 0x00, 0x00, 0x00, 0x00, 0x00, 0x00, 0x00, 0x00, 0x00, 0x00, 0x00,
    0x00, 0x00, 0x00, 0x00, 0x00, 0x00, 0x00, 0x00, 0x00, 0x00, 0x00, 0x00,
    0x00, 0x00, 0x00, 0x00, 0x00, 0x00, 0x00, 0x00, 0x00, 0x00, 0x00, 0x00,
    0x00, 0x00, 0x00, 0x00, 0x00, 0x00, 0x00, 0x00, 0x00, 0x00, 0x00, 0x00,
    0x00, 0x00, 0x00, 0x00, 0x00, 0x00, 0x00, 0x00, 0x00, 0x00, 0x00, 0x00,
    0x00, 0x00, 0x00, 0x00, 0x00, 0x00, 0x00, 0x00, 0x00, 0x00, 0x00, 0x00,
    0x00, 0x00, 0xf8, 0x00, 0x00, 0x00, 0x00, 0x00, 0x00, 0x00, 0x00, 0x00,
    0x00, 0x00, 0x00, 0x00, 0x00, 0x00, 0x00, 0x00, 0x00, 0x00, 0x00, 0x00,
    0x00, 0x00, 0x00, 0x00, 0x00, 0x00, 0x00, 0x00, 0x00, 0x00, 0x00, 0x00,
    0x00, 0x00, 0x00, 0x00, 0x00, 0x00, 0x00, 0x00, 0x58, 0xa8, 0xf8, 0x04,
    0x20, 0xa0, 0xe0, 0x08, 0x28, 0xa4, 0xe8, 0x34, 0x28, 0xa4, 0xf0, 0x82,
    0x28, 0xa8, 0xf0, 0x96, 0x28, 0xa8, 0xf0, 0xc3, 0x28, 0xa4, 0xf0, 0xba,
    0x28, 0xa8, 0xf0, 0xba, 0x28, 0xa8, 0xf0, 0xbe, 0x28, 0xa8, 0xf0, 0xb2,
    0x28, 0xa8, 0xf0, 0x96, 0x28, 0xa8, 0xf0, 0x71, 0x28, 0xac, 0xf8, 0x20,
    0x20, 0xb4, 0xf8, 0x08, 0x00, 0x80, 0xf8, 0x04, 0x00, 0x00, 0x00, 0x00,
    0x00, 0x00, 0x00, 0x00, 0x00, 0x00, 0x00, 0x00, 0x00, 0x00, 0x00, 0x00,
    0x00, 0x00, 0x00, 0x00, 0x00, 0x00, 0x00, 0x00, 0x00, 0x00, 0x00, 0x00,
    0x00, 0x00, 0x00, 0x00, 0x00, 0x00, 0x00, 0x00, 0x00, 0x00, 0x00, 0x00,
    0x00, 0x00, 0x00, 0x00, 0x00, 0x00, 0x00, 0x00, 0x00, 0x00, 0x00, 0x00,
    0x00, 0x00, 0x00, 0x00, 0x00, 0x00, 0x00, 0x00, 0x00, 0x00, 0x00, 0x00,
    0x00, 0x00, 0x00, 0x00, 0x00, 0x00, 0x00, 0x00, 0x00, 0x00, 0x00, 0x00,
    0x00, 0x00, 0x00, 0x00, 0x00, 0x00, 0x00, 0x00, 0x00, 0x00, 0x00, 0x00,
    0x00, 0x00, 0x00, 0x00, 0x00, 0x00, 0x00, 0x00, 0x00, 0x00, 0x00, 0x00,
    0x00, 0x00, 0x00, 0x00, 0x00, 0x00, 0x00, 0x00, 0x00, 0x00, 0x00, 0x00,
    0x00, 0x00, 0x00, 0x00, 0x00, 0x00, 0x00, 0x00, 0x00, 0x00, 0x00, 0x00,
    0x00, 0x00, 0x00, 0x00, 0x00, 0x00, 0x00, 0x00, 0x00, 0x00, 0x00, 0x00,
    0x00, 0x00, 0x00, 0x00, 0x00, 0x00, 0x00, 0x00, 0x00, 0x00, 0x00, 0x00,
    0x00, 0x00, 0x00, 0x00, 0x00, 0x00, 0x00, 0x00, 0x00, 0x00, 0x00, 0x00,
    0x00, 0x00, 0x00, 0x00, 0x00, 0x00, 0x00, 0x00, 0x00, 0x00, 0x00, 0x00,
    0x00, 0x00, 0x00, 0x00, 0x00, 0x00, 0x00, 0x00, 0x00, 0x00, 0x00, 0x00,
    0x00, 0x00, 0x00, 0x00, 0x00, 0x00, 0x00, 0x00, 0x00, 0x00, 0x00, 0x00,
    0x00, 0x00, 0x00, 0x00, 0x00, 0x00, 0x00, 0x00, 0x00, 0x00, 0x00, 0x00,
    0x00, 0x00, 0x00, 0x00, 0x00, 0x00, 0x00, 0x00, 0x00, 0x00, 0x00, 0x00,
    0x00, 0x00, 0x00, 0x00, 0x00, 0x00, 0x00, 0x00, 0x00, 0x00, 0x00, 0x00,
    0x00, 0x00, 0x00, 0x00, 0x00, 0x00, 0x00, 0x00, 0x00, 0x00, 0x00, 0x00,
    0x00, 0x00, 0x00, 0x00, 0x00, 0x00, 0x00, 0x00, 0x00, 0x00, 0x00, 0x00,
    0x00, 0x00, 0x00, 0x00, 0x00, 0x00, 0x00, 0x00, 0x00, 0x00, 0x00, 0x00,
    0x00, 0x00, 0x00, 0x00, 0x00, 0x00, 0x00, 0x00, 0x00, 0x00, 0x00, 0x00,
    0x00, 0x00, 0x00, 0x00, 0x00, 0x00, 0x00, 0x00, 0x00, 0x00, 0x00, 0x00,
    0x00, 0x00, 0x00, 0x00, 0x00, 0x00, 0x00, 0x00, 0x00, 0x00, 0x00, 0x00,
    0x00, 0x00, 0x00, 0x00, 0x00, 0x00, 0x00, 0x00, 0x00, 0x00, 0x00, 0x00,
    0x00, 0x00, 0x00, 0x00, 0x00, 0x00, 0x00, 0x00, 0x00, 0x00, 0x00, 0x00,
    0x00, 0x00, 0x00, 0x00, 0x00, 0x00, 0x00, 0x00, 0x00, 0x00, 0x00, 0x00,
    0x00, 0x00, 0x00, 0x00, 0x00, 0x00, 0x00, 0x00, 0x00, 0x00, 0x00, 0x00,
    0x00, 0x00, 0x00, 0x00, 0x00, 0x00, 0x00, 0x00, 0x00, 0x00, 0x00, 0x00,
    0x00, 0x00, 0x00, 0x00, 0x00, 0x00, 0x00, 0x00, 0x00, 0x00, 0x00, 0x00,
    0x00, 0x00, 0x00, 0x00, 0x00, 0x00, 0x00, 0x00, 0x00, 0x00, 0x00, 0x00,
    0x00, 0x00, 0x00, 0x00, 0x00, 0x00, 0x00, 0x00, 0x00, 0x00, 0x00, 0x00,
    0x00, 0x00, 0x00, 0x00, 0x00, 0x00, 0x00, 0x00, 0x00, 0x00, 0x00, 0x00,
    0x00, 0x00, 0x00, 0x00, 0x00, 0x00, 0x00, 0x00, 0x00, 0x00, 0x00, 0x00,
    0x00, 0x00, 0x00, 0x00, 0x00, 0x00, 0x00, 0x00, 0x00, 0x00, 0x00, 0x00,
    0x00, 0x00, 0x00, 0x00, 0x00, 0x00, 0x00, 0x00, 0x00, 0x00, 0x00, 0x00,
    0x00, 0x00, 0x00, 0x00, 0x00, 0x00, 0x00, 0x00, 0x00, 0x00, 0x00, 0x00,
    0x00, 0x00, 0x00, 0x00, 0x00, 0x00, 0x00, 0x00, 0x00, 0x00, 0x00, 0x00,
    0x00, 0x00, 0x00, 0x00, 0x00, 0x00, 0x00, 0x00, 0x00, 0x00, 0x00, 0x00,
    0x00, 0x00, 0x00, 0x00, 0x00, 0x00, 0x00, 0x00, 0x00, 0x00, 0x00, 0x00,
    0x00, 0x00, 0x00, 0x00, 0x00, 0x00, 0x00, 0x00, 0x00, 0x00, 0x00, 0x00,
    0x00, 0x00, 0x00, 0x00, 0x00, 0x00, 0x00, 0x00, 0x00, 0x00, 0x00, 0x00,
    0x00, 0x00, 0x00, 0x00, 0x00, 0x00, 0x00, 0x00, 0x00, 0x00, 0x00, 0x00,
    0x00, 0x00, 0x00, 0x00, 0x00, 0x00, 0x00, 0x00, 0x00, 0x00, 0x00, 0x00,
    0x00, 0x00, 0x00, 0x00, 0x00, 0x00, 0x00, 0x00, 0x00, 0x00, 0x00, 0x00,
    0x00, 0x00, 0x00, 0x00, 0x00, 0x00, 0x00, 0x00, 0x00, 0x00, 0x00, 0x00,
    0x00, 0x00, 0x00, 0x00, 0x00, 0x00, 0x00, 0x00, 0x00, 0x00, 0x00, 0x00,
    0x00, 0x00, 0x00, 0x00, 0x00, 0x00, 0x00, 0x00, 0x00, 0x00, 0x00, 0x00,
    0x00, 0x00, 0xf8, 0x00, 0x00, 0xfc, 0xf8, 0x00, 0x00, 0x00, 0xf8, 0x00,
    0x00, 0x00, 0x00, 0x00, 0x00, 0x00, 0x00, 0x00, 0x00, 0x00, 0x00, 0x00,
    0x00, 0x00, 0x00, 0x00, 0x00, 0x00, 0x00, 0x00, 0x00, 0x00, 0x00, 0x00,
    0x00, 0x00, 0x00, 0x00, 0x00, 0x00, 0x00, 0x00, 0x00, 0x00, 0x00, 0x00,
    0x00, 0xfc, 0xf8, 0x00, 0x00, 0x00, 0x00, 0x00, 0x00, 0x00, 0x00, 0x00,
    0x30, 0xa0, 0xe8, 0x0c, 0x28, 0xa8, 0xf0, 0x41, 0x28, 0xa8, 0xf0, 0xa6,
    0x28, 0xa8, 0xf0, 0xe7, 0x28, 0xac, 0xf0, 0xff, 0x28, 0xa8, 0xf0, 0xff,
    0x28, 0xa8, 0xf0, 0xff, 0x30, 0xac, 0xf0, 0xff, 0x28, 0xac, 0xf0, 0xff,
    0x28, 0xac, 0xf8, 0xff, 0x30, 0xac, 0xf0, 0xff, 0x28, 0xac, 0xf0, 0xff,
    0x28, 0xa8, 0xf0, 0xff, 0x28, 0xa8, 0xf0, 0xff, 0x30, 0xac, 0xf8, 0xff,
    0x28, 0xa8, 0xf0, 0xe7, 0x28, 0xa8, 0xf0, 0x96, 0x28, 0xa8, 0xf0, 0x2c,
    0x38, 0xa8, 0xf8, 0x08, 0x00, 0x00, 0x00, 0x00, 0x00, 0x00, 0x00, 0x00,
    0x00, 0xfc, 0xf8, 0x00, 0x00, 0x00, 0x00, 0x00, 0x00, 0x00, 0x00, 0x00,
    0x00, 0x00, 0x00, 0x00, 0x00, 0x00, 0x00, 0x00, 0x00, 0x00, 0x00, 0x00,
    0x00, 0x00, 0x00, 0x00, 0x00, 0x00, 0x00, 0x00, 0x00, 0x00, 0x00, 0x00,
    0x00, 0x00, 0x00, 0x00, 0x00, 0x00, 0x00, 0x00, 0x00, 0x00, 0x00, 0x00,
    0x00, 0x00, 0x00, 0x00, 0x00, 0x00, 0x00, 0x00, 0x00, 0x00, 0x00, 0x00,
    0x00, 0x00, 0x00, 0x00, 0x00, 0x00, 0x00, 0x00, 0x00, 0x00, 0x00, 0x00,
    0x00, 0x00, 0x00, 0x00, 0x00, 0x00, 0x00, 0x00, 0x00, 0x00, 0x00, 0x00,
    0x00, 0x00, 0x00, 0x00, 0x00, 0x00, 0x00, 0x00, 0x00, 0x00, 0x00, 0x00,
    0x00, 0x00, 0x00, 0x00, 0x00, 0x00, 0x00, 0x00, 0x00, 0x00, 0x00, 0x00,
    0x00, 0x00, 0x00, 0x00, 0x00, 0x00, 0x00, 0x00, 0x00, 0x00, 0x00, 0x00,
    0x00, 0x00, 0x00, 0x00, 0x00, 0x00, 0x00, 0x00, 0x00, 0x00, 0x00, 0x00,
    0x00, 0x00, 0x00, 0x00, 0x00, 0x00, 0x00, 0x00, 0x00, 0x00, 0x00, 0x00,
    0x00, 0x00, 0x00, 0x00, 0x00, 0x00, 0x00, 0x00, 0x00, 0x00, 0x00, 0x00,
    0x00, 0x00, 0x00, 0x00, 0x00, 0x00, 0x00, 0x00, 0x00, 0x00, 0x00, 0x00,
    0x00, 0x00, 0x00, 0x00, 0x00, 0x00, 0x00, 0x00, 0x00, 0x00, 0x00, 0x00,
    0x00, 0x00, 0x00, 0x00, 0x00, 0x00, 0x00, 0x00, 0x00, 0x00, 0x00, 0x00,
    0x00, 0x00, 0x00, 0x00, 0x00, 0x00, 0x00, 0x00, 0x00, 0x00, 0x00, 0x00,
    0x00, 0x00, 0x00, 0x00, 0x00, 0x00, 0x00, 0x00, 0x00, 0x00, 0x00, 0x00,
    0x00, 0x00, 0x00, 0x00, 0x00, 0x00, 0x00, 0x00, 0x00, 0x00, 0x00, 0x00,
    0x00, 0x00, 0x00, 0x00, 0x00, 0x00, 0x00, 0x00, 0x00, 0x00, 0x00, 0x00,
    0x00, 0x00, 0x00, 0x00, 0x00, 0x00, 0x00, 0x00, 0x00, 0x00, 0x00, 0x00,
    0x00, 0x00, 0x00, 0x00, 0x00, 0x00, 0x00, 0x00, 0x00, 0x00, 0x00, 0x00,
    0x00, 0x00, 0x00, 0x00, 0x00, 0x00, 0x00, 0x00, 0x00, 0x00, 0x00, 0x00,
    0x00, 0x00, 0x00, 0x00, 0x00, 0x00, 0x00, 0x00, 0x00, 0x00, 0x00, 0x00,
    0x00, 0x00, 0x00, 0x00, 0x00, 0x00, 0x00, 0x00, 0x00, 0x00, 0x00, 0x00,
    0x00, 0x00, 0x00, 0x00, 0x00, 0x00, 0x00, 0x00, 0x00, 0x00, 0x00, 0x00,
    0x00, 0x00, 0x00, 0x00, 0x00, 0x00, 0x00, 0x00, 0x00, 0x00, 0x00, 0x00,
    0x00, 0x00, 0x00, 0x00, 0x00, 0x00, 0x00, 0x00, 0x00, 0x00, 0x00, 0x00,
    0x00, 0x00, 0x00, 0x00, 0x00, 0x00, 0x00, 0x00, 0x00, 0x00, 0x00, 0x00,
    0x00, 0x00, 0x00, 0x00, 0x00, 0x00, 0x00, 0x00, 0x00, 0x00, 0x00, 0x00,
    0x00, 0x00, 0x00, 0x00, 0x00, 0x00, 0x00, 0x00, 0x00, 0x00, 0x00, 0x00,
    0x00, 0x00, 0x00, 0x00, 0x00, 0x00, 0x00, 0x00, 0x00, 0x00, 0x00, 0x00,
    0x00, 0x00, 0x00, 0x00, 0x00, 0x00, 0x00, 0x00, 0x00, 0x00, 0x00, 0x00,
    0x00, 0x00, 0x00, 0x00, 0x00, 0x00, 0x00, 0x00, 0x00, 0x00, 0x00, 0x00,
    0x00, 0x00, 0x00, 0x00, 0x00, 0x00, 0x00, 0x00, 0x00, 0x00, 0x00, 0x00,
    0x00, 0x00, 0x00, 0x00, 0x00, 0x00, 0x00, 0x00, 0x00, 0x00, 0x00, 0x00,
    0x00, 0x00, 0x00, 0x00, 0x00, 0x00, 0x00, 0x00, 0x00, 0x00, 0x00, 0x00,
    0x00, 0x00, 0x00, 0x00, 0x00, 0x00, 0x00, 0x00, 0x00, 0x00, 0x00, 0x00,
    0x00, 0x00, 0x00, 0x00, 0x00, 0x00, 0x00, 0x00, 0x00, 0x00, 0x00, 0x00,
    0x00, 0x00, 0x00, 0x00, 0x00, 0x00, 0x00, 0x00, 0x00, 0x00, 0x00, 0x00,
    0x00, 0x00, 0x00, 0x00, 0x00, 0x00, 0x00, 0x00, 0x00, 0x00, 0x00, 0x00,
    0x00, 0x00, 0x00, 0x00, 0x00, 0x00, 0x00, 0x00, 0x00, 0x00, 0x00, 0x00,
    0x00, 0x00, 0x00, 0x00, 0x00, 0x00, 0x00, 0x00, 0x00, 0x00, 0x00, 0x00,
    0x00, 0x00, 0x00, 0x00, 0x00, 0x00, 0x00, 0x00, 0x00, 0x00, 0x00, 0x00,
    0x00, 0x00, 0x00, 0x00, 0x00, 0x00, 0x00, 0x00, 0x00, 0x00, 0x00, 0x00,
    0x00, 0x00, 0x00, 0x00, 0x00, 0x00, 0x00, 0x00, 0x00, 0x00, 0x00, 0x00,
    0x00, 0x00, 0x00, 0x00, 0x00, 0x00, 0x00, 0x00, 0x00, 0x00, 0x00, 0x00,
    0x00, 0x00, 0x00, 0x00, 0x00, 0xfc, 0xf8, 0x00, 0x00, 0x00, 0xf8, 0x00,
    0x00, 0x00, 0x00, 0x00, 0x00, 0x00, 0x00, 0x00, 0x00, 0x00, 0x00, 0x00,
    0x00, 0xfc, 0xf8, 0x00, 0x38, 0xa8, 0xf8, 0x08, 0x30, 0xb0, 0xf8, 0x0c,
    0x30, 0xb0, 0xf0, 0x10, 0x30, 0xa8, 0xf0, 0x10, 0x18, 0xa8, 0xe0, 0x08,
    0x28, 0xb0, 0xe8, 0x0c, 0x58, 0xa8, 0xf8, 0x04, 0x00, 0x00, 0x00, 0x00,
    0x00, 0x00, 0x00, 0x00, 0x30, 0x98, 0xe8, 0x08, 0x28, 0xa8, 0xe8, 0x55,
    0x28, 0xa8, 0xf0, 0xc7, 0x28, 0xb0, 0xf8, 0xff, 0x28, 0xa8, 0xf0, 0xff,
    0x28, 0xa8, 0xf0, 0xff, 0x30, 0xa8, 0xf0, 0xff, 0x30, 0xb0, 0xf8, 0xff,
    0x28, 0xac, 0xf8, 0xff, 0x28, 0xa8, 0xf0, 0xf7, 0x28, 0xa8, 0xf0, 0xf3,
    0x28, 0xa8, 0xf0, 0xef, 0x28, 0xa8, 0xf0, 0xf3, 0x28, 0xa8, 0xf0, 0xfb,
    0x30, 0xac, 0xf8, 0xff, 0x28, 0xac, 0xf8, 0xff, 0x28, 0xa8, 0xe8, 0xff,
    0x28, 0xa4, 0xf0, 0xff, 0x30, 0xac, 0xf0, 0xff, 0x28, 0xa8, 0xf0, 0xfb,
    0x28, 0xa8, 0xf0, 0xba, 0x28, 0xa8, 0xe8, 0x45, 0x00, 0xa8, 0xa8, 0x04,
    0x00, 0x00, 0x00, 0x00, 0x00, 0x00, 0xf8, 0x00, 0x00, 0x00, 0x00, 0x00,
    0x00, 0x00, 0x00, 0x00, 0x00, 0x00, 0x00, 0x00, 0x00, 0x00, 0x00, 0x00,
    0x00, 0x00, 0x00, 0x00, 0x00, 0x00, 0x00, 0x00, 0x00, 0x00, 0x00, 0x00,
    0x00, 0x00, 0x00, 0x00, 0x00, 0x00, 0x00, 0x00, 0x00, 0x00, 0x00, 0x00,
    0x00, 0x00, 0x00, 0x00, 0x00, 0x00, 0x00, 0x00, 0x00, 0x00, 0x00, 0x00,
    0x00, 0x00, 0x00, 0x00, 0x00, 0x00, 0x00, 0x00, 0x00, 0x00, 0x00, 0x00,
    0x00, 0x00, 0x00, 0x00, 0x00, 0x00, 0x00, 0x00, 0x00, 0x00, 0x00, 0x00,
    0x00, 0x00, 0x00, 0x00, 0x00, 0x00, 0x00, 0x00, 0x00, 0x00, 0x00, 0x00,
    0x00, 0x00, 0x00, 0x00, 0x00, 0x00, 0x00, 0x00, 0x00, 0x00, 0x00, 0x00,
    0x00, 0x00, 0x00, 0x00, 0x00, 0x00, 0x00, 0x00, 0x00, 0x00, 0x00, 0x00,
    0x00, 0x00, 0x00, 0x00, 0x00, 0x00, 0x00, 0x00, 0x00, 0x00, 0x00, 0x00,
    0x00, 0x00, 0x00, 0x00, 0x00, 0x00, 0x00, 0x00, 0x00, 0x00, 0x00, 0x00,
    0x00, 0x00, 0x00, 0x00, 0x00, 0x00, 0x00, 0x00, 0x00, 0x00, 0x00, 0x00,
    0x00, 0x00, 0x00, 0x00, 0x00, 0x00, 0x00, 0x00, 0x00, 0x00, 0x00, 0x00,
    0x00, 0x00, 0x00, 0x00, 0x00, 0x00, 0x00, 0x00, 0x00, 0x00, 0x00, 0x00,
    0x00, 0x00, 0x00, 0x00, 0x00, 0x00, 0x00, 0x00, 0x00, 0x00, 0x00, 0x00,
    0x00, 0x00, 0x00, 0x00, 0x00, 0x00, 0x00, 0x00, 0x00, 0x00, 0x00, 0x00,
    0x00, 0x00, 0x00, 0x00, 0x00, 0x00, 0x00, 0x00, 0x00, 0x00, 0x00, 0x00,
    0x00, 0x00, 0x00, 0x00, 0x00, 0x00, 0x00, 0x00, 0x00, 0x00, 0x00, 0x00,
    0x00, 0x00, 0x00, 0x00, 0x00, 0x00, 0x00, 0x00, 0x00, 0x00, 0x00, 0x00,
    0x00, 0x00, 0x00, 0x00, 0x00, 0x00, 0x00, 0x00, 0x00, 0x00, 0x00, 0x00,
    0x00, 0x00, 0x00, 0x00, 0x00, 0x00, 0x00, 0x00, 0x00, 0x00, 0x00, 0x00,
    0x00, 0x00, 0x00, 0x00, 0x00, 0x00, 0x00, 0x00, 0x00, 0x00, 0x00, 0x00,
    0x00, 0x00, 0x00, 0x00, 0x00, 0x00, 0x00, 0x00, 0x00, 0x00, 0x00, 0x00,
    0x00, 0x00, 0x00, 0x00, 0x00, 0x00, 0x00, 0x00, 0x00, 0x00, 0x00, 0x00,
    0x00, 0x00, 0x00, 0x00, 0x00, 0x00, 0x00, 0x00, 0x00, 0x00, 0x00, 0x00,
    0x00, 0x00, 0x00, 0x00, 0x00, 0x00, 0x00, 0x00, 0x00, 0x00, 0x00, 0x00,
    0x00, 0x00, 0x00, 0x00, 0x00, 0x00, 0x00, 0x00, 0x00, 0x00, 0x00, 0x00,
    0x00, 0x00, 0x00, 0x00, 0x00, 0x00, 0x00, 0x00, 0x00, 0x00, 0x00, 0x00,
    0x00, 0x00, 0x00, 0x00, 0x00, 0x00, 0x00, 0x00, 0x00, 0x00, 0x00, 0x00,
    0x00, 0x00, 0x00, 0x00, 0x00, 0x00, 0x00, 0x00, 0x00, 0x00, 0x00, 0x00,
    0x00, 0x00, 0x00, 0x00, 0x00, 0x00, 0x00, 0x00, 0x00, 0x00, 0x00, 0x00,
    0x00, 0x00, 0x00, 0x00, 0x00, 0x00, 0x00, 0x00, 0x00, 0x00, 0x00, 0x00,
    0x00, 0x00, 0x00, 0x00, 0x00, 0x00, 0x00, 0x00, 0x00, 0x00, 0x00, 0x00,
    0x00, 0x00, 0x00, 0x00, 0x00, 0x00, 0x00, 0x00, 0x00, 0x00, 0x00, 0x00,
    0x00, 0x00, 0x00, 0x00, 0x00, 0x00, 0x00, 0x00, 0x00, 0x00, 0x00, 0x00,
    0x00, 0x00, 0x00, 0x00, 0x00, 0x00, 0x00, 0x00, 0x00, 0x00, 0x00, 0x00,
    0x00, 0x00, 0x00, 0x00, 0x00, 0x00, 0x00, 0x00, 0x00, 0x00, 0x00, 0x00,
    0x00, 0x00, 0x00, 0x00, 0x00, 0x00, 0x00, 0x00, 0x00, 0x00, 0x00, 0x00,
    0x00, 0x00, 0x00, 0x00, 0x00, 0x00, 0x00, 0x00, 0x00, 0x00, 0x00, 0x00,
    0x00, 0x00, 0x00, 0x00, 0x00, 0x00, 0x00, 0x00, 0x00, 0x00, 0x00, 0x00,
    0x00, 0x00, 0x00, 0x00, 0x00, 0x00, 0x00, 0x00, 0x00, 0x00, 0x00, 0x00,
    0x00, 0x00, 0x00, 0x00, 0x00, 0x00, 0x00, 0x00, 0x00, 0x00, 0x00, 0x00,
    0x00, 0x00, 0x00, 0x00, 0x00, 0x00, 0x00, 0x00, 0x00, 0x00, 0x00, 0x00,
    0x00, 0x00, 0x00, 0x00, 0x00, 0x00, 0x00, 0x00, 0x00, 0x00, 0xf8, 0x00,
    0x00, 0x00, 0xf8, 0x00, 0x00, 0x00, 0xf8, 0x00, 0x00, 0x00, 0xf8, 0x00,
    0x00, 0x00, 0x00, 0x00, 0x00, 0x00, 0x00, 0x00, 0x00, 0x00, 0x00, 0x00,
    0x00, 0x80, 0xf8, 0x00, 0x00, 0x00, 0x00, 0x00, 0x00, 0x00, 0x00, 0x00,
    0x30, 0xb8, 0xf8, 0x0c, 0x28, 0xa8, 0xf0, 0x20, 0x28, 0xac, 0xf8, 0x38,
    0x28, 0xa8, 0xf0, 0x79, 0x28, 0xa8, 0xf0, 0x9e, 0x28, 0xa8, 0xf0, 0xa6,
    0x28, 0xa8, 0xf0, 0xcb, 0x28, 0xa8, 0xe8, 0xbe, 0x28, 0xac, 0xf0, 0xa6,
    0x28, 0xa8, 0xf0, 0x96, 0x28, 0xa0, 0xf8, 0x18, 0x00, 0x00, 0x00, 0x00,
    0x28, 0xa0, 0xe8, 0x24, 0x28, 0xa8, 0xf0, 0xa2, 0x30, 0xb0, 0xf8, 0xff,
    0x28, 0xa8, 0xf0, 0xff, 0x28, 0xa8, 0xf0, 0xfb, 0x30, 0xa8, 0xf0, 0xff,
    0x28, 0xac, 0xf0, 0xff, 0x28, 0xa8, 0xf0, 0xfb, 0x28, 0xa8, 0xf0, 0xe3,
    0x28, 0xa8, 0xf0, 0xba, 0x28, 0xa8, 0xf0, 0x71, 0x30, 0xa4, 0xf0, 0x4d,
    0x28, 0xac, 0xf0, 0x30, 0x30, 0xa8, 0xf0, 0x59, 0x28, 0xa8, 0xe8, 0x82,
    0x28, 0xa8, 0xf0, 0xc3, 0x30, 0xac, 0xf0, 0xe7, 0x28, 0xac, 0xf0, 0xff,
    0x30, 0xac, 0xf8, 0xff, 0x28, 0xa8, 0xf0, 0xfb, 0x28, 0xa8, 0xf0, 0xfb,
    0x28, 0xa8, 0xf0, 0xff, 0x28, 0xac, 0xf0, 0xff, 0x28, 0xac, 0xf0, 0x79,
    0x28, 0xa8, 0xe8, 0x14, 0x00, 0x00, 0x00, 0x00, 0x00, 0xfc, 0xf8, 0x00,
    0x00, 0x00, 0x00, 0x00, 0x00, 0x00, 0x00, 0x00, 0x00, 0x00, 0x00, 0x00,
    0x00, 0x00, 0x00, 0x00, 0x00, 0x00, 0x00, 0x00, 0x00, 0x00, 0x00, 0x00,
    0x00, 0x00, 0x00, 0x00, 0x00, 0x00, 0x00, 0x00, 0x00, 0x00, 0x00, 0x00,
    0x00, 0x00, 0x00, 0x00, 0x00, 0x00, 0x00, 0x00, 0x00, 0x00, 0x00, 0x00,
    0x00, 0x00, 0x00, 0x00, 0x00, 0x00, 0x00, 0x00, 0x00, 0x00, 0x00, 0x00,
    0x00, 0x00, 0x00, 0x00, 0x00, 0x00, 0x00, 0x00, 0x00, 0x00, 0x00, 0x00,
    0x00, 0x00, 0x00, 0x00, 0x00, 0x00, 0x00, 0x00, 0x00, 0x00, 0x00, 0x00,
    0x00, 0x00, 0x00, 0x00, 0x00, 0x00, 0x00, 0x00, 0x00, 0x00, 0x00, 0x00,
    0x00, 0x00, 0x00, 0x00, 0x00, 0x00, 0x00, 0x00, 0x00, 0x00, 0x00, 0x00,
    0x00, 0x00, 0x00, 0x00, 0x00, 0x00, 0x00, 0x00, 0x00, 0x00, 0x00, 0x00,
    0x00, 0x00, 0x00, 0x00, 0x00, 0x00, 0x00, 0x00, 0x00, 0x00, 0x00, 0x00,
    0x00, 0x00, 0x00, 0x00, 0x00, 0x00, 0x00, 0x00, 0x00, 0x00, 0x00, 0x00,
    0x00, 0x00, 0x00, 0x00, 0x00, 0x00, 0x00, 0x00, 0x00, 0x00, 0x00, 0x00,
    0x00, 0x00, 0x00, 0x00, 0x00, 0x00, 0x00, 0x00, 0x00, 0x00, 0x00, 0x00,
    0x00, 0x00, 0x00, 0x00, 0x00, 0x00, 0x00, 0x00, 0x00, 0x00, 0x00, 0x00,
    0x00, 0x00, 0x00, 0x00, 0x00, 0x00, 0x00, 0x00, 0x00, 0x00, 0x00, 0x00,
    0x00, 0x00, 0x00, 0x00, 0x00, 0x00, 0x00, 0x00, 0x00, 0x00, 0x00, 0x00,
    0x00, 0x00, 0x00, 0x00, 0x00, 0x00, 0x00, 0x00, 0x00, 0x00, 0x00, 0x00,
    0x00, 0x00, 0x00, 0x00, 0x00, 0x00, 0x00, 0x00, 0x00, 0x00, 0x00, 0x00,
    0x00, 0x00, 0x00, 0x00, 0x00, 0x00, 0x00, 0x00, 0x00, 0x00, 0x00, 0x00,
    0x00, 0x00, 0x00, 0x00, 0x00, 0x00, 0x00, 0x00, 0x00, 0x00, 0x00, 0x00,
    0x00, 0x00, 0x00, 0x00, 0x00, 0x00, 0x00, 0x00, 0x00, 0x00, 0x00, 0x00,
    0x00, 0x00, 0x00, 0x00, 0x00, 0x00, 0x00, 0x00, 0x00, 0x00, 0x00, 0x00,
    0x00, 0x00, 0x00, 0x00, 0x00, 0x00, 0x00, 0x00, 0x00, 0x00, 0x00, 0x00,
    0x00, 0x00, 0x00, 0x00, 0x00, 0x00, 0x00, 0x00, 0x00, 0x00, 0x00, 0x00,
    0x00, 0x00, 0x00, 0x00, 0x00, 0x00, 0x00, 0x00, 0x00, 0x00, 0x00, 0x00,
    0x00, 0x00, 0x00, 0x00, 0x00, 0x00, 0x00, 0x00, 0x00, 0x00, 0x00, 0x00,
    0x00, 0x00, 0x00, 0x00, 0x00, 0x00, 0x00, 0x00, 0x00, 0x00, 0x00, 0x00,
    0x00, 0x00, 0x00, 0x00, 0x00, 0x00, 0x00, 0x00, 0x00, 0x00, 0x00, 0x00,
    0x00, 0x00, 0x00, 0x00, 0x00, 0x00, 0x00, 0x00, 0x00, 0x00, 0x00, 0x00,
    0x00, 0x00, 0x00, 0x00, 0x00, 0x00, 0x00, 0x00, 0x00, 0x00, 0x00, 0x00,
    0x00, 0x00, 0x00, 0x00, 0x00, 0x00, 0x00, 0x00, 0x00, 0x00, 0x00, 0x00,
    0x00, 0x00, 0x00, 0x00, 0x00, 0x00, 0x00, 0x00, 0x00, 0x00, 0x00, 0x00,
    0x00, 0x00, 0x00, 0x00, 0x00, 0x00, 0x00, 0x00, 0x00, 0x00, 0x00, 0x00,
    0x00, 0x00, 0x00, 0x00, 0x00, 0x00, 0x00, 0x00, 0x00, 0x00, 0x00, 0x00,
    0x00, 0x00, 0x00, 0x00, 0x00, 0x00, 0x00, 0x00, 0x00, 0x00, 0x00, 0x00,
    0x00, 0x00, 0x00, 0x00, 0x00, 0x00, 0x00, 0x00, 0x00, 0x00, 0x00, 0x00,
    0x00, 0x00, 0x00, 0x00, 0x00, 0x00, 0x00, 0x00, 0x00, 0x00, 0x00, 0x00,
    0x00, 0x00, 0x00, 0x00, 0x00, 0x00, 0x00, 0x00, 0x00, 0x00, 0x00, 0x00,
    0x00, 0x00, 0x00, 0x00, 0x00, 0x00, 0x00, 0x00, 0x00, 0x00, 0x00, 0x00,
    0x00, 0x00, 0x00, 0x00, 0x00, 0x00, 0x00, 0x00, 0x00, 0x00, 0x00, 0x00,
    0x00, 0x00, 0x00, 0x00, 0x00, 0x00, 0x00, 0x00, 0x00, 0x00, 0x00, 0x00,
    0x00, 0x00, 0x00, 0x00, 0x00, 0xfc, 0xf8, 0x00, 0x00, 0x80, 0xf8, 0x00,
    0x58, 0xa8, 0xf8, 0x04, 0x00, 0x00, 0x00, 0x00, 0x00, 0x00, 0x00, 0x00,
    0x00, 0x00, 0x00, 0x00, 0x00, 0x00, 0x00, 0x00, 0x00, 0x00, 0x00, 0x00,
    0x00, 0x00, 0x00, 0x00, 0x00, 0x00, 0xf8, 0x00, 0x00, 0x00, 0x00, 0x00,
    0x00, 0x00, 0x00, 0x00, 0x20, 0xa4, 0xe8, 0x10, 0x28, 0xa8, 0xf0, 0x45,
    0x28, 0xa8, 0xf0, 0x9a, 0x28, 0xa8, 0xf0, 0xeb, 0x30, 0xb8, 0xf8, 0xff,
    0x28, 0xac, 0xf8, 0xff, 0x28, 0xac, 0xf0, 0xff, 0x30, 0xb0, 0xf8, 0xff,
    0x30, 0xb0, 0xf8, 0xff, 0x28, 0xac, 0xf8, 0xff, 0x30, 0xb0, 0xf8, 0xff,
    0x28, 0xa8, 0xf0, 0x7d, 0x00, 0x00, 0x00, 0x00, 0x28, 0xa8, 0xf0, 0x41,
    0x28, 0xac, 0xf0, 0xe3, 0x28, 0xac, 0xf8, 0xff, 0x28, 0xa8, 0xf0, 0xfb,
    0x28, 0xa8, 0xf0, 0xff, 0x28, 0xa8, 0xf0, 0xff, 0x30, 0xac, 0xf8, 0xff,
    0x28, 0xa8, 0xf0, 0xe7, 0x28, 0xa4, 0xe8, 0x86, 0x28, 0xac, 0xf0, 0x18,
    0x00, 0x00, 0x00, 0x00, 0x00, 0x00, 0x00, 0x00, 0x00, 0x00, 0x00, 0x00,
    0x00, 0x00, 0x00, 0x00, 0x00, 0x00, 0x00, 0x00, 0x00, 0x00, 0x00, 0x00,
    0x00, 0x00, 0x00, 0x00, 0x28, 0xa8, 0xf0, 0x2c, 0x28, 0xa8, 0xe8, 0xa2,
    0x28, 0xac, 0xf8, 0xef, 0x30, 0xac, 0xf8, 0xff, 0x28, 0xa8, 0xf0, 0xff,
    0x28, 0xa8, 0xf0, 0xff, 0x28, 0xa8, 0xf0, 0xf7, 0x30, 0xb4, 0xf8, 0xff,
    0x28, 0xa8, 0xf0, 0xcb, 0x28, 0xa4, 0xf0, 0x2c, 0x00, 0x00, 0x00, 0x00,
    0x00, 0x00, 0x80, 0x00, 0x00, 0x00, 0x00, 0x00, 0x00, 0x00, 0x00, 0x00,
    0x00, 0x00, 0x00, 0x00, 0x00, 0x00, 0x00, 0x00, 0x00, 0x00, 0x00, 0x00,
    0x00, 0x00, 0x00, 0x00, 0x00, 0x00, 0x00, 0x00, 0x00, 0x00, 0x00, 0x00,
    0x00, 0x00, 0x00, 0x00, 0x00, 0x00, 0x00, 0x00, 0x00, 0x00, 0x00, 0x00,
    0x00, 0x00, 0x00, 0x00, 0x00, 0x00, 0x00, 0x00, 0x00, 0x00, 0x00, 0x00,
    0x00, 0x00, 0x00, 0x00, 0x00, 0x00, 0x00, 0x00, 0x00, 0x00, 0x00, 0x00,
    0x00, 0x00, 0x00, 0x00, 0x00, 0x00, 0x00, 0x00, 0x00, 0x00, 0x00, 0x00,
    0x00, 0x00, 0x00, 0x00, 0x00, 0x00, 0x00, 0x00, 0x00, 0x00, 0x00, 0x00,
    0x00, 0x00, 0x00, 0x00, 0x00, 0x00, 0x00, 0x00, 0x00, 0x00, 0x00, 0x00,
    0x00, 0x00, 0x00, 0x00, 0x00, 0x00, 0x00, 0x00, 0x00, 0x00, 0x00, 0x00,
    0x00, 0x00, 0x00, 0x00, 0x00, 0x00, 0x00, 0x00, 0x00, 0x00, 0x00, 0x00,
    0x00, 0x00, 0x00, 0x00, 0x00, 0x00, 0x00, 0x00, 0x00, 0x00, 0x00, 0x00,
    0x00, 0x00, 0x00, 0x00, 0x00, 0x00, 0x00, 0x00, 0x00, 0x00, 0x00, 0x00,
    0x00, 0x00, 0x00, 0x00, 0x00, 0x00, 0x00, 0x00, 0x00, 0x00, 0x00, 0x00,
    0x00, 0x00, 0x00, 0x00, 0x00, 0x00, 0x00, 0x00, 0x00, 0x00, 0x00, 0x00,
    0x00, 0x00, 0x00, 0x00, 0x00, 0x00, 0x00, 0x00, 0x00, 0x00, 0x00, 0x00,
    0x00, 0x00, 0x00, 0x00, 0x00, 0x00, 0x00, 0x00, 0x00, 0x00, 0x00, 0x00,
    0x00, 0x00, 0x00, 0x00, 0x00, 0x00, 0x00, 0x00, 0x00, 0x00, 0x00, 0x00,
    0x00, 0x00, 0x00, 0x00, 0x00, 0x00, 0x00, 0x00, 0x00, 0x00, 0x00, 0x00,
    0x00, 0x00, 0x00, 0x00, 0x00, 0x00, 0x00, 0x00, 0x00, 0x00, 0x00, 0x00,
    0x00, 0x00, 0x00, 0x00, 0x00, 0x00, 0x00, 0x00, 0x00, 0x00, 0x00, 0x00,
    0x00, 0x00, 0x00, 0x00, 0x00, 0x00, 0x00, 0x00, 0x00, 0x00, 0x00, 0x00,
    0x00, 0x00, 0x00, 0x00, 0x00, 0x00, 0x00, 0x00, 0x00, 0x00, 0x00, 0x00,
    0x00, 0x00, 0x00, 0x00, 0x00, 0x00, 0x00, 0x00, 0x00, 0x00, 0x00, 0x00,
    0x00, 0x00, 0x00, 0x00, 0x00, 0x00, 0x00, 0x00, 0x00, 0x00, 0x00, 0x00,
    0x00, 0x00, 0x00, 0x00, 0x00, 0x00, 0x00, 0x00, 0x00, 0x00, 0x00, 0x00,
    0x00, 0x00, 0x00, 0x00, 0x00, 0x00, 0x00, 0x00, 0x00, 0x00, 0x00, 0x00,
    0x00, 0x00, 0x00, 0x00, 0x00, 0x00, 0x00, 0x00, 0x00, 0x00, 0x00, 0x00,
    0x00, 0x00, 0x00, 0x00, 0x00, 0x00, 0x00, 0x00, 0x00, 0x00, 0x00, 0x00,
    0x00, 0x00, 0x00, 0x00, 0x00, 0x00, 0x00, 0x00, 0x00, 0x00, 0x00, 0x00,
    0x00, 0x00, 0x00, 0x00, 0x00, 0x00, 0x00, 0x00, 0x00, 0x00, 0x00, 0x00,
    0x00, 0x00, 0x00, 0x00, 0x00, 0x00, 0x00, 0x00, 0x00, 0x00, 0x00, 0x00,
    0x00, 0x00, 0x00, 0x00, 0x00, 0x00, 0x00, 0x00, 0x00, 0x00, 0x00, 0x00,
    0x00, 0x00, 0x00, 0x00, 0x00, 0x00, 0x00, 0x00, 0x00, 0x00, 0x00, 0x00,
    0x00, 0x00, 0x00, 0x00, 0x00, 0x00, 0x00, 0x00, 0x00, 0x00, 0x00, 0x00,
    0x00, 0x00, 0x00, 0x00, 0x00, 0x00, 0x00, 0x00, 0x00, 0x00, 0x00, 0x00,
    0x00, 0x00, 0x00, 0x00, 0x00, 0x00, 0x00, 0x00, 0x00, 0x00, 0x00, 0x00,
    0x00, 0x00, 0x00, 0x00, 0x00, 0x00, 0x00, 0x00, 0x00, 0x00, 0x00, 0x00,
    0x00, 0x00, 0x00, 0x00, 0x00, 0x00, 0x00, 0x00, 0x00, 0x00, 0x00, 0x00,
    0x00, 0x00, 0x00, 0x00, 0x00, 0x00, 0x00, 0x00, 0x00, 0x00, 0x00, 0x00,
    0x00, 0x00, 0x00, 0x00, 0x00, 0x00, 0x00, 0x00, 0x00, 0x00, 0x00, 0x00,
    0x00, 0x00, 0x00, 0x00, 0x00, 0x00, 0x00, 0x00, 0x00, 0x00, 0x00, 0x00,
    0x00, 0xa8, 0xf8, 0x04, 0x00, 0x00, 0x00, 0x00, 0x00, 0x00, 0x00, 0x00,
    0x00, 0x00, 0x00, 0x00, 0x00, 0x00, 0x00, 0x00, 0x00, 0xa8, 0xa8, 0x04,
    0x00, 0xfc, 0xf8, 0x00, 0x00, 0xa8, 0xa8, 0x04, 0x00, 0x80, 0xf8, 0x04,
    0x20, 0x90, 0xd8, 0x08, 0x00, 0x00, 0x00, 0x00, 0x00, 0x00, 0x00, 0x00,
    0x30, 0xa4, 0xe8, 0x34, 0x28, 0xac, 0xf0, 0xa2, 0x30, 0xb0, 0xf8, 0xff,
    0x28, 0xac, 0xf8, 0xff, 0x28, 0xa8, 0xe8, 0xfb, 0x28, 0xa8, 0xe8, 0xf7,
    0x30, 0xac, 0xf0, 0xff, 0x30, 0xb0, 0xf8, 0xff, 0x28, 0xa8, 0xf0, 0xf3,
    0x28, 0xa8, 0xf0, 0xe3, 0x28, 0xac, 0xf8, 0xeb, 0x28, 0xa8, 0xe8, 0x8e,
    0x00, 0x00, 0x00, 0x00, 0x28, 0xa8, 0xf0, 0x3c, 0x28, 0xa8, 0xf0, 0xef,
    0x30, 0xac, 0xf0, 0xff, 0x28, 0xa8, 0xf0, 0xfb, 0x28, 0xa8, 0xf0, 0xff,
    0x30, 0xa8, 0xf0, 0xff, 0x30, 0xac, 0xf0, 0xff, 0x28, 0xa8, 0xf0, 0xbe,
    0x28, 0xa4, 0xf0, 0x41, 0x00, 0x00, 0x00, 0x00, 0x00, 0x80, 0xf8, 0x04,
    0x38, 0x98, 0xf8, 0x04, 0x58, 0xa8, 0xf8, 0x04, 0x00, 0xfc, 0xf8, 0x04,
    0x00, 0x80, 0xf8, 0x00, 0x00, 0xa8, 0xa8, 0x04, 0x40, 0x80, 0xc0, 0x04,
    0x30, 0xcc, 0xf8, 0x04, 0x00, 0x00, 0x00, 0x00, 0x00, 0x00, 0x00, 0x00,
    0x30, 0xa4, 0xe8, 0x51, 0x28, 0xa8, 0xf0, 0xdb, 0x30, 0xac, 0xf0, 0xff,
    0x28, 0xa8, 0xf0, 0xff, 0x28, 0xa8, 0xf0, 0xff, 0x28, 0xa4, 0xf0, 0xfb,
    0x28, 0xac, 0xf8, 0xff, 0x28, 0xa8, 0xf0, 0xd3, 0x28, 0xa8, 0xf0, 0x30,
    0x00, 0x00, 0x00, 0x00, 0x00, 0x00, 0x00, 0x00, 0x00, 0x00, 0x00, 0x00,
    0x00, 0x00, 0x00, 0x00, 0x00, 0x00, 0x00, 0x00, 0x00, 0x00, 0x00, 0x00,
    0x00, 0x00, 0x00, 0x00, 0x00, 0x00, 0x00, 0x00, 0x00, 0x00, 0x00, 0x00,
    0x00, 0x00, 0x00, 0x00, 0x00, 0x00, 0x00, 0x00, 0x00, 0x00, 0x00, 0x00,
    0x00, 0x00, 0x00, 0x00, 0x00, 0x00, 0x00, 0x00, 0x00, 0x00, 0x00, 0x00,
    0x00, 0x00, 0x00, 0x00, 0x00, 0x00, 0x00, 0x00, 0x00, 0x00, 0x00, 0x00,
    0x00, 0x00, 0x00, 0x00, 0x00, 0x00, 0x00, 0x00, 0x00, 0x00, 0x00, 0x00,
    0x00, 0x00, 0x00, 0x00, 0x00, 0x00, 0x00, 0x00, 0x00, 0x00, 0x00, 0x00,
    0x00, 0x00, 0x00, 0x00, 0x00, 0x00, 0x00, 0x00, 0x00, 0x00, 0x00, 0x00,
    0x00, 0x00, 0x00, 0x00, 0x00, 0x00, 0x00, 0x00, 0x00, 0x00, 0x00, 0x00,
    0x00, 0x00, 0x00, 0x00, 0x00, 0x00, 0x00, 0x00, 0x00, 0x00, 0x00, 0x00,
    0x00, 0x00, 0x00, 0x00, 0x00, 0x00, 0x00, 0x00, 0x00, 0x00, 0x00, 0x00,
    0x00, 0x00, 0x00, 0x00, 0x00, 0x00, 0x00, 0x00, 0x00, 0x00, 0x00, 0x00,
    0x00, 0x00, 0x00, 0x00, 0x00, 0x00, 0x00, 0x00, 0x00, 0x00, 0x00, 0x00,
    0x00, 0x00, 0x00, 0x00, 0x00, 0x00, 0x00, 0x00, 0x00, 0x00, 0x00, 0x00,
    0x00, 0x00, 0x00, 0x00, 0x00, 0x00, 0x00, 0x00, 0x00, 0x00, 0x00, 0x00,
    0x00, 0x00, 0x00, 0x00, 0x00, 0x00, 0x00, 0x00, 0x00, 0x00, 0x00, 0x00,
    0x00, 0x00, 0x00, 0x00, 0x00, 0x00, 0x00, 0x00, 0x00, 0x00, 0x00, 0x00,
    0x00, 0x00, 0x00, 0x00, 0x00, 0x00, 0x00, 0x00, 0x00, 0x00, 0x00, 0x00,
    0x00, 0x00, 0x00, 0x00, 0x00, 0x00, 0x00, 0x00, 0x00, 0x00, 0x00, 0x00,
    0x00, 0x00, 0x00, 0x00, 0x00, 0x00, 0x00, 0x00, 0x00, 0x00, 0x00, 0x00,
    0x00, 0x00, 0x00, 0x00, 0x00, 0x00, 0x00, 0x00, 0x00, 0x00, 0x00, 0x00,
    0x00, 0x00, 0x00, 0x00, 0x00, 0x00, 0x00, 0x00, 0x00, 0x00, 0x00, 0x00,
    0x00, 0x00, 0x00, 0x00, 0x00, 0x00, 0x00, 0x00, 0x00, 0x00, 0x00, 0x00,
    0x00, 0x00, 0x00, 0x00, 0x00, 0x00, 0x00, 0x00, 0x00, 0x00, 0x00, 0x00,
    0x00, 0x00, 0x00, 0x00, 0x00, 0x00, 0x00, 0x00, 0x00, 0x00, 0x00, 0x00,
    0x00, 0x00, 0x00, 0x00, 0x00, 0x00, 0x00, 0x00, 0x00, 0x00, 0x00, 0x00,
    0x00, 0x00, 0x00, 0x00, 0x00, 0x00, 0x00, 0x00, 0x00, 0x00, 0x00, 0x00,
    0x00, 0x00, 0x00, 0x00, 0x00, 0x00, 0x00, 0x00, 0x00, 0x00, 0x00, 0x00,
    0x00, 0x00, 0x00, 0x00, 0x00, 0x00, 0x00, 0x00, 0x00, 0x00, 0x00, 0x00,
    0x00, 0x00, 0x00, 0x00, 0x00, 0x00, 0x00, 0x00, 0x00, 0x00, 0x00, 0x00,
    0x00, 0x00, 0x00, 0x00, 0x00, 0x00, 0x00, 0x00, 0x00, 0x00, 0x00, 0x00,
    0x00, 0x00, 0x00, 0x00, 0x00, 0x00, 0x00, 0x00, 0x00, 0x00, 0x00, 0x00,
    0x00, 0x00, 0x00, 0x00, 0x00, 0x00, 0x00, 0x00, 0x00, 0x00, 0x00, 0x00,
    0x00, 0x00, 0x00, 0x00, 0x00, 0x00, 0x00, 0x00, 0x00, 0x00, 0x00, 0x00,
    0x00, 0x00, 0x00, 0x00, 0x00, 0x00, 0x00, 0x00, 0x00, 0x00, 0x00, 0x00,
    0x00, 0x00, 0x00, 0x00, 0x00, 0x00, 0x00, 0x00, 0x00, 0x00, 0x00, 0x00,
    0x00, 0x00, 0x00, 0x00, 0x00, 0x00, 0x00, 0x00, 0x00, 0x00, 0x00, 0x00,
    0x00, 0x00, 0x00, 0x00, 0x00, 0x00, 0x00, 0x00, 0x00, 0x00, 0x00, 0x00,
    0x00, 0x00, 0x00, 0x00, 0x00, 0x00, 0x00, 0x00, 0x00, 0x00, 0x00, 0x00,
    0x00, 0x00, 0x00, 0x00, 0x00, 0x00, 0x00, 0x00, 0x00, 0x00, 0x00, 0x00,
    0x00, 0x00, 0x00, 0x00, 0x00, 0xfc, 0xf8, 0x00, 0x00, 0x00, 0xf8, 0x00,
    0x00, 0x00, 0x00, 0x00, 0x40, 0xc0, 0xf8, 0x04, 0x28, 0xa4, 0xe8, 0x28,
    0x28, 0xa8, 0xf0, 0x45, 0x28, 0xa8, 0xf0, 0x71, 0x28, 0xa8, 0xf0, 0x82,
    0x28, 0xa8, 0xf0, 0x82, 0x28, 0xac, 0xf0, 0x82, 0x28, 0xa8, 0xf0, 0x82,
    0x30, 0xa8, 0xf0, 0x20, 0x00, 0x00, 0x00, 0x00, 0x28, 0xa4, 0xf0, 0x65,
    0x28, 0xa8, 0xf0, 0xef, 0x30, 0xb0, 0xf8, 0xff, 0x28, 0xa8, 0xf0, 0xf7,
    0x28, 0xa8, 0xf0, 0xfb, 0x28, 0xa8, 0xf0, 0xff, 0x30, 0xac, 0xf8, 0xff,
    0x28, 0xa8, 0xf0, 0xe3, 0x28, 0xa8, 0xf0, 0xb2, 0x28, 0xa8, 0xf0, 0x6d,
    0x28, 0xa8, 0xe8, 0x4d, 0x28, 0xa4, 0xf0, 0x59, 0x00, 0x80, 0xf8, 0x04,
    0x28, 0xac, 0xf0, 0x38, 0x28, 0xa8, 0xf0, 0xef, 0x30, 0xac, 0xf0, 0xff,
    0x28, 0xa8, 0xf0, 0xfb, 0x28, 0xa8, 0xf0, 0xff, 0x28, 0xa8, 0xf0, 0xfb,
    0x30, 0xb0, 0xf8, 0xff, 0x28, 0xa8, 0xf0, 0xaa, 0x28, 0xb4, 0xf8, 0x0c,
    0x00, 0x00, 0x00, 0x00, 0x30, 0x98, 0xd0, 0x04, 0x00, 0xfc, 0xf8, 0x00,
    0x00, 0x00, 0x00, 0x00, 0x00, 0x00, 0x00, 0x00, 0x00, 0x00, 0x00, 0x00,
    0x00, 0x00, 0x00, 0x00, 0x00, 0x00, 0x00, 0x00, 0x00, 0x00, 0x00, 0x00,
    0x00, 0x00, 0x00, 0x00, 0x00, 0x80, 0xf8, 0x04, 0x28, 0x90, 0xf8, 0x08,
    0x00, 0x00, 0x00, 0x00, 0x28, 0xa8, 0xe8, 0x30, 0x28, 0xa8, 0xf0, 0xc3,
    0x30, 0xac, 0xf0, 0xff, 0x28, 0xa8, 0xf0, 0xfb, 0x28, 0xa8, 0xf0, 0xff,
    0x28, 0xa8, 0xe8, 0xfb, 0x30, 0xac, 0xf0, 0xff, 0x28, 0xac, 0xf0, 0xd7,
    0x30, 0xa8, 0xf8, 0x1c, 0x00, 0x00, 0x00, 0x00, 0x00, 0x00, 0x00, 0x00,
    0x00, 0x00, 0x00, 0x00, 0x00, 0x00, 0x00, 0x00, 0x00, 0x00, 0x00, 0x00,
    0x00, 0x00, 0x00, 0x00, 0x00, 0x00, 0x00, 0x00, 0x00, 0x00, 0x00, 0x00,
    0x00, 0x00, 0x00, 0x00, 0x00, 0x00, 0x00, 0x00, 0x00, 0x00, 0x00, 0x00,
    0x00, 0x00, 0x00, 0x00, 0x00, 0x00, 0x00, 0x00, 0x00, 0x00, 0x00, 0x00,
    0x00, 0x00, 0x00, 0x00, 0x00, 0x00, 0x00, 0x00, 0x00, 0x00, 0x00, 0x00,
    0x00, 0x00, 0x00, 0x00, 0x00, 0x00, 0x00, 0x00, 0x00, 0x00, 0x00, 0x00,
    0x00, 0x00, 0x00, 0x00, 0x00, 0x00, 0x00, 0x00, 0x00, 0x00, 0x00, 0x00,
    0x00, 0x00, 0x00, 0x00, 0x00, 0x00, 0x00, 0x00, 0x00, 0x00, 0x00, 0x00,
    0x00, 0x00, 0x00, 0x00, 0x00, 0x00, 0x00, 0x00, 0x00, 0x00, 0x00, 0x00,
    0x00, 0x00, 0x00, 0x00, 0x00, 0x00, 0x00, 0x00, 0x00, 0x00, 0x00, 0x00,
    0x00, 0x00, 0x00, 0x00, 0x00, 0x00, 0x00, 0x00, 0x00, 0x00, 0x00, 0x00,
    0x00, 0x00, 0x00, 0x00, 0x00, 0x00, 0x00, 0x00, 0x00, 0x00, 0x00, 0x00,
    0x00, 0x00, 0x00, 0x00, 0x00, 0x00, 0x00, 0x00, 0x00, 0x00, 0x00, 0x00,
    0x00, 0x00, 0x00, 0x00, 0x00, 0x00, 0x00, 0x00, 0x00, 0x00, 0x00, 0x00,
    0x00, 0x00, 0x00, 0x00, 0x00, 0x00, 0x00, 0x00, 0x00, 0x00, 0x00, 0x00,
    0x00, 0x00, 0x00, 0x00, 0x00, 0x00, 0x00, 0x00, 0x00, 0x00, 0x00, 0x00,
    0x00, 0x00, 0x00, 0x00, 0x00, 0x00, 0x00, 0x00, 0x00, 0x00, 0x00, 0x00,
    0x00, 0x00, 0x00, 0x00, 0x00, 0x00, 0x00, 0x00, 0x00, 0x00, 0x00, 0x00,
    0x00, 0x00, 0x00, 0x00, 0x00, 0x00, 0x00, 0x00, 0x00, 0x00, 0x00, 0x00,
    0x00, 0x00, 0x00, 0x00, 0x00, 0x00, 0x00, 0x00, 0x00, 0x00, 0x00, 0x00,
    0x00, 0x00, 0x00, 0x00, 0x00, 0x00, 0x00, 0x00, 0x00, 0x00, 0x00, 0x00,
    0x00, 0x00, 0x00, 0x00, 0x00, 0x00, 0x00, 0x00, 0x00, 0x00, 0x00, 0x00,
    0x00, 0x00, 0x00, 0x00, 0x00, 0x00, 0x00, 0x00, 0x00, 0x00, 0x00, 0x00,
    0x00, 0x00, 0x00, 0x00, 0x00, 0x00, 0x00, 0x00, 0x00, 0x00, 0x00, 0x00,
    0x00, 0x00, 0x00, 0x00, 0x00, 0x00, 0x00, 0x00, 0x00, 0x00, 0x00, 0x00,
    0x00, 0x00, 0x00, 0x00, 0x00, 0x00, 0x00, 0x00, 0x00, 0x00, 0x00, 0x00,
    0x00, 0x00, 0x00, 0x00, 0x00, 0x00, 0x00, 0x00, 0x00, 0x00, 0x00, 0x00,
    0x00, 0x00, 0x00, 0x00, 0x00, 0x00, 0x00, 0x00, 0x00, 0x00, 0x00, 0x00,
    0x00, 0x00, 0x00, 0x00, 0x00, 0x00, 0x00, 0x00, 0x00, 0x00, 0x00, 0x00,
    0x00, 0x00, 0x00, 0x00, 0x00, 0x00, 0x00, 0x00, 0x00, 0x00, 0x00, 0x00,
    0x00, 0x00, 0x00, 0x00, 0x00, 0x00, 0x00, 0x00, 0x00, 0x00, 0x00, 0x00,
    0x00, 0x00, 0x00, 0x00, 0x00, 0x00, 0x00, 0x00, 0x00, 0x00, 0x00, 0x00,
    0x00, 0x00, 0x00, 0x00, 0x00, 0x00, 0x00, 0x00, 0x00, 0x00, 0x00, 0x00,
    0x00, 0x00, 0x00, 0x00, 0x00, 0x00, 0x00, 0x00, 0x00, 0x00, 0x00, 0x00,
    0x00, 0x00, 0x00, 0x00, 0x00, 0x00, 0x00, 0x00, 0x00, 0x00, 0x00, 0x00,
    0x00, 0x00, 0x00, 0x00, 0x00, 0x00, 0x00, 0x00, 0x00, 0x00, 0x00, 0x00,
    0x00, 0x00, 0x00, 0x00, 0x00, 0x00, 0x00, 0x00, 0x00, 0x00, 0x00, 0x00,
    0x00, 0x00, 0x00, 0x00, 0x00, 0x00, 0x00, 0x00, 0x00, 0x00, 0x00, 0x00,
    0x00, 0x00, 0x00, 0x00, 0x00, 0x00, 0x00, 0x00, 0x00, 0x00, 0x00, 0x00,
    0x00, 0x00, 0x00, 0x00, 0x00, 0x00, 0x00, 0x00, 0x00, 0x00, 0x00, 0x00,
    0x00, 0x80, 0xf8, 0x00, 0x00, 0x00, 0x00, 0x00, 0x00, 0x00, 0x00, 0x00,
    0x28, 0xa4, 0xe8, 0x38, 0x28, 0xa8, 0xf0, 0x8e, 0x28, 0xa8, 0xf0, 0xd3,
    0x30, 0xb0, 0xf8, 0xff, 0x30, 0xb4, 0xf8, 0xff, 0x28, 0xb0, 0xf8, 0xff,
    0x30, 0xb4, 0xf8, 0xff, 0x30, 0xbc, 0xf8, 0xff, 0x28, 0xa8, 0xf0, 0xba,
    0x28, 0xc0, 0xf8, 0x0c, 0x28, 0xa4, 0xf0, 0x71, 0x28, 0xac, 0xf0, 0xff,
    0x28, 0xa8, 0xf0, 0xff, 0x28, 0xa8, 0xf0, 0xfb, 0x28, 0xa4, 0xf0, 0xff,
    0x30, 0xac, 0xf0, 0xff, 0x28, 0xac, 0xf8, 0xff, 0x28, 0xa8, 0xf0, 0xb2,
    0x28, 0xa8, 0xf0, 0x45, 0x00, 0x00, 0x00, 0x00, 0x00, 0x00, 0x00, 0x00,
    0x00, 0x00, 0x00, 0x00, 0x00, 0x00, 0x00, 0x00, 0x30, 0xa8, 0xf0, 0x14,
    0x28, 0xa8, 0xf0, 0xcf, 0x30, 0xac, 0xf8, 0xff, 0x28, 0xa8, 0xe8, 0xff,
    0x28, 0xa8, 0xf0, 0xff, 0x28, 0xa8, 0xf0, 0xff, 0x30, 0xac, 0xf8, 0xff,
    0x28, 0xa8, 0xe8, 0xb2, 0x20, 0xa4, 0xf0, 0x10, 0x00, 0x00, 0x00, 0x00,
    0x58, 0xac, 0xf8, 0x04, 0x00, 0x00, 0x00, 0x00, 0x00, 0x00, 0x00, 0x00,
    0x00, 0x00, 0x00, 0x00, 0x00, 0x00, 0x00, 0x00, 0x00, 0x00, 0x00, 0x00,
    0x00, 0x00, 0x00, 0x00, 0x00, 0x00, 0x00, 0x00, 0x00, 0x00, 0x00, 0x00,
    0x00, 0x00, 0x00, 0x00, 0x00, 0x00, 0x00, 0x00, 0x00, 0x00, 0x00, 0x00,
    0x20, 0xa0, 0xc0, 0x08, 0x00, 0x00, 0x00, 0x00, 0x28, 0xa4, 0xf0, 0x2c,
    0x28, 0xa8, 0xf0, 0xd3, 0x30, 0xac, 0xf0, 0xff, 0x28, 0xa8, 0xf0, 0xff,
    0x28, 0xa8, 0xf0, 0xff, 0x28, 0xa8, 0xf0, 0xfb, 0x30, 0xb0, 0xf8, 0xff,
    0x28, 0xa8, 0xf0, 0x9a, 0x00, 0x00, 0xf8, 0x00, 0x00, 0x00, 0x00, 0x00,
    0x00, 0x00, 0x00, 0x00, 0x00, 0x00, 0x00, 0x00, 0x00, 0x00, 0x00, 0x00,
    0x00, 0x00, 0x00, 0x00, 0x00, 0x00, 0x00, 0x00, 0x00, 0x00, 0x00, 0x00,
    0x00, 0x00, 0x00, 0x00, 0x00, 0x00, 0x00, 0x00, 0x00, 0x00, 0x00, 0x00,
    0x00, 0x00, 0x00, 0x00, 0x00, 0x00, 0x00, 0x00, 0x00, 0x00, 0x00, 0x00,
    0x00, 0x00, 0x00, 0x00, 0x00, 0x00, 0x00, 0x00, 0x00, 0x00, 0x00, 0x00,
    0x00, 0x00, 0x00, 0x00, 0x00, 0x00, 0x00, 0x00, 0x00, 0x00, 0x00, 0x00,
    0x00, 0x00, 0x00, 0x00, 0x00, 0x00, 0x00, 0x00, 0x00, 0x00, 0x00, 0x00,
    0x00, 0x00, 0x00, 0x00, 0x00, 0x00, 0x00, 0x00, 0x00, 0x00, 0x00, 0x00,
    0x00, 0x00, 0x00, 0x00, 0x00, 0x00, 0x00, 0x00, 0x00, 0x00, 0x00, 0x00,
    0x00, 0x00, 0x00, 0x00, 0x00, 0x00, 0x00, 0x00, 0x00, 0x00, 0x00, 0x00,
    0x00, 0x00, 0x00, 0x00, 0x00, 0x00, 0x00, 0x00, 0x00, 0x00, 0x00, 0x00,
    0x00, 0x00, 0x00, 0x00, 0x00, 0x00, 0x00, 0x00, 0x00, 0x00, 0x00, 0x00,
    0x00, 0x00, 0x00, 0x00, 0x00, 0x00, 0x00, 0x00, 0x00, 0x00, 0x00, 0x00,
    0x00, 0x00, 0x00, 0x00, 0x00, 0x00, 0x00, 0x00, 0x00, 0x00, 0x00, 0x00,
    0x00, 0x00, 0x00, 0x00, 0x00, 0x00, 0x00, 0x00, 0x00, 0x00, 0x00, 0x00,
    0x00, 0x00, 0x00, 0x00, 0x00, 0x00, 0x00, 0x00, 0x00, 0x00, 0x00, 0x00,
    0x00, 0x00, 0x00, 0x00, 0x00, 0x00, 0x00, 0x00, 0x00, 0x00, 0x00, 0x00,
    0x00, 0x00, 0x00, 0x00, 0x00, 0x00, 0x00, 0x00, 0x00, 0x00, 0x00, 0x00,
    0x00, 0x00, 0x00, 0x00, 0x00, 0x00, 0x00, 0x00, 0x00, 0x00, 0x00, 0x00,
    0x00, 0x00, 0x00, 0x00, 0x00, 0x00, 0x00, 0x00, 0x00, 0x00, 0x00, 0x00,
    0x00, 0x00, 0x00, 0x00, 0x00, 0x00, 0x00, 0x00, 0x00, 0x00, 0x00, 0x00,
    0x00, 0x00, 0x00, 0x00, 0x00, 0x00, 0x00, 0x00, 0x00, 0x00, 0x00, 0x00,
    0x00, 0x00, 0x00, 0x00, 0x00, 0x00, 0x00, 0x00, 0x00, 0x00, 0x00, 0x00,
    0x00, 0x00, 0x00, 0x00, 0x00, 0x00, 0x00, 0x00, 0x00, 0x00, 0x00, 0x00,
    0x00, 0x00, 0x00, 0x00, 0x00, 0x00, 0x00, 0x00, 0x00, 0x00, 0x00, 0x00,
    0x00, 0x00, 0x00, 0x00, 0x00, 0x00, 0x00, 0x00, 0x00, 0x00, 0x00, 0x00,
    0x00, 0x00, 0x00, 0x00, 0x00, 0x00, 0x00, 0x00, 0x00, 0x00, 0x00, 0x00,
    0x00, 0x00, 0x00, 0x00, 0x00, 0x00, 0x00, 0x00, 0x00, 0x00, 0x00, 0x00,
    0x00, 0x00, 0x00, 0x00, 0x00, 0x00, 0x00, 0x00, 0x00, 0x00, 0x00, 0x00,
    0x00, 0x00, 0x00, 0x00, 0x00, 0x00, 0x00, 0x00, 0x00, 0x00, 0x00, 0x00,
    0x00, 0x00, 0x00, 0x00, 0x00, 0x00, 0x00, 0x00, 0x00, 0x00, 0x00, 0x00,
    0x00, 0x00, 0x00, 0x00, 0x00, 0x00, 0x00, 0x00, 0x00, 0x00, 0x00, 0x00,
    0x00, 0x00, 0x00, 0x00, 0x00, 0x00, 0x00, 0x00, 0x00, 0x00, 0x00, 0x00,
    0x00, 0x00, 0x00, 0x00, 0x00, 0x00, 0x00, 0x00, 0x00, 0x00, 0x00, 0x00,
    0x00, 0x00, 0x00, 0x00, 0x00, 0x00, 0x00, 0x00, 0x00, 0x00, 0x00, 0x00,
    0x00, 0x00, 0x00, 0x00, 0x00, 0x00, 0x00, 0x00, 0x00, 0x00, 0x00, 0x00,
    0x00, 0x00, 0x00, 0x00, 0x00, 0x00, 0x00, 0x00, 0x00, 0x00, 0x00, 0x00,
    0x00, 0x00, 0x00, 0x00, 0x00, 0x00, 0x00, 0x00, 0x00, 0x00, 0x00, 0x00,
    0x00, 0x00, 0x00, 0x00, 0x00, 0x00, 0x00, 0x00, 0x00, 0x00, 0x00, 0x00,
    0x00, 0x00, 0x00, 0x00, 0x00, 0x00, 0x00, 0x00, 0x00, 0x80, 0xf8, 0x00,
    0x00, 0x00, 0x00, 0x00, 0x18, 0xa8, 0xf8, 0x08, 0x28, 0xa4, 0xe8, 0x79,
    0x28, 0xac, 0xf0, 0xe7, 0x30, 0xb4, 0xf8, 0xff, 0x28, 0xac, 0xf8, 0xff,
    0x28, 0xa8, 0xf0, 0xfb, 0x28, 0xa8, 0xf0, 0xfb, 0x28, 0xb0, 0xf8, 0xff,
    0x28, 0xa8, 0xf0, 0xfb, 0x28, 0xa8, 0xf0, 0xcb, 0x30, 0xa0, 0xe8, 0x0c,
    0x28, 0xa4, 0xe0, 0x45, 0x30, 0xac, 0xf8, 0xff, 0x28, 0xa8, 0xf0, 0xfb,
    0x28, 0xa8, 0xf0, 0xfb, 0x28, 0xa8, 0xf0, 0xff, 0x30, 0xac, 0xf0, 0xfb,
    0x28, 0xac, 0xf0, 0xf7, 0x28, 0xa8, 0xe8, 0x9a, 0x30, 0xb0, 0xf0, 0x10,
    0x00, 0x00, 0x00, 0x00, 0x28, 0x90, 0xd8, 0x08, 0x30, 0x98, 0xf8, 0x04,
    0x20, 0xa0, 0xf8, 0x08, 0x00, 0x00, 0x00, 0x00, 0x28, 0xa8, 0xf0, 0x8a,
    0x30, 0xac, 0xf0, 0xf7, 0x28, 0xac, 0xf0, 0xfb, 0x28, 0xa8, 0xf0, 0xff,
    0x28, 0xa8, 0xf0, 0xff, 0x30, 0xa8, 0xf0, 0xfb, 0x28, 0xa8, 0xf0, 0xe7,
    0x30, 0xa4, 0xf0, 0x10, 0x00, 0x00, 0x00, 0x00, 0x00, 0xfc, 0xf8, 0x04,
    0x00, 0x00, 0x00, 0x00, 0x00, 0x00, 0x00, 0x00, 0x00, 0x00, 0x00, 0x00,
    0x00, 0x00, 0x00, 0x00, 0x00, 0x00, 0x00, 0x00, 0x00, 0x00, 0x00, 0x00,
    0x00, 0x00, 0x00, 0x00, 0x00, 0x00, 0x00, 0x00, 0x00, 0x00, 0x00, 0x00,
    0x00, 0x00, 0x00, 0x00, 0x00, 0x00, 0x00, 0x00, 0x00, 0x00, 0x00, 0x00,
    0x00, 0x00, 0x00, 0x00, 0x28, 0x90, 0xd8, 0x08, 0x00, 0x00, 0x00, 0x00,
    0x28, 0xa8, 0xf0, 0x59, 0x28, 0xa8, 0xf0, 0xf7, 0x30, 0xac, 0xf8, 0xff,
    0x28, 0xa8, 0xf0, 0xfb, 0x28, 0xa8, 0xf0, 0xff, 0x28, 0xa4, 0xe8, 0xfb,
    0x28, 0xa8, 0xf0, 0xfb, 0x28, 0xa8, 0xe8, 0x45, 0x00, 0x80, 0xf8, 0x04,
    0x58, 0x54, 0x00, 0x04, 0x68, 0x34, 0x00, 0x04, 0x68, 0x34, 0x00, 0x04,
    0x68, 0x34, 0x00, 0x04, 0x68, 0x34, 0x00, 0x04, 0x68, 0x34, 0x00, 0x04,
    0x68, 0x34, 0x00, 0x04, 0x68, 0x34, 0x00, 0x04, 0x68, 0x34, 0x00, 0x04,
    0x68, 0x34, 0x00, 0x04, 0x68, 0x34, 0x00, 0x04, 0x68, 0x34, 0x00, 0x04,
    0x68, 0x34, 0x00, 0x04, 0x50, 0x54, 0x00, 0x04, 0x80, 0x80, 0x00, 0x00,
    0x00, 0x00, 0x00, 0x00, 0x80, 0x40, 0x00, 0x04, 0x68, 0x34, 0x00, 0x04,
    0x68, 0x34, 0x00, 0x04, 0x68, 0x34, 0x00, 0x04, 0x68, 0x34, 0x00, 0x04,
    0x68, 0x34, 0x00, 0x04, 0x00, 0x00, 0x00, 0x00, 0x00, 0x00, 0x00, 0x00,
    0x00, 0x00, 0x00, 0x00, 0x68, 0x34, 0x00, 0x04, 0x68, 0x34, 0x00, 0x04,
    0x68, 0x34, 0x00, 0x04, 0x68, 0x34, 0x00, 0x04, 0x68, 0x34, 0x00, 0x04,
    0x68, 0x34, 0x00, 0x04, 0x80, 0x00, 0x00, 0x00, 0x00, 0x00, 0x00, 0x00,
    0x58, 0x54, 0x00, 0x04, 0x68, 0x34, 0x00, 0x04, 0x68, 0x34, 0x00, 0x04,
    0x68, 0x34, 0x00, 0x04, 0x68, 0x34, 0x00, 0x04, 0x68, 0x34, 0x00, 0x04,
    0x68, 0x34, 0x00, 0x04, 0x68, 0x34, 0x00, 0x04, 0x68, 0x34, 0x00, 0x04,
    0x68, 0x34, 0x00, 0x04, 0x68, 0x34, 0x00, 0x04, 0x68, 0x34, 0x00, 0x04,
    0x80, 0x40, 0x00, 0x04, 0x00, 0x00, 0x00, 0x00, 0x00, 0x00, 0x00, 0x00,
    0x00, 0x00, 0x00, 0x00, 0x00, 0x00, 0x00, 0x00, 0x00, 0x00, 0x00, 0x00,
    0x00, 0x00, 0x00, 0x00, 0x00, 0x00, 0x00, 0x00, 0x80, 0x80, 0x00, 0x00,
    0x68, 0x34, 0x00, 0x04, 0x80, 0x54, 0x00, 0x04, 0x70, 0x48, 0x00, 0x08,
    0x68, 0x48, 0x00, 0x08, 0x70, 0x48, 0x00, 0x08, 0x58, 0x54, 0x00, 0x04,
    0x80, 0x40, 0x00, 0x04, 0x80, 0x00, 0x00, 0x00, 0x00, 0x00, 0x00, 0x00,
    0x00, 0x00, 0x00, 0x00, 0x00, 0x00, 0x00, 0x00, 0x00, 0x00, 0x00, 0x00,
    0x00, 0x00, 0x00, 0x00, 0x00, 0x00, 0x00, 0x00, 0x00, 0x00, 0x00, 0x00,
    0x00, 0x00, 0x00, 0x00, 0x00, 0x00, 0x00, 0x00, 0x00, 0x00, 0x00, 0x00,
    0x00, 0x00, 0x00, 0x00, 0x00, 0x00, 0x00, 0x00, 0x00, 0x00, 0x00, 0x00,
    0x00, 0x00, 0x00, 0x00, 0x00, 0x00, 0x00, 0x00, 0x00, 0x00, 0x00, 0x00,
    0x00, 0x00, 0x00, 0x00, 0x00, 0x00, 0x00, 0x00, 0x00, 0x00, 0x00, 0x00,
    0x80, 0x80, 0x00, 0x00, 0x68, 0x34, 0x00, 0x04, 0x68, 0x34, 0x00, 0x04,
    0x68, 0x34, 0x00, 0x04, 0x80, 0x80, 0x00, 0x00, 0x00, 0x00, 0x00, 0x00,
    0x00, 0x00, 0x00, 0x00, 0x00, 0x00, 0x00, 0x00, 0x00, 0x00, 0x00, 0x00,
    0x00, 0x00, 0x00, 0x00, 0x80, 0x40, 0x00, 0x04, 0x68, 0x34, 0x00, 0x04,
    0x70, 0x48, 0x00, 0x08, 0x68, 0x48, 0x00, 0x08, 0x70, 0x48, 0x00, 0x08,
    0x70, 0x48, 0x00, 0x08, 0x68, 0x34, 0x00, 0x04, 0x00, 0x00, 0x00, 0x00,
    0x80, 0x54, 0x00, 0x04, 0x70, 0x48, 0x00, 0x08, 0x68, 0x48, 0x00, 0x08,
    0x70, 0x48, 0x00, 0x08, 0x70, 0x48, 0x00, 0x08, 0x80, 0x54, 0x00, 0x04,
    0x68, 0x34, 0x00, 0x04, 0x68, 0x34, 0x00, 0x04, 0x68, 0x34, 0x00, 0x04,
    0x68, 0x34, 0x00, 0x04, 0x68, 0x34, 0x00, 0x04, 0x68, 0x34, 0x00, 0x04,
    0x50, 0x54, 0x00, 0x04, 0x00, 0x00, 0x00, 0x00, 0x00, 0x00, 0x00, 0x00,
    0x00, 0x00, 0x00, 0x00, 0x00, 0x00, 0x00, 0x00, 0x00, 0x00, 0x00, 0x00,
    0x00, 0x00, 0x00, 0x00, 0x80, 0x80, 0xf8, 0x00, 0x00, 0xa8, 0xf8, 0x04,
    0x28, 0x94, 0xe8, 0x0c, 0x28, 0xa4, 0xf0, 0x8e, 0x30, 0xb0, 0xf8, 0xff,
    0x28, 0xac, 0xf8, 0xff, 0x28, 0xa8, 0xf0, 0xf7, 0x28, 0xa8, 0xe8, 0xfb,
    0x28, 0xa8, 0xf0, 0xff, 0x28, 0xa8, 0xf0, 0xfb, 0x28, 0xa8, 0xf0, 0xb2,
    0x28, 0xa8, 0xf0, 0x69, 0x30, 0xa8, 0xf0, 0x34, 0x28, 0xa4, 0xe8, 0x18,
    0x28, 0xac, 0xf8, 0xdb, 0x28, 0xac, 0xf0, 0xfb, 0x30, 0xa8, 0xf0, 0xfb,
    0x28, 0xa8, 0xf0, 0xff, 0x28, 0xa8, 0xf0, 0xff, 0x30, 0xac, 0xf0, 0xff,
    0x28, 0xa4, 0xf0, 0xaa, 0x28, 0xa8, 0xe8, 0x0c, 0x00, 0xfc, 0xf8, 0x00,
    0x28, 0xa8, 0xd0, 0x08, 0x00, 0x00, 0x00, 0x00, 0x00, 0xfc, 0xf8, 0x04,
    0x00, 0x80, 0xf8, 0x04, 0x28, 0xac, 0xf0, 0x20, 0x28, 0xa8, 0xf0, 0xdb,
    0x30, 0xb0, 0xf8, 0xff, 0x28, 0xa8, 0xf0, 0xfb, 0x28, 0xa8, 0xf0, 0xff,
    0x30, 0xa8, 0xf0, 0xff, 0x28, 0xac, 0xf0, 0xff, 0x28, 0xa8, 0xe8, 0x61,
    0xf8, 0x00, 0xf8, 0x00, 0x00, 0x80, 0x80, 0x04, 0x00, 0x00, 0x00, 0x00,
    0x00, 0x00, 0x00, 0x00, 0x00, 0x00, 0x00, 0x00, 0x00, 0x00, 0x00, 0x00,
    0x00, 0x00, 0x00, 0x00, 0x00, 0x00, 0x00, 0x00, 0x00, 0x00, 0x00, 0x00,
    0x00, 0x00, 0x00, 0x00, 0x68, 0x34, 0x00, 0x04, 0x68, 0x34, 0x00, 0x04,
    0x80, 0x80, 0x00, 0x04, 0x00, 0x00, 0x00, 0x00, 0x00, 0x00, 0x00, 0x00,
    0x00, 0x00, 0x00, 0x00, 0x00, 0x00, 0xf8, 0x00, 0x30, 0x98, 0xf8, 0x04,
    0x00, 0x98, 0xf8, 0x04, 0x30, 0xa8, 0xf0, 0xa2, 0x28, 0xac, 0xf0, 0xfb,
    0x28, 0xa8, 0xf0, 0xff, 0x28, 0xa8, 0xf0, 0xff, 0x28, 0xa8, 0xf0, 0xff,
    0x28, 0xa8, 0xf0, 0xff, 0x28, 0xa8, 0xf0, 0xc7, 0x00, 0x00, 0x00, 0x00,
    0x00, 0x00, 0x00, 0x00, 0x00, 0x00, 0x00, 0x00, 0x00, 0x00, 0x00, 0x00,
    0x00, 0x00, 0x00, 0x00, 0x00, 0x00, 0x00, 0x00, 0x00, 0x00, 0x00, 0x00,
    0x00, 0x00, 0x00, 0x00, 0x00, 0x00, 0x00, 0x00, 0x00, 0x00, 0x00, 0x00,
    0x00, 0x00, 0x00, 0x00, 0x00, 0x00, 0x00, 0x00, 0x00, 0x00, 0x00, 0x00,
    0x00, 0x00, 0x00, 0x00, 0x00, 0x00, 0x00, 0x00, 0x00, 0x00, 0x00, 0x00,
    0x80, 0x80, 0x00, 0x04, 0x00, 0x00, 0x00, 0x00, 0x00, 0x00, 0x00, 0x00,
    0x00, 0x00, 0x00, 0x00, 0x00, 0x00, 0x00, 0x00, 0x00, 0x00, 0x00, 0x00,
    0x00, 0x00, 0x00, 0x00, 0x00, 0x00, 0x00, 0x00, 0x00, 0x00, 0x00, 0x00,
    0x80, 0x00, 0x00, 0x00, 0x00, 0x00, 0x00, 0x00, 0x00, 0x00, 0x00, 0x00,
    0x00, 0x00, 0x00, 0x00, 0x00, 0x00, 0x00, 0x00, 0x00, 0x00, 0x00, 0x00,
    0x00, 0x00, 0x00, 0x00, 0x00, 0x00, 0x00, 0x00, 0x00, 0x00, 0x00, 0x00,
    0x00, 0x00, 0x00, 0x00, 0x00, 0x00, 0x00, 0x00, 0x00, 0x00, 0x00, 0x00,
    0x00, 0x00, 0x00, 0x00, 0x00, 0x00, 0x00, 0x00, 0x00, 0x00, 0x00, 0x00,
    0x00, 0x00, 0x00, 0x00, 0x00, 0x00, 0x00, 0x00, 0x00, 0x00, 0x00, 0x00,
    0x00, 0x00, 0x00, 0x00, 0x00, 0x00, 0x00, 0x00, 0x00, 0x00, 0x00, 0x00,
    0x00, 0x00, 0x00, 0x00, 0x80, 0x00, 0x00, 0x00, 0x00, 0x00, 0x00, 0x00,
    0x00, 0x00, 0x00, 0x00, 0x00, 0x00, 0x00, 0x00, 0x00, 0x00, 0x00, 0x00,
    0x80, 0x00, 0x00, 0x00, 0x68, 0x34, 0x00, 0x04, 0x00, 0x00, 0x00, 0x00,
    0x00, 0x00, 0x00, 0x00, 0x00, 0x00, 0x00, 0x00, 0x00, 0x00, 0x00, 0x00,
    0x00, 0x00, 0x00, 0x00, 0x00, 0x00, 0x00, 0x00, 0x00, 0x00, 0x00, 0x00,
    0x00, 0x00, 0x00, 0x00, 0x00, 0x00, 0x00, 0x00, 0x50, 0x28, 0x00, 0x04,
    0x80, 0x80, 0x00, 0x04, 0x00, 0x00, 0x00, 0x00, 0x00, 0x00, 0x00, 0x00,
    0x00, 0x00, 0x00, 0x00, 0x00, 0x00, 0x00, 0x00, 0x00, 0x00, 0x00, 0x00,
    0x00, 0x00, 0x00, 0x00, 0x00, 0x00, 0x00, 0x00, 0x00, 0x00, 0x00, 0x00,
    0x00, 0x00, 0x00, 0x00, 0x00, 0x00, 0x00, 0x00, 0x00, 0x00, 0x00, 0x00,
    0x00, 0x00, 0x00, 0x00, 0x00, 0x00, 0x00, 0x00, 0x00, 0x00, 0x00, 0x00,
    0x00, 0x00, 0x00, 0x00, 0x00, 0x00, 0x00, 0x00, 0x00, 0x00, 0x00, 0x00,
    0x00, 0x00, 0x00, 0x00, 0x00, 0x00, 0x00, 0x00, 0x00, 0x00, 0x00, 0x00,
    0x00, 0x00, 0x00, 0x00, 0x00, 0x00, 0x00, 0x00, 0x00, 0x00, 0x00, 0x00,
    0x00, 0x00, 0x00, 0x00, 0x00, 0x00, 0x00, 0x00, 0x80, 0x40, 0x00, 0x04,
    0x80, 0x00, 0x00, 0x00, 0x00, 0x00, 0x00, 0x00, 0x00, 0x00, 0x00, 0x00,
    0x00, 0x00, 0x00, 0x00, 0x00, 0x00, 0x00, 0x00, 0x00, 0x00, 0x00, 0x00,
    0x00, 0x00, 0x00, 0x00, 0x00, 0x00, 0x00, 0x00, 0x00, 0x00, 0x00, 0x00,
    0x00, 0x00, 0x00, 0x00, 0x00, 0x00, 0x00, 0x00, 0x00, 0x00, 0x00, 0x00,
    0x00, 0x00, 0x00, 0x00, 0x00, 0x00, 0x00, 0x00, 0x00, 0x00, 0x00, 0x00,
    0x00, 0x00, 0x00, 0x00, 0x00, 0x00, 0x00, 0x00, 0x00, 0x00, 0x00, 0x00,
    0x00, 0x00, 0x00, 0x00, 0x00, 0x00, 0x00, 0x00, 0x00, 0x00, 0x00, 0x00,
    0x00, 0x00, 0x00, 0x00, 0x80, 0x40, 0x00, 0x04, 0xf8, 0x00, 0x00, 0x00,
    0x00, 0x00, 0x00, 0x00, 0x00, 0x00, 0x00, 0x00, 0x00, 0x00, 0x00, 0x00,
    0x00, 0x00, 0x00, 0x00, 0x80, 0x80, 0xf8, 0x04, 0x00, 0x00, 0x00, 0x00,
    0x28, 0xa8, 0xf0, 0x86, 0x30, 0xb0, 0xf8, 0xff, 0x28, 0xac, 0xf0, 0xfb,
    0x28, 0xa4, 0xf0, 0xfb, 0x30, 0xa8, 0xf0, 0xff, 0x28, 0xa8, 0xf0, 0xff,
    0x28, 0xa8, 0xf0, 0xfb, 0x30, 0xa8, 0xe8, 0x6d, 0x28, 0xb0, 0xf8, 0x0c,
    0x00, 0x00, 0x00, 0x00, 0x00, 0x00, 0x00, 0x00, 0x28, 0xa8, 0xf0, 0x7d,
    0x30, 0xb4, 0xf8, 0xff, 0x28, 0xa8, 0xe8, 0xfb, 0x28, 0xa8, 0xf0, 0xff,
    0x28, 0xa4, 0xf0, 0xff, 0x30, 0xb0, 0xf8, 0xff, 0x28, 0xa4, 0xf0, 0xd3,
    0x28, 0xa8, 0xe8, 0x24, 0x00, 0x00, 0x00, 0x00, 0x38, 0xcc, 0xf8, 0x04,
    0x00, 0x00, 0x00, 0x00, 0x00, 0x00, 0x00, 0x00, 0x28, 0x90, 0xd8, 0x08,
    0x00, 0x00, 0x00, 0x00, 0x28, 0xa8, 0xe8, 0x75, 0x28, 0xac, 0xf0, 0xf7,
    0x28, 0xa8, 0xf0, 0xff, 0x28, 0xa8, 0xf0, 0xff, 0x28, 0xa8, 0xf0, 0xff,
    0x30, 0xa8, 0xf0, 0xff, 0x28, 0xa8, 0xf0, 0xd3, 0x20, 0x80, 0xe0, 0x08,
    0x00, 0xfc, 0xf8, 0x00, 0x00, 0x00, 0x00, 0x00, 0x00, 0x00, 0x00, 0x00,
    0x00, 0x00, 0x00, 0x00, 0x00, 0x00, 0x00, 0x00, 0x00, 0x00, 0x00, 0x00,
    0x00, 0x00, 0x00, 0x00, 0x00, 0x00, 0x00, 0x00, 0x00, 0x00, 0x00, 0x00,
    0x00, 0x00, 0x00, 0x00, 0x00, 0x00, 0x00, 0x00, 0x00, 0x00, 0x00, 0x00,
    0x00, 0x00, 0x00, 0x00, 0x00, 0x00, 0x00, 0x00, 0x00, 0x00, 0x00, 0x00,
    0x00, 0x00, 0x00, 0x00, 0x00, 0x00, 0x00, 0x00, 0x40, 0x80, 0xc0, 0x04,
    0x00, 0x00, 0x00, 0x00, 0x28, 0xa8, 0xe8, 0x30, 0x28, 0xa8, 0xf0, 0xe3,
    0x30, 0xac, 0xf8, 0xff, 0x30, 0xa8, 0xf0, 0xfb, 0x28, 0xa8, 0xf0, 0xff,
    0x28, 0xa8, 0xf0, 0xff, 0x28, 0xa8, 0xf0, 0xff, 0x28, 0xa0, 0xf0, 0x2c,
    0x68, 0x48, 0x08, 0x30, 0x68, 0x40, 0x08, 0x5d, 0x68, 0x44, 0x00, 0x59,
    0x68, 0x40, 0x08, 0x5d, 0x68, 0x44, 0x08, 0x65, 0x68, 0x40, 0x00, 0x65,
    0x68, 0x40, 0x08, 0x61, 0x68, 0x40, 0x08, 0x65, 0x68, 0x44, 0x00, 0x65,
    0x68, 0x44, 0x08, 0x61, 0x68, 0x40, 0x08, 0x5d, 0x68, 0x44, 0x00, 0x5d,
    0x68, 0x40, 0x08, 0x59, 0x68, 0x44, 0x00, 0x71, 0x68, 0x44, 0x08, 0x30,
    0x00, 0x00, 0x00, 0x00, 0x68, 0x48, 0x00, 0x49, 0x68, 0x40, 0x00, 0x69,
    0x68, 0x40, 0x08, 0x61, 0x68, 0x44, 0x08, 0x65, 0x68, 0x44, 0x00, 0x61,
    0x68, 0x44, 0x00, 0x71, 0x68, 0x3c, 0x00, 0x0c, 0x00, 0x00, 0x00, 0x00,
    0x00, 0x00, 0x00, 0x00, 0x68, 0x44, 0x08, 0x55, 0x68, 0x40, 0x08, 0x65,
    0x68, 0x40, 0x00, 0x65, 0x68, 0x44, 0x08, 0x61, 0x68, 0x44, 0x08, 0x65,
    0x68, 0x40, 0x00, 0x61, 0x70, 0x44, 0x08, 0x24, 0x00, 0x00, 0x00, 0x00,
    0x68, 0x48, 0x00, 0x38, 0x68, 0x44, 0x08, 0x69, 0x68, 0x44, 0x08, 0x61,
    0x68, 0x40, 0x00, 0x65, 0x68, 0x44, 0x08, 0x65, 0x68, 0x40, 0x08, 0x5d,
    0x68, 0x44, 0x00, 0x5d, 0x68, 0x44, 0x08, 0x5d, 0x68, 0x44, 0x08, 0x61,
    0x68, 0x44, 0x00, 0x65, 0x68, 0x44, 0x08, 0x61, 0x68, 0x40, 0x08, 0x65,
    0x68, 0x44, 0x00, 0x45, 0x00, 0x00, 0x00, 0x00, 0x00, 0x00, 0x00, 0x00,
    0x00, 0x00, 0x00, 0x00, 0x00, 0x00, 0x00, 0x00, 0x00, 0x00, 0x00, 0x00,
    0x00, 0x00, 0x00, 0x00, 0x00, 0x00, 0x00, 0x00, 0x70, 0x40, 0x08, 0x18,
    0x68, 0x40, 0x08, 0x5d, 0x68, 0x44, 0x08, 0x82, 0x68, 0x44, 0x00, 0x92,
    0x68, 0x44, 0x08, 0x92, 0x68, 0x44, 0x08, 0x8e, 0x68, 0x44, 0x08, 0x71,
    0x68, 0x44, 0x00, 0x49, 0x68, 0x4c, 0x00, 0x10, 0x00, 0x00, 0x00, 0x00,
    0x00, 0x00, 0x00, 0x00, 0x80, 0x40, 0x00, 0x04, 0x00, 0x00, 0x00, 0x00,
    0x00, 0x00, 0x00, 0x00, 0x00, 0x00, 0x00, 0x00, 0x00, 0x00, 0x00, 0x00,
    0x00, 0x00, 0x00, 0x00, 0x00, 0x00, 0x00, 0x00, 0x00, 0x00, 0x00, 0x00,
    0x00, 0x00, 0x00, 0x00, 0x00, 0x00, 0x00, 0x00, 0x00, 0x00, 0x00, 0x00,
    0x00, 0x00, 0x00, 0x00, 0x00, 0x00, 0x00, 0x00, 0x00, 0x00, 0x00, 0x00,
    0x00, 0x00, 0x00, 0x00, 0x00, 0x00, 0x00, 0x00, 0x00, 0x00, 0x00, 0x00,
    0x68, 0x44, 0x08, 0x28, 0x68, 0x40, 0x00, 0x69, 0x68, 0x44, 0x08, 0x61,
    0x68, 0x44, 0x08, 0x61, 0x68, 0x44, 0x00, 0x30, 0x00, 0x00, 0x00, 0x00,
    0x80, 0x80, 0x00, 0x00, 0x80, 0x40, 0x00, 0x04, 0x00, 0x00, 0x00, 0x00,
    0x00, 0x00, 0x00, 0x00, 0x68, 0x44, 0x00, 0x45, 0x68, 0x40, 0x08, 0x65,
    0x68, 0x44, 0x08, 0x86, 0x70, 0x44, 0x08, 0x92, 0x68, 0x44, 0x00, 0x8e,
    0x70, 0x44, 0x08, 0x92, 0x68, 0x40, 0x08, 0x61, 0x00, 0x00, 0x00, 0x00,
    0x68, 0x44, 0x08, 0x7d, 0x70, 0x44, 0x08, 0x92, 0x68, 0x44, 0x00, 0x8e,
    0x68, 0x44, 0x08, 0x8e, 0x68, 0x44, 0x08, 0x8e, 0x68, 0x44, 0x08, 0x75,
    0x68, 0x44, 0x00, 0x5d, 0x68, 0x44, 0x08, 0x61, 0x68, 0x44, 0x08, 0x61,
    0x68, 0x44, 0x00, 0x5d, 0x68, 0x44, 0x08, 0x61, 0x68, 0x40, 0x08, 0x5d,
    0x68, 0x44, 0x08, 0x28, 0x00, 0x00, 0x00, 0x00, 0x00, 0x00, 0x00, 0x00,
    0x00, 0x00, 0x00, 0x00, 0x00, 0x00, 0x00, 0x00, 0x00, 0x00, 0x00, 0x00,
    0x40, 0x80, 0xc0, 0x04, 0x00, 0x00, 0x00, 0x00, 0x28, 0xac, 0xf0, 0x38,
    0x28, 0xa4, 0xe8, 0xef, 0x30, 0xb0, 0xf8, 0xff, 0x28, 0xa4, 0xf0, 0xfb,
    0x28, 0xa8, 0xf0, 0xff, 0x28, 0xa8, 0xf0, 0xff, 0x30, 0xac, 0xf0, 0xff,
    0x30, 0xa8, 0xf0, 0x6d, 0x00, 0x00, 0x00, 0x00, 0x00, 0x00, 0x00, 0x00,
    0x30, 0xcc, 0xf8, 0x04, 0x38, 0x98, 0xf8, 0x08, 0x28, 0xa8, 0xf0, 0xdf,
    0x28, 0xa8, 0xf0, 0xfb, 0x28, 0xa8, 0xf0, 0xff, 0x28, 0xa8, 0xf0, 0xff,
    0x30, 0xa8, 0xf0, 0xff, 0x28, 0xac, 0xf0, 0xf7, 0x28, 0xa8, 0xf0, 0x7d,
    0x00, 0x00, 0x00, 0x00, 0x38, 0xcc, 0xf8, 0x04, 0x00, 0x00, 0x00, 0x00,
    0x00, 0x00, 0x00, 0x00, 0x00, 0x00, 0xf8, 0x00, 0x00, 0xac, 0xf8, 0x04,
    0x20, 0xa0, 0xe0, 0x08, 0x28, 0xa8, 0xf0, 0xb2, 0x30, 0xb0, 0xf8, 0xff,
    0x28, 0xa8, 0xf0, 0xfb, 0x28, 0xa8, 0xf0, 0xff, 0x28, 0xa8, 0xe8, 0xfb,
    0x30, 0xac, 0xf0, 0xff, 0x28, 0xa8, 0xf0, 0x86, 0x40, 0x80, 0xc0, 0x04,
    0x00, 0x00, 0x00, 0x00, 0x00, 0x00, 0x00, 0x00, 0x00, 0x00, 0x00, 0x00,
    0x00, 0x00, 0x00, 0x00, 0x00, 0x00, 0x00, 0x00, 0x00, 0x00, 0x00, 0x00,
    0x00, 0x00, 0x00, 0x00, 0xf8, 0x00, 0x00, 0x00, 0x00, 0x00, 0x00, 0x00,
    0x70, 0x48, 0x10, 0x14, 0x68, 0x44, 0x08, 0x59, 0x68, 0x44, 0x00, 0x61,
    0x70, 0x44, 0x08, 0x24, 0x00, 0x00, 0x00, 0x00, 0x80, 0x80, 0x00, 0x00,
    0x00, 0x00, 0x00, 0x00, 0x00, 0x00, 0x00, 0x00, 0x00, 0x00, 0x00, 0x00,
    0x30, 0xcc, 0xc8, 0x04, 0x00, 0xfc, 0xf8, 0x00, 0x28, 0xa8, 0xf0, 0xc7,
    0x30, 0xb4, 0xf8, 0xff, 0x28, 0xa8, 0xe8, 0xff, 0x28, 0xa8, 0xf0, 0xff,
    0x30, 0xa8, 0xf0, 0xff, 0x28, 0xa8, 0xf0, 0xff, 0x28, 0xa8, 0xf0, 0x86,
    0x68, 0x44, 0x08, 0xe7, 0x70, 0x48, 0x08, 0xff, 0x78, 0x4c, 0x08, 0xff,
    0x70, 0x48, 0x08, 0xff, 0x68, 0x44, 0x08, 0xf7, 0x68, 0x44, 0x08, 0xf7,
    0x68, 0x44, 0x08, 0xf7, 0x68, 0x44, 0x08, 0xf7, 0x68, 0x44, 0x08, 0xf7,
    0x68, 0x44, 0x08, 0xff, 0x70, 0x48, 0x08, 0xff, 0x70, 0x48, 0x08, 0xff,
    0x78, 0x4c, 0x08, 0xff, 0x70, 0x44, 0x08, 0xff, 0x68, 0x44, 0x08, 0x45,
    0x68, 0x48, 0x08, 0x24, 0x68, 0x40, 0x08, 0xdb, 0x68, 0x44, 0x08, 0xff,
    0x68, 0x44, 0x08, 0xf3, 0x68, 0x44, 0x08, 0xf7, 0x70, 0x44, 0x08, 0xf7,
    0x68, 0x44, 0x08, 0xd3, 0x60, 0x44, 0x00, 0x14, 0x00, 0x00, 0x00, 0x00,
    0x70, 0x40, 0x08, 0x20, 0x68, 0x44, 0x08, 0xeb, 0x68, 0x44, 0x08, 0xfb,
    0x68, 0x44, 0x08, 0xf7, 0x68, 0x44, 0x08, 0xf7, 0x70, 0x44, 0x08, 0xfb,
    0x68, 0x40, 0x00, 0xdb, 0x68, 0x40, 0x08, 0x1c, 0x70, 0x40, 0x00, 0x20,
    0x68, 0x44, 0x08, 0xd7, 0x68, 0x44, 0x08, 0xfb, 0x68, 0x44, 0x08, 0xf7,
    0x68, 0x44, 0x08, 0xf7, 0x68, 0x44, 0x08, 0xf7, 0x70, 0x44, 0x08, 0xff,
    0x70, 0x48, 0x08, 0xff, 0x70, 0x48, 0x08, 0xff, 0x68, 0x44, 0x08, 0xff,
    0x68, 0x44, 0x08, 0xf7, 0x68, 0x44, 0x08, 0xf7, 0x68, 0x44, 0x08, 0xf7,
    0x68, 0x44, 0x00, 0xe3, 0x68, 0x44, 0x08, 0x8e, 0x68, 0x54, 0x00, 0x0c,
    0x00, 0x00, 0x00, 0x00, 0x00, 0x00, 0x00, 0x00, 0x80, 0x00, 0x00, 0x04,
    0x60, 0x44, 0x00, 0x14, 0x68, 0x44, 0x00, 0x71, 0x68, 0x44, 0x08, 0xc3,
    0x68, 0x44, 0x08, 0xf3, 0x70, 0x48, 0x08, 0xff, 0x78, 0x48, 0x08, 0xff,
    0x78, 0x48, 0x08, 0xff, 0x78, 0x4c, 0x08, 0xff, 0x70, 0x44, 0x08, 0xff,
    0x68, 0x44, 0x00, 0xe3, 0x68, 0x44, 0x08, 0xbe, 0x70, 0x44, 0x08, 0x7d,
    0x68, 0x48, 0x00, 0x18, 0x00, 0x00, 0x00, 0x00, 0x00, 0x00, 0x00, 0x00,
    0x00, 0x00, 0x00, 0x00, 0x00, 0x00, 0x00, 0x00, 0x00, 0x00, 0x00, 0x00,
    0x00, 0x00, 0x00, 0x00, 0x00, 0x00, 0x00, 0x00, 0x00, 0x00, 0x00, 0x00,
    0x00, 0x00, 0x00, 0x00, 0x00, 0x00, 0x00, 0x00, 0x00, 0x00, 0x00, 0x00,
    0x00, 0x00, 0x00, 0x00, 0x00, 0x00, 0x00, 0x00, 0x00, 0x00, 0x00, 0x00,
    0x00, 0x00, 0x00, 0x00, 0x00, 0x00, 0x00, 0x00, 0x00, 0x00, 0x00, 0x00,
    0x68, 0x44, 0x08, 0x61, 0x70, 0x44, 0x08, 0xfb, 0x68, 0x44, 0x08, 0xf7,
    0x68, 0x44, 0x08, 0xf7, 0x68, 0x44, 0x08, 0x79, 0x00, 0x00, 0x00, 0x00,
    0x80, 0x54, 0x00, 0x08, 0x00, 0x00, 0x00, 0x00, 0x68, 0x40, 0x00, 0x41,
    0x68, 0x44, 0x08, 0xaa, 0x68, 0x44, 0x08, 0xdf, 0x68, 0x44, 0x08, 0xf7,
    0x70, 0x48, 0x08, 0xff, 0x78, 0x4c, 0x08, 0xff, 0x70, 0x48, 0x08, 0xff,
    0x78, 0x4c, 0x08, 0xff, 0x68, 0x44, 0x00, 0xbe, 0x00, 0x00, 0x00, 0x00,
    0x68, 0x44, 0x08, 0xf3, 0x78, 0x4c, 0x08, 0xff, 0x78, 0x4c, 0x08, 0xff,
    0x78, 0x4c, 0x08, 0xff, 0x78, 0x4c, 0x08, 0xff, 0x70, 0x48, 0x08, 0xff,
    0x68, 0x44, 0x08, 0xff, 0x70, 0x44, 0x08, 0xff, 0x68, 0x44, 0x08, 0xff,
    0x70, 0x44, 0x08, 0xff, 0x68, 0x44, 0x08, 0xff, 0x68, 0x44, 0x00, 0xef,
    0x70, 0x44, 0x08, 0xcf, 0x68, 0x40, 0x08, 0x79, 0x70, 0x40, 0x00, 0x10,
    0x80, 0x00, 0x00, 0x04, 0x80, 0x80, 0x00, 0x00, 0x00, 0x00, 0x00, 0x00,
    0x28, 0xa8, 0xf8, 0x08, 0x00, 0x00, 0x00, 0x00, 0x28, 0xa8, 0xf0, 0x9e,
    0x28, 0xb0, 0xf8, 0xfb, 0x28, 0xa8, 0xf0, 0xfb, 0x28, 0xa8, 0xf0, 0xff,
    0x28, 0xa8, 0xf0, 0xff, 0x30, 0xa8, 0xf0, 0xff, 0x28, 0xa8, 0xf0, 0xc7,
    0x00, 0x00, 0x00, 0x00, 0x00, 0x7c, 0xf8, 0x00, 0x00, 0x80, 0xf8, 0x04,
    0x00, 0x00, 0x00, 0x00, 0x28, 0xa4, 0xe8, 0x38, 0x28, 0xb0, 0xf8, 0xff,
    0x28, 0xa8, 0xf0, 0xfb, 0x30, 0xa8, 0xf0, 0xff, 0x28, 0xa8, 0xe8, 0xfb,
    0x30, 0xb0, 0xf8, 0xff, 0x28, 0xa8, 0xe8, 0xdf, 0x28, 0xac, 0xf0, 0x38,
    0x00, 0xfc, 0xf8, 0x00, 0x00, 0xc0, 0xc0, 0x04, 0x00, 0x00, 0x00, 0x00,
    0x00, 0x00, 0x00, 0x00, 0x40, 0x80, 0xc0, 0x04, 0x00, 0x00, 0x00, 0x00,
    0x28, 0xa8, 0xe8, 0x38, 0x28, 0xa8, 0xf0, 0xdf, 0x30, 0xb0, 0xf8, 0xff,
    0x28, 0xa8, 0xf0, 0xfb, 0x28, 0xa8, 0xf0, 0xff, 0x28, 0xa8, 0xf0, 0xfb,
    0x30, 0xb0, 0xf8, 0xff, 0x28, 0xa8, 0xf0, 0x30, 0x00, 0x00, 0x00, 0x00,
    0x00, 0x00, 0xf8, 0x00, 0x00, 0x00, 0x00, 0x00, 0x00, 0x00, 0x00, 0x00,
    0x00, 0x00, 0x00, 0x00, 0x00, 0x00, 0x00, 0x00, 0x00, 0x00, 0x00, 0x00,
    0x00, 0x00, 0x00, 0x00, 0x80, 0x80, 0x00, 0x04, 0x00, 0x00, 0x00, 0x00,
    0x70, 0x40, 0x00, 0x30, 0x68, 0x44, 0x08, 0xe3, 0x68, 0x44, 0x08, 0xf3,
    0x68, 0x44, 0x00, 0x61, 0x00, 0x00, 0x00, 0x00, 0x68, 0x34, 0x00, 0x04,
    0x00, 0x00, 0x00, 0x00, 0x00, 0x00, 0x00, 0x00, 0x00, 0x00, 0x00, 0x00,
    0x28, 0xa8, 0xd0, 0x08, 0x00, 0x00, 0x00, 0x00, 0x28, 0xa8, 0xf0, 0x8a,
    0x28, 0xac, 0xf0, 0xfb, 0x30, 0xa8, 0xf0, 0xff, 0x28, 0xa8, 0xf0, 0xff,
    0x28, 0xa8, 0xf0, 0xff, 0x28, 0xa8, 0xf0, 0xff, 0x28, 0xa8, 0xe8, 0xae,
    0x70, 0x40, 0x08, 0x55, 0x68, 0x44, 0x00, 0x55, 0x70, 0x44, 0x08, 0x55,
    0x68, 0x44, 0x08, 0x8e, 0x70, 0x48, 0x00, 0xff, 0x68, 0x44, 0x08, 0xff,
    0x70, 0x44, 0x00, 0xff, 0x68, 0x44, 0x08, 0xff, 0x70, 0x48, 0x08, 0xff,
    0x70, 0x44, 0x00, 0xcf, 0x70, 0x44, 0x08, 0x55, 0x68, 0x44, 0x00, 0x55,
    0x70, 0x44, 0x00, 0x55, 0x68, 0x44, 0x08, 0x49, 0x58, 0x54, 0x00, 0x04,
    0x68, 0x44, 0x00, 0x86, 0x70, 0x48, 0x08, 0xff, 0x70, 0x44, 0x08, 0xff,
    0x70, 0x44, 0x08, 0xff, 0x68, 0x44, 0x00, 0xfb, 0x70, 0x48, 0x08, 0xff,
    0x68, 0x44, 0x08, 0x86, 0x60, 0x44, 0x00, 0x0c, 0x80, 0x40, 0x00, 0x04,
    0x68, 0x44, 0x08, 0x82, 0x70, 0x44, 0x00, 0xff, 0x70, 0x44, 0x08, 0xff,
    0x70, 0x44, 0x08, 0xff, 0x68, 0x44, 0x00, 0xff, 0x70, 0x44, 0x08, 0xff,
    0x68, 0x44, 0x08, 0x9e, 0x00, 0x00, 0x00, 0x00, 0x68, 0x44, 0x08, 0x61,
    0x78, 0x48, 0x08, 0xff, 0x68, 0x44, 0x00, 0xfb, 0x70, 0x44, 0x08, 0xff,
    0x68, 0x44, 0x00, 0xff, 0x70, 0x48, 0x08, 0xff, 0x68, 0x44, 0x00, 0xb2,
    0x70, 0x44, 0x08, 0x55, 0x70, 0x44, 0x08, 0x69, 0x68, 0x44, 0x00, 0xdb,
    0x70, 0x48, 0x08, 0xff, 0x70, 0x44, 0x08, 0xff, 0x68, 0x44, 0x00, 0xff,
    0x70, 0x44, 0x08, 0xff, 0x68, 0x44, 0x08, 0xff, 0x68, 0x3c, 0x08, 0x1c,
    0x00, 0x00, 0x00, 0x00, 0x00, 0x00, 0x00, 0x00, 0x00, 0x00, 0x00, 0x00,
    0x68, 0x44, 0x08, 0x9a, 0x68, 0x44, 0x08, 0xfb, 0x70, 0x48, 0x08, 0xff,
    0x70, 0x44, 0x08, 0xff, 0x68, 0x44, 0x00, 0xf7, 0x68, 0x44, 0x08, 0xf7,
    0x68, 0x44, 0x08, 0xfb, 0x68, 0x44, 0x00, 0xf7, 0x68, 0x44, 0x08, 0xf7,
    0x70, 0x44, 0x08, 0xff, 0x70, 0x48, 0x08, 0xff, 0x68, 0x44, 0x08, 0xff,
    0x68, 0x44, 0x00, 0xcb, 0x68, 0x44, 0x08, 0x55, 0x68, 0x34, 0x00, 0x04,
    0x00, 0x00, 0x00, 0x00, 0x00, 0x00, 0x00, 0x00, 0x00, 0x00, 0x00, 0x00,
    0x00, 0x00, 0x00, 0x00, 0x00, 0x00, 0x00, 0x00, 0x00, 0x00, 0x00, 0x00,
    0x00, 0x00, 0x00, 0x00, 0x00, 0x00, 0x00, 0x00, 0x00, 0x00, 0x00, 0x00,
    0x00, 0x00, 0x00, 0x00, 0x00, 0x00, 0x00, 0x00, 0x00, 0x00, 0x00, 0x00,
    0x00, 0x00, 0x00, 0x00, 0x00, 0x00, 0x00, 0x00, 0x00, 0x00, 0x00, 0x00,
    0x68, 0x44, 0x08, 0x65, 0x70, 0x48, 0x08, 0xff, 0x68, 0x44, 0x00, 0xff,
    0x70, 0x44, 0x08, 0xff, 0x68, 0x44, 0x08, 0x7d, 0x00, 0x00, 0x00, 0x00,
    0x00, 0x00, 0x00, 0x00, 0x68, 0x44, 0x08, 0x45, 0x70, 0x44, 0x08, 0xdf,
    0x70, 0x48, 0x08, 0xff, 0x70, 0x44, 0x08, 0xff, 0x70, 0x44, 0x00, 0xfb,
    0x68, 0x44, 0x08, 0xfb, 0x68, 0x44, 0x08, 0xfb, 0x68, 0x44, 0x08, 0xf7,
    0x70, 0x44, 0x08, 0xfb, 0x68, 0x44, 0x00, 0xaa, 0x00, 0x00, 0x00, 0x00,
    0x68, 0x44, 0x00, 0xd7, 0x70, 0x48, 0x08, 0xfb, 0x68, 0x44, 0x08, 0xd3,
    0x70, 0x44, 0x00, 0xb6, 0x68, 0x44, 0x00, 0xb6, 0x68, 0x44, 0x00, 0xba,
    0x68, 0x44, 0x08, 0xbe, 0x68, 0x44, 0x00, 0xbe, 0x68, 0x44, 0x00, 0xc3,
    0x68, 0x44, 0x08, 0xba, 0x70, 0x44, 0x00, 0xcb, 0x70, 0x48, 0x08, 0xff,
    0x70, 0x48, 0x08, 0xff, 0x70, 0x48, 0x00, 0xff, 0x68, 0x44, 0x08, 0x86,
    0x00, 0x00, 0x00, 0x00, 0x00, 0x00, 0x00, 0x00, 0x00, 0xfc, 0xf8, 0x00,
    0x00, 0x80, 0xf8, 0x00, 0x20, 0x8c, 0xe0, 0x08, 0x28, 0xa8, 0xf0, 0xbe,
    0x30, 0xb4, 0xf8, 0xfb, 0x28, 0xa8, 0xf0, 0xf7, 0x28, 0xa8, 0xe8, 0xfb,
    0x28, 0xa8, 0xf0, 0xf7, 0x30, 0xb0, 0xf8, 0xfb, 0x28, 0xa8, 0xf0, 0x61,
    0x00, 0xa8, 0xf8, 0x04, 0x00, 0x00, 0x00, 0x00, 0x00, 0x00, 0x00, 0x00,
    0x00, 0xfc, 0xf8, 0x00, 0x28, 0xa4, 0xf0, 0x75, 0x28, 0xac, 0xf0, 0xfb,
    0x28, 0xa8, 0xf0, 0xfb, 0x28, 0xa8, 0xf0, 0xfb, 0x28, 0xa8, 0xf0, 0xfb,
    0x30, 0xb0, 0xf8, 0xfb, 0x28, 0xa8, 0xf0, 0xbe, 0x20, 0xa8, 0xf8, 0x08,
    0x30, 0x98, 0xf8, 0x04, 0x00, 0xfc, 0x00, 0x04, 0x00, 0x00, 0x00, 0x00,
    0x00, 0x00, 0x00, 0x00, 0x40, 0xc0, 0xf8, 0x04, 0x00, 0x00, 0x00, 0x00,
    0x28, 0xa8, 0xf0, 0x49, 0x28, 0xa8, 0xf0, 0xdf, 0x28, 0xac, 0xf0, 0xfb,
    0x28, 0xa8, 0xf0, 0xfb, 0x28, 0xa8, 0xf0, 0xfb, 0x28, 0xa8, 0xe8, 0xfb,
    0x28, 0xac, 0xf8, 0xf3, 0x20, 0xa0, 0xe0, 0x10, 0x00, 0x00, 0x00, 0x00,
    0x00, 0x00, 0x00, 0x00, 0x00, 0x00, 0x00, 0x00, 0x00, 0x00, 0x00, 0x00,
    0x00, 0x00, 0x00, 0x00, 0x00, 0x00, 0x00, 0x00, 0x00, 0x00, 0x00, 0x00,
    0x00, 0x00, 0x00, 0x00, 0x80, 0x80, 0x00, 0x00, 0x00, 0x00, 0x00, 0x00,
    0x68, 0x44, 0x08, 0x30, 0x68, 0x44, 0x00, 0xeb, 0x68, 0x44, 0x08, 0xfb,
    0x68, 0x40, 0x08, 0x61, 0x00, 0x00, 0x00, 0x00, 0x68, 0x34, 0x00, 0x04,
    0x00, 0x00, 0x00, 0x00, 0x00, 0x00, 0x00, 0x00, 0x00, 0x00, 0x00, 0x00,
    0x40, 0xc0, 0xf8, 0x04, 0x00, 0x00, 0x00, 0x00, 0x28, 0xa4, 0xf0, 0x5d,
    0x28, 0xa8, 0xf0, 0xef, 0x30, 0xac, 0xf0, 0xfb, 0x28, 0xa8, 0xf0, 0xfb,
    0x28, 0xa8, 0xf0, 0xfb, 0x28, 0xa8, 0xf0, 0xfb, 0x28, 0xa8, 0xf0, 0xe7,
    0x00, 0x00, 0x00, 0x00, 0x00, 0x00, 0x00, 0x00, 0x00, 0x00, 0x00, 0x00,
    0x68, 0x44, 0x00, 0x82, 0x70, 0x44, 0x08, 0xff, 0x68, 0x44, 0x08, 0xfb,
    0x68, 0x44, 0x08, 0xff, 0x70, 0x44, 0x00, 0xfb, 0x70, 0x44, 0x08, 0xf3,
    0x68, 0x44, 0x08, 0x6d, 0x00, 0x00, 0x00, 0x00, 0x00, 0x00, 0x00, 0x00,
    0x00, 0x00, 0x00, 0x00, 0x00, 0x00, 0x00, 0x00, 0x68, 0x44, 0x08, 0x28,
    0x68, 0x44, 0x08, 0xd3, 0x70, 0x48, 0x08, 0xff, 0x68, 0x44, 0x00, 0xfb,
    0x68, 0x44, 0x08, 0xfb, 0x70, 0x44, 0x08, 0xfb, 0x70, 0x44, 0x08, 0xe7,
    0x70, 0x40, 0x10, 0x10, 0x00, 0x00, 0x00, 0x00, 0x00, 0x00, 0x00, 0x00,
    0x68, 0x44, 0x08, 0xe3, 0x68, 0x44, 0x08, 0xff, 0x68, 0x44, 0x00, 0xff,
    0x68, 0x44, 0x08, 0xfb, 0x70, 0x48, 0x08, 0xff, 0x68, 0x44, 0x00, 0xef,
    0x68, 0x48, 0x08, 0x1c, 0x70, 0x40, 0x08, 0x14, 0x68, 0x44, 0x08, 0xb6,
    0x70, 0x44, 0x08, 0xff, 0x68, 0x44, 0x08, 0xfb, 0x68, 0x44, 0x08, 0xfb,
    0x70, 0x44, 0x08, 0xfb, 0x70, 0x44, 0x00, 0xeb, 0x68, 0x44, 0x08, 0x51,
    0x00, 0x00, 0x00, 0x00, 0x68, 0x48, 0x00, 0x2c, 0x68, 0x44, 0x00, 0xd7,
    0x70, 0x48, 0x08, 0xff, 0x68, 0x44, 0x08, 0xfb, 0x70, 0x44, 0x08, 0xfb,
    0x70, 0x44, 0x08, 0xfb, 0x68, 0x44, 0x08, 0xcb, 0x68, 0x40, 0x00, 0x14,
    0x00, 0x00, 0x00, 0x00, 0x00, 0x00, 0x00, 0x00, 0x68, 0x44, 0x08, 0x5d,
    0x70, 0x44, 0x08, 0xfb, 0x70, 0x44, 0x08, 0xff, 0x68, 0x44, 0x08, 0xfb,
    0x70, 0x48, 0x00, 0xff, 0x70, 0x48, 0x08, 0xff, 0x70, 0x44, 0x08, 0xe7,
    0x68, 0x44, 0x00, 0xe3, 0x70, 0x44, 0x08, 0xff, 0x78, 0x48, 0x08, 0xff,
    0x70, 0x44, 0x08, 0xff, 0x68, 0x44, 0x00, 0xf7, 0x68, 0x44, 0x08, 0xf7,
    0x78, 0x4c, 0x08, 0xff, 0x68, 0x44, 0x00, 0xae, 0x58, 0xa8, 0x00, 0x04,
    0x00, 0x00, 0x00, 0x00, 0x00, 0x00, 0x00, 0x00, 0x00, 0x00, 0x00, 0x00,
    0x00, 0x00, 0x00, 0x00, 0x00, 0x00, 0x00, 0x00, 0x00, 0x00, 0x00, 0x00,
    0x00, 0x00, 0x00, 0x00, 0x00, 0x00, 0x00, 0x00, 0x00, 0x00, 0x00, 0x00,
    0x00, 0x00, 0x00, 0x00, 0x00, 0x00, 0x00, 0x00, 0x00, 0x00, 0x00, 0x00,
    0x00, 0x00, 0x00, 0x00, 0x00, 0x00, 0x00, 0x00, 0x00, 0x00, 0x00, 0x00,
    0x68, 0x44, 0x08, 0x65, 0x70, 0x48, 0x08, 0xff, 0x68, 0x44, 0x00, 0xfb,
    0x68, 0x44, 0x08, 0xfb, 0x68, 0x44, 0x08, 0x7d, 0x00, 0x00, 0x00, 0x00,
    0x68, 0x44, 0x08, 0x24, 0x68, 0x40, 0x00, 0xbe, 0x78, 0x4c, 0x08, 0xff,
    0x68, 0x44, 0x08, 0xf7, 0x68, 0x44, 0x08, 0xff, 0x70, 0x48, 0x00, 0xff,
    0x68, 0x44, 0x08, 0xef, 0x68, 0x44, 0x00, 0xdb, 0x68, 0x44, 0x00, 0xdf,
    0x70, 0x44, 0x08, 0xe3, 0x68, 0x44, 0x08, 0x9a, 0x00, 0x00, 0x00, 0x00,
    0x70, 0x44, 0x08, 0xdb, 0x70, 0x48, 0x08, 0xff, 0x68, 0x44, 0x00, 0x96,
    0x70, 0x40, 0x08, 0x1c, 0x68, 0x40, 0x08, 0x1c, 0x68, 0x44, 0x08, 0x1c,
    0x70, 0x44, 0x08, 0x18, 0x70, 0x44, 0x08, 0x1c, 0x68, 0x44, 0x08, 0x18,
    0x68, 0x3c, 0x08, 0x1c, 0x68, 0x48, 0x08, 0x20, 0x68, 0x44, 0x08, 0x59,
    0x68, 0x44, 0x08, 0xdf, 0x70, 0x48, 0x08, 0xff, 0x68, 0x44, 0x08, 0xe3,
    0x68, 0x44, 0x00, 0x3c, 0x00, 0x00, 0x00, 0x00, 0x60, 0x80, 0x80, 0x08,
    0x00, 0x00, 0x00, 0x00, 0x28, 0xa4, 0xe8, 0x41, 0x28, 0xa8, 0xf0, 0xe3,
    0x30, 0xb4, 0xf8, 0xff, 0x30, 0xac, 0xf0, 0xff, 0x28, 0xac, 0xf8, 0xff,
    0x28, 0xa8, 0xf0, 0xff, 0x30, 0xb8, 0xf8, 0xff, 0x28, 0xac, 0xf0, 0x24,
    0x00, 0x00, 0x00, 0x00, 0x00, 0x00, 0xf8, 0x00, 0x00, 0x00, 0x00, 0x00,
    0x00, 0xac, 0xf8, 0x04, 0x28, 0xa8, 0xf0, 0x96, 0x30, 0xb0, 0xf8, 0xff,
    0x30, 0xac, 0xf0, 0xff, 0x28, 0xac, 0xf8, 0xff, 0x28, 0xac, 0xf0, 0xff,
    0x30, 0xbc, 0xf8, 0xff, 0x28, 0xa8, 0xf0, 0xba, 0x00, 0x00, 0x00, 0x00,
    0x20, 0xa8, 0xe0, 0x08, 0x00, 0x00, 0x00, 0x00, 0x00, 0x00, 0x00, 0x00,
    0x00, 0x00, 0x00, 0x00, 0x28, 0xa8, 0xd0, 0x08, 0x00, 0x00, 0x00, 0x00,
    0x30, 0xa8, 0xf0, 0x65, 0x28, 0xa8, 0xe8, 0xfb, 0x30, 0xb0, 0xf8, 0xff,
    0x30, 0xac, 0xf8, 0xff, 0x30, 0xac, 0xf8, 0xff, 0x28, 0xac, 0xf8, 0xff,
    0x28, 0xa4, 0xe8, 0xdb, 0x28, 0xa8, 0xe0, 0x14, 0x00, 0x00, 0x00, 0x00,
    0x00, 0x00, 0x00, 0x00, 0x00, 0x00, 0x00, 0x00, 0x00, 0x00, 0x00, 0x00,
    0x00, 0x00, 0x00, 0x00, 0x00, 0x00, 0x00, 0x00, 0x00, 0x00, 0x00, 0x00,
    0x00, 0x00, 0x00, 0x00, 0x80, 0x80, 0x00, 0x04, 0x00, 0x00, 0x00, 0x00,
    0x68, 0x44, 0x08, 0x30, 0x68, 0x44, 0x00, 0xe7, 0x68, 0x44, 0x08, 0xf7,
    0x70, 0x44, 0x08, 0x61, 0x00, 0x00, 0x00, 0x00, 0x68, 0x34, 0x00, 0x04,
    0x00, 0x00, 0x00, 0x00, 0x00, 0x00, 0x00, 0x00, 0x00, 0x00, 0x00, 0x00,
    0x40, 0xc0, 0xf8, 0x04, 0x00, 0x00, 0x00, 0x00, 0x28, 0xa8, 0xe8, 0x61,
    0x28, 0xa8, 0xf0, 0xf7, 0x30, 0xb0, 0xf8, 0xff, 0x28, 0xac, 0xf8, 0xff,
    0x30, 0xac, 0xf8, 0xff, 0x30, 0xac, 0xf8, 0xff, 0x30, 0xb0, 0xf8, 0xff,
    0x40, 0x40, 0x00, 0x04, 0x40, 0x40, 0x00, 0x04, 0x70, 0x40, 0x08, 0x28,
    0x70, 0x48, 0x08, 0xf7, 0x68, 0x44, 0x08, 0xfb, 0x68, 0x44, 0x08, 0xff,
    0x68, 0x44, 0x08, 0xfb, 0x70, 0x48, 0x08, 0xff, 0x68, 0x44, 0x00, 0xd3,
    0x68, 0x4c, 0x00, 0x18, 0x58, 0x54, 0x00, 0x04, 0x80, 0x2c, 0x00, 0x08,
    0x80, 0x4c, 0x00, 0x08, 0x00, 0x00, 0x00, 0x00, 0x68, 0x44, 0x00, 0x6d,
    0x70, 0x44, 0x08, 0xfb, 0x68, 0x44, 0x08, 0xff, 0x68, 0x44, 0x08, 0xff,
    0x68, 0x44, 0x00, 0xff, 0x68, 0x44, 0x08, 0xff, 0x68, 0x44, 0x08, 0xfb,
    0x68, 0x44, 0x00, 0xcb, 0x68, 0x44, 0x08, 0xc7, 0x68, 0x44, 0x08, 0xcf,
    0x70, 0x44, 0x08, 0xff, 0x70, 0x44, 0x08, 0xff, 0x68, 0x44, 0x08, 0xff,
    0x70, 0x44, 0x08, 0xff, 0x68, 0x44, 0x08, 0xff, 0x68, 0x44, 0x08, 0xb6,
    0x00, 0x00, 0x00, 0x00, 0x68, 0x48, 0x08, 0x45, 0x70, 0x48, 0x08, 0xf7,
    0x68, 0x44, 0x00, 0xfb, 0x70, 0x44, 0x08, 0xff, 0x68, 0x44, 0x08, 0xfb,
    0x70, 0x48, 0x08, 0xff, 0x68, 0x44, 0x08, 0xae, 0x60, 0x4c, 0x00, 0x0c,
    0x00, 0x00, 0x00, 0x00, 0x68, 0x44, 0x08, 0x92, 0x70, 0x48, 0x08, 0xfb,
    0x70, 0x44, 0x08, 0xfb, 0x68, 0x44, 0x00, 0xff, 0x68, 0x44, 0x08, 0xfb,
    0x70, 0x48, 0x00, 0xff, 0x68, 0x44, 0x08, 0x7d, 0x80, 0x80, 0x00, 0x04,
    0x00, 0x00, 0x00, 0x00, 0x00, 0x00, 0x00, 0x00, 0x68, 0x44, 0x08, 0xd3,
    0x70, 0x44, 0x00, 0xff, 0x68, 0x44, 0x08, 0xff, 0x68, 0x44, 0x08, 0xfb,
    0x68, 0x44, 0x08, 0xae, 0x68, 0x44, 0x08, 0x4d, 0x68, 0x40, 0x08, 0x28,
    0x68, 0x40, 0x08, 0x28, 0x68, 0x44, 0x00, 0x30, 0x70, 0x44, 0x00, 0x55,
    0x68, 0x44, 0x08, 0xbe, 0x70, 0x48, 0x08, 0xff, 0x70, 0x48, 0x08, 0xff,
    0x70, 0x44, 0x00, 0xd7, 0x68, 0x44, 0x08, 0x41, 0x00, 0x00, 0x00, 0x00,
    0x80, 0x80, 0x00, 0x00, 0x00, 0x00, 0x00, 0x00, 0x00, 0x00, 0x00, 0x00,
    0x00, 0x00, 0x00, 0x00, 0x80, 0x00, 0x00, 0x00, 0x58, 0x54, 0x00, 0x04,
    0x80, 0x40, 0x00, 0x04, 0x80, 0x40, 0x00, 0x04, 0x80, 0x40, 0x00, 0x04,
    0x58, 0x54, 0x00, 0x04, 0x00, 0x00, 0x00, 0x00, 0x00, 0x00, 0x00, 0x00,
    0x00, 0x00, 0x00, 0x00, 0x00, 0x00, 0x00, 0x00, 0x00, 0x00, 0x00, 0x00,
    0x68, 0x44, 0x08, 0x65, 0x70, 0x48, 0x08, 0xff, 0x68, 0x44, 0x08, 0xfb,
    0x70, 0x40, 0x00, 0xfb, 0x68, 0x44, 0x00, 0x82, 0x58, 0x54, 0x00, 0x04,
    0x68, 0x44, 0x08, 0x5d, 0x78, 0x48, 0x08, 0xfb, 0x68, 0x44, 0x08, 0xf7,
    0x70, 0x44, 0x08, 0xff, 0x68, 0x44, 0x00, 0xeb, 0x68, 0x44, 0x00, 0x71,
    0x68, 0x44, 0x08, 0x2c, 0x68, 0x44, 0x08, 0x24, 0x68, 0x44, 0x08, 0x24,
    0x70, 0x44, 0x08, 0x28, 0x68, 0x44, 0x08, 0x20, 0x00, 0x00, 0x00, 0x00,
    0x68, 0x44, 0x00, 0xdf, 0x70, 0x48, 0x08, 0xff, 0x70, 0x44, 0x08, 0x8e,
    0x00, 0x00, 0x00, 0x00, 0x00, 0x00, 0x00, 0x00, 0x00, 0x00, 0x00, 0x00,
    0x00, 0x00, 0x00, 0x00, 0x00, 0x00, 0x00, 0x00, 0x00, 0x00, 0x00, 0x00,
    0x00, 0x00, 0x00, 0x00, 0x00, 0x00, 0x00, 0x00, 0x00, 0x00, 0x00, 0x00,
    0x70, 0x44, 0x00, 0x5d, 0x70, 0x44, 0x08, 0xff, 0x70, 0x44, 0x08, 0xff,
    0x68, 0x40, 0x08, 0x7d, 0x00, 0x00, 0x00, 0x00, 0x58, 0x54, 0x50, 0x08,
    0x00, 0x00, 0x00, 0x00, 0x28, 0xa8, 0xf0, 0x34, 0x28, 0xa8, 0xf0, 0x9e,
    0x28, 0xa8, 0xe8, 0xb2, 0x28, 0xa8, 0xf0, 0xae, 0x28, 0xa8, 0xf0, 0xae,
    0x30, 0xa8, 0xf0, 0xaa, 0x28, 0xac, 0xf0, 0xb6, 0x30, 0xa4, 0xe0, 0x10,
    0x00, 0x00, 0x00, 0x00, 0x00, 0x00, 0x00, 0x00, 0x00, 0x00, 0x00, 0x00,
    0x00, 0x80, 0xf8, 0x04, 0x28, 0xa8, 0xf0, 0x61, 0x28, 0xa8, 0xe8, 0xb2,
    0x28, 0xa8, 0xf0, 0xae, 0x28, 0xa8, 0xf0, 0xae, 0x28, 0xa8, 0xf0, 0xaa,
    0x30, 0xac, 0xf0, 0xb6, 0x28, 0xa8, 0xf0, 0x7d, 0x00, 0x00, 0xf8, 0x00,
    0x30, 0xcc, 0xf8, 0x04, 0x00, 0x00, 0x00, 0x00, 0x80, 0x00, 0x00, 0x04,
    0xf8, 0x00, 0x00, 0x00, 0x68, 0x98, 0xd0, 0x04, 0x00, 0x00, 0x00, 0x00,
    0x28, 0xa8, 0xf0, 0x51, 0x28, 0xa8, 0xf0, 0xae, 0x28, 0xa8, 0xf0, 0xae,
    0x28, 0xa8, 0xf0, 0xae, 0x28, 0xa8, 0xe8, 0xae, 0x28, 0xa8, 0xf0, 0xae,
    0x30, 0xa8, 0xf0, 0x8e, 0x30, 0x98, 0xf8, 0x0c, 0x00, 0x00, 0x00, 0x00,
    0x00, 0x00, 0x00, 0x00, 0x00, 0x00, 0x00, 0x00, 0x00, 0x00, 0x00, 0x00,
    0x00, 0x00, 0x00, 0x00, 0xf8, 0x00, 0x00, 0x00, 0x00, 0x00, 0x00, 0x00,
    0x00, 0x00, 0x00, 0x00, 0x80, 0x80, 0x00, 0x04, 0x00, 0x00, 0x00, 0x00,
    0x68, 0x44, 0x08, 0x30, 0x68, 0x44, 0x00, 0xe7, 0x70, 0x44, 0x08, 0xfb,
    0x68, 0x44, 0x00, 0x61, 0x00, 0x00, 0x00, 0x00, 0x68, 0x30, 0x00, 0x04,
    0x00, 0x00, 0x00, 0x00, 0x00, 0x00, 0x00, 0x00, 0x00, 0x00, 0x00, 0x00,
    0x00, 0xa8, 0xf8, 0x04, 0x00, 0x00, 0x00, 0x00, 0x28, 0xac, 0xf0, 0x3c,
    0x28, 0xa8, 0xf0, 0xa2, 0x28, 0xa8, 0xf0, 0xb2, 0x28, 0xa8, 0xe8, 0xae,
    0x28, 0xa8, 0xf0, 0xae, 0x28, 0xa8, 0xe8, 0xae, 0x28, 0xa8, 0xf0, 0xae,
    0x00, 0x00, 0x00, 0x00, 0x80, 0x40, 0x00, 0x04, 0x68, 0x40, 0x00, 0x82,
    0x70, 0x48, 0x08, 0xff, 0x68, 0x44, 0x00, 0xfb, 0x70, 0x44, 0x00, 0xff,
    0x70, 0x44, 0x08, 0xff, 0x68, 0x44, 0x08, 0xff, 0x68, 0x44, 0x00, 0x8a,
    0x00, 0x00, 0x00, 0x00, 0x68, 0x64, 0x00, 0x04, 0x80, 0x80, 0x00, 0x00,
    0xf8, 0x00, 0x00, 0x00, 0x68, 0x48, 0x08, 0x1c, 0x68, 0x44, 0x08, 0xba,
    0x70, 0x48, 0x08, 0xff, 0x70, 0x44, 0x00, 0xfb, 0x70, 0x44, 0x08, 0xff,
    0x68, 0x44, 0x08, 0xff, 0x68, 0x44, 0x08, 0xfb, 0x70, 0x44, 0x00, 0xdb,
    0x68, 0x44, 0x00, 0xdf, 0x68, 0x44, 0x08, 0xeb, 0x70, 0x48, 0x08, 0xff,
    0x70, 0x44, 0x00, 0xff, 0x68, 0x44, 0x00, 0xff, 0x68, 0x44, 0x08, 0xff,
    0x70, 0x44, 0x00, 0xff, 0x68, 0x44, 0x08, 0xf7, 0x68, 0x48, 0x00, 0x49,
    0x70, 0x38, 0x00, 0x08, 0x68, 0x44, 0x00, 0x9a, 0x70, 0x48, 0x08, 0xff,
    0x68, 0x44, 0x08, 0xfb, 0x68, 0x44, 0x00, 0xff, 0x70, 0x44, 0x08, 0xff,
    0x70, 0x44, 0x00, 0xfb, 0x68, 0x44, 0x00, 0x6d, 0x00, 0x00, 0x00, 0x00,
    0x70, 0x4c, 0x08, 0x28, 0x68, 0x44, 0x08, 0xcb, 0x70, 0x48, 0x08, 0xff,
    0x68, 0x44, 0x08, 0xfb, 0x70, 0x44, 0x08, 0xff, 0x68, 0x40, 0x08, 0xfb,
    0x68, 0x44, 0x08, 0xff, 0x68, 0x44, 0x00, 0x2c, 0x00, 0x00, 0x00, 0x00,
    0x00, 0x00, 0x00, 0x00, 0x68, 0x44, 0x08, 0x20, 0x68, 0x44, 0x08, 0xfb,
    0x68, 0x44, 0x00, 0xff, 0x70, 0x44, 0x08, 0xff, 0x70, 0x44, 0x08, 0xef,
    0x70, 0x40, 0x08, 0x18, 0x00, 0x00, 0x00, 0x00, 0x00, 0x00, 0x00, 0x00,
    0x00, 0x00, 0x00, 0x00, 0x00, 0x00, 0x00, 0x00, 0x00, 0x00, 0x00, 0x00,
    0x70, 0x48, 0x08, 0x14, 0x68, 0x44, 0x08, 0x61, 0x70, 0x44, 0x08, 0xc7,
    0x68, 0x44, 0x08, 0x65, 0x00, 0x00, 0x00, 0x00, 0x80, 0x40, 0x00, 0x04,
    0x00, 0x00, 0x00, 0x00, 0x00, 0x00, 0x00, 0x00, 0xf8, 0x00, 0x00, 0x00,
    0x50, 0x54, 0x00, 0x04, 0x00, 0x00, 0x00, 0x00, 0x00, 0x00, 0x00, 0x00,
    0x00, 0x00, 0x00, 0x00, 0x00, 0x00, 0x00, 0x00, 0x00, 0x00, 0x00, 0x00,
    0x00, 0x00, 0x00, 0x00, 0x00, 0x00, 0x00, 0x00, 0x50, 0x54, 0x00, 0x04,
    0x00, 0x00, 0x00, 0x00, 0x00, 0x00, 0x00, 0x00, 0x00, 0x00, 0x00, 0x00,
    0x70, 0x44, 0x08, 0x65, 0x70, 0x48, 0x08, 0xff, 0x68, 0x40, 0x08, 0xfb,
    0x68, 0x44, 0x08, 0xff, 0x68, 0x44, 0x00, 0x79, 0x00, 0x00, 0x00, 0x00,
    0x70, 0x44, 0x08, 0x8e, 0x78, 0x4c, 0x08, 0xff, 0x68, 0x44, 0x00, 0xf7,
    0x68, 0x44, 0x08, 0xff, 0x70, 0x44, 0x08, 0x65, 0x00, 0x00, 0x00, 0x00,
    0x00, 0x00, 0x00, 0x00, 0x00, 0x00, 0x00, 0x00, 0x00, 0x00, 0x00, 0x00,
    0x00, 0x00, 0x00, 0x00, 0x00, 0x00, 0x00, 0x00, 0x00, 0x00, 0x00, 0x00,
    0x68, 0x44, 0x00, 0xe3, 0x70, 0x48, 0x08, 0xff, 0x68, 0x40, 0x08, 0x8e,
    0xa8, 0x00, 0x00, 0x04, 0x80, 0x00, 0x00, 0x00, 0x80, 0x00, 0x00, 0x04,
    0x80, 0x00, 0x00, 0x04, 0x80, 0x00, 0x00, 0x00, 0x80, 0x00, 0x00, 0x04,
    0xf8, 0x00, 0x00, 0x00, 0x80, 0x80, 0x00, 0x04, 0x00, 0x00, 0x00, 0x00,
    0x70, 0x40, 0x08, 0x2c, 0x68, 0x44, 0x00, 0xdf, 0x78, 0x4c, 0x08, 0xff,
    0x68, 0x44, 0x00, 0x8a, 0x00, 0x00, 0x00, 0x00, 0x70, 0x48, 0x00, 0x08,
    0x00, 0x00, 0x00, 0x00, 0x50, 0xa8, 0xf8, 0x04, 0x28, 0xa4, 0xe8, 0x0c,
    0x28, 0xa8, 0xe0, 0x14, 0x28, 0x94, 0xc8, 0x14, 0x30, 0x98, 0xc0, 0x14,
    0x30, 0xb0, 0xf0, 0x10, 0x20, 0xa4, 0xf0, 0x10, 0x00, 0x00, 0x00, 0x00,
    0x80, 0x80, 0x00, 0x04, 0x58, 0x54, 0x00, 0x04, 0x80, 0x80, 0x00, 0x00,
    0x00, 0x00, 0x00, 0x00, 0x20, 0xa0, 0xf8, 0x08, 0x30, 0xa4, 0xf0, 0x10,
    0x30, 0xb0, 0xf0, 0x10, 0x30, 0xb0, 0xf0, 0x10, 0x30, 0xac, 0xf0, 0x10,
    0x28, 0xa0, 0xe0, 0x14, 0x28, 0xa8, 0xe8, 0x0c, 0x00, 0x00, 0x00, 0x04,
    0x58, 0x54, 0x58, 0x04, 0xf8, 0x00, 0x00, 0x00, 0x00, 0x00, 0x00, 0x00,
    0x00, 0x00, 0x00, 0x00, 0x00, 0x00, 0x00, 0x00, 0x80, 0x80, 0x00, 0x04,
    0x30, 0x80, 0xb0, 0x0c, 0x30, 0xa4, 0xe0, 0x10, 0x30, 0xa4, 0xf0, 0x10,
    0x30, 0xa4, 0xe0, 0x10, 0x30, 0xb0, 0xf0, 0x10, 0x30, 0xa4, 0xe0, 0x10,
    0x28, 0xa4, 0xf0, 0x10, 0x00, 0xfc, 0xf8, 0x00, 0x00, 0x00, 0x00, 0x00,
    0x00, 0x00, 0x00, 0x00, 0x80, 0x80, 0x00, 0x04, 0x80, 0x40, 0x00, 0x04,
    0x80, 0x80, 0x00, 0x04, 0x00, 0x00, 0x00, 0x00, 0x80, 0x00, 0x00, 0x04,
    0x40, 0x40, 0x00, 0x04, 0x80, 0x80, 0x00, 0x04, 0x00, 0x00, 0x00, 0x00,
    0x68, 0x44, 0x08, 0x30, 0x68, 0x44, 0x08, 0xeb, 0x68, 0x44, 0x08, 0xfb,
    0x68, 0x44, 0x08, 0x61, 0x80, 0x00, 0x00, 0x04, 0x60, 0x40, 0x00, 0x08,
    0x80, 0x00, 0x00, 0x04, 0x00, 0x00, 0x00, 0x00, 0x00, 0x00, 0x00, 0x00,
    0x00, 0x00, 0x00, 0x00, 0x00, 0x00, 0x00, 0x00, 0x30, 0xcc, 0xf8, 0x04,
    0x38, 0xa8, 0xf0, 0x10, 0x30, 0xa4, 0xf0, 0x10, 0x30, 0xa4, 0xe0, 0x10,
    0x38, 0xa0, 0xc8, 0x14, 0x30, 0xa0, 0xc8, 0x14, 0x38, 0xa0, 0xc8, 0x14,
    0x00, 0x00, 0x00, 0x00, 0x68, 0x48, 0x00, 0x08, 0x68, 0x44, 0x08, 0xef,
    0x68, 0x44, 0x08, 0xfb, 0x68, 0x44, 0x08, 0xff, 0x68, 0x44, 0x08, 0xff,
    0x70, 0x48, 0x08, 0xff, 0x68, 0x44, 0x00, 0xe3, 0x70, 0x40, 0x08, 0x41,
    0x00, 0x00, 0x00, 0x00, 0x40, 0x40, 0x00, 0x04, 0x68, 0x34, 0x00, 0x04,
    0x00, 0x00, 0x00, 0x00, 0x68, 0x44, 0x08, 0x51, 0x68, 0x44, 0x08, 0xf3,
    0x70, 0x44, 0x08, 0xff, 0x68, 0x44, 0x08, 0xff, 0x68, 0x44, 0x00, 0xfb,
    0x70, 0x44, 0x08, 0xff, 0x70, 0x40, 0x08, 0xba, 0x70, 0x44, 0x00, 0x28,
    0x68, 0x44, 0x00, 0x14, 0x68, 0x40, 0x08, 0x59, 0x70, 0x44, 0x08, 0xf3,
    0x70, 0x44, 0x08, 0xff, 0x68, 0x44, 0x08, 0xff, 0x68, 0x44, 0x08, 0xff,
    0x70, 0x44, 0x08, 0xff, 0x70, 0x44, 0x00, 0xcf, 0xa8, 0x54, 0x00, 0x04,
    0x70, 0x48, 0x08, 0x30, 0x70, 0x44, 0x08, 0xf7, 0x68, 0x44, 0x08, 0xfb,
    0x70, 0x44, 0x08, 0xff, 0x68, 0x44, 0x08, 0xfb, 0x70, 0x48, 0x08, 0xff,
    0x68, 0x44, 0x08, 0xcf, 0x68, 0x48, 0x08, 0x2c, 0x00, 0x00, 0x00, 0x00,
    0x70, 0x44, 0x08, 0x6d, 0x70, 0x44, 0x00, 0xfb, 0x68, 0x44, 0x08, 0xff,
    0x70, 0x44, 0x00, 0xff, 0x68, 0x44, 0x08, 0xfb, 0x70, 0x48, 0x08, 0xff,
    0x70, 0x44, 0x00, 0xa2, 0x70, 0x38, 0x00, 0x08, 0x00, 0x00, 0x00, 0x00,
    0x00, 0x00, 0x00, 0x00, 0x70, 0x40, 0x08, 0x3c, 0x68, 0x44, 0x08, 0xfb,
    0x70, 0x44, 0x08, 0xff, 0x70, 0x44, 0x00, 0xff, 0x68, 0x44, 0x08, 0xeb,
    0x00, 0x00, 0x00, 0x00, 0x80, 0x80, 0x00, 0x04, 0x58, 0x54, 0x00, 0x04,
    0x80, 0x80, 0x00, 0x00, 0x80, 0x80, 0x00, 0x00, 0x00, 0x00, 0x00, 0x00,
    0x00, 0x00, 0x00, 0x00, 0x00, 0x00, 0x00, 0x00, 0x60, 0x48, 0x00, 0x10,
    0x68, 0x64, 0x00, 0x04, 0x00, 0x00, 0x00, 0x00, 0x00, 0x00, 0x00, 0x00,
    0x00, 0x00, 0x00, 0x00, 0x00, 0x00, 0x00, 0x04, 0x00, 0x00, 0x00, 0x00,
    0x00, 0x00, 0x00, 0x00, 0x68, 0x44, 0x00, 0x3c, 0x68, 0x44, 0x08, 0x79,
    0x68, 0x44, 0x00, 0x9a, 0x68, 0x44, 0x00, 0x9e, 0x68, 0x44, 0x08, 0x92,
    0x68, 0x40, 0x00, 0x71, 0x68, 0x40, 0x08, 0x14, 0x00, 0x00, 0x00, 0x00,
    0x00, 0x00, 0x00, 0x00, 0x00, 0x00, 0x00, 0x00, 0x00, 0x00, 0x00, 0x00,
    0x68, 0x44, 0x08, 0x65, 0x70, 0x48, 0x00, 0xff, 0x70, 0x44, 0x08, 0xff,
    0x68, 0x44, 0x08, 0xf3, 0x68, 0x44, 0x08, 0x9a, 0x68, 0x40, 0x00, 0x75,
    0x68, 0x44, 0x08, 0xd3, 0x70, 0x44, 0x08, 0xff, 0x70, 0x44, 0x08, 0xff,
    0x68, 0x44, 0x00, 0xe3, 0x68, 0x40, 0x08, 0x82, 0x68, 0x40, 0x00, 0x65,
    0x68, 0x40, 0x00, 0x82, 0x70, 0x40, 0x08, 0x24, 0x80, 0x00, 0x00, 0x00,
    0xa8, 0x00, 0x00, 0x04, 0x58, 0x28, 0x00, 0x04, 0x00, 0x00, 0x00, 0x00,
    0x68, 0x44, 0x08, 0xe3, 0x70, 0x48, 0x08, 0xff, 0x68, 0x44, 0x00, 0x8e,
    0xf8, 0x00, 0x00, 0x00, 0x00, 0x00, 0x00, 0x00, 0x00, 0x00, 0x00, 0x00,
    0x00, 0x00, 0x00, 0x00, 0x00, 0x00, 0x00, 0x00, 0x00, 0x00, 0x00, 0x00,
    0x00, 0x00, 0x00, 0x00, 0x80, 0x80, 0x00, 0x04, 0x00, 0x00, 0x00, 0x00,
    0x68, 0x44, 0x08, 0x2c, 0x68, 0x44, 0x08, 0xd3, 0x78, 0x4c, 0x08, 0xff,
    0x68, 0x44, 0x08, 0x8a, 0x00, 0x00, 0x00, 0x00, 0x70, 0x48, 0x00, 0x08,
    0x00, 0x00, 0x00, 0x00, 0x00, 0x00, 0x00, 0x00, 0x00, 0x00, 0x00, 0x00,
    0x00, 0x00, 0x00, 0x00, 0x00, 0x00, 0x00, 0x00, 0x00, 0x00, 0x00, 0x00,
    0x80, 0x28, 0x00, 0x14, 0x78, 0x38, 0x00, 0x2c, 0x70, 0x40, 0x00, 0x34,
    0x68, 0x64, 0x00, 0x04, 0x00, 0x00, 0x00, 0x00, 0x00, 0x00, 0x00, 0x00,
    0x00, 0x00, 0x00, 0x00, 0x00, 0x00, 0x00, 0x00, 0x00, 0x00, 0x00, 0x00,
    0x00, 0x00, 0x00, 0x00, 0x00, 0x00, 0x00, 0x00, 0x00, 0x00, 0x00, 0x00,
    0x00, 0x00, 0x00, 0x00, 0x00, 0x00, 0x00, 0x00, 0x00, 0x00, 0x00, 0x00,
    0x00, 0x00, 0x00, 0x00, 0x68, 0x40, 0x18, 0x0c, 0x70, 0x44, 0x08, 0x38,
    0x68, 0x44, 0x08, 0x30, 0x68, 0x44, 0x08, 0x2c, 0x80, 0x40, 0x00, 0x04,
    0x00, 0x00, 0x00, 0x00, 0x00, 0x00, 0x00, 0x00, 0x00, 0x00, 0x00, 0x00,
    0x00, 0x00, 0x00, 0x00, 0x00, 0x00, 0x00, 0x00, 0x00, 0x00, 0x00, 0x00,
    0x00, 0x00, 0x00, 0x00, 0x00, 0x00, 0x00, 0x00, 0x00, 0x00, 0x00, 0x00,
    0x00, 0x00, 0x00, 0x00, 0x00, 0x00, 0x00, 0x00, 0x00, 0x00, 0x00, 0x00,
    0x48, 0x48, 0x00, 0x08, 0x70, 0x44, 0x08, 0x30, 0x68, 0x4c, 0x18, 0x08,
    0x00, 0x00, 0x00, 0x00, 0x00, 0x00, 0x00, 0x00, 0x80, 0x00, 0x00, 0x00,
    0x68, 0x44, 0x00, 0x30, 0x68, 0x44, 0x00, 0xe7, 0x68, 0x44, 0x08, 0xf7,
    0x68, 0x44, 0x00, 0x61, 0x00, 0x00, 0x00, 0x00, 0x00, 0x00, 0x00, 0x00,
    0x00, 0x00, 0x00, 0x00, 0x00, 0x00, 0x00, 0x00, 0x00, 0x00, 0x00, 0x00,
    0x00, 0x00, 0x00, 0x00, 0x00, 0x00, 0x00, 0x00, 0x00, 0x00, 0x00, 0x00,
    0x00, 0x00, 0x00, 0x00, 0x00, 0x00, 0x00, 0x00, 0x00, 0x00, 0x00, 0x00,
    0x00, 0x00, 0x00, 0x00, 0x00, 0x00, 0x00, 0x00, 0x00, 0x00, 0x00, 0x00,
    0x00, 0x00, 0x00, 0x00, 0x68, 0x44, 0x00, 0x65, 0x70, 0x44, 0x08, 0xff,
    0x68, 0x44, 0x08, 0xff, 0x70, 0x44, 0x00, 0xff, 0x68, 0x44, 0x08, 0xff,
    0x70, 0x44, 0x08, 0xff, 0x70, 0x44, 0x08, 0xa6, 0x58, 0x54, 0x00, 0x04,
    0x70, 0x48, 0x00, 0x08, 0x00, 0x00, 0x00, 0x00, 0x00, 0x00, 0x00, 0x00,
    0x00, 0x00, 0x00, 0x00, 0x68, 0x44, 0x08, 0x9e, 0x78, 0x48, 0x00, 0xff,
    0x68, 0x44, 0x08, 0xfb, 0x68, 0x44, 0x08, 0xff, 0x68, 0x44, 0x08, 0xfb,
    0x78, 0x4c, 0x00, 0xff, 0x68, 0x44, 0x08, 0x5d, 0x00, 0x00, 0x00, 0x00,
    0x00, 0x00, 0x00, 0x00, 0x70, 0x40, 0x08, 0xa6, 0x68, 0x44, 0x00, 0xff,
    0x68, 0x44, 0x08, 0xff, 0x68, 0x44, 0x08, 0xff, 0x70, 0x44, 0x08, 0xff,
    0x68, 0x44, 0x08, 0xfb, 0x68, 0x44, 0x08, 0x7d, 0x00, 0x00, 0x00, 0x00,
    0x68, 0x44, 0x00, 0x82, 0x70, 0x48, 0x08, 0xff, 0x68, 0x44, 0x08, 0xfb,
    0x70, 0x44, 0x00, 0xff, 0x68, 0x44, 0x08, 0xff, 0x70, 0x44, 0x08, 0xff,
    0x70, 0x44, 0x00, 0x82, 0x00, 0x00, 0x00, 0x00, 0x68, 0x44, 0x08, 0x30,
    0x70, 0x44, 0x08, 0xcf, 0x70, 0x48, 0x08, 0xff, 0x68, 0x44, 0x08, 0xfb,
    0x68, 0x44, 0x08, 0xff, 0x68, 0x44, 0x00, 0xff, 0x70, 0x44, 0x08, 0xf3,
    0x68, 0x44, 0x08, 0x2c, 0x00, 0x00, 0x00, 0x00, 0x80, 0x00, 0x00, 0x04,
    0x00, 0x00, 0x00, 0x00, 0x70, 0x48, 0x00, 0x0c, 0x68, 0x44, 0x08, 0xf7,
    0x68, 0x44, 0x08, 0xff, 0x68, 0x44, 0x08, 0xff, 0x68, 0x44, 0x00, 0xff,
    0x68, 0x44, 0x08, 0xa6, 0x68, 0x4c, 0x18, 0x08, 0x00, 0x00, 0x00, 0x00,
    0x00, 0x00, 0x00, 0x00, 0x00, 0x00, 0x00, 0x00, 0x00, 0x00, 0x00, 0x00,
    0x00, 0x00, 0x00, 0x00, 0x00, 0x00, 0x00, 0x00, 0x00, 0x00, 0x00, 0x00,
    0x00, 0x00, 0x00, 0x00, 0x00, 0x00, 0x00, 0x00, 0x00, 0x00, 0x00, 0x00,
    0x80, 0x40, 0x00, 0x04, 0x00, 0x00, 0x00, 0x00, 0x70, 0x44, 0x08, 0x45,
    0x68, 0x44, 0x08, 0xc7, 0x70, 0x44, 0x08, 0xf3, 0x68, 0x44, 0x08, 0xfb,
    0x68, 0x44, 0x08, 0xff, 0x70, 0x44, 0x08, 0xff, 0x68, 0x44, 0x08, 0xff,
    0x68, 0x44, 0x08, 0xfb, 0x68, 0x44, 0x08, 0xeb, 0x68, 0x44, 0x08, 0xa6,
    0x68, 0x44, 0x08, 0x24, 0x00, 0x00, 0x00, 0x00, 0x00, 0x00, 0x00, 0x00,
    0x68, 0x44, 0x08, 0x65, 0x70, 0x48, 0x08, 0xff, 0x70, 0x44, 0x00, 0xff,
    0x68, 0x44, 0x00, 0xe7, 0x70, 0x44, 0x08, 0xc7, 0x70, 0x48, 0x08, 0xfb,
    0x68, 0x44, 0x08, 0xfb, 0x68, 0x44, 0x08, 0xff, 0x68, 0x44, 0x00, 0xff,
    0x68, 0x44, 0x08, 0xfb, 0x68, 0x44, 0x08, 0xf7, 0x70, 0x44, 0x08, 0xf3,
    0x78, 0x48, 0x08, 0xfb, 0x68, 0x48, 0x08, 0x49, 0x00, 0x00, 0x00, 0x00,
    0x58, 0x54, 0x00, 0x04, 0x68, 0x34, 0x00, 0x04, 0x00, 0x00, 0x00, 0x00,
    0x68, 0x44, 0x00, 0xdf, 0x70, 0x48, 0x08, 0xff, 0x68, 0x44, 0x08, 0x8e,
    0xf8, 0x00, 0x00, 0x00, 0x00, 0x00, 0x00, 0x00, 0x00, 0x00, 0x00, 0x00,
    0x00, 0x00, 0x00, 0x00, 0x00, 0x00, 0x00, 0x00, 0x00, 0x00, 0x00, 0x00,
    0x00, 0x00, 0x00, 0x00, 0x80, 0x00, 0x00, 0x00, 0x00, 0x00, 0x00, 0x00,
    0x68, 0x44, 0x08, 0x4d, 0x70, 0x48, 0x08, 0xfb, 0x70, 0x44, 0x00, 0xfb,
    0x68, 0x40, 0x08, 0x71, 0x00, 0x00, 0x00, 0x00, 0x68, 0x34, 0x00, 0x04,
    0x00, 0x00, 0x00, 0x00, 0x80, 0x80, 0x00, 0x00, 0x00, 0x00, 0x00, 0x00,
    0x68, 0x40, 0x10, 0x20, 0x68, 0x44, 0x08, 0x82, 0x70, 0x44, 0x08, 0xcf,
    0x68, 0x44, 0x08, 0xef, 0x68, 0x44, 0x08, 0xf3, 0x68, 0x44, 0x08, 0xef,
    0x68, 0x44, 0x08, 0xeb, 0x68, 0x44, 0x08, 0xba, 0x68, 0x44, 0x08, 0x79,
    0x70, 0x48, 0x00, 0x08, 0x00, 0x00, 0x00, 0x00, 0x00, 0xfc, 0xf8, 0x00,
    0x00, 0xfc, 0xf8, 0x00, 0x00, 0xfc, 0xf8, 0x00, 0x00, 0xfc, 0xf8, 0x00,
    0x00, 0xfc, 0xf8, 0x00, 0x00, 0x00, 0x00, 0x00, 0x70, 0x48, 0x08, 0x38,
    0x68, 0x44, 0x08, 0xae, 0x68, 0x44, 0x08, 0xe7, 0x68, 0x44, 0x08, 0xf3,
    0x68, 0x44, 0x08, 0xf3, 0x70, 0x44, 0x08, 0xef, 0x68, 0x44, 0x00, 0xdb,
    0x68, 0x44, 0x08, 0x9e, 0x68, 0x4c, 0x08, 0x28, 0x00, 0x00, 0x00, 0x00,
    0x00, 0xfc, 0xf8, 0x00, 0x00, 0xfc, 0xf8, 0x00, 0x00, 0xfc, 0xf8, 0x00,
    0x00, 0x00, 0xf8, 0x00, 0x00, 0x00, 0x00, 0x00, 0x00, 0x00, 0x00, 0x00,
    0x68, 0x44, 0x08, 0x24, 0x68, 0x44, 0x08, 0x8a, 0x68, 0x44, 0x08, 0xdb,
    0x68, 0x44, 0x08, 0xeb, 0x68, 0x44, 0x08, 0xef, 0x68, 0x44, 0x08, 0xeb,
    0x68, 0x44, 0x08, 0xcf, 0x68, 0x44, 0x08, 0x6d, 0x00, 0x00, 0x00, 0x00,
    0x70, 0x44, 0x08, 0x2c, 0x68, 0x44, 0x08, 0xeb, 0x70, 0x44, 0x08, 0xf3,
    0x70, 0x44, 0x08, 0x79, 0x68, 0x44, 0x08, 0x6d, 0x68, 0x44, 0x08, 0xc3,
    0x68, 0x44, 0x00, 0x59, 0x00, 0x00, 0x00, 0x00, 0x00, 0x00, 0x00, 0x00,
    0x00, 0x00, 0x00, 0x00, 0x00, 0x00, 0x00, 0x00, 0x00, 0x00, 0x00, 0x00,
    0x00, 0xfc, 0xf8, 0x00, 0x50, 0xac, 0x58, 0x04, 0x00, 0x00, 0x00, 0x00,
    0x68, 0x44, 0x08, 0x79, 0x68, 0x44, 0x08, 0xaa, 0x68, 0x44, 0x08, 0x7d,
    0x68, 0x34, 0x00, 0x04, 0x68, 0x44, 0x08, 0xcf, 0x70, 0x44, 0x08, 0xff,
    0x70, 0x44, 0x08, 0xff, 0x70, 0x44, 0x00, 0xff, 0x70, 0x48, 0x08, 0xff,
    0x68, 0x44, 0x08, 0xef, 0x68, 0x44, 0x00, 0x59, 0x00, 0x00, 0x00, 0x00,
    0x80, 0x40, 0x00, 0x04, 0x80, 0x40, 0x00, 0x04, 0x00, 0x00, 0x00, 0x00,
    0x68, 0x44, 0x08, 0x3c, 0x68, 0x44, 0x00, 0xdf, 0x70, 0x48, 0x08, 0xff,
    0x70, 0x44, 0x08, 0xff, 0x68, 0x44, 0x00, 0xff, 0x70, 0x44, 0x08, 0xff,
    0x68, 0x44, 0x08, 0xd3, 0x68, 0x44, 0x08, 0x20, 0x00, 0x00, 0x00, 0x00,
    0x68, 0x48, 0x00, 0x2c, 0x68, 0x44, 0x08, 0xef, 0x70, 0x48, 0x08, 0xff,
    0x70, 0x44, 0x00, 0xff, 0x70, 0x44, 0x00, 0xff, 0x70, 0x48, 0x08, 0xff,
    0x68, 0x44, 0x00, 0xf3, 0x80, 0x40, 0x00, 0x04, 0x78, 0x48, 0x08, 0x18,
    0x70, 0x44, 0x08, 0xe3, 0x68, 0x44, 0x08, 0xff, 0x68, 0x44, 0x08, 0xff,
    0x70, 0x44, 0x00, 0xff, 0x70, 0x44, 0x08, 0xff, 0x68, 0x44, 0x08, 0xff,
    0x68, 0x44, 0x00, 0xf7, 0x70, 0x44, 0x08, 0xf3, 0x68, 0x44, 0x08, 0xf7,
    0x68, 0x44, 0x00, 0xff, 0x70, 0x44, 0x08, 0xff, 0x68, 0x44, 0x08, 0xff,
    0x70, 0x44, 0x08, 0xff, 0x68, 0x44, 0x08, 0xeb, 0x68, 0x44, 0x00, 0x61,
    0x00, 0x00, 0x00, 0x00, 0x00, 0x00, 0x00, 0x00, 0x00, 0x00, 0x00, 0x00,
    0xf8, 0x00, 0x00, 0x00, 0x00, 0x00, 0x00, 0x00, 0x68, 0x44, 0x00, 0xc7,
    0x70, 0x44, 0x08, 0xff, 0x68, 0x44, 0x08, 0xff, 0x70, 0x44, 0x08, 0xff,
    0x70, 0x44, 0x08, 0xff, 0x68, 0x44, 0x08, 0xeb, 0x68, 0x44, 0x00, 0xa6,
    0x68, 0x44, 0x08, 0x5d, 0x70, 0x40, 0x10, 0x10, 0x00, 0x00, 0x00, 0x00,
    0x00, 0x00, 0x00, 0x00, 0x00, 0x00, 0x00, 0x00, 0x00, 0x00, 0x00, 0x00,
    0x00, 0x00, 0x00, 0x00, 0x00, 0x00, 0x00, 0x00, 0x68, 0x34, 0x00, 0x04,
    0x00, 0x00, 0x00, 0x00, 0x68, 0x40, 0x08, 0x51, 0x68, 0x44, 0x08, 0xe7,
    0x70, 0x48, 0x08, 0xff, 0x70, 0x44, 0x08, 0xff, 0x70, 0x44, 0x08, 0xff,
    0x70, 0x44, 0x08, 0xff, 0x70, 0x44, 0x08, 0xff, 0x70, 0x44, 0x08, 0xff,
    0x70, 0x44, 0x08, 0xff, 0x70, 0x44, 0x08, 0xff, 0x70, 0x44, 0x08, 0xff,
    0x68, 0x44, 0x08, 0xdf, 0x68, 0x48, 0x08, 0x24, 0x00, 0x00, 0x00, 0x00,
    0x70, 0x44, 0x08, 0x65, 0x70, 0x48, 0x08, 0xff, 0x68, 0x44, 0x08, 0xff,
    0x68, 0x44, 0x00, 0xe7, 0x70, 0x44, 0x08, 0xcb, 0x70, 0x48, 0x08, 0xff,
    0x68, 0x44, 0x00, 0xff, 0x70, 0x44, 0x08, 0xff, 0x70, 0x44, 0x08, 0xff,
    0x70, 0x44, 0x08, 0xff, 0x70, 0x44, 0x08, 0xff, 0x68, 0x44, 0x08, 0xfb,
    0x78, 0x4c, 0x08, 0xff, 0x68, 0x44, 0x08, 0x51, 0x00, 0x00, 0x00, 0x00,
    0x58, 0x54, 0x00, 0x04, 0x68, 0x34, 0x00, 0x04, 0x00, 0x00, 0x00, 0x00,
    0x68, 0x44, 0x00, 0xe3, 0x70, 0x44, 0x08, 0xff, 0x70, 0x44, 0x08, 0x8e,
    0x00, 0x00, 0x00, 0x00, 0x00, 0x00, 0x00, 0x00, 0x00, 0x00, 0x00, 0x00,
    0x00, 0x00, 0x00, 0x00, 0x00, 0x00, 0x00, 0x00, 0x00, 0x00, 0x00, 0x00,
    0x00, 0x00, 0x00, 0x00, 0x00, 0x00, 0x00, 0x00, 0x68, 0x44, 0x00, 0x38,
    0x68, 0x40, 0x00, 0xdb, 0x78, 0x48, 0x08, 0xff, 0x68, 0x44, 0x08, 0xc7,
    0x70, 0x48, 0x08, 0x20, 0x00, 0x00, 0x00, 0x00, 0x80, 0x80, 0x00, 0x04,
    0x80, 0x40, 0x00, 0x04, 0x00, 0x00, 0x00, 0x00, 0x70, 0x44, 0x08, 0x49,
    0x68, 0x44, 0x08, 0xdf, 0x70, 0x44, 0x08, 0xff, 0x70, 0x44, 0x08, 0xff,
    0x70, 0x48, 0x00, 0xff, 0x70, 0x44, 0x08, 0xff, 0x70, 0x48, 0x08, 0xff,
    0x70, 0x48, 0x00, 0xff, 0x70, 0x44, 0x08, 0xff, 0x68, 0x44, 0x08, 0xff,
    0x68, 0x44, 0x00, 0xcb, 0x68, 0x48, 0x08, 0x28, 0x00, 0x00, 0x00, 0x00,
    0x00, 0x00, 0x00, 0x00, 0x00, 0x00, 0x00, 0x04, 0x00, 0x00, 0x00, 0x00,
    0x80, 0x80, 0x00, 0x04, 0x70, 0x44, 0x08, 0x71, 0x70, 0x44, 0x08, 0xf7,
    0x68, 0x44, 0x08, 0xff, 0x70, 0x48, 0x00, 0xff, 0x68, 0x44, 0x00, 0xf7,
    0x70, 0x44, 0x08, 0xe7, 0x70, 0x44, 0x08, 0xff, 0x70, 0x44, 0x08, 0xff,
    0x68, 0x44, 0x08, 0xff, 0x68, 0x44, 0x08, 0xe7, 0x68, 0x44, 0x00, 0x41,
    0x00, 0x00, 0x00, 0x00, 0x00, 0x00, 0x00, 0x00, 0x00, 0x00, 0x00, 0x00,
    0xf8, 0x00, 0x00, 0x00, 0x00, 0x00, 0x00, 0x00, 0x68, 0x44, 0x08, 0x65,
    0x68, 0x44, 0x08, 0xf3, 0x70, 0x44, 0x08, 0xff, 0x70, 0x44, 0x00, 0xff,
    0x70, 0x44, 0x08, 0xff, 0x70, 0x44, 0x08, 0xff, 0x70, 0x44, 0x00, 0xff,
    0x70, 0x44, 0x08, 0xff, 0x70, 0x48, 0x08, 0xff, 0x68, 0x44, 0x08, 0xd3,
    0x68, 0x40, 0x08, 0x7d, 0x68, 0x44, 0x00, 0xdf, 0x70, 0x44, 0x08, 0xff,
    0x68, 0x44, 0x00, 0x5d, 0x68, 0x44, 0x08, 0x7d, 0x80, 0x50, 0x08, 0xff,
    0x68, 0x44, 0x08, 0xba, 0x68, 0x40, 0x08, 0x20, 0x00, 0x00, 0x00, 0x00,
    0x80, 0x80, 0x00, 0x04, 0x00, 0x00, 0x00, 0x00, 0x00, 0x00, 0x00, 0x00,
    0x00, 0x00, 0x00, 0x00, 0x00, 0x00, 0x00, 0x00, 0x60, 0x40, 0x10, 0x10,
    0x68, 0x44, 0x08, 0xeb, 0x70, 0x48, 0x08, 0xff, 0x68, 0x44, 0x00, 0x82,
    0x68, 0x44, 0x00, 0x38, 0x68, 0x44, 0x08, 0xfb, 0x68, 0x44, 0x08, 0xf7,
    0x68, 0x44, 0x08, 0xfb, 0x68, 0x44, 0x08, 0xf7, 0x70, 0x48, 0x08, 0xfb,
    0x68, 0x44, 0x00, 0xc7, 0x00, 0x00, 0x00, 0x00, 0x68, 0x30, 0x00, 0x04,
    0x00, 0x00, 0x00, 0x00, 0x80, 0x40, 0x00, 0x04, 0x00, 0x00, 0x00, 0x00,
    0x68, 0x44, 0x08, 0x82, 0x78, 0x48, 0x08, 0xfb, 0x68, 0x44, 0x08, 0xf3,
    0x68, 0x44, 0x08, 0xfb, 0x70, 0x44, 0x08, 0xf3, 0x70, 0x48, 0x00, 0xfb,
    0x70, 0x44, 0x08, 0x79, 0x68, 0x34, 0x00, 0x04, 0x00, 0x00, 0x00, 0x00,
    0x68, 0x44, 0x08, 0x79, 0x68, 0x44, 0x08, 0xf7, 0x70, 0x44, 0x08, 0xfb,
    0x68, 0x44, 0x08, 0xfb, 0x68, 0x44, 0x08, 0xfb, 0x68, 0x44, 0x08, 0xfb,
    0x70, 0x44, 0x08, 0x8a, 0x00, 0x00, 0x00, 0x00, 0x68, 0x40, 0x08, 0x51,
    0x70, 0x48, 0x08, 0xfb, 0x68, 0x44, 0x08, 0xf7, 0x70, 0x44, 0x00, 0xfb,
    0x68, 0x44, 0x08, 0xfb, 0x68, 0x44, 0x08, 0xfb, 0x68, 0x44, 0x08, 0xfb,
    0x70, 0x44, 0x08, 0xfb, 0x68, 0x44, 0x08, 0xff, 0x68, 0x44, 0x00, 0xff,
    0x68, 0x44, 0x08, 0xf7, 0x68, 0x44, 0x00, 0xcb, 0x68, 0x44, 0x00, 0xae,
    0x70, 0x44, 0x00, 0x86, 0x68, 0x40, 0x00, 0x1c, 0x00, 0x00, 0x00, 0x00,
    0xf8, 0x00, 0x00, 0x00, 0x00, 0x00, 0x00, 0x00, 0x00, 0x00, 0x00, 0x00,
    0x00, 0x00, 0x00, 0x00, 0x00, 0x00, 0x00, 0x00, 0x68, 0x44, 0x08, 0x41,
    0x68, 0x44, 0x08, 0xfb, 0x70, 0x44, 0x00, 0xff, 0x70, 0x44, 0x08, 0xff,
    0x68, 0x44, 0x08, 0xff, 0x70, 0x44, 0x08, 0xff, 0x70, 0x44, 0x08, 0xff,
    0x68, 0x44, 0x08, 0xff, 0x68, 0x44, 0x08, 0xf7, 0x68, 0x44, 0x00, 0xc3,
    0x68, 0x40, 0x08, 0x71, 0x70, 0x48, 0x08, 0x28, 0x00, 0x00, 0x00, 0x00,
    0x00, 0x00, 0x00, 0x00, 0x80, 0x40, 0x00, 0x04, 0x00, 0x00, 0x00, 0x00,
    0x68, 0x44, 0x00, 0x45, 0x68, 0x44, 0x00, 0xdf, 0x70, 0x44, 0x08, 0xff,
    0x68, 0x44, 0x00, 0xff, 0x68, 0x44, 0x08, 0xff, 0x68, 0x44, 0x00, 0xfb,
    0x68, 0x44, 0x08, 0xfb, 0x68, 0x44, 0x00, 0xdb, 0x68, 0x44, 0x08, 0xf7,
    0x68, 0x44, 0x00, 0xff, 0x70, 0x44, 0x08, 0xff, 0x68, 0x44, 0x00, 0xff,
    0x70, 0x48, 0x08, 0xff, 0x68, 0x44, 0x00, 0xd7, 0x58, 0x54, 0x00, 0x04,
    0x68, 0x44, 0x08, 0x65, 0x70, 0x48, 0x08, 0xff, 0x70, 0x44, 0x08, 0xff,
    0x68, 0x44, 0x00, 0xe7, 0x68, 0x44, 0x08, 0xc7, 0x70, 0x44, 0x08, 0xfb,
    0x68, 0x44, 0x00, 0xfb, 0x68, 0x44, 0x08, 0xff, 0x68, 0x44, 0x08, 0xff,
    0x68, 0x44, 0x00, 0xff, 0x68, 0x44, 0x08, 0xfb, 0x68, 0x44, 0x00, 0xf3,
    0x78, 0x4c, 0x08, 0xfb, 0x68, 0x48, 0x00, 0x49, 0x00, 0x00, 0x00, 0x00,
    0x50, 0x54, 0x00, 0x04, 0x68, 0x34, 0x00, 0x04, 0x00, 0x00, 0x00, 0x00,
    0x68, 0x44, 0x08, 0xe3, 0x70, 0x48, 0x08, 0xff, 0x68, 0x44, 0x00, 0xc3,
    0x68, 0x44, 0x00, 0x8a, 0x68, 0x44, 0x08, 0x8a, 0x68, 0x44, 0x08, 0x8a,
    0x68, 0x44, 0x08, 0x8a, 0x68, 0x44, 0x08, 0x8a, 0x68, 0x44, 0x08, 0x86,
    0x68, 0x44, 0x08, 0x8a, 0x68, 0x44, 0x08, 0xba, 0x70, 0x44, 0x08, 0xf3,
    0x70, 0x44, 0x08, 0xff, 0x68, 0x44, 0x08, 0xe7, 0x70, 0x44, 0x08, 0x4d,
    0x00, 0x00, 0x00, 0x00, 0x80, 0x40, 0x00, 0x04, 0x80, 0x3c, 0x00, 0x04,
    0x00, 0x00, 0x00, 0x00, 0x68, 0x44, 0x08, 0x49, 0x68, 0x44, 0x08, 0xe3,
    0x70, 0x48, 0x08, 0xff, 0x68, 0x44, 0x00, 0xf7, 0x68, 0x44, 0x08, 0xa2,
    0x68, 0x44, 0x00, 0x34, 0x58, 0x2c, 0x00, 0x04, 0x68, 0x34, 0x00, 0x04,
    0x68, 0x44, 0x00, 0x30, 0x68, 0x44, 0x08, 0xa2, 0x70, 0x44, 0x08, 0xff,
    0x70, 0x44, 0x08, 0xff, 0x68, 0x40, 0x08, 0xdf, 0x68, 0x44, 0x08, 0x18,
    0x00, 0x00, 0x00, 0x00, 0x00, 0x00, 0x00, 0x00, 0x00, 0x00, 0x00, 0x00,
    0x68, 0x44, 0x08, 0x55, 0x70, 0x48, 0x08, 0xff, 0x68, 0x44, 0x08, 0xff,
    0x68, 0x44, 0x08, 0xcf, 0x68, 0x40, 0x00, 0x51, 0x80, 0x40, 0x00, 0x04,
    0x58, 0x28, 0x00, 0x04, 0x70, 0x44, 0x00, 0x0c, 0x68, 0x44, 0x08, 0x6d,
    0x68, 0x44, 0x08, 0xeb, 0x70, 0x48, 0x08, 0xff, 0x68, 0x44, 0x08, 0xeb,
    0x68, 0x44, 0x08, 0x2c, 0x00, 0x00, 0x00, 0x00, 0x80, 0x40, 0x00, 0x04,
    0x00, 0x00, 0x00, 0x00, 0x68, 0x44, 0x08, 0x79, 0x68, 0x44, 0x08, 0xfb,
    0x70, 0x48, 0x00, 0xff, 0x68, 0x44, 0x00, 0xdb, 0x68, 0x44, 0x08, 0x75,
    0x68, 0x44, 0x00, 0x30, 0x68, 0x34, 0x00, 0x04, 0x68, 0x48, 0x00, 0x1c,
    0x68, 0x44, 0x00, 0x69, 0x68, 0x44, 0x08, 0xcf, 0x70, 0x44, 0x00, 0xff,
    0x68, 0x44, 0x08, 0xfb, 0x70, 0x44, 0x08, 0xff, 0x68, 0x44, 0x08, 0xfb,
    0x68, 0x40, 0x08, 0x51, 0x70, 0x44, 0x08, 0x45, 0x70, 0x44, 0x08, 0xff,
    0x68, 0x44, 0x08, 0xf7, 0x68, 0x44, 0x08, 0x49, 0x00, 0x00, 0x00, 0x00,
    0x80, 0x40, 0x00, 0x04, 0x00, 0x00, 0x00, 0x00, 0x00, 0x00, 0x00, 0x00,
    0x80, 0x80, 0x00, 0x04, 0x00, 0x00, 0x00, 0x00, 0x70, 0x44, 0x00, 0x61,
    0x68, 0x44, 0x08, 0xfb, 0x70, 0x48, 0x08, 0xff, 0x70, 0x44, 0x08, 0x28,
    0x00, 0x00, 0x00, 0x00, 0x00, 0x00, 0x00, 0x00, 0x00, 0x00, 0x00, 0x00,
    0x00, 0x00, 0x00, 0x00, 0x00, 0x00, 0x00, 0x00, 0x00, 0x00, 0x00, 0x00,
    0x00, 0x00, 0x00, 0x00, 0x00, 0x00, 0x00, 0x00, 0x00, 0x00, 0x00, 0x00,
    0x00, 0x00, 0x00, 0x00, 0x00, 0x00, 0x00, 0x00, 0x00, 0x00, 0x00, 0x00,
    0x00, 0x00, 0x00, 0x00, 0x00, 0x00, 0x00, 0x00, 0x00, 0x00, 0x00, 0x00,
    0x00, 0x00, 0x00, 0x00, 0x00, 0x00, 0x00, 0x00, 0x00, 0x00, 0x00, 0x00,
    0x00, 0x00, 0x00, 0x00, 0x00, 0x00, 0x00, 0x00, 0x00, 0x00, 0x00, 0x00,
    0x00, 0x00, 0x00, 0x00, 0x00, 0x00, 0x00, 0x00, 0x00, 0x00, 0x00, 0x00,
    0x00, 0x00, 0x00, 0x00, 0x00, 0x00, 0x00, 0x00, 0x00, 0x00, 0x00, 0x00,
    0x00, 0x00, 0x00, 0x00, 0x00, 0x00, 0x00, 0x00, 0x00, 0x00, 0x00, 0x00,
    0x00, 0x00, 0x00, 0x00, 0x00, 0x00, 0x00, 0x00, 0x00, 0x00, 0x00, 0x00,
    0x00, 0x00, 0x00, 0x00, 0x00, 0x00, 0x00, 0x00, 0x00, 0x00, 0x00, 0x00,
    0x00, 0x00, 0x00, 0x00, 0x00, 0x00, 0x00, 0x00, 0x00, 0x00, 0x00, 0x00,
    0x00, 0x00, 0x00, 0x00, 0x00, 0x00, 0x00, 0x00, 0x00, 0x00, 0x00, 0x00,
    0x00, 0x00, 0x00, 0x00, 0x00, 0x00, 0x00, 0x00, 0x00, 0x00, 0x00, 0x00,
    0x00, 0x00, 0x00, 0x00, 0x00, 0x00, 0x00, 0x00, 0x00, 0x00, 0x00, 0x00,
    0x00, 0x00, 0x00, 0x00, 0x00, 0x00, 0x00, 0x00, 0x00, 0x00, 0x00, 0x00,
    0x70, 0x44, 0x08, 0x41, 0x68, 0x44, 0x00, 0xd3, 0x68, 0x44, 0x08, 0xfb,
    0x70, 0x44, 0x00, 0xff, 0x70, 0x48, 0x00, 0xff, 0x70, 0x44, 0x08, 0xff,
    0x68, 0x44, 0x08, 0xff, 0x70, 0x44, 0x08, 0xff, 0x70, 0x44, 0x08, 0xff,
    0x70, 0x44, 0x08, 0xff, 0x68, 0x44, 0x00, 0xf7, 0x68, 0x44, 0x00, 0x86,
    0x68, 0x44, 0x00, 0x18, 0x00, 0x00, 0x00, 0x00, 0xf8, 0x00, 0x00, 0x00,
    0x68, 0x44, 0x08, 0xae, 0x78, 0x48, 0x08, 0xff, 0x68, 0x44, 0x08, 0xf7,
    0x70, 0x44, 0x08, 0xff, 0x68, 0x44, 0x08, 0xd3, 0x68, 0x44, 0x08, 0x55,
    0x00, 0x00, 0x00, 0x00, 0x00, 0x00, 0x00, 0x00, 0x80, 0x80, 0x00, 0x04,
    0x68, 0x44, 0x08, 0x71, 0x68, 0x44, 0x08, 0xf3, 0x68, 0x44, 0x08, 0xff,
    0x70, 0x44, 0x08, 0xff, 0x68, 0x44, 0x08, 0xfb, 0x68, 0x40, 0x00, 0x75,
    0x68, 0x44, 0x08, 0x5d, 0x70, 0x48, 0x08, 0xff, 0x68, 0x44, 0x08, 0xfb,
    0x68, 0x44, 0x08, 0xff, 0x68, 0x44, 0x00, 0x71, 0x68, 0x44, 0x00, 0x10,
    0x68, 0x44, 0x08, 0xcb, 0x70, 0x44, 0x08, 0xff, 0x70, 0x44, 0x00, 0xff,
    0x68, 0x44, 0x08, 0xcf, 0x68, 0x44, 0x00, 0x2c, 0x00, 0x00, 0x00, 0x00,
    0x00, 0x00, 0x00, 0x00, 0x00, 0x00, 0x00, 0x00, 0x00, 0x00, 0x00, 0x00,
    0x00, 0x00, 0x00, 0x00, 0x68, 0x34, 0x00, 0x04, 0x00, 0x00, 0x00, 0x00,
    0x68, 0x44, 0x00, 0xe3, 0x70, 0x44, 0x08, 0xff, 0x70, 0x44, 0x08, 0xff,
    0x70, 0x44, 0x08, 0xff, 0x70, 0x44, 0x08, 0xff, 0x70, 0x44, 0x00, 0xff,
    0x70, 0x44, 0x08, 0xff, 0x70, 0x44, 0x08, 0xff, 0x70, 0x44, 0x00, 0xff,
    0x70, 0x44, 0x08, 0xff, 0x70, 0x44, 0x08, 0xff, 0x70, 0x44, 0x08, 0xff,
    0x68, 0x44, 0x00, 0xff, 0x68, 0x44, 0x08, 0xa2, 0x68, 0x40, 0x08, 0x24,
    0x00, 0x00, 0x00, 0x00, 0x80, 0x80, 0x00, 0x00, 0x00, 0x00, 0x00, 0x00,
    0x70, 0x4c, 0x08, 0x14, 0x68, 0x44, 0x08, 0xc3, 0x78, 0x48, 0x08, 0xff,
    0x68, 0x44, 0x00, 0xe3, 0x68, 0x48, 0x00, 0x38, 0x00, 0x00, 0x00, 0x00,
    0x00, 0x00, 0x00, 0x00, 0x00, 0x00, 0x00, 0x00, 0x00, 0x00, 0x00, 0x00,
    0x00, 0x00, 0x00, 0x00, 0x00, 0x00, 0x00, 0x00, 0x68, 0x44, 0x08, 0x41,
    0x68, 0x44, 0x00, 0xef, 0x70, 0x44, 0x08, 0xff, 0x68, 0x44, 0x08, 0xaa,
    0x00, 0x00, 0x00, 0x00, 0x00, 0x00, 0x00, 0x00, 0x68, 0x48, 0x08, 0x18,
    0x68, 0x44, 0x08, 0xc3, 0x70, 0x48, 0x00, 0xff, 0x70, 0x44, 0x08, 0xc7,
    0x68, 0x4c, 0x08, 0x20, 0x00, 0x00, 0x00, 0x00, 0x00, 0x00, 0x00, 0x00,
    0x00, 0x00, 0x00, 0x00, 0x58, 0x00, 0x00, 0x04, 0x00, 0x00, 0x00, 0x00,
    0x68, 0x44, 0x00, 0x51, 0x70, 0x44, 0x08, 0xe3, 0x78, 0x48, 0x08, 0xff,
    0x68, 0x44, 0x00, 0x96, 0x68, 0x40, 0x00, 0x0c, 0x00, 0x00, 0x00, 0x00,
    0x68, 0x44, 0x08, 0x28, 0x68, 0x44, 0x08, 0xef, 0x70, 0x48, 0x08, 0xff,
    0x70, 0x44, 0x08, 0xc3, 0x68, 0x44, 0x00, 0x10, 0x00, 0x00, 0x00, 0x00,
    0x00, 0x00, 0x00, 0x00, 0x00, 0x00, 0x00, 0x00, 0x00, 0x00, 0x00, 0x00,
    0x00, 0x00, 0x00, 0x00, 0x70, 0x48, 0x00, 0x14, 0x68, 0x44, 0x00, 0xae,
    0x70, 0x44, 0x08, 0xff, 0x68, 0x44, 0x08, 0xff, 0x68, 0x44, 0x00, 0xfb,
    0x68, 0x40, 0x00, 0x5d, 0x70, 0x3c, 0x08, 0x14, 0x68, 0x44, 0x08, 0xc7,
    0x78, 0x4c, 0x08, 0xff, 0x68, 0x44, 0x00, 0x7d, 0x00, 0x00, 0x00, 0x00,
    0xf8, 0x00, 0x00, 0x00, 0x00, 0x00, 0x00, 0x00, 0x00, 0x00, 0x00, 0x00,
    0x80, 0x40, 0x00, 0x04, 0x00, 0x00, 0x00, 0x00, 0x68, 0x44, 0x08, 0xb6,
    0x70, 0x44, 0x08, 0xff, 0x68, 0x44, 0x08, 0xcf, 0x40, 0x40, 0x00, 0x04,
    0x00, 0x00, 0x00, 0x00, 0x00, 0x00, 0x00, 0x00, 0x00, 0x00, 0x00, 0x00,
    0x00, 0x00, 0x00, 0x00, 0x00, 0x00, 0x00, 0x00, 0x00, 0x00, 0x00, 0x00,
    0x00, 0x00, 0x00, 0x00, 0x00, 0x00, 0x00, 0x00, 0x00, 0x00, 0x00, 0x00,
    0x00, 0x00, 0x00, 0x00, 0x00, 0x00, 0x00, 0x00, 0x00, 0x00, 0x00, 0x00,
    0x00, 0x00, 0x00, 0x00, 0x00, 0x00, 0x00, 0x00, 0x00, 0x00, 0x00, 0x00,
    0x00, 0x00, 0x00, 0x00, 0x00, 0x00, 0x00, 0x00, 0x00, 0x00, 0x00, 0x00,
    0x00, 0x00, 0x00, 0x00, 0x00, 0x00, 0x00, 0x00, 0x00, 0x00, 0x00, 0x00,
    0x00, 0x00, 0x00, 0x00, 0x00, 0x00, 0x00, 0x00, 0x00, 0x00, 0x00, 0x00,
    0x00, 0x00, 0x00, 0x00, 0x00, 0x00, 0x00, 0x00, 0x00, 0x00, 0x00, 0x00,
    0x00, 0x00, 0x00, 0x00, 0x00, 0x00, 0x00, 0x00, 0x00, 0x00, 0x00, 0x00,
    0x00, 0x00, 0x00, 0x00, 0x00, 0x00, 0x00, 0x00, 0x00, 0x00, 0x00, 0x00,
    0x00, 0x00, 0x00, 0x00, 0x00, 0x00, 0x00, 0x00, 0x00, 0x00, 0x00, 0x00,
    0x00, 0x00, 0x00, 0x00, 0x00, 0x00, 0x00, 0x00, 0x00, 0x00, 0x00, 0x00,
    0x00, 0x00, 0x00, 0x00, 0x00, 0x00, 0x00, 0x00, 0x00, 0x00, 0x00, 0x00,
    0x00, 0x00, 0x00, 0x00, 0x00, 0x00, 0x00, 0x00, 0x00, 0x00, 0x00, 0x00,
    0x00, 0x00, 0x00, 0x00, 0x00, 0x00, 0x00, 0x00, 0x00, 0x00, 0x00, 0x00,
    0x00, 0x00, 0x00, 0x00, 0x00, 0x00, 0x00, 0x00, 0x00, 0x00, 0x00, 0x00,
    0x00, 0x00, 0x00, 0x00, 0x68, 0x4c, 0x00, 0x0c, 0x70, 0x44, 0x08, 0x5d,
    0x68, 0x44, 0x08, 0xc3, 0x68, 0x44, 0x08, 0xef, 0x68, 0x44, 0x00, 0xf3,
    0x68, 0x44, 0x08, 0xff, 0x70, 0x48, 0x00, 0xff, 0x70, 0x44, 0x08, 0xff,
    0x68, 0x44, 0x08, 0xff, 0x68, 0x44, 0x08, 0xfb, 0x70, 0x48, 0x08, 0xff,
    0x70, 0x44, 0x08, 0xbe, 0x70, 0x4c, 0x00, 0x18, 0x68, 0x40, 0x00, 0x34,
    0x68, 0x44, 0x08, 0xdb, 0x70, 0x44, 0x08, 0xff, 0x70, 0x44, 0x00, 0xfb,
    0x68, 0x44, 0x08, 0xfb, 0x70, 0x44, 0x00, 0x4d, 0x68, 0x40, 0x00, 0x14,
    0x68, 0x40, 0x08, 0x18, 0x70, 0x40, 0x08, 0x18, 0x68, 0x40, 0x08, 0x18,
    0x70, 0x44, 0x00, 0x14, 0x68, 0x44, 0x00, 0x8a, 0x70, 0x44, 0x08, 0xff,
    0x68, 0x44, 0x08, 0xff, 0x70, 0x44, 0x08, 0xff, 0x70, 0x44, 0x00, 0xd7,
    0x70, 0x44, 0x00, 0x55, 0x70, 0x48, 0x08, 0xff, 0x68, 0x44, 0x08, 0xff,
    0x70, 0x44, 0x08, 0xff, 0x68, 0x40, 0x00, 0x71, 0x68, 0x4c, 0x00, 0x10,
    0x68, 0x44, 0x08, 0xcb, 0x70, 0x44, 0x08, 0xff, 0x70, 0x48, 0x08, 0xff,
    0x68, 0x44, 0x08, 0xcf, 0x68, 0x40, 0x08, 0x30, 0x00, 0x00, 0x00, 0x00,
    0x58, 0x54, 0x00, 0x04, 0x00, 0x00, 0x00, 0x00, 0x00, 0x00, 0x00, 0x00,
    0x00, 0x00, 0x00, 0x00, 0x68, 0x34, 0x00, 0x04, 0x00, 0x00, 0x00, 0x00,
    0x68, 0x44, 0x08, 0xe3, 0x70, 0x48, 0x08, 0xff, 0x68, 0x44, 0x08, 0xc3,
    0x68, 0x44, 0x08, 0xa6, 0x68, 0x44, 0x08, 0xa6, 0x68, 0x44, 0x00, 0xa6,
    0x68, 0x44, 0x08, 0xa6, 0x68, 0x44, 0x08, 0xaa, 0x68, 0x44, 0x00, 0xa6,
    0x68, 0x44, 0x08, 0xaa, 0x68, 0x44, 0x08, 0xa2, 0x68, 0x44, 0x00, 0xba,
    0x70, 0x44, 0x08, 0xef, 0x70, 0x48, 0x08, 0xff, 0x68, 0x44, 0x00, 0xef,
    0x68, 0x44, 0x00, 0x55, 0x80, 0x80, 0x00, 0x04, 0x00, 0x00, 0x00, 0x00,
    0x68, 0x44, 0x08, 0x5d, 0x70, 0x44, 0x00, 0xef, 0x70, 0x48, 0x08, 0xfb,
    0x68, 0x44, 0x08, 0x45, 0x00, 0x00, 0x00, 0x00, 0x80, 0x00, 0x00, 0x00,
    0x00, 0x00, 0x00, 0x00, 0x00, 0x00, 0x00, 0x00, 0x00, 0x00, 0x00, 0x00,
    0x00, 0x00, 0x00, 0x00, 0x00, 0x00, 0x00, 0x00, 0x00, 0x00, 0x00, 0x00,
    0x68, 0x44, 0x00, 0x82, 0x70, 0x48, 0x08, 0xff, 0x68, 0x44, 0x08, 0xef,
    0x70, 0x40, 0x08, 0x38, 0x00, 0x00, 0x00, 0x00, 0x68, 0x44, 0x00, 0x3c,
    0x78, 0x4c, 0x08, 0xff, 0x68, 0x44, 0x08, 0xe7, 0x68, 0x44, 0x00, 0x55,
    0x00, 0x00, 0x00, 0x00, 0x68, 0x34, 0x00, 0x04, 0x00, 0x00, 0x00, 0x00,
    0x00, 0x00, 0x00, 0x00, 0x00, 0x00, 0x00, 0x00, 0x70, 0x48, 0x00, 0x08,
    0x00, 0x00, 0x00, 0x00, 0x68, 0x44, 0x00, 0x8a, 0x70, 0x44, 0x08, 0xff,
    0x68, 0x44, 0x08, 0xd3, 0x68, 0x44, 0x08, 0x24, 0x00, 0x00, 0x00, 0x00,
    0x68, 0x44, 0x00, 0xaa, 0x70, 0x44, 0x08, 0xff, 0x68, 0x44, 0x00, 0xef,
    0x68, 0x4c, 0x00, 0x10, 0x00, 0x00, 0x00, 0x00, 0x00, 0x00, 0x00, 0x00,
    0x00, 0x00, 0x00, 0x00, 0x00, 0x00, 0x00, 0x00, 0x00, 0x00, 0x00, 0x00,
    0x80, 0x00, 0x00, 0x04, 0x00, 0x00, 0x00, 0x00, 0x68, 0x44, 0x08, 0x1c,
    0x68, 0x44, 0x08, 0xcb, 0x70, 0x48, 0x08, 0xff, 0x70, 0x44, 0x08, 0xf7,
    0x68, 0x44, 0x00, 0x65, 0x00, 0x00, 0x00, 0x00, 0x68, 0x44, 0x08, 0x92,
    0x78, 0x4c, 0x08, 0xff, 0x68, 0x44, 0x00, 0xcb, 0x68, 0x44, 0x08, 0x28,
    0x00, 0x00, 0x00, 0x00, 0x80, 0x80, 0x00, 0x04, 0x00, 0x00, 0x00, 0x00,
    0x80, 0x00, 0x00, 0x00, 0x68, 0x50, 0x10, 0x14, 0x68, 0x44, 0x00, 0xe7,
    0x70, 0x48, 0x08, 0xff, 0x68, 0x44, 0x00, 0x75, 0x00, 0x00, 0x00, 0x00,
    0x00, 0x00, 0x00, 0x00, 0x00, 0x00, 0x00, 0x00, 0x00, 0x00, 0x00, 0x00,
    0x00, 0x00, 0x00, 0x00, 0x00, 0x00, 0x00, 0x00, 0x00, 0x00, 0x00, 0x00,
    0x00, 0x00, 0x00, 0x00, 0x00, 0x00, 0x00, 0x00, 0x00, 0x00, 0x00, 0x00,
    0x00, 0x00, 0x00, 0x00, 0x00, 0x00, 0x00, 0x00, 0x00, 0x00, 0x00, 0x00,
    0x00, 0x00, 0x00, 0x00, 0x00, 0x00, 0x00, 0x00, 0x00, 0x00, 0x00, 0x00,
    0x00, 0x00, 0x00, 0x00, 0x00, 0x00, 0x00, 0x00, 0x00, 0x00, 0x00, 0x00,
    0x00, 0x00, 0x00, 0x00, 0x00, 0x00, 0x00, 0x00, 0x00, 0x00, 0x00, 0x00,
    0x00, 0x00, 0x00, 0x00, 0x00, 0x00, 0x00, 0x00, 0x00, 0x00, 0x00, 0x00,
    0x00, 0x00, 0x00, 0x00, 0x00, 0x00, 0x00, 0x00, 0x00, 0x00, 0x00, 0x00,
    0x00, 0x00, 0x00, 0x00, 0x00, 0x00, 0x00, 0x00, 0x00, 0x00, 0x00, 0x00,
    0x00, 0x00, 0x00, 0x00, 0x00, 0x00, 0x00, 0x00, 0x00, 0x00, 0x00, 0x00,
    0x00, 0x00, 0x00, 0x00, 0x00, 0x00, 0x00, 0x00, 0x00, 0x00, 0x00, 0x00,
    0x00, 0x00, 0x00, 0x00, 0x00, 0x00, 0x00, 0x00, 0x00, 0x00, 0x00, 0x00,
    0x00, 0x00, 0x00, 0x00, 0x00, 0x00, 0x00, 0x00, 0x00, 0x00, 0x00, 0x00,
    0x00, 0x00, 0x00, 0x00, 0x00, 0x00, 0x00, 0x00, 0x00, 0x00, 0x00, 0x00,
    0x00, 0x00, 0x00, 0x00, 0x00, 0x00, 0x00, 0x00, 0x00, 0x00, 0x00, 0x00,
    0x00, 0x00, 0x00, 0x00, 0x00, 0x00, 0x00, 0x00, 0x00, 0x00, 0x00, 0x00,
    0x00, 0x00, 0x00, 0x00, 0x00, 0x00, 0x00, 0x00, 0x00, 0x00, 0x00, 0x00,
    0x00, 0x00, 0x00, 0x00, 0x68, 0x44, 0x08, 0x1c, 0x68, 0x40, 0x08, 0x59,
    0x68, 0x44, 0x08, 0x92, 0x68, 0x44, 0x00, 0xdb, 0x68, 0x44, 0x08, 0xf7,
    0x70, 0x48, 0x08, 0xff, 0x68, 0x44, 0x00, 0xff, 0x68, 0x44, 0x08, 0xfb,
    0x78, 0x48, 0x08, 0xff, 0x68, 0x44, 0x00, 0x82, 0x68, 0x44, 0x08, 0x61,
    0x68, 0x44, 0x08, 0xf7, 0x70, 0x44, 0x08, 0xff, 0x68, 0x44, 0x08, 0xff,
    0x68, 0x44, 0x08, 0xff, 0x70, 0x48, 0x08, 0xff, 0x70, 0x48, 0x08, 0xff,
    0x70, 0x48, 0x08, 0xff, 0x70, 0x48, 0x08, 0xff, 0x70, 0x48, 0x08, 0xff,
    0x70, 0x48, 0x08, 0xff, 0x70, 0x44, 0x08, 0xff, 0x68, 0x44, 0x00, 0xff,
    0x68, 0x44, 0x08, 0xff, 0x70, 0x48, 0x08, 0xff, 0x68, 0x44, 0x08, 0xe7,
    0x68, 0x44, 0x00, 0x79, 0x70, 0x48, 0x08, 0xff, 0x70, 0x44, 0x08, 0xff,
    0x68, 0x44, 0x00, 0xff, 0x68, 0x44, 0x00, 0x71, 0x68, 0x4c, 0x00, 0x10,
    0x68, 0x44, 0x08, 0xcb, 0x70, 0x44, 0x00, 0xff, 0x70, 0x44, 0x08, 0xff,
    0x68, 0x44, 0x08, 0xcf, 0x68, 0x44, 0x00, 0x30, 0x00, 0x00, 0x00, 0x00,
    0x58, 0x54, 0x00, 0x04, 0x00, 0x00, 0x00, 0x00, 0x00, 0x00, 0x00, 0x00,
    0x00, 0x00, 0x00, 0x00, 0x68, 0x34, 0x00, 0x04, 0x00, 0x00, 0x00, 0x00,
    0x68, 0x44, 0x00, 0xdf, 0x70, 0x48, 0x08, 0xff, 0x70, 0x44, 0x08, 0x45,
    0x00, 0x00, 0x00, 0x00, 0x00, 0x00, 0x00, 0x00, 0x00, 0x00, 0x00, 0x00,
    0x00, 0x00, 0x00, 0x00, 0x00, 0x00, 0x00, 0x00, 0x00, 0x00, 0x00, 0x00,
    0x00, 0x00, 0x00, 0x00, 0x00, 0x00, 0x00, 0x00, 0x00, 0x00, 0x00, 0x00,
    0x68, 0x40, 0x08, 0x24, 0x68, 0x44, 0x00, 0xb2, 0x70, 0x48, 0x08, 0xff,
    0x70, 0x44, 0x08, 0xe3, 0x70, 0x44, 0x00, 0x4d, 0x00, 0x00, 0x00, 0x00,
    0x68, 0x44, 0x00, 0x9a, 0x78, 0x4c, 0x08, 0xff, 0x68, 0x44, 0x08, 0xbe,
    0x70, 0x44, 0x08, 0x20, 0x00, 0x00, 0x00, 0x00, 0x80, 0x80, 0x00, 0x04,
    0x00, 0x00, 0x00, 0x00, 0x00, 0x00, 0x00, 0x00, 0x00, 0x00, 0x00, 0x00,
    0x00, 0x00, 0x00, 0x00, 0x00, 0x00, 0x00, 0x00, 0x00, 0x00, 0x00, 0x00,
    0x70, 0x44, 0x00, 0x10, 0x70, 0x44, 0x08, 0xfb, 0x68, 0x44, 0x08, 0xf7,
    0x70, 0x44, 0x00, 0x75, 0x00, 0x00, 0x00, 0x00, 0x68, 0x44, 0x08, 0x75,
    0x78, 0x4c, 0x08, 0xff, 0x68, 0x44, 0x08, 0xd3, 0x70, 0x44, 0x00, 0x30,
    0x00, 0x00, 0x00, 0x00, 0x58, 0x54, 0x00, 0x04, 0x00, 0x00, 0x00, 0x00,
    0x00, 0x00, 0x00, 0x00, 0x00, 0x00, 0x00, 0x00, 0x68, 0x34, 0x00, 0x04,
    0x00, 0x00, 0x00, 0x00, 0x68, 0x44, 0x08, 0x59, 0x68, 0x44, 0x08, 0xe7,
    0x78, 0x48, 0x08, 0xff, 0x70, 0x44, 0x00, 0x34, 0x80, 0x80, 0x00, 0x00,
    0x68, 0x44, 0x08, 0xe7, 0x70, 0x48, 0x08, 0xff, 0x68, 0x44, 0x00, 0x86,
    0x80, 0x80, 0x00, 0x04, 0x00, 0x00, 0x00, 0x00, 0x00, 0x00, 0x00, 0x00,
    0x00, 0x00, 0x00, 0x00, 0x00, 0x00, 0x00, 0x00, 0x00, 0x00, 0x00, 0x00,
    0x00, 0x00, 0x00, 0x00, 0x00, 0x00, 0x00, 0x00, 0x00, 0x00, 0x00, 0x00,
    0x68, 0x44, 0x08, 0x69, 0x78, 0x48, 0x08, 0xff, 0x68, 0x44, 0x08, 0xf3,
    0x68, 0x44, 0x00, 0x69, 0x00, 0x00, 0x00, 0x00, 0x68, 0x44, 0x08, 0x4d,
    0x68, 0x44, 0x08, 0xe3, 0x70, 0x48, 0x08, 0xff, 0x68, 0x44, 0x08, 0x51,
    0x00, 0x00, 0x00, 0x00, 0x80, 0x3c, 0x00, 0x04, 0x40, 0x40, 0x00, 0x04,
    0x00, 0x00, 0x00, 0x00, 0x70, 0x44, 0x00, 0x79, 0x68, 0x44, 0x08, 0xf7,
    0x70, 0x44, 0x08, 0xf7, 0x70, 0x4c, 0x00, 0x18, 0x00, 0x00, 0x00, 0x00,
    0x00, 0x00, 0x00, 0x00, 0x00, 0x00, 0x00, 0x00, 0x00, 0x00, 0x00, 0x00,
    0x00, 0x00, 0x00, 0x00, 0x00, 0x00, 0x00, 0x00, 0x00, 0x00, 0x00, 0x00,
    0x00, 0x00, 0x00, 0x00, 0x00, 0x00, 0x00, 0x00, 0x00, 0x00, 0x00, 0x00,
    0x00, 0x00, 0x00, 0x00, 0x00, 0x00, 0x00, 0x00, 0x00, 0x00, 0x00, 0x00,
    0x00, 0x00, 0x00, 0x00, 0x00, 0x00, 0x00, 0x00, 0x00, 0x00, 0x00, 0x00,
    0x00, 0x00, 0x00, 0x00, 0x00, 0x00, 0x00, 0x00, 0x00, 0x00, 0x00, 0x00,
    0x00, 0x00, 0x00, 0x00, 0x00, 0x00, 0x00, 0x00, 0x00, 0x00, 0x00, 0x00,
    0x00, 0x00, 0x00, 0x00, 0x00, 0x00, 0x00, 0x00, 0x00, 0x00, 0x00, 0x00,
    0x00, 0x00, 0x00, 0x00, 0x00, 0x00, 0x00, 0x00, 0x00, 0x00, 0x00, 0x00,
    0x00, 0x00, 0x00, 0x00, 0x00, 0x00, 0x00, 0x00, 0x00, 0x00, 0x00, 0x00,
    0x00, 0x00, 0x00, 0x00, 0x00, 0x00, 0x00, 0x00, 0x00, 0x00, 0x00, 0x00,
    0x00, 0x00, 0x00, 0x00, 0x00, 0x00, 0x00, 0x00, 0x00, 0x00, 0x00, 0x00,
    0x00, 0x00, 0x00, 0x00, 0x00, 0x00, 0x00, 0x00, 0x00, 0x00, 0x00, 0x00,
    0x00, 0x00, 0x00, 0x00, 0x00, 0x00, 0x00, 0x00, 0x00, 0x00, 0x00, 0x00,
    0x00, 0x00, 0x00, 0x00, 0x00, 0x00, 0x00, 0x00, 0x00, 0x00, 0x00, 0x00,
    0x00, 0x00, 0x00, 0x00, 0x00, 0x00, 0x00, 0x00, 0x00, 0x00, 0x00, 0x00,
    0x00, 0x00, 0x00, 0x00, 0x00, 0x00, 0x00, 0x00, 0x00, 0x00, 0x00, 0x00,
    0x00, 0x00, 0x00, 0x00, 0x80, 0x00, 0x00, 0x04, 0x80, 0x00, 0x00, 0x00,
    0x58, 0x54, 0x00, 0x04, 0x00, 0x00, 0x00, 0x00, 0x00, 0x00, 0x00, 0x00,
    0x00, 0x00, 0x00, 0x00, 0x00, 0x00, 0x00, 0x00, 0x70, 0x40, 0x00, 0x6d,
    0x68, 0x44, 0x08, 0xd7, 0x70, 0x44, 0x08, 0xff, 0x68, 0x44, 0x08, 0xfb,
    0x70, 0x48, 0x08, 0xff, 0x68, 0x44, 0x00, 0xc7, 0x68, 0x44, 0x08, 0x9a,
    0x68, 0x44, 0x00, 0xe7, 0x70, 0x44, 0x08, 0xff, 0x68, 0x44, 0x08, 0xff,
    0x70, 0x44, 0x00, 0xff, 0x70, 0x44, 0x08, 0xff, 0x70, 0x44, 0x08, 0xff,
    0x70, 0x44, 0x00, 0xff, 0x70, 0x44, 0x08, 0xff, 0x68, 0x44, 0x08, 0xff,
    0x70, 0x44, 0x08, 0xff, 0x70, 0x44, 0x08, 0xff, 0x70, 0x48, 0x00, 0xff,
    0x70, 0x44, 0x08, 0xff, 0x70, 0x44, 0x08, 0xff, 0x68, 0x44, 0x08, 0xef,
    0x70, 0x44, 0x00, 0x82, 0x70, 0x48, 0x08, 0xff, 0x68, 0x44, 0x08, 0xfb,
    0x68, 0x44, 0x08, 0xff, 0x68, 0x44, 0x00, 0x71, 0x68, 0x48, 0x00, 0x10,
    0x70, 0x44, 0x08, 0xcb, 0x70, 0x44, 0x08, 0xff, 0x70, 0x48, 0x08, 0xff,
    0x68, 0x44, 0x08, 0xcf, 0x68, 0x40, 0x00, 0x2c, 0x00, 0x00, 0x00, 0x00,
    0x58, 0x54, 0x00, 0x04, 0x00, 0x00, 0x00, 0x00, 0x00, 0x00, 0x00, 0x00,
    0x00, 0x00, 0x00, 0x00, 0x68, 0x34, 0x00, 0x04, 0x00, 0x00, 0x00, 0x00,
    0x68, 0x44, 0x00, 0xdf, 0x70, 0x48, 0x08, 0xff, 0x70, 0x44, 0x00, 0x51,
    0x58, 0x54, 0x00, 0x04, 0x58, 0x54, 0x00, 0x04, 0x58, 0x54, 0x00, 0x04,
    0x58, 0x54, 0x00, 0x04, 0x58, 0x54, 0x00, 0x04, 0x58, 0x54, 0x00, 0x04,
    0x58, 0x54, 0x00, 0x04, 0x58, 0x54, 0x00, 0x04, 0x58, 0x54, 0x00, 0x04,
    0x00, 0x00, 0x00, 0x00, 0x68, 0x44, 0x08, 0x24, 0x68, 0x44, 0x08, 0xcb,
    0x78, 0x4c, 0x08, 0xff, 0x68, 0x44, 0x00, 0xa6, 0x68, 0x48, 0x08, 0x18,
    0x68, 0x44, 0x08, 0xb2, 0x78, 0x4c, 0x08, 0xff, 0x68, 0x44, 0x00, 0x9a,
    0x70, 0x34, 0x00, 0x10, 0x00, 0x00, 0x00, 0x00, 0xf8, 0x00, 0x00, 0x00,
    0x00, 0x00, 0x00, 0x00, 0x00, 0x00, 0x00, 0x00, 0x00, 0x00, 0x00, 0x00,
    0x00, 0x00, 0x00, 0x00, 0x00, 0x00, 0x00, 0x00, 0x00, 0x00, 0x00, 0x00,
    0x58, 0x54, 0x00, 0x08, 0x68, 0x44, 0x00, 0xb6, 0x70, 0x44, 0x08, 0xff,
    0x68, 0x44, 0x00, 0x9e, 0x00, 0x00, 0x00, 0x00, 0x70, 0x44, 0x08, 0x71,
    0x78, 0x4c, 0x08, 0xff, 0x68, 0x44, 0x08, 0xcb, 0x68, 0x48, 0x08, 0x18,
    0x00, 0x00, 0x00, 0x00, 0x80, 0x80, 0x00, 0x04, 0x00, 0x00, 0x00, 0x00,
    0x00, 0x00, 0x00, 0x00, 0x00, 0x00, 0x00, 0x00, 0x80, 0x40, 0x00, 0x04,
    0x00, 0x00, 0x00, 0x00, 0x68, 0x40, 0x08, 0x51, 0x68, 0x44, 0x00, 0xe3,
    0x78, 0x4c, 0x08, 0xff, 0x70, 0x44, 0x08, 0x30, 0x68, 0x48, 0x08, 0x24,
    0x68, 0x44, 0x08, 0xeb, 0x70, 0x48, 0x08, 0xff, 0x70, 0x40, 0x08, 0x45,
    0x00, 0x00, 0x00, 0x00, 0x00, 0x00, 0x00, 0x00, 0x00, 0x00, 0x00, 0x00,
    0x00, 0x00, 0x00, 0x00, 0x00, 0x00, 0x00, 0x00, 0x00, 0x00, 0x00, 0x00,
    0x00, 0x00, 0x00, 0x00, 0x58, 0x54, 0x00, 0x04, 0x00, 0x00, 0x00, 0x00,
    0x70, 0x44, 0x08, 0x41, 0x70, 0x48, 0x08, 0xfb, 0x68, 0x44, 0x00, 0xf3,
    0x68, 0x44, 0x08, 0x65, 0x00, 0x00, 0x00, 0x00, 0x68, 0x48, 0x08, 0x20,
    0x70, 0x40, 0x00, 0xba, 0x78, 0x4c, 0x08, 0xff, 0x68, 0x44, 0x08, 0x86,
    0x80, 0x40, 0x00, 0x04, 0x00, 0x00, 0x00, 0x00, 0x80, 0x54, 0x00, 0x08,
    0x00, 0x00, 0x00, 0x00, 0x68, 0x44, 0x08, 0xc3, 0x70, 0x48, 0x08, 0xff,
    0x68, 0x40, 0x00, 0xae, 0x80, 0x54, 0x00, 0x04, 0x00, 0x00, 0x00, 0x00,
    0x00, 0x00, 0x00, 0x00, 0x00, 0x00, 0x00, 0x00, 0x00, 0x00, 0x00, 0x00,
    0x00, 0x00, 0x00, 0x00, 0x00, 0x00, 0x00, 0x00, 0x00, 0x00, 0x00, 0x00,
    0x00, 0x00, 0x00, 0x00, 0x00, 0x00, 0x00, 0x00, 0x00, 0x00, 0x00, 0x00,
    0x00, 0x00, 0x00, 0x00, 0x00, 0x00, 0x00, 0x00, 0x00, 0x00, 0x00, 0x00,
    0x00, 0x00, 0x00, 0x00, 0x00, 0x00, 0x00, 0x00, 0x00, 0x00, 0x00, 0x00,
    0x00, 0x00, 0x00, 0x00, 0x00, 0x00, 0x00, 0x00, 0x00, 0x00, 0x00, 0x00,
    0x00, 0x00, 0x00, 0x00, 0x00, 0x00, 0x00, 0x00, 0x00, 0x00, 0x00, 0x00,
    0x00, 0x00, 0x00, 0x00, 0x00, 0x00, 0x00, 0x00, 0x00, 0x00, 0x00, 0x00,
    0x00, 0x00, 0x00, 0x00, 0x00, 0x00, 0x00, 0x00, 0x00, 0x00, 0x00, 0x00,
    0x00, 0x00, 0x00, 0x00, 0x00, 0x00, 0x00, 0x00, 0x00, 0x00, 0x00, 0x00,
    0x00, 0x00, 0x00, 0x00, 0x00, 0x00, 0x00, 0x00, 0x00, 0x00, 0x00, 0x00,
    0x00, 0x00, 0x00, 0x00, 0x00, 0x00, 0x00, 0x00, 0x00, 0x00, 0x00, 0x00,
    0x00, 0x00, 0x00, 0x00, 0x00, 0x00, 0x00, 0x00, 0x00, 0x00, 0x00, 0x00,
    0x00, 0x00, 0x00, 0x00, 0x00, 0x00, 0x00, 0x00, 0x00, 0x00, 0x00, 0x00,
    0x00, 0x00, 0x00, 0x00, 0x00, 0x00, 0x00, 0x00, 0x00, 0x00, 0x00, 0x00,
    0x00, 0x00, 0x00, 0x00, 0x00, 0x00, 0x00, 0x00, 0x00, 0x00, 0x00, 0x00,
    0x00, 0x00, 0x00, 0x00, 0x00, 0x00, 0x00, 0x00, 0x00, 0x00, 0x00, 0x00,
    0xf8, 0x00, 0x00, 0x00, 0x00, 0x00, 0x00, 0x00, 0x58, 0x54, 0x00, 0x04,
    0x00, 0x00, 0x00, 0x00, 0x00, 0x00, 0x00, 0x00, 0x80, 0x80, 0x00, 0x00,
    0x80, 0x40, 0x00, 0x04, 0x98, 0x34, 0x00, 0x04, 0x00, 0x00, 0x00, 0x00,
    0x68, 0x48, 0x00, 0x30, 0x68, 0x44, 0x08, 0xdf, 0x70, 0x44, 0x08, 0xff,
    0x70, 0x48, 0x08, 0xff, 0x68, 0x44, 0x00, 0xdf, 0x68, 0x44, 0x08, 0xae,
    0x68, 0x44, 0x00, 0xe7, 0x70, 0x44, 0x08, 0xff, 0x68, 0x44, 0x08, 0xff,
    0x68, 0x44, 0x00, 0xef, 0x68, 0x44, 0x08, 0xeb, 0x68, 0x44, 0x08, 0xef,
    0x68, 0x44, 0x00, 0xef, 0x68, 0x44, 0x08, 0xef, 0x68, 0x44, 0x08, 0xef,
    0x68, 0x44, 0x00, 0xef, 0x68, 0x44, 0x08, 0xef, 0x68, 0x44, 0x08, 0xf3,
    0x68, 0x44, 0x00, 0xf3, 0x70, 0x44, 0x08, 0xf3, 0x68, 0x44, 0x08, 0xdb,
    0x70, 0x44, 0x08, 0x7d, 0x70, 0x48, 0x00, 0xff, 0x70, 0x44, 0x08, 0xff,
    0x68, 0x44, 0x08, 0xff, 0x68, 0x44, 0x00, 0x71, 0x68, 0x4c, 0x00, 0x10,
    0x68, 0x44, 0x08, 0xcb, 0x70, 0x44, 0x08, 0xff, 0x70, 0x48, 0x00, 0xff,
    0x68, 0x44, 0x08, 0xcf, 0x68, 0x40, 0x08, 0x30, 0x00, 0x00, 0x00, 0x00,
    0x58, 0x54, 0x00, 0x04, 0x00, 0x00, 0x00, 0x00, 0x00, 0x00, 0x00, 0x00,
    0x00, 0x00, 0x00, 0x00, 0x68, 0x30, 0x00, 0x04, 0x00, 0x00, 0x00, 0x00,
    0x68, 0x44, 0x08, 0xdf, 0x70, 0x48, 0x08, 0xff, 0x68, 0x44, 0x08, 0x4d,
    0x00, 0x00, 0x00, 0x00, 0x00, 0x00, 0x00, 0x00, 0x00, 0x00, 0x00, 0x00,
    0x00, 0x00, 0x00, 0x00, 0x00, 0x00, 0x00, 0x00, 0x00, 0x00, 0x00, 0x00,
    0x00, 0x00, 0x00, 0x00, 0x00, 0x00, 0x00, 0x00, 0x00, 0x00, 0x00, 0x00,
    0x80, 0x80, 0x00, 0x04, 0x00, 0x00, 0x00, 0x00, 0x68, 0x44, 0x08, 0x79,
    0x78, 0x4c, 0x08, 0xff, 0x68, 0x44, 0x08, 0xd3, 0x70, 0x40, 0x08, 0x4d,
    0x68, 0x44, 0x08, 0xa6, 0x80, 0x4c, 0x08, 0xff, 0x70, 0x44, 0x08, 0x82,
    0x80, 0x80, 0x00, 0x04, 0x00, 0x00, 0x00, 0x00, 0x00, 0x00, 0x00, 0x00,
    0x00, 0x00, 0x00, 0x00, 0x00, 0x00, 0x00, 0x00, 0x00, 0x00, 0x00, 0x00,
    0x00, 0x00, 0x00, 0x00, 0x00, 0x00, 0x00, 0x00, 0x00, 0x00, 0x00, 0x00,
    0x80, 0x40, 0x00, 0x04, 0x68, 0x44, 0x08, 0x96, 0x70, 0x48, 0x08, 0xff,
    0x68, 0x44, 0x00, 0x9a, 0x00, 0x00, 0x00, 0x00, 0x68, 0x44, 0x08, 0x71,
    0x78, 0x4c, 0x08, 0xff, 0x68, 0x44, 0x08, 0xcb, 0x68, 0x40, 0x08, 0x1c,
    0x00, 0x00, 0x00, 0x00, 0x80, 0x80, 0x00, 0x00, 0x00, 0x00, 0x00, 0x00,
    0x00, 0x00, 0x00, 0x00, 0x00, 0x00, 0x00, 0x00, 0x80, 0x40, 0x00, 0x04,
    0x00, 0x00, 0x00, 0x00, 0x68, 0x44, 0x08, 0x51, 0x70, 0x44, 0x00, 0xe3,
    0x78, 0x4c, 0x08, 0xff, 0x70, 0x48, 0x08, 0x2c, 0x68, 0x44, 0x00, 0x41,
    0x70, 0x44, 0x00, 0xef, 0x70, 0x48, 0x08, 0xff, 0x68, 0x48, 0x00, 0x20,
    0x00, 0x00, 0x00, 0x00, 0x00, 0x00, 0x00, 0x00, 0x00, 0x00, 0x00, 0x00,
    0x00, 0x00, 0x00, 0x00, 0x00, 0x00, 0x00, 0x00, 0x00, 0x00, 0x00, 0x00,
    0x00, 0x00, 0x00, 0x00, 0x80, 0x80, 0x00, 0x04, 0x00, 0x00, 0x00, 0x00,
    0x68, 0x48, 0x00, 0x2c, 0x68, 0x40, 0x08, 0xe7, 0x68, 0x44, 0x08, 0xfb,
    0x70, 0x40, 0x00, 0x65, 0x00, 0x00, 0x00, 0x00, 0x00, 0x00, 0x00, 0x00,
    0x68, 0x44, 0x08, 0x86, 0x78, 0x48, 0x08, 0xfb, 0x70, 0x44, 0x00, 0xcf,
    0x68, 0x40, 0x08, 0x28, 0x00, 0x00, 0x00, 0x00, 0xf8, 0xfc, 0x00, 0x00,
    0x68, 0x40, 0x00, 0x28, 0x68, 0x44, 0x08, 0xe3, 0x70, 0x48, 0x08, 0xff,
    0x70, 0x44, 0x00, 0x61, 0xf8, 0x00, 0x00, 0x00, 0x00, 0x00, 0x00, 0x00,
    0x00, 0x00, 0x00, 0x00, 0x00, 0x00, 0x00, 0x00, 0x00, 0x00, 0x00, 0x00,
    0x00, 0x00, 0x00, 0x00, 0x00, 0x00, 0x00, 0x00, 0x00, 0x00, 0x00, 0x00,
    0x00, 0x00, 0x00, 0x00, 0x00, 0x00, 0x00, 0x00, 0x00, 0x00, 0x00, 0x00,
    0x00, 0x00, 0x00, 0x00, 0x00, 0x00, 0x00, 0x00, 0x00, 0x00, 0x00, 0x00,
    0x00, 0x00, 0x00, 0x00, 0x00, 0x00, 0x00, 0x00, 0x00, 0x00, 0x00, 0x00,
    0x00, 0x00, 0x00, 0x00, 0x00, 0x00, 0x00, 0x00, 0x00, 0x00, 0x00, 0x00,
    0x00, 0x00, 0x00, 0x00, 0x00, 0x00, 0x00, 0x00, 0x00, 0x00, 0x00, 0x00,
    0x00, 0x00, 0x00, 0x00, 0x00, 0x00, 0x00, 0x00, 0x00, 0x00, 0x00, 0x00,
    0x00, 0x00, 0x00, 0x00, 0x00, 0x00, 0x00, 0x00, 0x00, 0x00, 0x00, 0x00,
    0x00, 0x00, 0x00, 0x00, 0x00, 0x00, 0x00, 0x00, 0x00, 0x00, 0x00, 0x00,
    0x00, 0x00, 0x00, 0x00, 0x00, 0x00, 0x00, 0x00, 0x00, 0x00, 0x00, 0x00,
    0x00, 0x00, 0x00, 0x00, 0x00, 0x00, 0x00, 0x00, 0x00, 0x00, 0x00, 0x00,
    0x00, 0x00, 0x00, 0x00, 0x00, 0x00, 0x00, 0x00, 0x00, 0x00, 0x00, 0x00,
    0x00, 0x00, 0x00, 0x00, 0x00, 0x00, 0x00, 0x00, 0x00, 0x00, 0x00, 0x00,
    0x00, 0x00, 0x00, 0x00, 0x00, 0x00, 0x00, 0x00, 0x00, 0x00, 0x00, 0x00,
    0x00, 0x00, 0x00, 0x00, 0x00, 0x00, 0x00, 0x00, 0x00, 0x00, 0x00, 0x00,
    0x00, 0x00, 0x00, 0x00, 0x00, 0x00, 0x00, 0x00, 0x80, 0x80, 0x00, 0x04,
    0x00, 0x00, 0x00, 0x00, 0x68, 0x40, 0x08, 0x14, 0x00, 0x00, 0x00, 0x00,
    0x00, 0x00, 0x00, 0x00, 0x80, 0x40, 0x00, 0x04, 0x80, 0x80, 0x00, 0x04,
    0x80, 0x00, 0x00, 0x04, 0xa8, 0x54, 0x00, 0x04, 0x80, 0x54, 0x00, 0x08,
    0x58, 0x54, 0x00, 0x08, 0x68, 0x44, 0x08, 0x8e, 0x70, 0x48, 0x00, 0xff,
    0x70, 0x44, 0x08, 0xff, 0x68, 0x44, 0x08, 0xdf, 0x68, 0x44, 0x08, 0xaa,
    0x70, 0x44, 0x00, 0xe3, 0x70, 0x44, 0x08, 0xff, 0x70, 0x48, 0x08, 0xff,
    0x68, 0x44, 0x08, 0xae, 0x68, 0x40, 0x08, 0x55, 0x68, 0x44, 0x00, 0x59,
    0x68, 0x44, 0x08, 0x59, 0x68, 0x40, 0x00, 0x59, 0x70, 0x44, 0x00, 0x59,
    0x68, 0x44, 0x08, 0x59, 0x68, 0x44, 0x08, 0x49, 0x68, 0x44, 0x00, 0x41,
    0x68, 0x44, 0x00, 0x41, 0x68, 0x44, 0x00, 0x45, 0x68, 0x44, 0x08, 0x41,
    0x68, 0x44, 0x08, 0x6d, 0x70, 0x48, 0x08, 0xff, 0x68, 0x44, 0x08, 0xfb,
    0x70, 0x44, 0x08, 0xff, 0x68, 0x40, 0x00, 0x71, 0x68, 0x4c, 0x00, 0x10,
    0x68, 0x44, 0x08, 0xcb, 0x70, 0x44, 0x08, 0xff, 0x70, 0x44, 0x00, 0xff,
    0x68, 0x44, 0x08, 0xcf, 0x68, 0x44, 0x08, 0x30, 0x00, 0x00, 0x00, 0x00,
    0x58, 0x54, 0x00, 0x04, 0x00, 0x00, 0x00, 0x00, 0x00, 0x00, 0x00, 0x00,
    0x00, 0x00, 0x00, 0x00, 0x68, 0x34, 0x00, 0x04, 0x00, 0x00, 0x00, 0x00,
    0x68, 0x44, 0x08, 0xe3, 0x70, 0x48, 0x08, 0xff, 0x70, 0x44, 0x08, 0x4d,
    0x00, 0x00, 0x00, 0x00, 0x00, 0x00, 0x00, 0x00, 0x00, 0x00, 0x00, 0x00,
    0x00, 0x00, 0x00, 0x00, 0x00, 0x00, 0x00, 0x00, 0x00, 0x00, 0x00, 0x00,
    0x00, 0x00, 0x00, 0x00, 0x00, 0x00, 0x00, 0x00, 0x00, 0x00, 0x00, 0x00,
    0x50, 0x2c, 0x00, 0x04, 0x80, 0x80, 0x00, 0x00, 0x68, 0x40, 0x00, 0x61,
    0x78, 0x4c, 0x08, 0xff, 0x68, 0x44, 0x08, 0xeb, 0x68, 0x44, 0x00, 0x5d,
    0x68, 0x44, 0x08, 0x9e, 0x80, 0x50, 0x08, 0xff, 0x70, 0x44, 0x00, 0x8a,
    0x70, 0x38, 0x00, 0x08, 0x00, 0x00, 0x00, 0x00, 0x00, 0x00, 0x00, 0x00,
    0x00, 0x00, 0x00, 0x00, 0x00, 0x00, 0x00, 0x00, 0x00, 0x00, 0x00, 0x00,
    0x00, 0x00, 0x00, 0x00, 0x00, 0x00, 0x00, 0x00, 0x00, 0x00, 0x00, 0x00,
    0x58, 0x00, 0x00, 0x04, 0x68, 0x40, 0x08, 0xc7, 0x68, 0x44, 0x08, 0xff,
    0x68, 0x44, 0x00, 0x9a, 0x00, 0x00, 0x00, 0x00, 0x70, 0x44, 0x08, 0x71,
    0x78, 0x4c, 0x08, 0xff, 0x68, 0x44, 0x00, 0xcb, 0x68, 0x44, 0x08, 0x18,
    0x00, 0x00, 0x00, 0x00, 0x80, 0x80, 0x00, 0x04, 0x00, 0x00, 0x00, 0x00,
    0x00, 0x00, 0x00, 0x00, 0x00, 0x00, 0x00, 0x00, 0x80, 0x40, 0x00, 0x04,
    0x00, 0x00, 0x00, 0x00, 0x68, 0x40, 0x08, 0x51, 0x68, 0x44, 0x08, 0xdf,
    0x78, 0x4c, 0x08, 0xff, 0x68, 0x44, 0x00, 0x2c, 0x68, 0x44, 0x00, 0x34,
    0x70, 0x40, 0x08, 0xef, 0x70, 0x48, 0x08, 0xff, 0x68, 0x40, 0x00, 0x38,
    0x00, 0x00, 0x00, 0x00, 0x00, 0x00, 0x00, 0x00, 0x00, 0x00, 0x00, 0x00,
    0x00, 0x00, 0x00, 0x00, 0x00, 0x00, 0x00, 0x00, 0x00, 0x00, 0x00, 0x00,
    0x00, 0x00, 0x00, 0x00, 0x58, 0x54, 0x00, 0x04, 0x00, 0x00, 0x00, 0x00,
    0x68, 0x44, 0x00, 0x34, 0x70, 0x48, 0x08, 0xef, 0x68, 0x44, 0x08, 0xef,
    0x68, 0x44, 0x08, 0x59, 0x00, 0x00, 0x00, 0x00, 0x00, 0x00, 0x00, 0x00,
    0x68, 0x40, 0x08, 0x45, 0x68, 0x44, 0x00, 0xe3, 0x78, 0x48, 0x08, 0xff,
    0x68, 0x44, 0x00, 0x49, 0x00, 0x00, 0x00, 0x00, 0x00, 0x00, 0x00, 0x00,
    0x68, 0x44, 0x08, 0x7d, 0x70, 0x44, 0x00, 0xf7, 0x68, 0x44, 0x08, 0xeb,
    0x70, 0x44, 0x08, 0x18, 0x00, 0x00, 0x00, 0x00, 0x00, 0x00, 0x00, 0x00,
    0x00, 0x00, 0x00, 0x00, 0x00, 0x00, 0x00, 0x00, 0x00, 0x00, 0x00, 0x00,
    0x00, 0x00, 0x00, 0x00, 0x00, 0x00, 0x00, 0x00, 0x00, 0x00, 0x00, 0x00,
    0x00, 0x00, 0x00, 0x00, 0x00, 0x00, 0x00, 0x00, 0x00, 0x00, 0x00, 0x00,
    0x00, 0x00, 0x00, 0x00, 0x00, 0x00, 0x00, 0x00, 0x00, 0x00, 0x00, 0x00,
    0x00, 0x00, 0x00, 0x00, 0x00, 0x00, 0x00, 0x00, 0x00, 0x00, 0x00, 0x00,
    0x00, 0x00, 0x00, 0x00, 0x00, 0x00, 0x00, 0x00, 0x00, 0x00, 0x00, 0x00,
    0x00, 0x00, 0x00, 0x00, 0x00, 0x00, 0x00, 0x00, 0x00, 0x00, 0x00, 0x00,
    0x00, 0x00, 0x00, 0x00, 0x00, 0x00, 0x00, 0x00, 0x00, 0x00, 0x00, 0x00,
    0x00, 0x00, 0x00, 0x00, 0x00, 0x00, 0x00, 0x00, 0x00, 0x00, 0x00, 0x00,
    0x00, 0x00, 0x00, 0x00, 0x00, 0x00, 0x00, 0x00, 0x00, 0x00, 0x00, 0x00,
    0x00, 0x00, 0x00, 0x00, 0x00, 0x00, 0x00, 0x00, 0x00, 0x00, 0x00, 0x00,
    0x00, 0x00, 0x00, 0x00, 0x00, 0x00, 0x00, 0x00, 0x00, 0x00, 0x00, 0x00,
    0x00, 0x00, 0x00, 0x00, 0x00, 0x00, 0x00, 0x00, 0x00, 0x00, 0x00, 0x00,
    0x00, 0x00, 0x00, 0x00, 0x00, 0x00, 0x00, 0x00, 0x00, 0x00, 0x00, 0x00,
    0x00, 0x00, 0x00, 0x00, 0x00, 0x00, 0x00, 0x00, 0x00, 0x00, 0x00, 0x00,
    0x00, 0x00, 0x00, 0x00, 0x00, 0x00, 0x00, 0x00, 0x00, 0x00, 0x00, 0x00,
    0x00, 0x00, 0x00, 0x00, 0x00, 0x00, 0x00, 0x00, 0x00, 0x00, 0x00, 0x00,
    0x68, 0x44, 0x08, 0x4d, 0x68, 0x44, 0x08, 0xaa, 0x68, 0x44, 0x08, 0x41,
    0x00, 0x00, 0x00, 0x00, 0x00, 0x00, 0x00, 0x00, 0x00, 0x00, 0x00, 0x00,
    0x00, 0x00, 0x00, 0x00, 0x00, 0x00, 0x00, 0x00, 0x00, 0x00, 0x00, 0x00,
    0x68, 0x4c, 0x00, 0x14, 0x68, 0x44, 0x08, 0xba, 0x70, 0x48, 0x08, 0xff,
    0x70, 0x44, 0x00, 0xff, 0x68, 0x44, 0x08, 0xdf, 0x68, 0x44, 0x08, 0x86,
    0x70, 0x44, 0x08, 0xcb, 0x70, 0x48, 0x08, 0xfb, 0x68, 0x44, 0x00, 0xfb,
    0x70, 0x44, 0x00, 0xdb, 0x70, 0x44, 0x08, 0x30, 0x00, 0x00, 0x00, 0x00,
    0x00, 0x00, 0x00, 0x00, 0x00, 0x00, 0x00, 0x00, 0x00, 0x00, 0x00, 0x00,
    0x00, 0x00, 0x00, 0x00, 0x70, 0x44, 0x08, 0x30, 0x68, 0x44, 0x08, 0x49,
    0x70, 0x44, 0x08, 0x45, 0x70, 0x44, 0x08, 0x45, 0x68, 0x44, 0x00, 0x34,
    0x70, 0x44, 0x08, 0x5d, 0x70, 0x48, 0x08, 0xff, 0x68, 0x44, 0x08, 0xfb,
    0x68, 0x44, 0x08, 0xff, 0x68, 0x44, 0x00, 0x71, 0x68, 0x4c, 0x00, 0x10,
    0x68, 0x44, 0x08, 0xcb, 0x70, 0x44, 0x08, 0xff, 0x70, 0x44, 0x08, 0xff,
    0x68, 0x44, 0x08, 0xcf, 0x68, 0x44, 0x00, 0x30, 0x00, 0x00, 0x00, 0x00,
    0x58, 0x54, 0x00, 0x00, 0x00, 0x00, 0x00, 0x00, 0x00, 0x00, 0x00, 0x00,
    0x00, 0x00, 0x00, 0x00, 0x68, 0x34, 0x00, 0x04, 0x00, 0x00, 0x00, 0x00,
    0x68, 0x44, 0x00, 0xdf, 0x70, 0x48, 0x08, 0xff, 0x70, 0x44, 0x00, 0x4d,
    0x00, 0x00, 0x00, 0x00, 0x00, 0x00, 0x00, 0x00, 0x00, 0x00, 0x00, 0x00,
    0x00, 0x00, 0x00, 0x00, 0x00, 0x00, 0x00, 0x00, 0x00, 0x00, 0x00, 0x00,
    0x00, 0x00, 0x00, 0x00, 0x00, 0x00, 0x00, 0x00, 0x00, 0x00, 0x00, 0x00,
    0x68, 0x34, 0x00, 0x04, 0x00, 0x00, 0x00, 0x00, 0x68, 0x44, 0x00, 0x6d,
    0x78, 0x4c, 0x08, 0xff, 0x68, 0x44, 0x08, 0xeb, 0x68, 0x48, 0x08, 0x3c,
    0x68, 0x40, 0x08, 0x8a, 0x78, 0x4c, 0x08, 0xff, 0x68, 0x44, 0x08, 0xc7,
    0x70, 0x40, 0x08, 0x1c, 0x80, 0x00, 0x00, 0x04, 0x50, 0x00, 0x00, 0x04,
    0x00, 0x00, 0x00, 0x00, 0x00, 0x00, 0x00, 0x00, 0x00, 0x00, 0x00, 0x00,
    0x00, 0x00, 0x00, 0x00, 0x00, 0x00, 0x00, 0x00, 0x58, 0x54, 0x00, 0x04,
    0x70, 0x3c, 0x08, 0x14, 0x68, 0x44, 0x08, 0xf3, 0x68, 0x44, 0x08, 0xff,
    0x68, 0x44, 0x00, 0x9e, 0x00, 0x00, 0x00, 0x00, 0x68, 0x44, 0x08, 0x71,
    0x78, 0x4c, 0x08, 0xff, 0x70, 0x44, 0x08, 0xcb, 0x68, 0x44, 0x08, 0x18,
    0x00, 0x00, 0x00, 0x00, 0x80, 0x80, 0x00, 0x04, 0x00, 0x00, 0x00, 0x00,
    0x00, 0x00, 0x00, 0x00, 0x00, 0x00, 0x00, 0x00, 0x80, 0x40, 0x00, 0x04,
    0x00, 0x00, 0x00, 0x00, 0x68, 0x40, 0x08, 0x51, 0x68, 0x44, 0x00, 0xe3,
    0x78, 0x4c, 0x08, 0xff, 0x70, 0x40, 0x08, 0x30, 0x70, 0x50, 0x10, 0x10,
    0x68, 0x44, 0x08, 0xeb, 0x70, 0x48, 0x08, 0xff, 0x68, 0x40, 0x08, 0x65,
    0x00, 0x00, 0x00, 0x00, 0xf8, 0x00, 0x00, 0x00, 0x00, 0x00, 0x00, 0x00,
    0x00, 0x00, 0x00, 0x00, 0x00, 0x00, 0x00, 0x00, 0x00, 0x00, 0x00, 0x00,
    0x00, 0x00, 0x00, 0x00, 0x40, 0x40, 0x00, 0x04, 0x80, 0x00, 0x00, 0x00,
    0x68, 0x44, 0x08, 0x5d, 0x80, 0x50, 0x08, 0xff, 0x68, 0x44, 0x08, 0xd3,
    0x68, 0x40, 0x00, 0x38, 0x00, 0x00, 0x00, 0x00, 0x40, 0x40, 0x00, 0x04,
    0x60, 0x40, 0x10, 0x10, 0x68, 0x44, 0x08, 0xae, 0x78, 0x4c, 0x08, 0xff,
    0x68, 0x44, 0x08, 0x8e, 0x60, 0x4c, 0x00, 0x0c, 0x00, 0x00, 0x00, 0x00,
    0x68, 0x44, 0x00, 0xc3, 0x70, 0x48, 0x08, 0xff, 0x70, 0x44, 0x08, 0x96,
    0x80, 0x2c, 0x00, 0x04, 0x00, 0x00, 0x00, 0x00, 0x00, 0x00, 0x00, 0x00,
    0x00, 0x00, 0x00, 0x00, 0x00, 0x00, 0x00, 0x00, 0x00, 0x00, 0x00, 0x00,
    0x00, 0x00, 0x00, 0x00, 0x00, 0x00, 0x00, 0x00, 0x00, 0x00, 0x00, 0x00,
    0x00, 0x00, 0x00, 0x00, 0x00, 0x00, 0x00, 0x00, 0x00, 0x00, 0x00, 0x00,
    0x00, 0x00, 0x00, 0x00, 0x00, 0x00, 0x00, 0x00, 0x00, 0x00, 0x00, 0x00,
    0x00, 0x00, 0x00, 0x00, 0x00, 0x00, 0x00, 0x00, 0x00, 0x00, 0x00, 0x00,
    0x00, 0x00, 0x00, 0x00, 0x00, 0x00, 0x00, 0x00, 0x00, 0x00, 0x00, 0x00,
    0x00, 0x00, 0x00, 0x00, 0x00, 0x00, 0x00, 0x00, 0x00, 0x00, 0x00, 0x00,
    0x00, 0x00, 0x00, 0x00, 0x00, 0x00, 0x00, 0x00, 0x00, 0x00, 0x00, 0x00,
    0x00, 0x00, 0x00, 0x00, 0x00, 0x00, 0x00, 0x00, 0x00, 0x00, 0x00, 0x00,
    0x00, 0x00, 0x00, 0x00, 0x00, 0x00, 0x00, 0x00, 0x00, 0x00, 0x00, 0x00,
    0x00, 0x00, 0x00, 0x00, 0x00, 0x00, 0x00, 0x00, 0x00, 0x00, 0x00, 0x00,
    0x00, 0x00, 0x00, 0x00, 0x00, 0x00, 0x00, 0x00, 0x00, 0x00, 0x00, 0x00,
    0x00, 0x00, 0x00, 0x00, 0x00, 0x00, 0x00, 0x00, 0x00, 0x00, 0x00, 0x00,
    0x00, 0x00, 0x00, 0x00, 0x00, 0x00, 0x00, 0x00, 0x00, 0x00, 0x00, 0x00,
    0x00, 0x00, 0x00, 0x00, 0x00, 0x00, 0x00, 0x00, 0x00, 0x00, 0x00, 0x00,
    0x00, 0x00, 0x00, 0x00, 0x00, 0x00, 0x00, 0x00, 0x00, 0x00, 0x00, 0x00,
    0x00, 0x00, 0x00, 0x00, 0x80, 0x80, 0x00, 0x00, 0x68, 0x44, 0x08, 0x51,
    0x68, 0x44, 0x08, 0xef, 0x70, 0x48, 0x08, 0xff, 0x68, 0x44, 0x08, 0xfb,
    0x68, 0x44, 0x08, 0x86, 0x68, 0x44, 0x08, 0x4d, 0x70, 0x40, 0x08, 0x28,
    0x68, 0x40, 0x00, 0x18, 0x70, 0x44, 0x08, 0x20, 0x68, 0x44, 0x00, 0x34,
    0x68, 0x44, 0x08, 0x92, 0x70, 0x44, 0x08, 0xff, 0x68, 0x44, 0x08, 0xfb,
    0x70, 0x48, 0x08, 0xff, 0x68, 0x44, 0x00, 0xd3, 0x70, 0x44, 0x00, 0x30,
    0x68, 0x44, 0x08, 0xa6, 0x70, 0x48, 0x08, 0xff, 0x68, 0x44, 0x08, 0xf7,
    0x70, 0x48, 0x08, 0xff, 0x70, 0x44, 0x00, 0xcb, 0x68, 0x44, 0x08, 0x4d,
    0x68, 0x40, 0x00, 0x20, 0x78, 0x44, 0x00, 0x0c, 0x68, 0x44, 0x08, 0x24,
    0x68, 0x44, 0x08, 0x61, 0x70, 0x44, 0x08, 0xf7, 0x78, 0x4c, 0x08, 0xff,
    0x78, 0x4c, 0x08, 0xff, 0x78, 0x4c, 0x08, 0xff, 0x68, 0x44, 0x08, 0x92,
    0x70, 0x44, 0x00, 0x59, 0x70, 0x48, 0x08, 0xff, 0x68, 0x44, 0x00, 0xff,
    0x70, 0x44, 0x08, 0xff, 0x68, 0x40, 0x00, 0x71, 0x68, 0x4c, 0x00, 0x10,
    0x68, 0x44, 0x08, 0xcb, 0x70, 0x44, 0x00, 0xff, 0x70, 0x48, 0x08, 0xff,
    0x68, 0x44, 0x08, 0xcf, 0x68, 0x40, 0x00, 0x30, 0x00, 0x00, 0x00, 0x00,
    0x50, 0x54, 0x00, 0x04, 0x00, 0x00, 0x00, 0x00, 0x00, 0x00, 0x00, 0x00,
    0x00, 0x00, 0x00, 0x00, 0x68, 0x34, 0x00, 0x04, 0x00, 0x00, 0x00, 0x00,
    0x68, 0x44, 0x08, 0xdf, 0x70, 0x48, 0x08, 0xff, 0x68, 0x44, 0x08, 0x51,
    0x80, 0x40, 0x00, 0x04, 0x80, 0x40, 0x00, 0x04, 0x80, 0x40, 0x00, 0x04,
    0x80, 0x40, 0x00, 0x04, 0x80, 0x40, 0x00, 0x04, 0x80, 0x40, 0x00, 0x04,
    0x80, 0x40, 0x00, 0x04, 0x80, 0x40, 0x00, 0x04, 0x68, 0x48, 0x00, 0x08,
    0x00, 0x00, 0x00, 0x00, 0x68, 0x34, 0x00, 0x04, 0x68, 0x44, 0x08, 0xaa,
    0x78, 0x48, 0x08, 0xff, 0x68, 0x44, 0x00, 0xe3, 0x68, 0x48, 0x08, 0x28,
    0x70, 0x40, 0x00, 0x65, 0x70, 0x48, 0x08, 0xf7, 0x70, 0x48, 0x08, 0xfb,
    0x68, 0x40, 0x00, 0x55, 0x00, 0x00, 0x00, 0x00, 0x58, 0x54, 0x00, 0x04,
    0x80, 0x40, 0x00, 0x04, 0x80, 0x00, 0x00, 0x04, 0x80, 0x80, 0x00, 0x00,
    0x40, 0x40, 0x00, 0x04, 0x80, 0x80, 0x00, 0x04, 0x00, 0x00, 0x00, 0x00,
    0x68, 0x44, 0x08, 0x79, 0x70, 0x48, 0x08, 0xff, 0x70, 0x44, 0x08, 0xff,
    0x68, 0x44, 0x00, 0x9a, 0x00, 0x00, 0x00, 0x00, 0x70, 0x44, 0x08, 0x71,
    0x78, 0x4c, 0x08, 0xff, 0x68, 0x44, 0x08, 0xcb, 0x70, 0x44, 0x08, 0x1c,
    0x00, 0x00, 0x00, 0x00, 0x80, 0x80, 0x00, 0x00, 0x00, 0x00, 0x00, 0x00,
    0x00, 0x00, 0x00, 0x00, 0x00, 0x00, 0x00, 0x00, 0x80, 0x40, 0x00, 0x04,
    0x00, 0x00, 0x00, 0x00, 0x68, 0x40, 0x08, 0x51, 0x70, 0x44, 0x00, 0xe3,
    0x78, 0x4c, 0x08, 0xff, 0x68, 0x44, 0x00, 0x34, 0x00, 0x00, 0x00, 0x00,
    0x68, 0x44, 0x08, 0xcb, 0x70, 0x44, 0x08, 0xfb, 0x70, 0x44, 0x08, 0xc7,
    0x00, 0x00, 0x00, 0x00, 0x00, 0x00, 0x00, 0x00, 0x80, 0x40, 0x00, 0x04,
    0x80, 0x80, 0x00, 0x00, 0x80, 0x00, 0x00, 0x04, 0x80, 0x80, 0x00, 0x00,
    0x68, 0x34, 0x00, 0x04, 0x00, 0x00, 0x00, 0x00, 0x68, 0x48, 0x00, 0x0c,
    0x68, 0x44, 0x08, 0xb6, 0x78, 0x48, 0x08, 0xff, 0x70, 0x44, 0x00, 0xbe,
    0x68, 0x40, 0x08, 0x18, 0x80, 0x00, 0x00, 0x00, 0x70, 0x54, 0x00, 0x08,
    0x00, 0x00, 0x00, 0x00, 0x68, 0x44, 0x08, 0x75, 0x70, 0x48, 0x08, 0xf7,
    0x70, 0x44, 0x08, 0xe3, 0x68, 0x44, 0x08, 0x28, 0x68, 0x40, 0x00, 0x24,
    0x68, 0x44, 0x08, 0xe3, 0x78, 0x48, 0x08, 0xff, 0x68, 0x44, 0x08, 0x49,
    0x00, 0x00, 0x00, 0x00, 0x00, 0x00, 0x00, 0x00, 0x00, 0x00, 0x00, 0x00,
    0x00, 0x00, 0x00, 0x00, 0x00, 0x00, 0x00, 0x00, 0x00, 0x00, 0x00, 0x00,
    0x00, 0x00, 0x00, 0x00, 0x00, 0x00, 0x00, 0x00, 0x00, 0x00, 0x00, 0x00,
    0x00, 0x00, 0x00, 0x00, 0x00, 0x00, 0x00, 0x00, 0x00, 0x00, 0x00, 0x00,
    0x00, 0x00, 0x00, 0x00, 0x00, 0x00, 0x00, 0x00, 0x00, 0x00, 0x00, 0x00,
    0x00, 0x00, 0x00, 0x00, 0x00, 0x00, 0x00, 0x00, 0x00, 0x00, 0x00, 0x00,
    0x00, 0x00, 0x00, 0x00, 0x00, 0x00, 0x00, 0x00, 0x00, 0x00, 0x00, 0x00,
    0x00, 0x00, 0x00, 0x00, 0x00, 0x00, 0x00, 0x00, 0x00, 0x00, 0x00, 0x00,
    0x00, 0x00, 0x00, 0x00, 0x00, 0x00, 0x00, 0x00, 0x00, 0x00, 0x00, 0x00,
    0x00, 0x00, 0x00, 0x00, 0x00, 0x00, 0x00, 0x00, 0x00, 0x00, 0x00, 0x00,
    0x00, 0x00, 0x00, 0x00, 0x00, 0x00, 0x00, 0x00, 0x00, 0x00, 0x00, 0x00,
    0x00, 0x00, 0x00, 0x00, 0x00, 0x00, 0x00, 0x00, 0x00, 0x00, 0x00, 0x00,
    0x00, 0x00, 0x00, 0x00, 0x00, 0x00, 0x00, 0x00, 0x00, 0x00, 0x00, 0x00,
    0x00, 0x00, 0x00, 0x00, 0x00, 0x00, 0x00, 0x00, 0x00, 0x00, 0x00, 0x00,
    0x00, 0x00, 0x00, 0x00, 0x00, 0x00, 0x00, 0x00, 0x00, 0x00, 0x00, 0x00,
    0x00, 0x00, 0x00, 0x00, 0x00, 0x00, 0x00, 0x00, 0x00, 0x00, 0x00, 0x00,
    0x00, 0x00, 0x00, 0x00, 0x00, 0x00, 0x00, 0x00, 0x00, 0x00, 0x00, 0x00,
    0x00, 0x00, 0x00, 0x00, 0x68, 0x44, 0x08, 0x18, 0x70, 0x44, 0x08, 0xf3,
    0x70, 0x48, 0x00, 0xff, 0x68, 0x44, 0x00, 0xf7, 0x70, 0x44, 0x08, 0xfb,
    0x78, 0x48, 0x00, 0xff, 0x68, 0x44, 0x08, 0xff, 0x68, 0x44, 0x08, 0xcb,
    0x68, 0x44, 0x00, 0xb6, 0x68, 0x44, 0x08, 0xbe, 0x68, 0x44, 0x08, 0xdb,
    0x70, 0x44, 0x08, 0xff, 0x68, 0x44, 0x00, 0xfb, 0x70, 0x44, 0x08, 0xf7,
    0x70, 0x44, 0x08, 0xff, 0x68, 0x44, 0x08, 0x8e, 0x00, 0x00, 0x00, 0x00,
    0x68, 0x40, 0x08, 0x49, 0x70, 0x44, 0x08, 0xef, 0x70, 0x48, 0x08, 0xff,
    0x68, 0x44, 0x08, 0xf7, 0x70, 0x48, 0x08, 0xff, 0x68, 0x44, 0x08, 0xef,
    0x68, 0x44, 0x00, 0xba, 0x70, 0x44, 0x08, 0x9a, 0x68, 0x44, 0x08, 0xc3,
    0x70, 0x48, 0x08, 0xff, 0x68, 0x44, 0x00, 0xff, 0x68, 0x44, 0x08, 0xf3,
    0x70, 0x44, 0x08, 0xff, 0x68, 0x44, 0x08, 0xc7, 0x70, 0x44, 0x18, 0x0c,
    0x70, 0x44, 0x08, 0x65, 0x70, 0x48, 0x08, 0xff, 0x68, 0x44, 0x08, 0xff,
    0x68, 0x44, 0x08, 0xff, 0x68, 0x44, 0x00, 0x71, 0x68, 0x4c, 0x00, 0x10,
    0x68, 0x44, 0x08, 0xcb, 0x70, 0x44, 0x08, 0xff, 0x70, 0x48, 0x08, 0xff,
    0x68, 0x44, 0x08, 0xcf, 0x68, 0x40, 0x00, 0x30, 0x00, 0x00, 0x00, 0x00,
    0x58, 0x54, 0x00, 0x04, 0x00, 0x00, 0x00, 0x00, 0x00, 0x00, 0x00, 0x00,
    0x00, 0x00, 0x00, 0x00, 0x68, 0x34, 0x00, 0x04, 0x00, 0x00, 0x00, 0x00,
    0x68, 0x44, 0x00, 0xe3, 0x70, 0x48, 0x08, 0xff, 0x70, 0x44, 0x08, 0x41,
    0x00, 0x00, 0x00, 0x00, 0x00, 0x00, 0x00, 0x00, 0x00, 0x00, 0x00, 0x00,
    0x00, 0x00, 0x00, 0x00, 0x00, 0x00, 0x00, 0x00, 0x00, 0x00, 0x00, 0x00,
    0x00, 0x00, 0x00, 0x00, 0x00, 0x00, 0x00, 0x00, 0x00, 0x00, 0x00, 0x00,
    0x60, 0x38, 0x00, 0x0c, 0x68, 0x44, 0x08, 0x7d, 0x68, 0x44, 0x08, 0xf3,
    0x70, 0x48, 0x08, 0xff, 0x70, 0x44, 0x00, 0xb2, 0x70, 0x40, 0x10, 0x10,
    0x68, 0x44, 0x00, 0x18, 0x68, 0x44, 0x08, 0xcb, 0x78, 0x48, 0x08, 0xff,
    0x68, 0x44, 0x00, 0xcb, 0x68, 0x44, 0x08, 0x49, 0x00, 0x00, 0x00, 0x00,
    0x00, 0x00, 0x00, 0x00, 0x00, 0x00, 0x00, 0x00, 0x00, 0x00, 0x00, 0x00,
    0x00, 0x00, 0x00, 0x00, 0x00, 0x00, 0x00, 0x00, 0x68, 0x40, 0x08, 0x41,
    0x68, 0x44, 0x00, 0xdf, 0x68, 0x44, 0x08, 0xff, 0x70, 0x44, 0x08, 0xff,
    0x68, 0x44, 0x00, 0x9a, 0x00, 0x00, 0x00, 0x00, 0x68, 0x44, 0x08, 0x71,
    0x78, 0x4c, 0x08, 0xff, 0x68, 0x44, 0x00, 0xcb, 0x68, 0x44, 0x08, 0x18,
    0x00, 0x00, 0x00, 0x00, 0x80, 0x80, 0x00, 0x00, 0x00, 0x00, 0x00, 0x00,
    0x00, 0x00, 0x00, 0x00, 0x00, 0x00, 0x00, 0x00, 0x80, 0x40, 0x00, 0x04,
    0x00, 0x00, 0x00, 0x00, 0x68, 0x40, 0x08, 0x51, 0x68, 0x44, 0x08, 0xdf,
    0x78, 0x4c, 0x08, 0xff, 0x68, 0x44, 0x00, 0x34, 0x00, 0x00, 0x00, 0x00,
    0x68, 0x40, 0x08, 0x65, 0x70, 0x44, 0x00, 0xff, 0x68, 0x44, 0x08, 0xff,
    0x68, 0x44, 0x08, 0x79, 0x68, 0x4c, 0x00, 0x0c, 0x00, 0x00, 0x00, 0x00,
    0x00, 0x00, 0x00, 0x00, 0x00, 0x00, 0x00, 0x00, 0x00, 0x00, 0x00, 0x00,
    0x00, 0x00, 0x00, 0x00, 0x68, 0x54, 0x00, 0x0c, 0x68, 0x44, 0x08, 0x8a,
    0x70, 0x44, 0x08, 0xf7, 0x68, 0x48, 0x08, 0xfb, 0x68, 0x48, 0x10, 0x79,
    0x00, 0x00, 0x00, 0x00, 0x58, 0x28, 0x28, 0x08, 0x58, 0x54, 0x00, 0x04,
    0x00, 0x00, 0x00, 0x00, 0x70, 0x44, 0x00, 0x38, 0x68, 0x40, 0x00, 0xd7,
    0x78, 0x4c, 0x08, 0xff, 0x70, 0x44, 0x08, 0x41, 0x68, 0x44, 0x00, 0x86,
    0x70, 0x44, 0x08, 0xfb, 0x70, 0x44, 0x08, 0xe7, 0x68, 0x44, 0x00, 0x10,
    0x00, 0x00, 0x00, 0x00, 0x00, 0x00, 0x00, 0x00, 0x00, 0x00, 0x00, 0x00,
    0x00, 0x00, 0x00, 0x00, 0x00, 0x00, 0x00, 0x00, 0x00, 0x00, 0x00, 0x00,
    0x00, 0x00, 0x00, 0x00, 0x00, 0x00, 0x00, 0x00, 0x00, 0x00, 0x00, 0x00,
    0x00, 0x00, 0x00, 0x00, 0x00, 0x00, 0x00, 0x00, 0x00, 0x00, 0x00, 0x00,
    0x00, 0x00, 0x00, 0x00, 0x00, 0x00, 0x00, 0x00, 0x00, 0x00, 0x00, 0x00,
    0x00, 0x00, 0x00, 0x00, 0x00, 0x00, 0x00, 0x00, 0x00, 0x00, 0x00, 0x00,
    0x00, 0x00, 0x00, 0x00, 0x00, 0x00, 0x00, 0x00, 0x00, 0x00, 0x00, 0x00,
    0x00, 0x00, 0x00, 0x00, 0x00, 0x00, 0x00, 0x00, 0x00, 0x00, 0x00, 0x00,
    0x00, 0x00, 0x00, 0x00, 0x00, 0x00, 0x00, 0x00, 0x00, 0x00, 0x00, 0x00,
    0x00, 0x00, 0x00, 0x00, 0x00, 0x00, 0x00, 0x00, 0x00, 0x00, 0x00, 0x00,
    0x00, 0x00, 0x00, 0x00, 0x00, 0x00, 0x00, 0x00, 0x00, 0x00, 0x00, 0x00,
    0x00, 0x00, 0x00, 0x00, 0x00, 0x00, 0x00, 0x00, 0x00, 0x00, 0x00, 0x00,
    0x00, 0x00, 0x00, 0x00, 0x00, 0x00, 0x00, 0x00, 0x00, 0x00, 0x00, 0x00,
    0x00, 0x00, 0x00, 0x00, 0x00, 0x00, 0x00, 0x00, 0x00, 0x00, 0x00, 0x00,
    0x00, 0x00, 0x00, 0x00, 0x00, 0x00, 0x00, 0x00, 0x00, 0x00, 0x00, 0x00,
    0x00, 0x00, 0x00, 0x00, 0x00, 0x00, 0x00, 0x00, 0x00, 0x00, 0x00, 0x00,
    0x00, 0x00, 0x00, 0x00, 0x00, 0x00, 0x00, 0x00, 0x00, 0x00, 0x00, 0x00,
    0x00, 0x00, 0x00, 0x00, 0x68, 0x44, 0x10, 0x10, 0x68, 0x44, 0x00, 0x71,
    0x68, 0x44, 0x08, 0xdb, 0x78, 0x48, 0x08, 0xff, 0x70, 0x44, 0x08, 0xff,
    0x68, 0x44, 0x08, 0xf7, 0x68, 0x44, 0x00, 0xf7, 0x70, 0x44, 0x08, 0xff,
    0x70, 0x48, 0x08, 0xff, 0x70, 0x44, 0x08, 0xff, 0x70, 0x44, 0x08, 0xff,
    0x68, 0x44, 0x00, 0xf3, 0x68, 0x44, 0x08, 0xff, 0x78, 0x4c, 0x08, 0xff,
    0x68, 0x44, 0x08, 0xba, 0x68, 0x40, 0x08, 0x1c, 0x68, 0x34, 0x00, 0x04,
    0x00, 0x00, 0x00, 0x00, 0x68, 0x40, 0x00, 0x59, 0x70, 0x44, 0x00, 0xef,
    0x70, 0x48, 0x08, 0xff, 0x68, 0x44, 0x08, 0xfb, 0x68, 0x44, 0x08, 0xfb,
    0x70, 0x44, 0x08, 0xff, 0x70, 0x48, 0x08, 0xff, 0x70, 0x44, 0x00, 0xff,
    0x68, 0x44, 0x08, 0xf3, 0x70, 0x44, 0x08, 0xff, 0x70, 0x48, 0x00, 0xff,
    0x68, 0x44, 0x00, 0xd7, 0x70, 0x48, 0x08, 0x3c, 0x00, 0x00, 0x00, 0x00,
    0x68, 0x44, 0x08, 0x61, 0x70, 0x44, 0x00, 0xf7, 0x68, 0x44, 0x08, 0xf7,
    0x70, 0x44, 0x08, 0xf7, 0x68, 0x40, 0x00, 0x71, 0x68, 0x4c, 0x00, 0x10,
    0x70, 0x44, 0x08, 0xc7, 0x70, 0x44, 0x08, 0xf7, 0x68, 0x44, 0x00, 0xf7,
    0x68, 0x40, 0x08, 0xcb, 0x68, 0x44, 0x08, 0x2c, 0x00, 0x00, 0x00, 0x00,
    0x58, 0x54, 0x00, 0x04, 0x00, 0x00, 0x00, 0x00, 0x00, 0x00, 0x00, 0x00,
    0x00, 0x00, 0x00, 0x00, 0x68, 0x34, 0x00, 0x04, 0x00, 0x00, 0x00, 0x00,
    0x68, 0x44, 0x00, 0xdf, 0x70, 0x48, 0x08, 0xfb, 0x70, 0x44, 0x00, 0x86,
    0x68, 0x40, 0x08, 0x51, 0x68, 0x40, 0x08, 0x51, 0x68, 0x40, 0x00, 0x51,
    0x68, 0x40, 0x08, 0x51, 0x68, 0x40, 0x08, 0x51, 0x68, 0x40, 0x08, 0x51,
    0x68, 0x44, 0x08, 0x51, 0x68, 0x40, 0x00, 0x51, 0x68, 0x40, 0x08, 0x65,
    0x68, 0x44, 0x08, 0xa6, 0x68, 0x44, 0x00, 0xef, 0x70, 0x48, 0x08, 0xff,
    0x70, 0x44, 0x08, 0xf3, 0x70, 0x40, 0x08, 0x51, 0x00, 0x00, 0x00, 0x00,
    0x00, 0x00, 0x00, 0x00, 0x70, 0x40, 0x08, 0x51, 0x68, 0x44, 0x00, 0xeb,
    0x78, 0x4c, 0x08, 0xff, 0x68, 0x44, 0x08, 0xdb, 0x68, 0x40, 0x00, 0x75,
    0x68, 0x40, 0x08, 0x41, 0x70, 0x34, 0x00, 0x0c, 0x68, 0x44, 0x00, 0x1c,
    0x68, 0x44, 0x08, 0x38, 0x68, 0x44, 0x08, 0x7d, 0x68, 0x44, 0x08, 0xe3,
    0x78, 0x48, 0x08, 0xff, 0x70, 0x44, 0x08, 0xff, 0x68, 0x44, 0x08, 0xfb,
    0x68, 0x44, 0x00, 0x9a, 0x00, 0x00, 0x00, 0x00, 0x68, 0x44, 0x08, 0x71,
    0x78, 0x4c, 0x08, 0xfb, 0x70, 0x44, 0x08, 0xc7, 0x68, 0x44, 0x08, 0x1c,
    0x00, 0x00, 0x00, 0x00, 0x80, 0x7c, 0x00, 0x04, 0x00, 0x00, 0x00, 0x00,
    0x00, 0x00, 0x00, 0x00, 0x00, 0x00, 0x00, 0x00, 0x80, 0x40, 0x00, 0x04,
    0x00, 0x00, 0x00, 0x00, 0x68, 0x44, 0x08, 0x4d, 0x68, 0x44, 0x00, 0xdf,
    0x78, 0x4c, 0x08, 0xfb, 0x70, 0x40, 0x08, 0x34, 0x00, 0x00, 0x00, 0x00,
    0x68, 0x3c, 0x10, 0x10, 0x68, 0x44, 0x00, 0xae, 0x70, 0x48, 0x08, 0xff,
    0x70, 0x44, 0x08, 0xfb, 0x68, 0x44, 0x00, 0xa2, 0x68, 0x40, 0x08, 0x45,
    0x70, 0x44, 0x08, 0x20, 0x68, 0x40, 0x18, 0x0c, 0x68, 0x44, 0x08, 0x1c,
    0x68, 0x40, 0x08, 0x49, 0x68, 0x44, 0x08, 0x9e, 0x70, 0x44, 0x08, 0xff,
    0x70, 0x48, 0x00, 0xff, 0x68, 0x44, 0x08, 0xba, 0x58, 0x58, 0x40, 0x20,
    0x68, 0x34, 0x00, 0x04, 0x80, 0x00, 0x80, 0x04, 0x00, 0xfc, 0x00, 0x00,
    0x80, 0x40, 0x00, 0x04, 0x78, 0x50, 0x00, 0x0c, 0x68, 0x44, 0x00, 0xae,
    0x78, 0x4c, 0x08, 0xff, 0x68, 0x44, 0x00, 0xaa, 0x70, 0x44, 0x08, 0xdb,
    0x70, 0x48, 0x08, 0xff, 0x68, 0x44, 0x08, 0x82, 0x90, 0x48, 0x00, 0x08,
    0x00, 0x00, 0x00, 0x00, 0x00, 0x00, 0x00, 0x00, 0x00, 0x00, 0x00, 0x00,
    0x00, 0x00, 0x00, 0x00, 0x00, 0x00, 0x00, 0x00, 0x00, 0x00, 0x00, 0x00,
    0x00, 0x00, 0x00, 0x00, 0x00, 0x00, 0x00, 0x00, 0x00, 0x00, 0x00, 0x00,
    0x00, 0x00, 0x00, 0x00, 0x00, 0x00, 0x00, 0x00, 0x00, 0x00, 0x00, 0x00,
    0x00, 0x00, 0x00, 0x00, 0x00, 0x00, 0x00, 0x00, 0x00, 0x00, 0x00, 0x00,
    0x00, 0x00, 0x00, 0x00, 0x00, 0x00, 0x00, 0x00, 0x00, 0x00, 0x00, 0x00,
    0x00, 0x00, 0x00, 0x00, 0x00, 0x00, 0x00, 0x00, 0x00, 0x00, 0x00, 0x00,
    0x00, 0x00, 0x00, 0x00, 0x00, 0x00, 0x00, 0x00, 0x00, 0x00, 0x00, 0x00,
    0x00, 0x00, 0x00, 0x00, 0x00, 0x00, 0x00, 0x00, 0x00, 0x00, 0x00, 0x00,
    0x00, 0x00, 0x00, 0x00, 0x00, 0x00, 0x00, 0x00, 0x00, 0x00, 0x00, 0x00,
    0x00, 0x00, 0x00, 0x00, 0x00, 0x00, 0x00, 0x00, 0x00, 0x00, 0x00, 0x00,
    0x00, 0x00, 0x00, 0x00, 0x00, 0x00, 0x00, 0x00, 0x00, 0x00, 0x00, 0x00,
    0x00, 0x00, 0x00, 0x00, 0x00, 0x00, 0x00, 0x00, 0x00, 0x00, 0x00, 0x00,
    0x00, 0x00, 0x00, 0x00, 0x00, 0x00, 0x00, 0x00, 0x00, 0x00, 0x00, 0x00,
    0x00, 0x00, 0x00, 0x00, 0x00, 0x00, 0x00, 0x00, 0x00, 0x00, 0x00, 0x00,
    0x00, 0x00, 0x00, 0x00, 0x00, 0x00, 0x00, 0x00, 0x00, 0x00, 0x00, 0x00,
    0x00, 0x00, 0x00, 0x00, 0x00, 0x00, 0x00, 0x00, 0x00, 0x00, 0x00, 0x00,
    0x00, 0x00, 0x00, 0x00, 0x00, 0x00, 0x00, 0x00, 0x00, 0x00, 0x00, 0x00,
    0x70, 0x44, 0x08, 0x3c, 0x68, 0x44, 0x08, 0x8e, 0x68, 0x44, 0x08, 0xd3,
    0x70, 0x48, 0x08, 0xff, 0x70, 0x48, 0x08, 0xff, 0x70, 0x48, 0x00, 0xff,
    0x70, 0x44, 0x08, 0xff, 0x70, 0x44, 0x08, 0xff, 0x70, 0x48, 0x00, 0xff,
    0x78, 0x4c, 0x08, 0xff, 0x68, 0x44, 0x08, 0xeb, 0x68, 0x40, 0x00, 0x92,
    0x70, 0x48, 0x08, 0x28, 0x00, 0x00, 0x00, 0x00, 0x58, 0x54, 0x00, 0x04,
    0x80, 0x00, 0x00, 0x00, 0x00, 0x00, 0x00, 0x00, 0x68, 0x44, 0x08, 0x4d,
    0x70, 0x44, 0x00, 0xb2, 0x70, 0x44, 0x08, 0xff, 0x78, 0x48, 0x00, 0xff,
    0x70, 0x48, 0x08, 0xff, 0x70, 0x48, 0x08, 0xff, 0x70, 0x48, 0x08, 0xff,
    0x78, 0x4c, 0x08, 0xff, 0x68, 0x44, 0x00, 0xf3, 0x68, 0x44, 0x08, 0x9e,
    0x70, 0x44, 0x08, 0x34, 0x00, 0x00, 0x00, 0x00, 0x80, 0x00, 0x00, 0x04,
    0x68, 0x44, 0x08, 0x6d, 0x80, 0x50, 0x08, 0xff, 0x78, 0x48, 0x08, 0xff,
    0x78, 0x4c, 0x08, 0xff, 0x68, 0x40, 0x00, 0x7d, 0x68, 0x50, 0x00, 0x14,
    0x68, 0x44, 0x08, 0xe3, 0x78, 0x4c, 0x08, 0xff, 0x78, 0x50, 0x08, 0xff,
    0x70, 0x44, 0x08, 0xe7, 0x68, 0x40, 0x00, 0x34, 0x00, 0x00, 0x00, 0x00,
    0x58, 0x58, 0x00, 0x04, 0x00, 0x00, 0x00, 0x00, 0x00, 0x00, 0x00, 0x00,
    0x00, 0x00, 0x00, 0x00, 0x68, 0x34, 0x00, 0x04, 0x00, 0x00, 0x00, 0x00,
    0x68, 0x40, 0x08, 0xeb, 0x70, 0x48, 0x08, 0xff, 0x68, 0x44, 0x08, 0xff,
    0x68, 0x44, 0x08, 0xfb, 0x68, 0x44, 0x08, 0xfb, 0x68, 0x44, 0x08, 0xfb,
    0x68, 0x44, 0x00, 0xfb, 0x68, 0x44, 0x08, 0xfb, 0x68, 0x44, 0x08, 0xfb,
    0x68, 0x44, 0x00, 0xfb, 0x68, 0x44, 0x08, 0xfb, 0x70, 0x48, 0x08, 0xff,
    0x78, 0x4c, 0x08, 0xff, 0x78, 0x4c, 0x08, 0xff, 0x70, 0x44, 0x00, 0xeb,
    0x68, 0x40, 0x00, 0x69, 0x60, 0x40, 0x00, 0x08, 0x80, 0x80, 0x00, 0x00,
    0x80, 0x40, 0x00, 0x04, 0x00, 0x00, 0x00, 0x00, 0x68, 0x44, 0x08, 0x55,
    0x70, 0x44, 0x08, 0xd3, 0x78, 0x4c, 0x08, 0xff, 0x78, 0x4c, 0x08, 0xff,
    0x68, 0x44, 0x08, 0xe3, 0x68, 0x44, 0x00, 0xb2, 0x68, 0x44, 0x08, 0xc3,
    0x68, 0x44, 0x08, 0xe3, 0x78, 0x48, 0x08, 0xff, 0x70, 0x48, 0x08, 0xff,
    0x68, 0x44, 0x00, 0xaa, 0x68, 0x44, 0x00, 0xc3, 0x70, 0x48, 0x08, 0xff,
    0x68, 0x44, 0x00, 0xa2, 0x00, 0x00, 0x00, 0x00, 0x70, 0x40, 0x08, 0x75,
    0x78, 0x50, 0x08, 0xff, 0x68, 0x44, 0x08, 0xd3, 0x70, 0x40, 0x08, 0x1c,
    0x00, 0x00, 0x00, 0x00, 0x80, 0x80, 0x00, 0x00, 0x00, 0x00, 0x00, 0x00,
    0x00, 0x00, 0x00, 0x00, 0x00, 0x00, 0x00, 0x00, 0x80, 0x3c, 0x00, 0x04,
    0x00, 0x00, 0x00, 0x00, 0x68, 0x44, 0x08, 0x51, 0x68, 0x44, 0x00, 0xeb,
    0x80, 0x50, 0x08, 0xff, 0x68, 0x40, 0x00, 0x34, 0x00, 0x00, 0x00, 0x00,
    0x00, 0x00, 0x00, 0x00, 0x70, 0x40, 0x00, 0x18, 0x68, 0x44, 0x08, 0xae,
    0x70, 0x48, 0x08, 0xff, 0x78, 0x4c, 0x08, 0xff, 0x68, 0x44, 0x08, 0xeb,
    0x68, 0x44, 0x00, 0xba, 0x68, 0x44, 0x08, 0xa6, 0x68, 0x44, 0x08, 0xba,
    0x68, 0x44, 0x00, 0xef, 0x78, 0x4c, 0x08, 0xff, 0x70, 0x48, 0x08, 0xff,
    0x68, 0x44, 0x08, 0xaa, 0x70, 0x40, 0x00, 0x2c, 0x00, 0x00, 0x00, 0x00,
    0x50, 0x54, 0x00, 0x04, 0x00, 0x00, 0x00, 0x00, 0x00, 0x00, 0x00, 0x00,
    0x80, 0x54, 0x00, 0x08, 0x00, 0x00, 0x00, 0x00, 0x68, 0x44, 0x08, 0x69,
    0x70, 0x44, 0x08, 0xf7, 0x70, 0x44, 0x08, 0xfb, 0x68, 0x44, 0x08, 0xf7,
    0x70, 0x48, 0x00, 0xff, 0x68, 0x48, 0x00, 0x34, 0x00, 0x00, 0x00, 0x00,
    0x00, 0x00, 0x00, 0x00, 0x00, 0x00, 0x00, 0x00, 0x00, 0x00, 0x00, 0x00,
    0x00, 0x00, 0x00, 0x00, 0x00, 0x00, 0x00, 0x00, 0x00, 0x00, 0x00, 0x00,
    0x00, 0x00, 0x00, 0x00, 0x00, 0x00, 0x00, 0x00, 0x00, 0x00, 0x00, 0x00,
    0x00, 0x00, 0x00, 0x00, 0x00, 0x00, 0x00, 0x00, 0x00, 0x00, 0x00, 0x00,
    0x00, 0x00, 0x00, 0x00, 0x00, 0x00, 0x00, 0x00, 0x00, 0x00, 0x00, 0x00,
    0x00, 0x00, 0x00, 0x00, 0x00, 0x00, 0x00, 0x00, 0x00, 0x00, 0x00, 0x00,
    0x00, 0x00, 0x00, 0x00, 0x00, 0x00, 0x00, 0x00, 0x00, 0x00, 0x00, 0x00,
    0x00, 0x00, 0x00, 0x00, 0x00, 0x00, 0x00, 0x00, 0x00, 0x00, 0x00, 0x00,
    0x00, 0x00, 0x00, 0x00, 0x00, 0x00, 0x00, 0x00, 0x00, 0x00, 0x00, 0x00,
    0x00, 0x00, 0x00, 0x00, 0x00, 0x00, 0x00, 0x00, 0x00, 0x00, 0x00, 0x00,
    0x00, 0x00, 0x00, 0x00, 0x00, 0x00, 0x00, 0x00, 0x00, 0x00, 0x00, 0x00,
    0x00, 0x00, 0x00, 0x00, 0x00, 0x00, 0x00, 0x00, 0x00, 0x00, 0x00, 0x00,
    0x00, 0x00, 0x00, 0x00, 0x00, 0x00, 0x00, 0x00, 0x00, 0x00, 0x00, 0x00,
    0x00, 0x00, 0x00, 0x00, 0x00, 0x00, 0x00, 0x00, 0x00, 0x00, 0x00, 0x00,
    0x00, 0x00, 0x00, 0x00, 0x00, 0x00, 0x00, 0x00, 0x00, 0x00, 0x00, 0x00,
    0x00, 0x00, 0x00, 0x00, 0x00, 0x00, 0x00, 0x00, 0x00, 0x00, 0x00, 0x00,
    0x00, 0x00, 0x00, 0x00, 0x00, 0x00, 0x00, 0x00, 0x00, 0x00, 0x00, 0x00,
    0x00, 0x00, 0x00, 0x00, 0x00, 0x00, 0x00, 0x00, 0xa8, 0x54, 0x00, 0x04,
    0x00, 0x00, 0x00, 0x00, 0x00, 0x00, 0x00, 0x00, 0x68, 0x40, 0x00, 0x30,
    0x68, 0x44, 0x00, 0x5d, 0x70, 0x44, 0x08, 0x8a, 0x68, 0x44, 0x08, 0x9e,
    0x68, 0x44, 0x00, 0xcf, 0x68, 0x44, 0x08, 0xbe, 0x70, 0x44, 0x08, 0x96,
    0x68, 0x40, 0x08, 0x75, 0x70, 0x44, 0x00, 0x41, 0x00, 0x00, 0x00, 0x00,
    0x00, 0x00, 0x00, 0x00, 0x50, 0x54, 0x00, 0x04, 0x00, 0x00, 0x00, 0x00,
    0x00, 0x00, 0x00, 0x00, 0x80, 0x40, 0x00, 0x04, 0x00, 0x00, 0x00, 0x00,
    0x70, 0x38, 0x00, 0x18, 0x68, 0x40, 0x08, 0x55, 0x68, 0x44, 0x00, 0x82,
    0x70, 0x44, 0x08, 0x96, 0x70, 0x44, 0x08, 0x96, 0x68, 0x44, 0x00, 0x9a,
    0x68, 0x44, 0x00, 0x75, 0x68, 0x44, 0x00, 0x45, 0x70, 0x48, 0x00, 0x08,
    0x00, 0x00, 0x00, 0x00, 0x58, 0x54, 0x00, 0x04, 0x00, 0x00, 0x00, 0x00,
    0x70, 0x44, 0x08, 0x28, 0x70, 0x48, 0x00, 0x69, 0x68, 0x44, 0x00, 0x65,
    0x68, 0x40, 0x08, 0x65, 0x68, 0x44, 0x08, 0x30, 0x70, 0x48, 0x00, 0x08,
    0x68, 0x44, 0x08, 0x51, 0x70, 0x44, 0x00, 0x69, 0x70, 0x44, 0x00, 0x69,
    0x68, 0x44, 0x08, 0x55, 0x68, 0x44, 0x00, 0x14, 0x00, 0x00, 0x00, 0x00,
    0x00, 0x00, 0x00, 0x00, 0x00, 0x00, 0x00, 0x00, 0x00, 0x00, 0x00, 0x00,
    0x00, 0x00, 0x00, 0x00, 0x80, 0x40, 0x00, 0x04, 0x00, 0x00, 0x00, 0x00,
    0x68, 0x44, 0x08, 0xb2, 0x70, 0x44, 0x08, 0xcb, 0x70, 0x44, 0x00, 0xc7,
    0x68, 0x44, 0x08, 0xcb, 0x68, 0x44, 0x08, 0xcb, 0x68, 0x44, 0x00, 0xcb,
    0x68, 0x44, 0x08, 0xcb, 0x68, 0x44, 0x08, 0xc7, 0x68, 0x44, 0x00, 0xcb,
    0x68, 0x44, 0x08, 0xcb, 0x70, 0x44, 0x08, 0xc7, 0x70, 0x44, 0x00, 0xc7,
    0x68, 0x44, 0x00, 0xb6, 0x70, 0x44, 0x08, 0x82, 0x68, 0x40, 0x08, 0x45,
    0x00, 0x00, 0x00, 0x00, 0x00, 0x00, 0x00, 0x00, 0xf8, 0xfc, 0x00, 0x00,
    0x00, 0x00, 0x00, 0x00, 0x80, 0x80, 0x00, 0x04, 0x00, 0x00, 0x00, 0x00,
    0x68, 0x44, 0x00, 0x30, 0x68, 0x40, 0x08, 0x82, 0x68, 0x44, 0x08, 0xba,
    0x70, 0x44, 0x00, 0xeb, 0x68, 0x44, 0x08, 0xff, 0x68, 0x44, 0x08, 0xf7,
    0x70, 0x44, 0x00, 0xe7, 0x68, 0x44, 0x00, 0xae, 0x70, 0x44, 0x08, 0x65,
    0x70, 0x40, 0x00, 0x10, 0x70, 0x40, 0x00, 0x65, 0x70, 0x44, 0x08, 0xcb,
    0x68, 0x44, 0x08, 0x7d, 0x00, 0x00, 0x00, 0x00, 0x68, 0x40, 0x08, 0x59,
    0x70, 0x48, 0x00, 0xd3, 0x70, 0x44, 0x00, 0x9e, 0x68, 0x44, 0x00, 0x14,
    0x00, 0x00, 0x00, 0x00, 0x00, 0x00, 0x00, 0x00, 0x00, 0x00, 0x00, 0x00,
    0x00, 0x00, 0x00, 0x00, 0x00, 0x00, 0x00, 0x00, 0xa8, 0x54, 0x00, 0x04,
    0x00, 0x00, 0x00, 0x00, 0x68, 0x44, 0x08, 0x3c, 0x70, 0x40, 0x08, 0xae,
    0x70, 0x48, 0x08, 0xd3, 0x68, 0x40, 0x08, 0x28, 0x00, 0x00, 0x00, 0x00,
    0x58, 0x54, 0x00, 0x04, 0x00, 0x00, 0x00, 0x00, 0x70, 0x48, 0x00, 0x14,
    0x68, 0x44, 0x00, 0x65, 0x70, 0x44, 0x08, 0xb6, 0x68, 0x44, 0x00, 0xf3,
    0x78, 0x4c, 0x08, 0xff, 0x80, 0x50, 0x08, 0xff, 0x78, 0x48, 0x08, 0xff,
    0x68, 0x44, 0x00, 0xeb, 0x70, 0x44, 0x08, 0xb2, 0x68, 0x40, 0x08, 0x69,
    0x68, 0x3c, 0x00, 0x10, 0x00, 0x00, 0x00, 0x00, 0x80, 0x40, 0x00, 0x04,
    0x00, 0x00, 0x00, 0x00, 0x00, 0x00, 0x00, 0x00, 0x00, 0x00, 0x00, 0x00,
    0x58, 0x00, 0x00, 0x04, 0x00, 0x00, 0x00, 0x00, 0x60, 0x44, 0x08, 0x20,
    0x68, 0x44, 0x08, 0xd3, 0x70, 0x48, 0x08, 0xff, 0x68, 0x44, 0x08, 0xff,
    0x68, 0x44, 0x08, 0xcf, 0x68, 0x4c, 0x00, 0x14, 0x00, 0x00, 0x00, 0x00,
    0x00, 0x00, 0x00, 0x00, 0x00, 0x00, 0x00, 0x00, 0x00, 0x00, 0x00, 0x00,
    0x00, 0x00, 0x00, 0x00, 0x00, 0x00, 0x00, 0x00, 0x00, 0x00, 0x00, 0x00,
    0x00, 0x00, 0x00, 0x00, 0x00, 0x00, 0x00, 0x00, 0x00, 0x00, 0x00, 0x00,
    0x00, 0x00, 0x00, 0x00, 0x00, 0x00, 0x00, 0x00, 0x00, 0x00, 0x00, 0x00,
    0x00, 0x00, 0x00, 0x00, 0x00, 0x00, 0x00, 0x00, 0x00, 0x00, 0x00, 0x00,
    0x00, 0x00, 0x00, 0x00, 0x00, 0x00, 0x00, 0x00, 0x00, 0x00, 0x00, 0x00,
    0x00, 0x00, 0x00, 0x00, 0x00, 0x00, 0x00, 0x00, 0x00, 0x00, 0x00, 0x00,
    0x00, 0x00, 0x00, 0x00, 0x00, 0x00, 0x00, 0x00, 0x00, 0x00, 0x00, 0x00,
    0x00, 0x00, 0x00, 0x00, 0x00, 0x00, 0x00, 0x00, 0x00, 0x00, 0x00, 0x00,
    0x00, 0x00, 0x00, 0x00, 0x00, 0x00, 0x00, 0x00, 0x00, 0x00, 0x00, 0x00,
    0x00, 0x00, 0x00, 0x00, 0x00, 0x00, 0x00, 0x00, 0x00, 0x00, 0x00, 0x00,
    0x00, 0x00, 0x00, 0x00, 0x00, 0x00, 0x00, 0x00, 0x00, 0x00, 0x00, 0x00,
    0x00, 0x00, 0x00, 0x00, 0x00, 0x00, 0x00, 0x00, 0x00, 0x00, 0x00, 0x00,
    0x00, 0x00, 0x00, 0x00, 0x00, 0x00, 0x00, 0x00, 0x00, 0x00, 0x00, 0x00,
    0x00, 0x00, 0x00, 0x00, 0x00, 0x00, 0x00, 0x00, 0x00, 0x00, 0x00, 0x00,
    0x00, 0x00, 0x00, 0x00, 0x00, 0x00, 0x00, 0x00, 0x00, 0x00, 0x00, 0x00,
    0x00, 0x00, 0x00, 0x00, 0x00, 0x00, 0x00, 0x00, 0x00, 0x00, 0x00, 0x00,
    0x00, 0x00, 0x00, 0x00, 0x00, 0x00, 0x00, 0x00, 0x00, 0x00, 0x00, 0x00,
    0x58, 0x54, 0x00, 0x04, 0xf8, 0x00, 0x00, 0x00, 0x00, 0x00, 0x00, 0x00,
    0x00, 0x00, 0x00, 0x00, 0x00, 0x00, 0x00, 0x00, 0x78, 0x44, 0x00, 0x0c,
    0x68, 0x40, 0x08, 0x28, 0x68, 0x40, 0x08, 0x20, 0x80, 0x54, 0x00, 0x08,
    0x00, 0x00, 0x00, 0x00, 0x00, 0x00, 0x00, 0x00, 0x00, 0x00, 0x00, 0x00,
    0x58, 0x54, 0x00, 0x04, 0x00, 0x00, 0x00, 0x00, 0x00, 0x00, 0x00, 0x00,
    0x00, 0x00, 0x00, 0x00, 0x00, 0x00, 0x00, 0x00, 0x80, 0x40, 0x00, 0x04,
    0x00, 0x00, 0x00, 0x00, 0x00, 0x00, 0x00, 0x00, 0x00, 0x00, 0x00, 0x00,
    0x80, 0x54, 0x00, 0x08, 0x80, 0x54, 0x00, 0x08, 0x70, 0x48, 0x00, 0x08,
    0x00, 0x00, 0x00, 0x00, 0x00, 0x00, 0x00, 0x00, 0x00, 0x00, 0x00, 0x00,
    0x58, 0x54, 0x00, 0x04, 0x00, 0x00, 0x00, 0x00, 0x00, 0x00, 0x00, 0x00,
    0x00, 0x00, 0x00, 0x00, 0x00, 0x00, 0x00, 0x00, 0x00, 0x00, 0x00, 0x00,
    0x00, 0x00, 0x00, 0x00, 0x00, 0x00, 0x00, 0x00, 0x00, 0x00, 0x00, 0x00,
    0x00, 0x00, 0x00, 0x00, 0x00, 0x00, 0x00, 0x00, 0x00, 0x00, 0x00, 0x00,
    0x00, 0x00, 0x00, 0x00, 0x00, 0x00, 0x00, 0x00, 0x00, 0x00, 0x00, 0x00,
    0x00, 0x00, 0x00, 0x00, 0x00, 0x00, 0x00, 0x00, 0x00, 0x00, 0x00, 0x00,
    0x00, 0x00, 0x00, 0x00, 0x00, 0x00, 0x00, 0x00, 0x00, 0x00, 0x00, 0x00,
    0x70, 0x48, 0x08, 0x20, 0x68, 0x44, 0x00, 0x28, 0x70, 0x40, 0x08, 0x24,
    0x70, 0x40, 0x08, 0x24, 0x70, 0x40, 0x08, 0x24, 0x70, 0x40, 0x08, 0x24,
    0x70, 0x40, 0x08, 0x24, 0x70, 0x40, 0x08, 0x24, 0x70, 0x40, 0x08, 0x24,
    0x70, 0x40, 0x08, 0x24, 0x70, 0x44, 0x08, 0x24, 0x70, 0x44, 0x08, 0x24,
    0x70, 0x44, 0x08, 0x20, 0x00, 0x00, 0x00, 0x00, 0x00, 0x00, 0x00, 0x00,
    0x80, 0x80, 0x00, 0x00, 0x00, 0x00, 0x00, 0x00, 0x00, 0x00, 0x00, 0x00,
    0x00, 0x00, 0x00, 0x00, 0x00, 0x00, 0x00, 0x00, 0x80, 0x80, 0x00, 0x00,
    0x00, 0x00, 0x00, 0x00, 0x00, 0x00, 0x00, 0x00, 0x68, 0x44, 0x08, 0x1c,
    0x68, 0x40, 0x00, 0x38, 0x68, 0x44, 0x00, 0x38, 0x68, 0x44, 0x08, 0x38,
    0x70, 0x44, 0x08, 0x34, 0x68, 0x44, 0x00, 0x18, 0x00, 0x00, 0x00, 0x00,
    0x00, 0x00, 0x00, 0x00, 0x70, 0x48, 0x10, 0x14, 0x68, 0x44, 0x08, 0x24,
    0x70, 0x40, 0x08, 0x18, 0x00, 0x00, 0x00, 0x00, 0x68, 0x44, 0x10, 0x10,
    0x68, 0x40, 0x08, 0x2c, 0x70, 0x40, 0x00, 0x1c, 0x58, 0x54, 0x00, 0x00,
    0x00, 0x00, 0x00, 0x00, 0x00, 0x00, 0x00, 0x00, 0x00, 0x00, 0x00, 0x00,
    0x00, 0x00, 0x00, 0x00, 0x00, 0x00, 0x00, 0x00, 0x00, 0x00, 0x00, 0x00,
    0x00, 0x00, 0x00, 0x00, 0x68, 0x34, 0x00, 0x0c, 0x68, 0x40, 0x08, 0x20,
    0x60, 0x40, 0x08, 0x2c, 0x70, 0x48, 0x00, 0x08, 0x00, 0x00, 0x00, 0x00,
    0x00, 0x00, 0x00, 0x00, 0x80, 0x80, 0x00, 0x00, 0x00, 0x00, 0x00, 0x00,
    0x00, 0x00, 0x00, 0x00, 0x68, 0x44, 0x08, 0x1c, 0x68, 0x44, 0x00, 0x3c,
    0x68, 0x44, 0x08, 0x4d, 0x70, 0x44, 0x08, 0x55, 0x68, 0x44, 0x08, 0x4d,
    0x70, 0x40, 0x00, 0x34, 0x60, 0x44, 0x08, 0x18, 0x00, 0x00, 0x00, 0x00,
    0x00, 0x00, 0x00, 0x00, 0x58, 0x54, 0x00, 0x04, 0x00, 0x00, 0x00, 0x00,
    0x00, 0x00, 0x00, 0x00, 0x00, 0x00, 0x00, 0x00, 0x00, 0x00, 0x00, 0x00,
    0x00, 0x00, 0x00, 0x00, 0x68, 0x34, 0x00, 0x04, 0x00, 0x00, 0x00, 0x00,
    0x68, 0x44, 0x00, 0xb6, 0x70, 0x48, 0x00, 0xff, 0x70, 0x48, 0x08, 0xff,
    0x68, 0x40, 0x08, 0x75, 0x80, 0x40, 0x00, 0x04, 0x00, 0x00, 0x00, 0x00,
    0x00, 0x00, 0x00, 0x00, 0x00, 0x00, 0x00, 0x00, 0x00, 0x00, 0x00, 0x00,
    0x00, 0x00, 0x00, 0x00, 0x00, 0x00, 0x00, 0x00, 0x00, 0x00, 0x00, 0x00,
    0x00, 0x00, 0x00, 0x00, 0x00, 0x00, 0x00, 0x00, 0x00, 0x00, 0x00, 0x00,
    0x00, 0x00, 0x00, 0x00, 0x00, 0x00, 0x00, 0x00, 0x00, 0x00, 0x00, 0x00,
    0x00, 0x00, 0x00, 0x00, 0x00, 0x00, 0x00, 0x00, 0x00, 0x00, 0x00, 0x00,
    0x00, 0x00, 0x00, 0x00, 0x00, 0x00, 0x00, 0x00, 0x00, 0x00, 0x00, 0x00,
    0x00, 0x00, 0x00, 0x00, 0x00, 0x00, 0x00, 0x00, 0x00, 0x00, 0x00, 0x00,
    0x00, 0x00, 0x00, 0x00, 0x00, 0x00, 0x00, 0x00, 0x00, 0x00, 0x00, 0x00,
    0x00, 0x00, 0x00, 0x00, 0x00, 0x00, 0x00, 0x00, 0x00, 0x00, 0x00, 0x00,
    0x00, 0x00, 0x00, 0x00, 0x00, 0x00, 0x00, 0x00, 0x00, 0x00, 0x00, 0x00,
    0x00, 0x00, 0x00, 0x00, 0x00, 0x00, 0x00, 0x00, 0x00, 0x00, 0x00, 0x00,
    0x00, 0x00, 0x00, 0x00, 0x00, 0x00, 0x00, 0x00, 0x00, 0x00, 0x00, 0x00,
    0x00, 0x00, 0x00, 0x00, 0x00, 0x00, 0x00, 0x00, 0x00, 0x00, 0x00, 0x00,
    0x00, 0x00, 0x00, 0x00, 0x00, 0x00, 0x00, 0x00, 0x00, 0x00, 0x00, 0x00,
    0x00, 0x00, 0x00, 0x00, 0x00, 0x00, 0x00, 0x00, 0x00, 0x00, 0x00, 0x00,
    0x00, 0x00, 0x00, 0x00, 0x00, 0x00, 0x00, 0x00, 0x00, 0x00, 0x00, 0x00,
    0x00, 0x00, 0x00, 0x00, 0x00, 0x00, 0x00, 0x00, 0x00, 0x00, 0x00, 0x00,
    0x00, 0x00, 0x00, 0x00, 0x00, 0x00, 0x00, 0x00, 0x00, 0x00, 0x00, 0x00,
    0x00, 0x00, 0x00, 0x00, 0x00, 0x00, 0x00, 0x00, 0x58, 0x54, 0x00, 0x04,
    0x80, 0x40, 0x00, 0x04, 0x00, 0x00, 0x00, 0x00, 0x00, 0x00, 0x00, 0x00,
    0x00, 0x00, 0x00, 0x00, 0x00, 0x00, 0x00, 0x00, 0x00, 0x00, 0x00, 0x00,
    0x58, 0x54, 0x00, 0x04, 0x40, 0x40, 0x00, 0x04, 0x00, 0x00, 0x00, 0x00,
    0x00, 0x00, 0x00, 0x00, 0x00, 0x00, 0x00, 0x00, 0x00, 0x00, 0x00, 0x00,
    0x00, 0x00, 0x00, 0x00, 0x00, 0x00, 0x00, 0x00, 0x00, 0x00, 0x00, 0x00,
    0x80, 0x00, 0x00, 0x04, 0x80, 0x40, 0x00, 0x04, 0x00, 0x00, 0x00, 0x00,
    0x00, 0x00, 0x00, 0x00, 0x00, 0x00, 0x00, 0x00, 0x00, 0x00, 0x00, 0x00,
    0x58, 0x54, 0x00, 0x04, 0x80, 0x40, 0x00, 0x04, 0xf8, 0x00, 0x00, 0x00,
    0x00, 0x00, 0x00, 0x00, 0x00, 0x00, 0x00, 0x00, 0x00, 0x00, 0x00, 0x00,
    0x80, 0x80, 0x00, 0x00, 0x68, 0x34, 0x00, 0x04, 0x68, 0x34, 0x00, 0x04,
    0x68, 0x34, 0x00, 0x04, 0x80, 0x80, 0x00, 0x04, 0x00, 0x00, 0x00, 0x00,
    0x80, 0x40, 0x00, 0x04, 0x68, 0x34, 0x00, 0x04, 0x68, 0x34, 0x00, 0x04,
    0x80, 0x40, 0x00, 0x04, 0x00, 0x00, 0x00, 0x00, 0x00, 0x00, 0x00, 0x00,
    0x00, 0x00, 0x00, 0x00, 0x00, 0x00, 0x00, 0x00, 0x00, 0x00, 0x00, 0x00,
    0x00, 0x00, 0x00, 0x00, 0x00, 0x00, 0x00, 0x00, 0x00, 0x00, 0x00, 0x00,
    0x00, 0x00, 0x00, 0x00, 0x00, 0x00, 0x00, 0x00, 0x00, 0x00, 0x00, 0x00,
    0x00, 0x00, 0x00, 0x00, 0x00, 0x00, 0x00, 0x00, 0x00, 0x00, 0x00, 0x00,
    0x00, 0x00, 0x00, 0x00, 0x00, 0x00, 0x00, 0x00, 0x00, 0x00, 0x00, 0x00,
    0x00, 0x00, 0x00, 0x00, 0x00, 0x00, 0x00, 0x00, 0x00, 0x00, 0x00, 0x00,
    0x00, 0x00, 0x00, 0x00, 0x00, 0x00, 0x00, 0x00, 0x40, 0x40, 0x00, 0x04,
    0x00, 0x00, 0x00, 0x00, 0x00, 0x00, 0x00, 0x00, 0x00, 0x00, 0x00, 0x00,
    0x00, 0x00, 0x00, 0x00, 0x00, 0x00, 0x00, 0x00, 0x00, 0x00, 0x00, 0x00,
    0x50, 0x54, 0x00, 0x04, 0x00, 0x00, 0x00, 0x00, 0x00, 0x00, 0x00, 0x00,
    0x00, 0x00, 0x00, 0x00, 0x00, 0x00, 0x00, 0x00, 0x00, 0x00, 0x00, 0x00,
    0x00, 0x00, 0x00, 0x00, 0x00, 0x00, 0x00, 0x00, 0x58, 0x54, 0x00, 0x04,
    0x80, 0x00, 0x00, 0x00, 0x00, 0x00, 0x00, 0x00, 0x00, 0x00, 0x00, 0x00,
    0x00, 0x00, 0x00, 0x00, 0x00, 0x00, 0x00, 0x00, 0x00, 0x00, 0x00, 0x00,
    0x00, 0x00, 0x00, 0x00, 0x00, 0x00, 0x00, 0x00, 0x00, 0x00, 0x00, 0x00,
    0x00, 0x00, 0x00, 0x00, 0x00, 0x00, 0x00, 0x00, 0x00, 0x00, 0x00, 0x00,
    0x00, 0x00, 0x00, 0x00, 0x00, 0x00, 0x00, 0x00, 0x00, 0x00, 0x00, 0x00,
    0x00, 0x00, 0x00, 0x00, 0x00, 0x00, 0x00, 0x00, 0x00, 0x00, 0x00, 0x00,
    0x00, 0x00, 0x00, 0x00, 0x00, 0x00, 0x00, 0x00, 0x00, 0x00, 0x00, 0x00,
    0x00, 0x00, 0x00, 0x00, 0x00, 0x00, 0x00, 0x00, 0x80, 0x00, 0x00, 0x04,
    0x58, 0x54, 0x00, 0x04, 0x00, 0x00, 0x00, 0x00, 0x00, 0x00, 0x00, 0x00,
    0x00, 0x00, 0x00, 0x00, 0x00, 0x00, 0x00, 0x00, 0x00, 0x00, 0x00, 0x00,
    0x00, 0x00, 0x00, 0x00, 0x00, 0x00, 0x00, 0x00, 0x58, 0x54, 0x00, 0x04,
    0x80, 0x00, 0x00, 0x00, 0x00, 0x00, 0x00, 0x00, 0x00, 0x00, 0x00, 0x00,
    0x00, 0x00, 0x00, 0x00, 0x00, 0x00, 0x00, 0x00, 0x00, 0x00, 0x00, 0x00,
    0x00, 0x00, 0x00, 0x00, 0x58, 0x38, 0x00, 0x08, 0x80, 0x80, 0x00, 0x00,
    0x70, 0x44, 0x08, 0xae, 0x70, 0x48, 0x08, 0xff, 0x70, 0x48, 0x00, 0xff,
    0x68, 0x44, 0x00, 0x34, 0x00, 0x00, 0x00, 0x00, 0xf8, 0x00, 0x00, 0x00,
    0x00, 0x00, 0x00, 0x00, 0x00, 0x00, 0x00, 0x00, 0x00, 0x00, 0x00, 0x00,
    0x00, 0x00, 0x00, 0x00, 0x00, 0x00, 0x00, 0x00, 0x00, 0x00, 0x00, 0x00,
    0x00, 0x00, 0x00, 0x00, 0x00, 0x00, 0x00, 0x00, 0x00, 0x00, 0x00, 0x00,
    0x00, 0x00, 0x00, 0x00, 0x00, 0x00, 0x00, 0x00, 0x00, 0x00, 0x00, 0x00,
    0x00, 0x00, 0x00, 0x00, 0x00, 0x00, 0x00, 0x00, 0x00, 0x00, 0x00, 0x00,
    0x00, 0x00, 0x00, 0x00, 0x00, 0x00, 0x00, 0x00, 0x00, 0x00, 0x00, 0x00,
    0x00, 0x00, 0x00, 0x00, 0x00, 0x00, 0x00, 0x00, 0x00, 0x00, 0x00, 0x00,
    0x00, 0x00, 0x00, 0x00, 0x00, 0x00, 0x00, 0x00, 0x00, 0x00, 0x00, 0x00,
    0x00, 0x00, 0x00, 0x00, 0x00, 0x00, 0x00, 0x00, 0x00, 0x00, 0x00, 0x00,
    0x00, 0x00, 0x00, 0x00, 0x00, 0x00, 0x00, 0x00, 0x00, 0x00, 0x00, 0x00,
    0x00, 0x00, 0x00, 0x00, 0x00, 0x00, 0x00, 0x00, 0x00, 0x00, 0x00, 0x00,
    0x00, 0x00, 0x00, 0x00, 0x00, 0x00, 0x00, 0x00, 0x00, 0x00, 0x00, 0x00,
    0x00, 0x00, 0x00, 0x00, 0x00, 0x00, 0x00, 0x00, 0x00, 0x00, 0x00, 0x00,
    0x00, 0x00, 0x00, 0x00, 0x00, 0x00, 0x00, 0x00, 0x00, 0x00, 0x00, 0x00,
    0x00, 0x00, 0x00, 0x00, 0x00, 0x00, 0x00, 0x00, 0x00, 0x00, 0x00, 0x00,
    0x00, 0x00, 0x00, 0x00, 0x00, 0x00, 0x00, 0x00, 0x00, 0x00, 0x00, 0x00,
    0x00, 0x00, 0x00, 0x00, 0x00, 0x00, 0x00, 0x00, 0x00, 0x00, 0x00, 0x00,
    0x00, 0x00, 0x00, 0x00, 0x00, 0x00, 0x00, 0x00, 0x00, 0x00, 0x00, 0x00,
    0x00, 0x00, 0x00, 0x00, 0x00, 0x00, 0x00, 0x00, 0x00, 0x00, 0x00, 0x00,
    0x00, 0x00, 0x00, 0x00, 0x00, 0x00, 0x00, 0x00, 0xf8, 0x00, 0x00, 0x00,
    0x80, 0x80, 0x00, 0x04, 0x80, 0x80, 0x00, 0x00, 0x00, 0x00, 0x00, 0x00,
    0x00, 0x00, 0x00, 0x00, 0x00, 0x00, 0x00, 0x00, 0x00, 0x00, 0x00, 0x00,
    0x00, 0x00, 0x00, 0x00, 0x00, 0x00, 0x00, 0x00, 0x00, 0x00, 0x00, 0x00,
    0x00, 0x00, 0x00, 0x00, 0x00, 0x00, 0x00, 0x00, 0x00, 0x00, 0x00, 0x00,
    0x00, 0x00, 0x00, 0x00, 0x00, 0x00, 0x00, 0x00, 0x00, 0x00, 0x00, 0x00,
    0x00, 0x00, 0x00, 0x00, 0x00, 0x00, 0x00, 0x00, 0x00, 0x00, 0x00, 0x00,
    0x00, 0x00, 0x00, 0x00, 0x00, 0x00, 0x00, 0x00, 0x00, 0x00, 0x00, 0x00,
    0x00, 0x00, 0x00, 0x00, 0x00, 0x00, 0x00, 0x00, 0x00, 0x00, 0x00, 0x00,
    0x00, 0x00, 0x00, 0x00, 0x00, 0x00, 0x00, 0x00, 0x00, 0x00, 0x00, 0x00,
    0x00, 0x00, 0x00, 0x00, 0x00, 0x00, 0x00, 0x00, 0x00, 0x00, 0x00, 0x00,
    0x00, 0x00, 0x00, 0x00, 0x00, 0x00, 0x00, 0x00, 0x00, 0x00, 0x00, 0x00,
    0x00, 0x00, 0x00, 0x00, 0x00, 0x00, 0x00, 0x00, 0x00, 0x00, 0x00, 0x00,
    0x00, 0x00, 0x00, 0x00, 0x00, 0x00, 0x00, 0x00, 0x00, 0x00, 0x00, 0x00,
    0x00, 0x00, 0x00, 0x00, 0x00, 0x00, 0x00, 0x00, 0x00, 0x00, 0x00, 0x00,
    0x80, 0x80, 0x00, 0x00, 0x80, 0x7c, 0x00, 0x00, 0x80, 0x80, 0x00, 0x00,
    0x80, 0x80, 0x00, 0x00, 0x80, 0x80, 0x00, 0x00, 0x80, 0x80, 0x00, 0x00,
    0x80, 0x80, 0x00, 0x00, 0x80, 0x80, 0x00, 0x00, 0x80, 0x80, 0x00, 0x00,
    0x80, 0x80, 0x00, 0x00, 0x80, 0x80, 0x00, 0x00, 0x80, 0x80, 0x00, 0x04,
    0x80, 0x80, 0x00, 0x00, 0x00, 0x00, 0x00, 0x00, 0x00, 0x00, 0x00, 0x00,
    0x00, 0x00, 0x00, 0x00, 0x00, 0x00, 0x00, 0x00, 0x00, 0x00, 0x00, 0x00,
    0x00, 0x00, 0x00, 0x00, 0x00, 0x00, 0x00, 0x00, 0x00, 0x00, 0x00, 0x00,
    0x00, 0x00, 0x00, 0x00, 0x00, 0x00, 0x00, 0x00, 0x80, 0x80, 0x00, 0x04,
    0x58, 0x54, 0x00, 0x04, 0x58, 0x54, 0x00, 0x04, 0x58, 0x54, 0x00, 0x04,
    0x58, 0x54, 0x00, 0x04, 0x80, 0x00, 0x00, 0x00, 0x00, 0x00, 0x00, 0x00,
    0x00, 0x00, 0x00, 0x00, 0xf8, 0x00, 0x00, 0x00, 0x80, 0x80, 0x00, 0x04,
    0xf8, 0x00, 0x00, 0x00, 0x00, 0x00, 0x00, 0x00, 0x00, 0x00, 0x00, 0x00,
    0x80, 0x80, 0x00, 0x00, 0x80, 0x00, 0x00, 0x00, 0x00, 0x00, 0x00, 0x00,
    0x00, 0x00, 0x00, 0x00, 0x00, 0x00, 0x00, 0x00, 0x00, 0x00, 0x00, 0x00,
    0x00, 0x00, 0x00, 0x00, 0x00, 0x00, 0x00, 0x00, 0x00, 0x00, 0x00, 0x00,
    0x00, 0x00, 0x00, 0x00, 0x00, 0x00, 0x00, 0x00, 0x80, 0x80, 0x00, 0x00,
    0x80, 0x80, 0x00, 0x00, 0x00, 0x00, 0x00, 0x00, 0x00, 0x00, 0x00, 0x00,
    0x00, 0x00, 0x00, 0x00, 0x00, 0x00, 0x00, 0x00, 0x00, 0x00, 0x00, 0x00,
    0x00, 0x00, 0x00, 0x00, 0x80, 0x80, 0x00, 0x00, 0x58, 0x54, 0x00, 0x04,
    0x80, 0x40, 0x00, 0x04, 0x80, 0x40, 0x00, 0x04, 0x80, 0x40, 0x00, 0x04,
    0x58, 0x54, 0x00, 0x04, 0x80, 0x00, 0x00, 0x04, 0x00, 0x00, 0x00, 0x00,
    0x00, 0x00, 0x00, 0x00, 0x00, 0x00, 0x00, 0x00, 0x00, 0x00, 0x00, 0x00,
    0x00, 0x00, 0x00, 0x00, 0x00, 0x00, 0x00, 0x00, 0x00, 0x00, 0x00, 0x00,
    0x00, 0x00, 0x00, 0x00, 0x68, 0x34, 0x00, 0x04, 0x00, 0x00, 0x00, 0x00,
    0x68, 0x44, 0x08, 0xb6, 0x78, 0x48, 0x08, 0xff, 0x68, 0x44, 0x08, 0xb6,
    0x68, 0x44, 0x00, 0x14, 0x00, 0x00, 0x00, 0x00, 0x00, 0x00, 0x00, 0x00,
    0x00, 0x00, 0x00, 0x00, 0x00, 0x00, 0x00, 0x00, 0x00, 0x00, 0x00, 0x00,
    0x00, 0x00, 0x00, 0x00, 0x00, 0x00, 0x00, 0x00, 0x00, 0x00, 0x00, 0x00,
    0x00, 0x00, 0x00, 0x00, 0x00, 0x00, 0x00, 0x00, 0x00, 0x00, 0x00, 0x00,
    0x00, 0x00, 0x00, 0x00, 0x00, 0x00, 0x00, 0x00, 0x00, 0x00, 0x00, 0x00,
    0x00, 0x00, 0x00, 0x00, 0x00, 0x00, 0x00, 0x00, 0x00, 0x00, 0x00, 0x00,
    0x00, 0x00, 0x00, 0x00, 0x00, 0x00, 0x00, 0x00, 0x00, 0x00, 0x00, 0x00,
    0x00, 0x00, 0x00, 0x00, 0x00, 0x00, 0x00, 0x00, 0x00, 0x00, 0x00, 0x00,
    0x00, 0x00, 0x00, 0x00, 0x00, 0x00, 0x00, 0x00, 0x00, 0x00, 0x00, 0x00,
    0x00, 0x00, 0x00, 0x00, 0x00, 0x00, 0x00, 0x00, 0x00, 0x00, 0x00, 0x00,
    0x00, 0x00, 0x00, 0x00, 0x00, 0x00, 0x00, 0x00, 0x00, 0x00, 0x00, 0x00,
    0x00, 0x00, 0x00, 0x00, 0x00, 0x00, 0x00, 0x00, 0x00, 0x00, 0x00, 0x00,
    0x00, 0x00, 0x00, 0x00, 0x00, 0x00, 0x00, 0x00, 0x00, 0x00, 0x00, 0x00,
    0x00, 0x00, 0x00, 0x00, 0x00, 0x00, 0x00, 0x00, 0x00, 0x00, 0x00, 0x00,
    0x00, 0x00, 0x00, 0x00, 0x00, 0x00, 0x00, 0x00, 0x00, 0x00, 0x00, 0x00,
    0x00, 0x00, 0x00, 0x00, 0x00, 0x00, 0x00, 0x00, 0x00, 0x00, 0x00, 0x00,
    0x00, 0x00, 0x00, 0x00, 0x00, 0x00, 0x00, 0x00, 0x00, 0x00, 0x00, 0x00,
    0x00, 0x00, 0x00, 0x00, 0x00, 0x00, 0x00, 0x00, 0x00, 0x00, 0x00, 0x00,
    0x00, 0x00, 0x00, 0x00, 0x00, 0x00, 0x00, 0x00, 0x00, 0x00, 0x00, 0x00,
    0x00, 0x00, 0x00, 0x00, 0x00, 0x00, 0x00, 0x00, 0x00, 0x00, 0x00, 0x00,
    0x00, 0x00, 0x00, 0x00, 0x00, 0x00, 0x00, 0x00, 0x00, 0x00, 0x00, 0x00,
    0x00, 0x00, 0x00, 0x00, 0x00, 0x00, 0x00, 0x00, 0x00, 0x00, 0x00, 0x00,
    0x00, 0x00, 0x00, 0x00, 0x00, 0x00, 0x00, 0x00, 0x00, 0x00, 0x00, 0x00,
    0x00, 0x00, 0x00, 0x00, 0x00, 0x00, 0x00, 0x00, 0x00, 0x00, 0x00, 0x00,
    0x00, 0x00, 0x00, 0x00, 0x00, 0x00, 0x00, 0x00, 0x00, 0x00, 0x00, 0x00,
    0x00, 0x00, 0x00, 0x00, 0x00, 0x00, 0x00, 0x00, 0x00, 0x00, 0x00, 0x00,
    0x00, 0x00, 0x00, 0x00, 0x00, 0x00, 0x00, 0x00, 0x00, 0x00, 0x00, 0x00,
    0x00, 0x00, 0x00, 0x00, 0x00, 0x00, 0x00, 0x00, 0x00, 0x00, 0x00, 0x00,
    0x00, 0x00, 0x00, 0x00, 0x00, 0x00, 0x00, 0x00, 0x00, 0x00, 0x00, 0x00,
    0x00, 0x00, 0x00, 0x00, 0x00, 0x00, 0x00, 0x00, 0x00, 0x00, 0x00, 0x00,
    0x00, 0x00, 0x00, 0x00, 0x00, 0x00, 0x00, 0x00, 0x00, 0x00, 0x00, 0x00,
    0x00, 0x00, 0x00, 0x00, 0x00, 0x00, 0x00, 0x00, 0x00, 0x00, 0x00, 0x00,
    0x00, 0x00, 0x00, 0x00, 0x00, 0x00, 0x00, 0x00, 0x00, 0x00, 0x00, 0x00,
    0x00, 0x00, 0x00, 0x00, 0x00, 0x00, 0x00, 0x00, 0x00, 0x00, 0x00, 0x00,
    0x00, 0x00, 0x00, 0x00, 0x00, 0x00, 0x00, 0x00, 0x00, 0x00, 0x00, 0x00,
    0x00, 0x00, 0x00, 0x00, 0x00, 0x00, 0x00, 0x00, 0x00, 0x00, 0x00, 0x00,
    0x00, 0x00, 0x00, 0x00, 0x00, 0x00, 0x00, 0x00, 0x00, 0x00, 0x00, 0x00,
    0x00, 0x00, 0x00, 0x00, 0x00, 0x00, 0x00, 0x00, 0x00, 0x00, 0x00, 0x00,
    0x00, 0x00, 0x00, 0x00, 0x00, 0x00, 0x00, 0x00, 0x00, 0x00, 0x00, 0x00,
    0x00, 0x00, 0x00, 0x00, 0x00, 0x00, 0x00, 0x00, 0x00, 0x00, 0x00, 0x00,
    0x00, 0x00, 0x00, 0x00, 0x00, 0x00, 0x00, 0x00, 0x00, 0x00, 0x00, 0x00,
    0x00, 0x00, 0x00, 0x00, 0x00, 0x00, 0x00, 0x00, 0x00, 0x00, 0x00, 0x00,
    0x00, 0x00, 0x00, 0x00, 0x00, 0x00, 0x00, 0x00, 0x00, 0x00, 0x00, 0x00,
    0x00, 0x00, 0x00, 0x00, 0x00, 0x00, 0x00, 0x00, 0x00, 0x00, 0x00, 0x00,
    0x00, 0x00, 0x00, 0x00, 0x00, 0x00, 0x00, 0x00, 0x00, 0x00, 0x00, 0x00,
    0x00, 0x00, 0x00, 0x00, 0x00, 0x00, 0x00, 0x00, 0x00, 0x00, 0x00, 0x00,
    0x00, 0x00, 0x00, 0x00, 0x00, 0x00, 0x00, 0x00, 0x00, 0x00, 0x00, 0x00,
    0x00, 0x00, 0x00, 0x00, 0x00, 0x00, 0x00, 0x00, 0x00, 0x00, 0x00, 0x00,
    0x00, 0x00, 0x00, 0x00, 0x00, 0x00, 0x00, 0x00, 0x00, 0x00, 0x00, 0x00,
    0x00, 0x00, 0x00, 0x00, 0x00, 0x00, 0x00, 0x00, 0x00, 0x00, 0x00, 0x00,
    0x00, 0x00, 0x00, 0x00, 0x00, 0x00, 0x00, 0x00, 0x00, 0x00, 0x00, 0x00,
    0x00, 0x00, 0x00, 0x00, 0x00, 0x00, 0x00, 0x00, 0x00, 0x00, 0x00, 0x00,
    0x00, 0x00, 0x00, 0x00, 0x00, 0x00, 0x00, 0x00, 0x00, 0x00, 0x00, 0x00,
    0x00, 0x00, 0x00, 0x00, 0x00, 0x00, 0x00, 0x00, 0x00, 0x00, 0x00, 0x00,
    0x00, 0x00, 0x00, 0x00, 0x00, 0x00, 0x00, 0x00, 0x00, 0x00, 0x00, 0x00,
    0x00, 0x00, 0x00, 0x00, 0x00, 0x00, 0x00, 0x00, 0x00, 0x00, 0x00, 0x00,
    0x00, 0x00, 0x00, 0x00, 0x00, 0x00, 0x00, 0x00, 0x00, 0x00, 0x00, 0x00,
    0x00, 0x00, 0x00, 0x00, 0x00, 0x00, 0x00, 0x00, 0x00, 0x00, 0x00, 0x00,
    0x68, 0x34, 0x00, 0x04, 0x50, 0x54, 0x00, 0x04, 0x68, 0x44, 0x00, 0x38,
    0x68, 0x44, 0x00, 0xd7, 0x78, 0x4c, 0x08, 0xff, 0x68, 0x40, 0x08, 0x61,
    0x80, 0x80, 0x00, 0x04, 0x00, 0x00, 0x00, 0x00, 0x00, 0x00, 0x00, 0x00,
    0x00, 0x00, 0x00, 0x00, 0x00, 0x00, 0x00, 0x00, 0x00, 0x00, 0x00, 0x00,
    0x00, 0x00, 0x00, 0x00, 0x00, 0x00, 0x00, 0x00, 0x00, 0x00, 0x00, 0x00,
    0x00, 0x00, 0x00, 0x00, 0x00, 0x00, 0x00, 0x00, 0x00, 0x00, 0x00, 0x00,
    0x00, 0x00, 0x00, 0x00, 0x00, 0x00, 0x00, 0x00, 0x00, 0x00, 0x00, 0x00,
    0x00, 0x00, 0x00, 0x00, 0x00, 0x00, 0x00, 0x00, 0x00, 0x00, 0x00, 0x00,
    0x00, 0x00, 0x00, 0x00, 0x00, 0x00, 0x00, 0x00, 0x00, 0x00, 0x00, 0x00,
    0x00, 0x00, 0x00, 0x00, 0x00, 0x00, 0x00, 0x00, 0x00, 0x00, 0x00, 0x00,
    0x00, 0x00, 0x00, 0x00, 0x00, 0x00, 0x00, 0x00, 0x00, 0x00, 0x00, 0x00,
    0x00, 0x00, 0x00, 0x00, 0x00, 0x00, 0x00, 0x00, 0x00, 0x00, 0x00, 0x00,
    0x00, 0x00, 0x00, 0x00, 0x00, 0x00, 0x00, 0x00, 0x00, 0x00, 0x00, 0x00,
    0x00, 0x00, 0x00, 0x00, 0x00, 0x00, 0x00, 0x00, 0x00, 0x00, 0x00, 0x00,
    0x00, 0x00, 0x00, 0x00, 0x00, 0x00, 0x00, 0x00, 0x00, 0x00, 0x00, 0x00,
    0x00, 0x00, 0x00, 0x00, 0x00, 0x00, 0x00, 0x00, 0x00, 0x00, 0x00, 0x00,
    0x00, 0x00, 0x00, 0x00, 0x00, 0x00, 0x00, 0x00, 0x00, 0x00, 0x00, 0x00,
    0x00, 0x00, 0x00, 0x00, 0x00, 0x00, 0x00, 0x00, 0x00, 0x00, 0x00, 0x00,
    0x00, 0x00, 0x00, 0x00, 0x00, 0x00, 0x00, 0x00, 0x00, 0x00, 0x00, 0x00,
    0x00, 0x00, 0x00, 0x00, 0x00, 0x00, 0x00, 0x00, 0x00, 0x00, 0x00, 0x00,
    0x00, 0x00, 0x00, 0x00, 0x00, 0x00, 0x00, 0x00, 0x00, 0x00, 0x00, 0x00,
    0x00, 0x00, 0x00, 0x00, 0x00, 0x00, 0x00, 0x00, 0x00, 0x00, 0x00, 0x00,
    0x00, 0x00, 0x00, 0x00, 0x00, 0x00, 0x00, 0x00, 0x00, 0x00, 0x00, 0x00,
    0x00, 0x00, 0x00, 0x00, 0x00, 0x00, 0x00, 0x00, 0x00, 0x00, 0x00, 0x00,
    0x00, 0x00, 0x00, 0x00, 0x00, 0x00, 0x00, 0x00, 0x00, 0x00, 0x00, 0x00,
    0x00, 0x00, 0x00, 0x00, 0x00, 0x00, 0x00, 0x00, 0x00, 0x00, 0x00, 0x00,
    0x00, 0x00, 0x00, 0x00, 0x00, 0x00, 0x00, 0x00, 0x00, 0x00, 0x00, 0x00,
    0x00, 0x00, 0x00, 0x00, 0x00, 0x00, 0x00, 0x00, 0x00, 0x00, 0x00, 0x00,
    0x00, 0x00, 0x00, 0x00, 0x00, 0x00, 0x00, 0x00, 0x00, 0x00, 0x00, 0x00,
    0x00, 0x00, 0x00, 0x00, 0x00, 0x00, 0x00, 0x00, 0x00, 0x00, 0x00, 0x00,
    0x00, 0x00, 0x00, 0x00, 0x00, 0x00, 0x00, 0x00, 0x00, 0x00, 0x00, 0x00,
    0x00, 0x00, 0x00, 0x00, 0x00, 0x00, 0x00, 0x00, 0x00, 0x00, 0x00, 0x00,
    0x00, 0x00, 0x00, 0x00, 0x00, 0x00, 0x00, 0x00, 0x00, 0x00, 0x00, 0x00,
    0x00, 0x00, 0x00, 0x00, 0x00, 0x00, 0x00, 0x00, 0x00, 0x00, 0x00, 0x00,
    0x00, 0x00, 0x00, 0x00, 0x00, 0x00, 0x00, 0x00, 0x00, 0x00, 0x00, 0x00,
    0x00, 0x00, 0x00, 0x00, 0x00, 0x00, 0x00, 0x00, 0x00, 0x00, 0x00, 0x00,
    0x00, 0x00, 0x00, 0x00, 0x00, 0x00, 0x00, 0x00, 0x00, 0x00, 0x00, 0x00,
    0x00, 0x00, 0x00, 0x00, 0x00, 0x00, 0x00, 0x00, 0x00, 0x00, 0x00, 0x00,
    0x00, 0x00, 0x00, 0x00, 0x00, 0x00, 0x00, 0x00, 0x00, 0x00, 0x00, 0x00,
    0x00, 0x00, 0x00, 0x00, 0x00, 0x00, 0x00, 0x00, 0x00, 0x00, 0x00, 0x00,
    0x00, 0x00, 0x00, 0x00, 0x00, 0x00, 0x00, 0x00, 0x00, 0x00, 0x00, 0x00,
    0x00, 0x00, 0x00, 0x00, 0x00, 0x00, 0x00, 0x00, 0x00, 0x00, 0x00, 0x00,
    0x00, 0x00, 0x00, 0x00, 0x00, 0x00, 0x00, 0x00, 0x00, 0x00, 0x00, 0x00,
    0x00, 0x00, 0x00, 0x00, 0x00, 0x00, 0x00, 0x00, 0x00, 0x00, 0x00, 0x00,
    0x00, 0x00, 0x00, 0x00, 0x00, 0x00, 0x00, 0x00, 0x00, 0x00, 0x00, 0x00,
    0x00, 0x00, 0x00, 0x00, 0x00, 0x00, 0x00, 0x00, 0x00, 0x00, 0x00, 0x00,
    0x00, 0x00, 0x00, 0x00, 0x00, 0x00, 0x00, 0x00, 0x00, 0x00, 0x00, 0x00,
    0x00, 0x00, 0x00, 0x00, 0x00, 0x00, 0x00, 0x00, 0x00, 0x00, 0x00, 0x00,
    0x00, 0x00, 0x00, 0x00, 0x00, 0x00, 0x00, 0x00, 0x00, 0x00, 0x00, 0x00,
    0x00, 0x00, 0x00, 0x00, 0x00, 0x00, 0x00, 0x00, 0x00, 0x00, 0x00, 0x00,
    0x00, 0x00, 0x00, 0x00, 0x00, 0x00, 0x00, 0x00, 0x00, 0x00, 0x00, 0x00,
    0x00, 0x00, 0x00, 0x00, 0x00, 0x00, 0x00, 0x00, 0x00, 0x00, 0x00, 0x00,
    0x00, 0x00, 0x00, 0x00, 0x00, 0x00, 0x00, 0x00, 0x00, 0x00, 0x00, 0x00,
    0x00, 0x00, 0x00, 0x00, 0x00, 0x00, 0x00, 0x00, 0x00, 0x00, 0x00, 0x00,
    0x00, 0x00, 0x00, 0x00, 0x00, 0x00, 0x00, 0x00, 0x00, 0x00, 0x00, 0x00,
    0x00, 0x00, 0x00, 0x00, 0x00, 0x00, 0x00, 0x00, 0x00, 0x00, 0x00, 0x00,
    0x00, 0x00, 0x00, 0x00, 0x00, 0x00, 0x00, 0x00, 0x00, 0x00, 0x00, 0x00,
    0x00, 0x00, 0x00, 0x00, 0x00, 0x00, 0x00, 0x00, 0x00, 0x00, 0x00, 0x00,
    0x00, 0x00, 0x00, 0x00, 0x00, 0x00, 0x00, 0x00, 0x00, 0x00, 0x00, 0x00,
    0x00, 0x00, 0x00, 0x00, 0x00, 0x00, 0x00, 0x00, 0xf8, 0x00, 0x00, 0x00,
    0x00, 0x00, 0x00, 0x00, 0x00, 0x00, 0x00, 0x00, 0x68, 0x44, 0x08, 0x9a,
    0x70, 0x48, 0x08, 0xfb, 0x68, 0x44, 0x08, 0xcf, 0x68, 0x40, 0x08, 0x24,
    0x00, 0x00, 0x00, 0x00, 0xf8, 0x00, 0x00, 0x00, 0x00, 0x00, 0x00, 0x00,
    0x00, 0x00, 0x00, 0x00, 0x00, 0x00, 0x00, 0x00, 0x00, 0x00, 0x00, 0x00,
    0x00, 0x00, 0x00, 0x00, 0x00, 0x00, 0x00, 0x00, 0x00, 0x00, 0x00, 0x00,
    0x00, 0x00, 0x00, 0x00, 0x00, 0x00, 0x00, 0x00, 0x00, 0x00, 0x00, 0x00,
    0x00, 0x00, 0x00, 0x00, 0x00, 0x00, 0x00, 0x00, 0x00, 0x00, 0x00, 0x00,
    0x00, 0x00, 0x00, 0x00, 0x00, 0x00, 0x00, 0x00, 0x00, 0x00, 0x00, 0x00,
    0x00, 0x00, 0x00, 0x00, 0x00, 0x00, 0x00, 0x00, 0x00, 0x00, 0x00, 0x00,
    0x00, 0x00, 0x00, 0x00, 0x00, 0x00, 0x00, 0x00, 0x00, 0x00, 0x00, 0x00,
    0x00, 0x00, 0x00, 0x00, 0x00, 0x00, 0x00, 0x00, 0x00, 0x00, 0x00, 0x00,
    0x00, 0x00, 0x00, 0x00, 0x00, 0x00, 0x00, 0x00, 0x00, 0x00, 0x00, 0x00,
    0x00, 0x00, 0x00, 0x00, 0x00, 0x00, 0x00, 0x00, 0x00, 0x00, 0x00, 0x00,
    0x00, 0x00, 0x00, 0x00, 0x00, 0x00, 0x00, 0x00, 0x00, 0x00, 0x00, 0x00,
    0x00, 0x00, 0x00, 0x00, 0x00, 0x00, 0x00, 0x00, 0x00, 0x00, 0x00, 0x00,
    0x00, 0x00, 0x00, 0x00, 0x00, 0x00, 0x00, 0x00, 0x00, 0x00, 0x00, 0x00,
    0x00, 0x00, 0x00, 0x00, 0x00, 0x00, 0x00, 0x00, 0x00, 0x00, 0x00, 0x00,
    0x00, 0x00, 0x00, 0x00, 0x00, 0x00, 0x00, 0x00, 0x00, 0x00, 0x00, 0x00,
    0x00, 0x00, 0x00, 0x00, 0x00, 0x00, 0x00, 0x00, 0x00, 0x00, 0x00, 0x00,
    0x00, 0x00, 0x00, 0x00, 0x00, 0x00, 0x00, 0x00, 0x00, 0x00, 0x00, 0x00,
    0x00, 0x00, 0x00, 0x00, 0x00, 0x00, 0x00, 0x00, 0x00, 0x00, 0x00, 0x00,
    0x00, 0x00, 0x00, 0x00, 0x00, 0x00, 0x00, 0x00, 0x00, 0x00, 0x00, 0x00,
    0x00, 0x00, 0x00, 0x00, 0x00, 0x00, 0x00, 0x00, 0x00, 0x00, 0x00, 0x00,
    0x00, 0x00, 0x00, 0x00, 0x00, 0x00, 0x00, 0x00, 0x00, 0x00, 0x00, 0x00,
    0x00, 0x00, 0x00, 0x00, 0x00, 0x00, 0x00, 0x00, 0x00, 0x00, 0x00, 0x00,
    0x00, 0x00, 0x00, 0x00, 0x00, 0x00, 0x00, 0x00, 0x00, 0x00, 0x00, 0x00,
    0x00, 0x00, 0x00, 0x00, 0x00, 0x00, 0x00, 0x00, 0x00, 0x00, 0x00, 0x00,
    0x00, 0x00, 0x00, 0x00, 0x00, 0x00, 0x00, 0x00, 0x00, 0x00, 0x00, 0x00,
    0x00, 0x00, 0x00, 0x00, 0x00, 0x00, 0x00, 0x00, 0x00, 0x00, 0x00, 0x00,
    0x00, 0x00, 0x00, 0x00, 0x00, 0x00, 0x00, 0x00, 0x00, 0x00, 0x00, 0x00,
    0x00, 0x00, 0x00, 0x00, 0x00, 0x00, 0x00, 0x00, 0x00, 0x00, 0x00, 0x00,
    0x00, 0x00, 0x00, 0x00, 0x00, 0x00, 0x00, 0x00, 0x00, 0x00, 0x00, 0x00,
    0x00, 0x00, 0x00, 0x00, 0x00, 0x00, 0x00, 0x00, 0x00, 0x00, 0x00, 0x00,
    0x00, 0x00, 0x00, 0x00, 0x00, 0x00, 0x00, 0x00, 0x00, 0x00, 0x00, 0x00,
    0x00, 0x00, 0x00, 0x00, 0x00, 0x00, 0x00, 0x00, 0x00, 0x00, 0x00, 0x00,
    0x00, 0x00, 0x00, 0x00, 0x00, 0x00, 0x00, 0x00, 0x00, 0x00, 0x00, 0x00,
    0x00, 0x00, 0x00, 0x00, 0x00, 0x00, 0x00, 0x00, 0x00, 0x00, 0x00, 0x00,
    0x00, 0x00, 0x00, 0x00, 0x00, 0x00, 0x00, 0x00, 0x00, 0x00, 0x00, 0x00,
    0x00, 0x00, 0x00, 0x00, 0x00, 0x00, 0x00, 0x00, 0x00, 0x00, 0x00, 0x00,
    0x00, 0x00, 0x00, 0x00, 0x00, 0x00, 0x00, 0x00, 0x00, 0x00, 0x00, 0x00,
    0x00, 0x00, 0x00, 0x00, 0x00, 0x00, 0x00, 0x00, 0x00, 0x00, 0x00, 0x00,
    0x00, 0x00, 0x00, 0x00, 0x00, 0x00, 0x00, 0x00, 0x00, 0x00, 0x00, 0x00,
    0x00, 0x00, 0x00, 0x00, 0x00, 0x00, 0x00, 0x00, 0x00, 0x00, 0x00, 0x00,
    0x00, 0x00, 0x00, 0x00, 0x00, 0x00, 0x00, 0x00, 0x00, 0x00, 0x00, 0x00,
    0x00, 0x00, 0x00, 0x00, 0x00, 0x00, 0x00, 0x00, 0x00, 0x00, 0x00, 0x00,
    0x00, 0x00, 0x00, 0x00, 0x00, 0x00, 0x00, 0x00, 0x00, 0x00, 0x00, 0x00,
    0x00, 0x00, 0x00, 0x00, 0x00, 0x00, 0x00, 0x00, 0x00, 0x00, 0x00, 0x00,
    0x00, 0x00, 0x00, 0x00, 0x00, 0x00, 0x00, 0x00, 0x00, 0x00, 0x00, 0x00,
    0x00, 0x00, 0x00, 0x00, 0x00, 0x00, 0x00, 0x00, 0x00, 0x00, 0x00, 0x00,
    0x00, 0x00, 0x00, 0x00, 0x00, 0x00, 0x00, 0x00, 0x00, 0x00, 0x00, 0x00,
    0x00, 0x00, 0x00, 0x00, 0x00, 0x00, 0x00, 0x00, 0x00, 0x00, 0x00, 0x00,
    0x00, 0x00, 0x00, 0x00, 0x00, 0x00, 0x00, 0x00, 0x00, 0x00, 0x00, 0x00,
    0x00, 0x00, 0x00, 0x00, 0x00, 0x00, 0x00, 0x00, 0x00, 0x00, 0x00, 0x00,
    0x00, 0x00, 0x00, 0x00, 0x00, 0x00, 0x00, 0x00, 0x00, 0x00, 0x00, 0x00,
    0x00, 0x00, 0x00, 0x00, 0x00, 0x00, 0x00, 0x00, 0x00, 0x00, 0x00, 0x00,
    0x00, 0x00, 0x00, 0x00, 0x00, 0x00, 0x00, 0x00, 0x00, 0x00, 0x00, 0x00,
    0x00, 0x00, 0x00, 0x00, 0x00, 0x00, 0x00, 0x00, 0x00, 0x00, 0x00, 0x00,
    0x00, 0x00, 0x00, 0x00, 0x00, 0x00, 0x00, 0x00, 0x00, 0x00, 0x00, 0x00,
    0x00, 0x00, 0x00, 0x00, 0x00, 0x00, 0x00, 0x00, 0x00, 0x00, 0x00, 0x00,
    0x00, 0x00, 0x00, 0x00, 0xf8, 0x00, 0x00, 0x00, 0x00, 0x00, 0x00, 0x00,
    0x68, 0x40, 0x00, 0x41, 0x68, 0x44, 0x08, 0xb6, 0x68, 0x44, 0x08, 0xf7,
    0x70, 0x48, 0x08, 0xff, 0x68, 0x40, 0x00, 0x69, 0x00, 0x00, 0x00, 0x00,
    0x00, 0x00, 0x00, 0x00, 0x00, 0x00, 0x00, 0x00, 0x00, 0x00, 0x00, 0x00,
    0x00, 0x00, 0x00, 0x00, 0x00, 0x00, 0x00, 0x00, 0x00, 0x00, 0x00, 0x00,
    0x00, 0x00, 0x00, 0x00, 0x00, 0x00, 0x00, 0x00, 0x00, 0x00, 0x00, 0x00,
    0x00, 0x00, 0x00, 0x00, 0x00, 0x00, 0x00, 0x00, 0x00, 0x00, 0x00, 0x00,
    0x00, 0x00, 0x00, 0x00, 0x00, 0x00, 0x00, 0x00, 0x00, 0x00, 0x00, 0x00,
    0x00, 0x00, 0x00, 0x00, 0x00, 0x00, 0x00, 0x00, 0x00, 0x00, 0x00, 0x00,
    0x00, 0x00, 0x00, 0x00, 0x00, 0x00, 0x00, 0x00, 0x00, 0x00, 0x00, 0x00,
    0x00, 0x00, 0x00, 0x00, 0x00, 0x00, 0x00, 0x00, 0x00, 0x00, 0x00, 0x00,
    0x00, 0x00, 0x00, 0x00, 0x00, 0x00, 0x00, 0x00, 0x00, 0x00, 0x00, 0x00,
    0x00, 0x00, 0x00, 0x00, 0x00, 0x00, 0x00, 0x00, 0x00, 0x00, 0x00, 0x00,
    0x00, 0x00, 0x00, 0x00, 0x00, 0x00, 0x00, 0x00, 0x00, 0x00, 0x00, 0x00,
    0x00, 0x00, 0x00, 0x00, 0x00, 0x00, 0x00, 0x00, 0x00, 0x00, 0x00, 0x00,
    0x00, 0x00, 0x00, 0x00, 0x00, 0x00, 0x00, 0x00, 0x00, 0x00, 0x00, 0x00,
    0x00, 0x00, 0x00, 0x00, 0x00, 0x00, 0x00, 0x00, 0x00, 0x00, 0x00, 0x00,
    0x00, 0x00, 0x00, 0x00, 0x00, 0x00, 0x00, 0x00, 0x00, 0x00, 0x00, 0x00,
    0x00, 0x00, 0x00, 0x00, 0x00, 0x00, 0x00, 0x00, 0x00, 0x00, 0x00, 0x00,
    0x00, 0x00, 0x00, 0x00, 0x00, 0x00, 0x00, 0x00, 0x00, 0x00, 0x00, 0x00,
    0x00, 0x00, 0x00, 0x00, 0x00, 0x00, 0x00, 0x00, 0x00, 0x00, 0x00, 0x00,
    0x00, 0x00, 0x00, 0x00, 0x00, 0x00, 0x00, 0x00, 0x00, 0x00, 0x00, 0x00,
    0x00, 0x00, 0x00, 0x00, 0x00, 0x00, 0x00, 0x00, 0x00, 0x00, 0x00, 0x00,
    0x00, 0x00, 0x00, 0x00, 0x00, 0x00, 0x00, 0x00, 0x00, 0x00, 0x00, 0x00,
    0x00, 0x00, 0x00, 0x00, 0x00, 0x00, 0x00, 0x00, 0x00, 0x00, 0x00, 0x00,
    0x00, 0x00, 0x00, 0x00, 0x00, 0x00, 0x00, 0x00, 0x00, 0x00, 0x00, 0x00,
    0x00, 0x00, 0x00, 0x00, 0x00, 0x00, 0x00, 0x00, 0x00, 0x00, 0x00, 0x00,
    0x00, 0x00, 0x00, 0x00, 0x00, 0x00, 0x00, 0x00, 0x00, 0x00, 0x00, 0x00,
    0x00, 0x00, 0x00, 0x00, 0x00, 0x00, 0x00, 0x00, 0x00, 0x00, 0x00, 0x00,
    0x00, 0x00, 0x00, 0x00, 0x00, 0x00, 0x00, 0x00, 0x00, 0x00, 0x00, 0x00,
    0x00, 0x00, 0x00, 0x00, 0x00, 0x00, 0x00, 0x00, 0x00, 0x00, 0x00, 0x00,
    0x00, 0x00, 0x00, 0x00, 0x00, 0x00, 0x00, 0x00, 0x00, 0x00, 0x00, 0x00,
    0x00, 0x00, 0x00, 0x00, 0x00, 0x00, 0x00, 0x00, 0x00, 0x00, 0x00, 0x00,
    0x00, 0x00, 0x00, 0x00, 0x00, 0x00, 0x00, 0x00, 0x00, 0x00, 0x00, 0x00,
    0x00, 0x00, 0x00, 0x00, 0x00, 0x00, 0x00, 0x00, 0x00, 0x00, 0x00, 0x00,
    0x00, 0x00, 0x00, 0x00, 0x00, 0x00, 0x00, 0x00, 0x00, 0x00, 0x00, 0x00,
    0x00, 0x00, 0x00, 0x00, 0x00, 0x00, 0x00, 0x00, 0x00, 0x00, 0x00, 0x00,
    0x00, 0x00, 0x00, 0x00, 0x00, 0x00, 0x00, 0x00, 0x00, 0x00, 0x00, 0x00,
    0x00, 0x00, 0x00, 0x00, 0x00, 0x00, 0x00, 0x00, 0x00, 0x00, 0x00, 0x00,
    0x00, 0x00, 0x00, 0x00, 0x00, 0x00, 0x00, 0x00, 0x00, 0x00, 0x00, 0x00,
    0x00, 0x00, 0x00, 0x00, 0x00, 0x00, 0x00, 0x00, 0x00, 0x00, 0x00, 0x00,
    0x00, 0x00, 0x00, 0x00, 0x00, 0x00, 0x00, 0x00, 0x00, 0x00, 0x00, 0x00,
    0x00, 0x00, 0x00, 0x00, 0x00, 0x00, 0x00, 0x00, 0x00, 0x00, 0x00, 0x00,
    0x00, 0x00, 0x00, 0x00, 0x00, 0x00, 0x00, 0x00, 0x00, 0x00, 0x00, 0x00,
    0x00, 0x00, 0x00, 0x00, 0x00, 0x00, 0x00, 0x00, 0x00, 0x00, 0x00, 0x00,
    0x00, 0x00, 0x00, 0x00, 0x00, 0x00, 0x00, 0x00, 0x00, 0x00, 0x00, 0x00,
    0x00, 0x00, 0x00, 0x00, 0x00, 0x00, 0x00, 0x00, 0x00, 0x00, 0x00, 0x00,
    0x00, 0x00, 0x00, 0x00, 0x00, 0x00, 0x00, 0x00, 0x00, 0x00, 0x00, 0x00,
    0x00, 0x00, 0x00, 0x00, 0x00, 0x00, 0x00, 0x00, 0x00, 0x00, 0x00, 0x00,
    0x00, 0x00, 0x00, 0x00, 0x00, 0x00, 0x00, 0x00, 0x00, 0x00, 0x00, 0x00,
    0x00, 0x00, 0x00, 0x00, 0x00, 0x00, 0x00, 0x00, 0x00, 0x00, 0x00, 0x00,
    0x00, 0x00, 0x00, 0x00, 0x00, 0x00, 0x00, 0x00, 0x00, 0x00, 0x00, 0x00,
    0x00, 0x00, 0x00, 0x00, 0x00, 0x00, 0x00, 0x00, 0x00, 0x00, 0x00, 0x00,
    0x00, 0x00, 0x00, 0x00, 0x00, 0x00, 0x00, 0x00, 0x00, 0x00, 0x00, 0x00,
    0x00, 0x00, 0x00, 0x00, 0x00, 0x00, 0x00, 0x00, 0x00, 0x00, 0x00, 0x00,
    0x00, 0x00, 0x00, 0x00, 0x00, 0x00, 0x00, 0x00, 0x00, 0x00, 0x00, 0x00,
    0x00, 0x00, 0x00, 0x00, 0x00, 0x00, 0x00, 0x00, 0x00, 0x00, 0x00, 0x00,
    0x00, 0x00, 0x00, 0x00, 0x00, 0x00, 0x00, 0x00, 0x00, 0x00, 0x00, 0x00,
    0x00, 0x00, 0x00, 0x00, 0x00, 0x00, 0x00, 0x00, 0x00, 0x00, 0x00, 0x00,
    0x00, 0x00, 0x00, 0x00, 0x00, 0x00, 0x00, 0x00, 0x00, 0x00, 0x00, 0x00,
    0x80, 0x00, 0x00, 0x00, 0x00, 0x00, 0x00, 0x00, 0x70, 0x50, 0x10, 0x0c,
    0x68, 0x44, 0x08, 0xae, 0x70, 0x48, 0x08, 0xff, 0x70, 0x44, 0x08, 0xff,
    0x70, 0x44, 0x00, 0x7d, 0x58, 0x54, 0x00, 0x04, 0x00, 0x00, 0x00, 0x00,
    0x00, 0x00, 0x00, 0x00, 0x00, 0x00, 0x00, 0x00, 0x00, 0x00, 0x00, 0x00,
    0x00, 0x00, 0x00, 0x00, 0x00, 0x00, 0x00, 0x00, 0x00, 0x00, 0x00, 0x00,
    0x00, 0x00, 0x00, 0x00, 0x00, 0x00, 0x00, 0x00, 0x00, 0x00, 0x00, 0x00,
    0x00, 0x00, 0x00, 0x00, 0x00, 0x00, 0x00, 0x00, 0x00, 0x00, 0x00, 0x00,
    0x00, 0x00, 0x00, 0x00, 0x00, 0x00, 0x00, 0x00, 0x00, 0x00, 0x00, 0x00,
    0x00, 0x00, 0x00, 0x00, 0x00, 0x00, 0x00, 0x00, 0x00, 0x00, 0x00, 0x00,
    0x00, 0x00, 0x00, 0x00, 0x00, 0x00, 0x00, 0x00, 0x00, 0x00, 0x00, 0x00,
    0x00, 0x00, 0x00, 0x00, 0x00, 0x00, 0x00, 0x00, 0x00, 0x00, 0x00, 0x00,
    0x00, 0x00, 0x00, 0x00, 0x00, 0x00, 0x00, 0x00, 0x00, 0x00, 0x00, 0x00,
    0x00, 0x00, 0x00, 0x00, 0x00, 0x00, 0x00, 0x00, 0x00, 0x00, 0x00, 0x00,
    0x00, 0x00, 0x00, 0x00, 0x00, 0x00, 0x00, 0x00, 0x00, 0x00, 0x00, 0x00,
    0x00, 0x00, 0x00, 0x00, 0x00, 0x00, 0x00, 0x00, 0x00, 0x00, 0x00, 0x00,
    0x00, 0x00, 0x00, 0x00, 0x00, 0x00, 0x00, 0x00, 0x00, 0x00, 0x00, 0x00,
    0x00, 0x00, 0x00, 0x00, 0x00, 0x00, 0x00, 0x00, 0x00, 0x00, 0x00, 0x00,
    0x00, 0x00, 0x00, 0x00, 0x00, 0x00, 0x00, 0x00, 0x00, 0x00, 0x00, 0x00,
    0x00, 0x00, 0x00, 0x00, 0x00, 0x00, 0x00, 0x00, 0x00, 0x00, 0x00, 0x00,
    0x00, 0x00, 0x00, 0x00, 0x00, 0x00, 0x00, 0x00, 0x00, 0x00, 0x00, 0x00,
    0x00, 0x00, 0x00, 0x00, 0x00, 0x00, 0x00, 0x00, 0x00, 0x00, 0x00, 0x00,
    0x00, 0x00, 0x00, 0x00, 0x00, 0x00, 0x00, 0x00, 0x00, 0x00, 0x00, 0x00,
    0x00, 0x00, 0x00, 0x00, 0x00, 0x00, 0x00, 0x00, 0x00, 0x00, 0x00, 0x00,
    0x00, 0x00, 0x00, 0x00, 0x00, 0x00, 0x00, 0x00, 0x00, 0x00, 0x00, 0x00,
    0x00, 0x00, 0x00, 0x00, 0x00, 0x00, 0x00, 0x00, 0x00, 0x00, 0x00, 0x00,
    0x00, 0x00, 0x00, 0x00, 0x00, 0x00, 0x00, 0x00, 0x00, 0x00, 0x00, 0x00,
    0x00, 0x00, 0x00, 0x00, 0x00, 0x00, 0x00, 0x00, 0x00, 0x00, 0x00, 0x00,
    0x00, 0x00, 0x00, 0x00, 0x00, 0x00, 0x00, 0x00, 0x00, 0x00, 0x00, 0x00,
    0x00, 0x00, 0x00, 0x00, 0x00, 0x00, 0x00, 0x00, 0x00, 0x00, 0x00, 0x00,
    0x00, 0x00, 0x00, 0x00, 0x00, 0x00, 0x00, 0x00, 0x00, 0x00, 0x00, 0x00,
    0x00, 0x00, 0x00, 0x00, 0x00, 0x00, 0x00, 0x00, 0x00, 0x00, 0x00, 0x00,
    0x00, 0x00, 0x00, 0x00, 0x00, 0x00, 0x00, 0x00, 0x00, 0x00, 0x00, 0x00,
    0x00, 0x00, 0x00, 0x00, 0x00, 0x00, 0x00, 0x00, 0x00, 0x00, 0x00, 0x00,
    0x00, 0x00, 0x00, 0x00, 0x00, 0x00, 0x00, 0x00, 0x00, 0x00, 0x00, 0x00,
    0x00, 0x00, 0x00, 0x00, 0x00, 0x00, 0x00, 0x00, 0x00, 0x00, 0x00, 0x00,
    0x00, 0x00, 0x00, 0x00, 0x00, 0x00, 0x00, 0x00, 0x00, 0x00, 0x00, 0x00,
    0x00, 0x00, 0x00, 0x00, 0x00, 0x00, 0x00, 0x00, 0x00, 0x00, 0x00, 0x00,
    0x00, 0x00, 0x00, 0x00, 0x00, 0x00, 0x00, 0x00, 0x00, 0x00, 0x00, 0x00,
    0x00, 0x00, 0x00, 0x00, 0x00, 0x00, 0x00, 0x00, 0x00, 0x00, 0x00, 0x00,
    0x00, 0x00, 0x00, 0x00, 0x00, 0x00, 0x00, 0x00, 0x00, 0x00, 0x00, 0x00,
    0x00, 0x00, 0x00, 0x00, 0x00, 0x00, 0x00, 0x00, 0x00, 0x00, 0x00, 0x00,
    0x00, 0x00, 0x00, 0x00, 0x00, 0x00, 0x00, 0x00, 0x00, 0x00, 0x00, 0x00,
    0x00, 0x00, 0x00, 0x00, 0x00, 0x00, 0x00, 0x00, 0x00, 0x00, 0x00, 0x00,
    0x00, 0x00, 0x00, 0x00, 0x00, 0x00, 0x00, 0x00, 0x00, 0x00, 0x00, 0x00,
    0x00, 0x00, 0x00, 0x00, 0x00, 0x00, 0x00, 0x00, 0x00, 0x00, 0x00, 0x00,
    0x00, 0x00, 0x00, 0x00, 0x00, 0x00, 0x00, 0x00, 0x00, 0x00, 0x00, 0x00,
    0x00, 0x00, 0x00, 0x00, 0x00, 0x00, 0x00, 0x00, 0x00, 0x00, 0x00, 0x00,
    0x00, 0x00, 0x00, 0x00, 0x00, 0x00, 0x00, 0x00, 0x00, 0x00, 0x00, 0x00,
    0x00, 0x00, 0x00, 0x00, 0x00, 0x00, 0x00, 0x00, 0x00, 0x00, 0x00, 0x00,
    0x00, 0x00, 0x00, 0x00, 0x00, 0x00, 0x00, 0x00, 0x00, 0x00, 0x00, 0x00,
    0x00, 0x00, 0x00, 0x00, 0x00, 0x00, 0x00, 0x00, 0x00, 0x00, 0x00, 0x00,
    0x00, 0x00, 0x00, 0x00, 0x00, 0x00, 0x00, 0x00, 0x00, 0x00, 0x00, 0x00,
    0x00, 0x00, 0x00, 0x00, 0x00, 0x00, 0x00, 0x00, 0x00, 0x00, 0x00, 0x00,
    0x00, 0x00, 0x00, 0x00, 0x00, 0x00, 0x00, 0x00, 0x00, 0x00, 0x00, 0x00,
    0x00, 0x00, 0x00, 0x00, 0x00, 0x00, 0x00, 0x00, 0x00, 0x00, 0x00, 0x00,
    0x00, 0x00, 0x00, 0x00, 0x00, 0x00, 0x00, 0x00, 0x00, 0x00, 0x00, 0x00,
    0x00, 0x00, 0x00, 0x00, 0x00, 0x00, 0x00, 0x00, 0x00, 0x00, 0x00, 0x00,
    0x00, 0x00, 0x00, 0x00, 0x00, 0x00, 0x00, 0x00, 0x00, 0x00, 0x00, 0x00,
    0x00, 0x00, 0x00, 0x00, 0x00, 0x00, 0x00, 0x00, 0x00, 0x00, 0x00, 0x00,
    0x00, 0x00, 0x00, 0x00, 0x00, 0x00, 0x00, 0x00, 0x00, 0x00, 0x00, 0x00,
    0x80, 0x00, 0x00, 0x04, 0x00, 0x00, 0x00, 0x00, 0x68, 0x40, 0x18, 0x0c,
    0x70, 0x44, 0x08, 0xba, 0x68, 0x44, 0x00, 0xeb, 0x70, 0x44, 0x08, 0x5d,
    0x70, 0x48, 0x00, 0x08, 0x00, 0x00, 0x00, 0x00, 0x00, 0x00, 0x00, 0x00,
    0x00, 0x00, 0x00, 0x00, 0x00, 0x00, 0x00, 0x00, 0x00, 0x00, 0x00, 0x00,
    0x00, 0x00, 0x00, 0x00, 0x00, 0x00, 0x00, 0x00, 0x00, 0x00, 0x00, 0x00
};
