// 4.26.0 0x948334f3 D2 AY R0 FARGB8888 U565 N0 SExtFlashSection
// Generated by imageconverter. Please, do not edit!

#include <touchgfx/hal/Config.hpp>

LOCATION_PRAGMA("ExtFlashSection")
KEEP extern const unsigned char image_pill_red[] LOCATION_ATTRIBUTE("ExtFlashSection") = { // 200x22 ARGB8888 pixels.
    0x00, 0x00, 0x00, 0x00, 0x00, 0x00, 0x00, 0x00, 0x00, 0x00, 0x00, 0x00,
    0x00, 0x00, 0x00, 0x00, 0x00, 0x00, 0x00, 0x00, 0x00, 0x00, 0x00, 0x00,
    0x00, 0x00, 0x00, 0x00, 0x00, 0x00, 0x00, 0x00, 0x48, 0x4c, 0xe0, 0xff,
    0x48, 0x4c, 0xe0, 0xff, 0x48, 0x4c, 0xe0, 0xff, 0x48, 0x4c, 0xe0, 0xff,
    0x48, 0x4c, 0xe0, 0xff, 0x48, 0x4c, 0xe0, 0xff, 0x48, 0x4c, 0xe0, 0xff,
    0x48, 0x4c, 0xe0, 0xff, 0x48, 0x4c, 0xe0, 0xff, 0x48, 0x4c, 0xe0, 0xff,
    0x48, 0x4c, 0xe0, 0xff, 0x48, 0x4c, 0xe0, 0xff, 0x48, 0x4c, 0xe0, 0xff,
    0x48, 0x4c, 0xe0, 0xff, 0x48, 0x4c, 0xe0, 0xff, 0x48, 0x4c, 0xe0, 0xff,
    0x48, 0x4c, 0xe0, 0xff, 0x48, 0x4c, 0xe0, 0xff, 0x48, 0x4c, 0xe0, 0xff,
    0x48, 0x4c, 0xe0, 0xff, 0x48, 0x4c, 0xe0, 0xff, 0x48, 0x4c, 0xe0, 0xff,
    0x48, 0x4c, 0xe0, 0xff, 0x48, 0x4c, 0xe0, 0xff, 0x48, 0x4c, 0xe0, 0xff,
    0x48, 0x4c, 0xe0, 0xff, 0x48, 0x4c, 0xe0, 0xff, 0x48, 0x4c, 0xe0, 0xff,
    0x48, 0x4c, 0xe0, 0xff, 0x48, 0x4c, 0xe0, 0xff, 0x48, 0x4c, 0xe0, 0xff,
    0x48, 0x4c, 0xe0, 0xff, 0x48, 0x4c, 0xe0, 0xff, 0x48, 0x4c, 0xe0, 0xff,
    0x48, 0x4c, 0xe0, 0xff, 0x48, 0x4c, 0xe0, 0xff, 0x48, 0x4c, 0xe0, 0xff,
    0x48, 0x4c, 0xe0, 0xff, 0x48, 0x4c, 0xe0, 0xff, 0x48, 0x4c, 0xe0, 0xff,
    0x48, 0x4c, 0xe0, 0xff, 0x48, 0x4c, 0xe0, 0xff, 0x48, 0x4c, 0xe0, 0xff,
    0x48, 0x4c, 0xe0, 0xff, 0x48, 0x4c, 0xe0, 0xff, 0x48, 0x4c, 0xe0, 0xff,
    0x48, 0x4c, 0xe0, 0xff, 0x48, 0x4c, 0xe0, 0xff, 0x48, 0x4c, 0xe0, 0xff,
    0x48, 0x4c, 0xe0, 0xff, 0x48, 0x4c, 0xe0, 0xff, 0x48, 0x4c, 0xe0, 0xff,
    0x48, 0x4c, 0xe0, 0xff, 0x48, 0x4c, 0xe0, 0xff, 0x48, 0x4c, 0xe0, 0xff,
    0x48, 0x4c, 0xe0, 0xff, 0x48, 0x4c, 0xe0, 0xff, 0x48, 0x4c, 0xe0, 0xff,
    0x48, 0x4c, 0xe0, 0xff, 0x48, 0x4c, 0xe0, 0xff, 0x48, 0x4c, 0xe0, 0xff,
    0x48, 0x4c, 0xe0, 0xff, 0x48, 0x4c, 0xe0, 0xff, 0x48, 0x4c, 0xe0, 0xff,
    0x48, 0x4c, 0xe0, 0xff, 0x48, 0x4c, 0xe0, 0xff, 0x48, 0x4c, 0xe0, 0xff,
    0x48, 0x4c, 0xe0, 0xff, 0x48, 0x4c, 0xe0, 0xff, 0x48, 0x4c, 0xe0, 0xff,
    0x48, 0x4c, 0xe0, 0xff, 0x48, 0x4c, 0xe0, 0xff, 0x48, 0x4c, 0xe0, 0xff,
    0x48, 0x4c, 0xe0, 0xff, 0x48, 0x4c, 0xe0, 0xff, 0x48, 0x4c, 0xe0, 0xff,
    0x48, 0x4c, 0xe0, 0xff, 0x48, 0x4c, 0xe0, 0xff, 0x48, 0x4c, 0xe0, 0xff,
    0x48, 0x4c, 0xe0, 0xff, 0x48, 0x4c, 0xe0, 0xff, 0x48, 0x4c, 0xe0, 0xff,
    0x48, 0x4c, 0xe0, 0xff, 0x48, 0x4c, 0xe0, 0xff, 0x48, 0x4c, 0xe0, 0xff,
    0x48, 0x4c, 0xe0, 0xff, 0x48, 0x4c, 0xe0, 0xff, 0x48, 0x4c, 0xe0, 0xff,
    0x48, 0x4c, 0xe0, 0xff, 0x48, 0x4c, 0xe0, 0xff, 0x48, 0x4c, 0xe0, 0xff,
    0x48, 0x4c, 0xe0, 0xff, 0x48, 0x4c, 0xe0, 0xff, 0x48, 0x4c, 0xe0, 0xff,
    0x48, 0x4c, 0xe0, 0xff, 0x48, 0x4c, 0xe0, 0xff, 0x48, 0x4c, 0xe0, 0xff,
    0x48, 0x4c, 0xe0, 0xff, 0x48, 0x4c, 0xe0, 0xff, 0x48, 0x4c, 0xe0, 0xff,
    0x48, 0x4c, 0xe0, 0xff, 0x48, 0x4c, 0xe0, 0xff, 0x48, 0x4c, 0xe0, 0xff,
    0x48, 0x4c, 0xe0, 0xff, 0x48, 0x4c, 0xe0, 0xff, 0x48, 0x4c, 0xe0, 0xff,
    0x48, 0x4c, 0xe0, 0xff, 0x48, 0x4c, 0xe0, 0xff, 0x48, 0x4c, 0xe0, 0xff,
    0x48, 0x4c, 0xe0, 0xff, 0x48, 0x4c, 0xe0, 0xff, 0x48, 0x4c, 0xe0, 0xff,
    0x48, 0x4c, 0xe0, 0xff, 0x48, 0x4c, 0xe0, 0xff, 0x48, 0x4c, 0xe0, 0xff,
    0x48, 0x4c, 0xe0, 0xff, 0x48, 0x4c, 0xe0, 0xff, 0x48, 0x4c, 0xe0, 0xff,
    0x48, 0x4c, 0xe0, 0xff, 0x48, 0x4c, 0xe0, 0xff, 0x48, 0x4c, 0xe0, 0xff,
    0x48, 0x4c, 0xe0, 0xff, 0x48, 0x4c, 0xe0, 0xff, 0x48, 0x4c, 0xe0, 0xff,
    0x48, 0x4c, 0xe0, 0xff, 0x48, 0x4c, 0xe0, 0xff, 0x48, 0x4c, 0xe0, 0xff,
    0x48, 0x4c, 0xe0, 0xff, 0x48, 0x4c, 0xe0, 0xff, 0x48, 0x4c, 0xe0, 0xff,
    0x48, 0x4c, 0xe0, 0xff, 0x48, 0x4c, 0xe0, 0xff, 0x48, 0x4c, 0xe0, 0xff,
    0x48, 0x4c, 0xe0, 0xff, 0x48, 0x4c, 0xe0, 0xff, 0x48, 0x4c, 0xe0, 0xff,
    0x48, 0x4c, 0xe0, 0xff, 0x48, 0x4c, 0xe0, 0xff, 0x48, 0x4c, 0xe0, 0xff,
    0x48, 0x4c, 0xe0, 0xff, 0x48, 0x4c, 0xe0, 0xff, 0x48, 0x4c, 0xe0, 0xff,
    0x48, 0x4c, 0xe0, 0xff, 0x48, 0x4c, 0xe0, 0xff, 0x48, 0x4c, 0xe0, 0xff,
    0x48, 0x4c, 0xe0, 0xff, 0x48, 0x4c, 0xe0, 0xff, 0x48, 0x4c, 0xe0, 0xff,
    0x48, 0x4c, 0xe0, 0xff, 0x48, 0x4c, 0xe0, 0xff, 0x48, 0x4c, 0xe0, 0xff,
    0x48, 0x4c, 0xe0, 0xff, 0x48, 0x4c, 0xe0, 0xff, 0x48, 0x4c, 0xe0, 0xff,
    0x48, 0x4c, 0xe0, 0xff, 0x48, 0x4c, 0xe0, 0xff, 0x48, 0x4c, 0xe0, 0xff,
    0x48, 0x4c, 0xe0, 0xff, 0x48, 0x4c, 0xe0, 0xff, 0x48, 0x4c, 0xe0, 0xff,
    0x48, 0x4c, 0xe0, 0xff, 0x48, 0x4c, 0xe0, 0xff, 0x48, 0x4c, 0xe0, 0xff,
    0x48, 0x4c, 0xe0, 0xff, 0x48, 0x4c, 0xe0, 0xff, 0x48, 0x4c, 0xe0, 0xff,
    0x48, 0x4c, 0xe0, 0xff, 0x48, 0x4c, 0xe0, 0xff, 0x48, 0x4c, 0xe0, 0xff,
    0x48, 0x4c, 0xe0, 0xff, 0x48, 0x4c, 0xe0, 0xff, 0x48, 0x4c, 0xe0, 0xff,
    0x48, 0x4c, 0xe0, 0xff, 0x48, 0x4c, 0xe0, 0xff, 0x48, 0x4c, 0xe0, 0xff,
    0x48, 0x4c, 0xe0, 0xff, 0x48, 0x4c, 0xe0, 0xff, 0x48, 0x4c, 0xe0, 0xff,
    0x48, 0x4c, 0xe0, 0xff, 0x48, 0x4c, 0xe0, 0xff, 0x48, 0x4c, 0xe0, 0xff,
    0x48, 0x4c, 0xe0, 0xff, 0x48, 0x4c, 0xe0, 0xff, 0x48, 0x4c, 0xe0, 0xff,
    0x00, 0x00, 0x00, 0x00, 0x00, 0x00, 0x00, 0x00, 0x00, 0x00, 0x00, 0x00,
    0x00, 0x00, 0x00, 0x00, 0x00, 0x00, 0x00, 0x00, 0x00, 0x00, 0x00, 0x00,
    0x00, 0x00, 0x00, 0x00, 0x00, 0x00, 0x00, 0x00, 0x00, 0x00, 0x00, 0x00,
    0x00, 0x00, 0x00, 0x00, 0x00, 0x00, 0x00, 0x00, 0x00, 0x00, 0x00, 0x00,
    0x00, 0x00, 0x00, 0x00, 0x00, 0x00, 0x00, 0x00, 0x48, 0x4c, 0xe0, 0xff,
    0x48, 0x4c, 0xe0, 0xff, 0x48, 0x48, 0xe0, 0xff, 0x48, 0x4c, 0xe0, 0xff,
    0x48, 0x48, 0xe0, 0xff, 0x48, 0x4c, 0xe0, 0xff, 0x48, 0x48, 0xe0, 0xff,
    0x48, 0x4c, 0xe0, 0xff, 0x48, 0x48, 0xe0, 0xff, 0x48, 0x4c, 0xe0, 0xff,
    0x48, 0x48, 0xe0, 0xff, 0x48, 0x4c, 0xe0, 0xff, 0x48, 0x48, 0xe0, 0xff,
    0x48, 0x4c, 0xe0, 0xff, 0x48, 0x48, 0xe0, 0xff, 0x48, 0x4c, 0xe0, 0xff,
    0x48, 0x48, 0xe0, 0xff, 0x48, 0x4c, 0xe0, 0xff, 0x48, 0x48, 0xe0, 0xff,
    0x48, 0x4c, 0xe0, 0xff, 0x48, 0x48, 0xe0, 0xff, 0x48, 0x4c, 0xe0, 0xff,
    0x48, 0x48, 0xe0, 0xff, 0x48, 0x4c, 0xe0, 0xff, 0x48, 0x48, 0xe0, 0xff,
    0x48, 0x4c, 0xe0, 0xff, 0x48, 0x48, 0xe0, 0xff, 0x48, 0x4c, 0xe0, 0xff,
    0x48, 0x48, 0xe0, 0xff, 0x48, 0x4c, 0xe0, 0xff, 0x48, 0x48, 0xe0, 0xff,
    0x48, 0x4c, 0xe0, 0xff, 0x48, 0x48, 0xe0, 0xff, 0x48, 0x4c, 0xe0, 0xff,
    0x48, 0x48, 0xe0, 0xff, 0x48, 0x4c, 0xe0, 0xff, 0x48, 0x48, 0xe0, 0xff,
    0x48, 0x4c, 0xe0, 0xff, 0x48, 0x48, 0xe0, 0xff, 0x48, 0x4c, 0xe0, 0xff,
    0x48, 0x48, 0xe0, 0xff, 0x48, 0x4c, 0xe0, 0xff, 0x48, 0x48, 0xe0, 0xff,
    0x48, 0x4c, 0xe0, 0xff, 0x48, 0x48, 0xe0, 0xff, 0x48, 0x4c, 0xe0, 0xff,
    0x48, 0x48, 0xe0, 0xff, 0x48, 0x4c, 0xe0, 0xff, 0x48, 0x48, 0xe0, 0xff,
    0x48, 0x4c, 0xe0, 0xff, 0x48, 0x48, 0xe0, 0xff, 0x48, 0x4c, 0xe0, 0xff,
    0x48, 0x48, 0xe0, 0xff, 0x48, 0x4c, 0xe0, 0xff, 0x48, 0x48, 0xe0, 0xff,
    0x48, 0x4c, 0xe0, 0xff, 0x48, 0x48, 0xe0, 0xff, 0x48, 0x4c, 0xe0, 0xff,
    0x48, 0x48, 0xe0, 0xff, 0x48, 0x4c, 0xe0, 0xff, 0x48, 0x48, 0xe0, 0xff,
    0x48, 0x4c, 0xe0, 0xff, 0x48, 0x48, 0xe0, 0xff, 0x48, 0x4c, 0xe0, 0xff,
    0x48, 0x48, 0xe0, 0xff, 0x48, 0x4c, 0xe0, 0xff, 0x48, 0x48, 0xe0, 0xff,
    0x48, 0x4c, 0xe0, 0xff, 0x48, 0x48, 0xe0, 0xff, 0x48, 0x4c, 0xe0, 0xff,
    0x48, 0x48, 0xe0, 0xff, 0x48, 0x4c, 0xe0, 0xff, 0x48, 0x48, 0xe0, 0xff,
    0x48, 0x4c, 0xe0, 0xff, 0x48, 0x48, 0xe0, 0xff, 0x48, 0x4c, 0xe0, 0xff,
    0x48, 0x48, 0xe0, 0xff, 0x48, 0x4c, 0xe0, 0xff, 0x48, 0x48, 0xe0, 0xff,
    0x48, 0x4c, 0xe0, 0xff, 0x48, 0x48, 0xe0, 0xff, 0x48, 0x4c, 0xe0, 0xff,
    0x48, 0x48, 0xe0, 0xff, 0x48, 0x4c, 0xe0, 0xff, 0x48, 0x48, 0xe0, 0xff,
    0x48, 0x4c, 0xe0, 0xff, 0x48, 0x48, 0xe0, 0xff, 0x48, 0x4c, 0xe0, 0xff,
    0x48, 0x48, 0xe0, 0xff, 0x48, 0x4c, 0xe0, 0xff, 0x48, 0x48, 0xe0, 0xff,
    0x48, 0x4c, 0xe0, 0xff, 0x48, 0x48, 0xe0, 0xff, 0x48, 0x4c, 0xe0, 0xff,
    0x48, 0x48, 0xe0, 0xff, 0x48, 0x4c, 0xe0, 0xff, 0x48, 0x48, 0xe0, 0xff,
    0x48, 0x4c, 0xe0, 0xff, 0x48, 0x48, 0xe0, 0xff, 0x48, 0x4c, 0xe0, 0xff,
    0x48, 0x48, 0xe0, 0xff, 0x48, 0x4c, 0xe0, 0xff, 0x48, 0x48, 0xe0, 0xff,
    0x48, 0x4c, 0xe0, 0xff, 0x48, 0x48, 0xe0, 0xff, 0x48, 0x4c, 0xe0, 0xff,
    0x48, 0x48, 0xe0, 0xff, 0x48, 0x4c, 0xe0, 0xff, 0x48, 0x48, 0xe0, 0xff,
    0x48, 0x4c, 0xe0, 0xff, 0x48, 0x48, 0xe0, 0xff, 0x48, 0x4c, 0xe0, 0xff,
    0x48, 0x48, 0xe0, 0xff, 0x48, 0x4c, 0xe0, 0xff, 0x48, 0x48, 0xe0, 0xff,
    0x48, 0x4c, 0xe0, 0xff, 0x48, 0x48, 0xe0, 0xff, 0x48, 0x4c, 0xe0, 0xff,
    0x48, 0x48, 0xe0, 0xff, 0x48, 0x4c, 0xe0, 0xff, 0x48, 0x48, 0xe0, 0xff,
    0x48, 0x4c, 0xe0, 0xff, 0x48, 0x48, 0xe0, 0xff, 0x48, 0x4c, 0xe0, 0xff,
    0x48, 0x48, 0xe0, 0xff, 0x48, 0x4c, 0xe0, 0xff, 0x48, 0x48, 0xe0, 0xff,
    0x48, 0x4c, 0xe0, 0xff, 0x48, 0x48, 0xe0, 0xff, 0x48, 0x4c, 0xe0, 0xff,
    0x48, 0x48, 0xe0, 0xff, 0x48, 0x4c, 0xe0, 0xff, 0x48, 0x48, 0xe0, 0xff,
    0x48, 0x4c, 0xe0, 0xff, 0x48, 0x48, 0xe0, 0xff, 0x48, 0x4c, 0xe0, 0xff,
    0x48, 0x48, 0xe0, 0xff, 0x48, 0x4c, 0xe0, 0xff, 0x48, 0x48, 0xe0, 0xff,
    0x48, 0x4c, 0xe0, 0xff, 0x48, 0x48, 0xe0, 0xff, 0x48, 0x4c, 0xe0, 0xff,
    0x48, 0x48, 0xe0, 0xff, 0x48, 0x4c, 0xe0, 0xff, 0x48, 0x48, 0xe0, 0xff,
    0x48, 0x4c, 0xe0, 0xff, 0x48, 0x48, 0xe0, 0xff, 0x48, 0x4c, 0xe0, 0xff,
    0x48, 0x48, 0xe0, 0xff, 0x48, 0x4c, 0xe0, 0xff, 0x48, 0x48, 0xe0, 0xff,
    0x48, 0x4c, 0xe0, 0xff, 0x48, 0x48, 0xe0, 0xff, 0x48, 0x4c, 0xe0, 0xff,
    0x48, 0x48, 0xe0, 0xff, 0x48, 0x4c, 0xe0, 0xff, 0x48, 0x48, 0xe0, 0xff,
    0x48, 0x4c, 0xe0, 0xff, 0x48, 0x48, 0xe0, 0xff, 0x48, 0x4c, 0xe0, 0xff,
    0x48, 0x48, 0xe0, 0xff, 0x48, 0x4c, 0xe0, 0xff, 0x48, 0x48, 0xe0, 0xff,
    0x48, 0x4c, 0xe0, 0xff, 0x48, 0x48, 0xe0, 0xff, 0x48, 0x4c, 0xe0, 0xff,
    0x48, 0x48, 0xe0, 0xff, 0x48, 0x4c, 0xe0, 0xff, 0x48, 0x48, 0xe0, 0xff,
    0x48, 0x4c, 0xe0, 0xff, 0x48, 0x48, 0xe0, 0xff, 0x48, 0x4c, 0xe0, 0xff,
    0x48, 0x48, 0xe0, 0xff, 0x48, 0x4c, 0xe0, 0xff, 0x48, 0x48, 0xe0, 0xff,
    0x48, 0x4c, 0xe0, 0xff, 0x48, 0x48, 0xe0, 0xff, 0x48, 0x4c, 0xe0, 0xff,
    0x48, 0x48, 0xe0, 0xff, 0x48, 0x4c, 0xe0, 0xff, 0x48, 0x48, 0xe0, 0xff,
    0x48, 0x4c, 0xe0, 0xff, 0x48, 0x48, 0xe0, 0xff, 0x48, 0x4c, 0xe0, 0xff,
    0x48, 0x48, 0xe0, 0xff, 0x48, 0x4c, 0xe0, 0xff, 0x48, 0x4c, 0xe0, 0xff,
    0x48, 0x4c, 0xe0, 0xff, 0x00, 0x00, 0x00, 0x00, 0x00, 0x00, 0x00, 0x00,
    0x00, 0x00, 0x00, 0x00, 0x00, 0x00, 0x00, 0x00, 0x00, 0x00, 0x00, 0x00,
    0x00, 0x00, 0x00, 0x00, 0x00, 0x00, 0x00, 0x00, 0x00, 0x00, 0x00, 0x00,
    0x00, 0x00, 0x00, 0x00, 0x00, 0x00, 0x00, 0x00, 0x48, 0x4c, 0xe0, 0xff,
    0x48, 0x4c, 0xe0, 0xff, 0x48, 0x4c, 0xe0, 0xff, 0x48, 0x48, 0xe0, 0xff,
    0x50, 0x4c, 0xe8, 0xff, 0x48, 0x4c, 0xe0, 0xff, 0x50, 0x4c, 0xe8, 0xff,
    0x50, 0x4c, 0xe8, 0xff, 0x48, 0x4c, 0xe0, 0xff, 0x50, 0x48, 0xe8, 0xff,
    0x50, 0x4c, 0xe8, 0xff, 0x48, 0x4c, 0xe0, 0xff, 0x50, 0x4c, 0xe8, 0xff,
    0x50, 0x48, 0xe8, 0xff, 0x48, 0x4c, 0xe0, 0xff, 0x50, 0x4c, 0xe8, 0xff,
    0x50, 0x4c, 0xe8, 0xff, 0x48, 0x48, 0xe0, 0xff, 0x50, 0x4c, 0xe8, 0xff,
    0x50, 0x4c, 0xe8, 0xff, 0x48, 0x4c, 0xe0, 0xff, 0x50, 0x48, 0xe8, 0xff,
    0x50, 0x4c, 0xe8, 0xff, 0x48, 0x4c, 0xe0, 0xff, 0x50, 0x4c, 0xe8, 0xff,
    0x50, 0x48, 0xe8, 0xff, 0x48, 0x4c, 0xe0, 0xff, 0x50, 0x4c, 0xe8, 0xff,
    0x50, 0x4c, 0xe8, 0xff, 0x48, 0x48, 0xe0, 0xff, 0x50, 0x4c, 0xe8, 0xff,
    0x50, 0x4c, 0xe8, 0xff, 0x48, 0x4c, 0xe0, 0xff, 0x50, 0x48, 0xe8, 0xff,
    0x50, 0x4c, 0xe8, 0xff, 0x48, 0x4c, 0xe0, 0xff, 0x50, 0x4c, 0xe8, 0xff,
    0x50, 0x48, 0xe8, 0xff, 0x48, 0x4c, 0xe0, 0xff, 0x50, 0x4c, 0xe8, 0xff,
    0x50, 0x4c, 0xe8, 0xff, 0x48, 0x48, 0xe0, 0xff, 0x50, 0x4c, 0xe8, 0xff,
    0x50, 0x4c, 0xe8, 0xff, 0x48, 0x4c, 0xe0, 0xff, 0x50, 0x48, 0xe8, 0xff,
    0x50, 0x4c, 0xe8, 0xff, 0x48, 0x4c, 0xe0, 0xff, 0x50, 0x4c, 0xe8, 0xff,
    0x50, 0x48, 0xe8, 0xff, 0x48, 0x4c, 0xe0, 0xff, 0x50, 0x4c, 0xe8, 0xff,
    0x50, 0x4c, 0xe8, 0xff, 0x48, 0x48, 0xe0, 0xff, 0x50, 0x4c, 0xe8, 0xff,
    0x50, 0x4c, 0xe8, 0xff, 0x48, 0x4c, 0xe0, 0xff, 0x50, 0x48, 0xe8, 0xff,
    0x50, 0x4c, 0xe8, 0xff, 0x48, 0x4c, 0xe0, 0xff, 0x50, 0x4c, 0xe8, 0xff,
    0x50, 0x48, 0xe8, 0xff, 0x48, 0x4c, 0xe0, 0xff, 0x50, 0x4c, 0xe8, 0xff,
    0x50, 0x4c, 0xe8, 0xff, 0x48, 0x48, 0xe0, 0xff, 0x50, 0x4c, 0xe8, 0xff,
    0x50, 0x4c, 0xe8, 0xff, 0x48, 0x4c, 0xe0, 0xff, 0x50, 0x48, 0xe8, 0xff,
    0x50, 0x4c, 0xe8, 0xff, 0x48, 0x4c, 0xe0, 0xff, 0x50, 0x4c, 0xe8, 0xff,
    0x50, 0x48, 0xe8, 0xff, 0x48, 0x4c, 0xe0, 0xff, 0x50, 0x4c, 0xe8, 0xff,
    0x50, 0x4c, 0xe8, 0xff, 0x48, 0x48, 0xe0, 0xff, 0x50, 0x4c, 0xe8, 0xff,
    0x50, 0x4c, 0xe8, 0xff, 0x48, 0x4c, 0xe0, 0xff, 0x50, 0x48, 0xe8, 0xff,
    0x50, 0x4c, 0xe8, 0xff, 0x48, 0x4c, 0xe0, 0xff, 0x50, 0x4c, 0xe8, 0xff,
    0x50, 0x48, 0xe8, 0xff, 0x48, 0x4c, 0xe0, 0xff, 0x50, 0x4c, 0xe8, 0xff,
    0x50, 0x4c, 0xe8, 0xff, 0x48, 0x48, 0xe0, 0xff, 0x50, 0x4c, 0xe8, 0xff,
    0x50, 0x4c, 0xe8, 0xff, 0x48, 0x4c, 0xe0, 0xff, 0x50, 0x48, 0xe8, 0xff,
    0x50, 0x4c, 0xe8, 0xff, 0x48, 0x4c, 0xe0, 0xff, 0x50, 0x4c, 0xe8, 0xff,
    0x50, 0x48, 0xe8, 0xff, 0x48, 0x4c, 0xe0, 0xff, 0x50, 0x4c, 0xe8, 0xff,
    0x50, 0x4c, 0xe8, 0xff, 0x48, 0x48, 0xe0, 0xff, 0x50, 0x4c, 0xe8, 0xff,
    0x50, 0x4c, 0xe8, 0xff, 0x48, 0x4c, 0xe0, 0xff, 0x50, 0x48, 0xe8, 0xff,
    0x50, 0x4c, 0xe8, 0xff, 0x48, 0x4c, 0xe0, 0xff, 0x50, 0x4c, 0xe8, 0xff,
    0x50, 0x48, 0xe8, 0xff, 0x48, 0x4c, 0xe0, 0xff, 0x50, 0x4c, 0xe8, 0xff,
    0x50, 0x4c, 0xe8, 0xff, 0x48, 0x48, 0xe0, 0xff, 0x50, 0x4c, 0xe8, 0xff,
    0x50, 0x4c, 0xe8, 0xff, 0x48, 0x4c, 0xe0, 0xff, 0x50, 0x48, 0xe8, 0xff,
    0x50, 0x4c, 0xe8, 0xff, 0x48, 0x4c, 0xe0, 0xff, 0x50, 0x4c, 0xe8, 0xff,
    0x50, 0x48, 0xe8, 0xff, 0x48, 0x4c, 0xe0, 0xff, 0x50, 0x4c, 0xe8, 0xff,
    0x50, 0x4c, 0xe8, 0xff, 0x48, 0x48, 0xe0, 0xff, 0x50, 0x4c, 0xe8, 0xff,
    0x50, 0x4c, 0xe8, 0xff, 0x48, 0x4c, 0xe0, 0xff, 0x50, 0x48, 0xe8, 0xff,
    0x50, 0x4c, 0xe8, 0xff, 0x48, 0x4c, 0xe0, 0xff, 0x50, 0x4c, 0xe8, 0xff,
    0x50, 0x48, 0xe8, 0xff, 0x48, 0x4c, 0xe0, 0xff, 0x50, 0x4c, 0xe8, 0xff,
    0x50, 0x4c, 0xe8, 0xff, 0x48, 0x48, 0xe0, 0xff, 0x50, 0x4c, 0xe8, 0xff,
    0x50, 0x4c, 0xe8, 0xff, 0x48, 0x4c, 0xe0, 0xff, 0x50, 0x48, 0xe8, 0xff,
    0x50, 0x4c, 0xe8, 0xff, 0x48, 0x4c, 0xe0, 0xff, 0x50, 0x4c, 0xe8, 0xff,
    0x50, 0x48, 0xe8, 0xff, 0x48, 0x4c, 0xe0, 0xff, 0x50, 0x4c, 0xe8, 0xff,
    0x50, 0x4c, 0xe8, 0xff, 0x48, 0x48, 0xe0, 0xff, 0x50, 0x4c, 0xe8, 0xff,
    0x50, 0x4c, 0xe8, 0xff, 0x48, 0x4c, 0xe0, 0xff, 0x50, 0x48, 0xe8, 0xff,
    0x50, 0x4c, 0xe8, 0xff, 0x48, 0x4c, 0xe0, 0xff, 0x50, 0x4c, 0xe8, 0xff,
    0x50, 0x48, 0xe8, 0xff, 0x48, 0x4c, 0xe0, 0xff, 0x50, 0x4c, 0xe8, 0xff,
    0x50, 0x4c, 0xe8, 0xff, 0x48, 0x48, 0xe0, 0xff, 0x50, 0x4c, 0xe8, 0xff,
    0x50, 0x4c, 0xe8, 0xff, 0x48, 0x4c, 0xe0, 0xff, 0x50, 0x48, 0xe8, 0xff,
    0x50, 0x4c, 0xe8, 0xff, 0x48, 0x4c, 0xe0, 0xff, 0x50, 0x4c, 0xe8, 0xff,
    0x50, 0x48, 0xe8, 0xff, 0x48, 0x4c, 0xe0, 0xff, 0x50, 0x4c, 0xe8, 0xff,
    0x50, 0x4c, 0xe8, 0xff, 0x48, 0x48, 0xe0, 0xff, 0x50, 0x4c, 0xe8, 0xff,
    0x50, 0x4c, 0xe8, 0xff, 0x48, 0x4c, 0xe0, 0xff, 0x50, 0x48, 0xe8, 0xff,
    0x50, 0x4c, 0xe8, 0xff, 0x48, 0x4c, 0xe0, 0xff, 0x50, 0x4c, 0xe8, 0xff,
    0x50, 0x48, 0xe8, 0xff, 0x48, 0x4c, 0xe0, 0xff, 0x50, 0x4c, 0xe8, 0xff,
    0x50, 0x4c, 0xe8, 0xff, 0x48, 0x48, 0xe0, 0xff, 0x50, 0x4c, 0xe8, 0xff,
    0x48, 0x4c, 0xe0, 0xff, 0x48, 0x48, 0xe0, 0xff, 0x48, 0x4c, 0xe0, 0xff,
    0x48, 0x4c, 0xe0, 0xff, 0x48, 0x48, 0xe0, 0xff, 0x00, 0x00, 0x00, 0x00,
    0x00, 0x00, 0x00, 0x00, 0x00, 0x00, 0x00, 0x00, 0x00, 0x00, 0x00, 0x00,
    0x00, 0x00, 0x00, 0x00, 0x00, 0x00, 0x00, 0x00, 0x00, 0x00, 0x00, 0x00,
    0x48, 0x4c, 0xe0, 0xff, 0x48, 0x48, 0xe0, 0xff, 0x48, 0x4c, 0xe0, 0xff,
    0x50, 0x4c, 0xe8, 0xff, 0x48, 0x4c, 0xe0, 0xff, 0x48, 0x4c, 0xe0, 0xff,
    0x48, 0x48, 0xe0, 0xff, 0x48, 0x4c, 0xe0, 0xff, 0x48, 0x4c, 0xe0, 0xff,
    0x48, 0x4c, 0xe0, 0xff, 0x48, 0x4c, 0xe0, 0xff, 0x48, 0x4c, 0xe0, 0xff,
    0x48, 0x4c, 0xe0, 0xff, 0x48, 0x4c, 0xe0, 0xff, 0x48, 0x4c, 0xe0, 0xff,
    0x48, 0x4c, 0xe0, 0xff, 0x48, 0x4c, 0xe0, 0xff, 0x48, 0x4c, 0xe0, 0xff,
    0x48, 0x4c, 0xe0, 0xff, 0x48, 0x4c, 0xe0, 0xff, 0x48, 0x4c, 0xe0, 0xff,
    0x48, 0x4c, 0xe0, 0xff, 0x48, 0x4c, 0xe0, 0xff, 0x48, 0x4c, 0xe0, 0xff,
    0x48, 0x4c, 0xe0, 0xff, 0x48, 0x4c, 0xe0, 0xff, 0x48, 0x4c, 0xe0, 0xff,
    0x48, 0x4c, 0xe0, 0xff, 0x48, 0x4c, 0xe0, 0xff, 0x48, 0x4c, 0xe0, 0xff,
    0x48, 0x4c, 0xe0, 0xff, 0x48, 0x4c, 0xe0, 0xff, 0x48, 0x4c, 0xe0, 0xff,
    0x48, 0x4c, 0xe0, 0xff, 0x48, 0x4c, 0xe0, 0xff, 0x48, 0x4c, 0xe0, 0xff,
    0x48, 0x4c, 0xe0, 0xff, 0x48, 0x4c, 0xe0, 0xff, 0x48, 0x4c, 0xe0, 0xff,
    0x48, 0x4c, 0xe0, 0xff, 0x48, 0x4c, 0xe0, 0xff, 0x48, 0x4c, 0xe0, 0xff,
    0x48, 0x4c, 0xe0, 0xff, 0x48, 0x4c, 0xe0, 0xff, 0x48, 0x4c, 0xe0, 0xff,
    0x48, 0x4c, 0xe0, 0xff, 0x48, 0x4c, 0xe0, 0xff, 0x48, 0x4c, 0xe0, 0xff,
    0x48, 0x4c, 0xe0, 0xff, 0x48, 0x4c, 0xe0, 0xff, 0x48, 0x4c, 0xe0, 0xff,
    0x48, 0x4c, 0xe0, 0xff, 0x48, 0x4c, 0xe0, 0xff, 0x48, 0x4c, 0xe0, 0xff,
    0x48, 0x4c, 0xe0, 0xff, 0x48, 0x4c, 0xe0, 0xff, 0x48, 0x4c, 0xe0, 0xff,
    0x48, 0x4c, 0xe0, 0xff, 0x48, 0x4c, 0xe0, 0xff, 0x48, 0x4c, 0xe0, 0xff,
    0x48, 0x4c, 0xe0, 0xff, 0x48, 0x4c, 0xe0, 0xff, 0x48, 0x4c, 0xe0, 0xff,
    0x48, 0x4c, 0xe0, 0xff, 0x48, 0x4c, 0xe0, 0xff, 0x48, 0x4c, 0xe0, 0xff,
    0x48, 0x4c, 0xe0, 0xff, 0x48, 0x4c, 0xe0, 0xff, 0x48, 0x4c, 0xe0, 0xff,
    0x48, 0x4c, 0xe0, 0xff, 0x48, 0x4c, 0xe0, 0xff, 0x48, 0x4c, 0xe0, 0xff,
    0x48, 0x4c, 0xe0, 0xff, 0x48, 0x4c, 0xe0, 0xff, 0x48, 0x4c, 0xe0, 0xff,
    0x48, 0x4c, 0xe0, 0xff, 0x48, 0x4c, 0xe0, 0xff, 0x48, 0x4c, 0xe0, 0xff,
    0x48, 0x4c, 0xe0, 0xff, 0x48, 0x4c, 0xe0, 0xff, 0x48, 0x4c, 0xe0, 0xff,
    0x48, 0x4c, 0xe0, 0xff, 0x48, 0x4c, 0xe0, 0xff, 0x48, 0x4c, 0xe0, 0xff,
    0x48, 0x4c, 0xe0, 0xff, 0x48, 0x4c, 0xe0, 0xff, 0x48, 0x4c, 0xe0, 0xff,
    0x48, 0x4c, 0xe0, 0xff, 0x48, 0x4c, 0xe0, 0xff, 0x48, 0x4c, 0xe0, 0xff,
    0x48, 0x4c, 0xe0, 0xff, 0x48, 0x4c, 0xe0, 0xff, 0x48, 0x4c, 0xe0, 0xff,
    0x48, 0x4c, 0xe0, 0xff, 0x48, 0x4c, 0xe0, 0xff, 0x48, 0x4c, 0xe0, 0xff,
    0x48, 0x4c, 0xe0, 0xff, 0x48, 0x4c, 0xe0, 0xff, 0x48, 0x4c, 0xe0, 0xff,
    0x48, 0x4c, 0xe0, 0xff, 0x48, 0x4c, 0xe0, 0xff, 0x48, 0x4c, 0xe0, 0xff,
    0x48, 0x4c, 0xe0, 0xff, 0x48, 0x4c, 0xe0, 0xff, 0x48, 0x4c, 0xe0, 0xff,
    0x48, 0x4c, 0xe0, 0xff, 0x48, 0x4c, 0xe0, 0xff, 0x48, 0x4c, 0xe0, 0xff,
    0x48, 0x4c, 0xe0, 0xff, 0x48, 0x4c, 0xe0, 0xff, 0x48, 0x4c, 0xe0, 0xff,
    0x48, 0x4c, 0xe0, 0xff, 0x48, 0x4c, 0xe0, 0xff, 0x48, 0x4c, 0xe0, 0xff,
    0x48, 0x4c, 0xe0, 0xff, 0x48, 0x4c, 0xe0, 0xff, 0x48, 0x4c, 0xe0, 0xff,
    0x48, 0x4c, 0xe0, 0xff, 0x48, 0x4c, 0xe0, 0xff, 0x48, 0x4c, 0xe0, 0xff,
    0x48, 0x4c, 0xe0, 0xff, 0x48, 0x4c, 0xe0, 0xff, 0x48, 0x4c, 0xe0, 0xff,
    0x48, 0x4c, 0xe0, 0xff, 0x48, 0x4c, 0xe0, 0xff, 0x48, 0x4c, 0xe0, 0xff,
    0x48, 0x4c, 0xe0, 0xff, 0x48, 0x4c, 0xe0, 0xff, 0x48, 0x4c, 0xe0, 0xff,
    0x48, 0x4c, 0xe0, 0xff, 0x48, 0x4c, 0xe0, 0xff, 0x48, 0x4c, 0xe0, 0xff,
    0x48, 0x4c, 0xe0, 0xff, 0x48, 0x4c, 0xe0, 0xff, 0x48, 0x4c, 0xe0, 0xff,
    0x48, 0x4c, 0xe0, 0xff, 0x48, 0x4c, 0xe0, 0xff, 0x48, 0x4c, 0xe0, 0xff,
    0x48, 0x4c, 0xe0, 0xff, 0x48, 0x4c, 0xe0, 0xff, 0x48, 0x4c, 0xe0, 0xff,
    0x48, 0x4c, 0xe0, 0xff, 0x48, 0x4c, 0xe0, 0xff, 0x48, 0x4c, 0xe0, 0xff,
    0x48, 0x4c, 0xe0, 0xff, 0x48, 0x4c, 0xe0, 0xff, 0x48, 0x4c, 0xe0, 0xff,
    0x48, 0x4c, 0xe0, 0xff, 0x48, 0x4c, 0xe0, 0xff, 0x48, 0x4c, 0xe0, 0xff,
    0x48, 0x4c, 0xe0, 0xff, 0x48, 0x4c, 0xe0, 0xff, 0x48, 0x4c, 0xe0, 0xff,
    0x48, 0x4c, 0xe0, 0xff, 0x48, 0x4c, 0xe0, 0xff, 0x48, 0x4c, 0xe0, 0xff,
    0x48, 0x4c, 0xe0, 0xff, 0x48, 0x4c, 0xe0, 0xff, 0x48, 0x4c, 0xe0, 0xff,
    0x48, 0x4c, 0xe0, 0xff, 0x48, 0x4c, 0xe0, 0xff, 0x48, 0x4c, 0xe0, 0xff,
    0x48, 0x4c, 0xe0, 0xff, 0x48, 0x4c, 0xe0, 0xff, 0x48, 0x4c, 0xe0, 0xff,
    0x48, 0x4c, 0xe0, 0xff, 0x48, 0x4c, 0xe0, 0xff, 0x48, 0x4c, 0xe0, 0xff,
    0x48, 0x4c, 0xe0, 0xff, 0x48, 0x4c, 0xe0, 0xff, 0x48, 0x4c, 0xe0, 0xff,
    0x48, 0x4c, 0xe0, 0xff, 0x48, 0x4c, 0xe0, 0xff, 0x48, 0x4c, 0xe0, 0xff,
    0x48, 0x4c, 0xe0, 0xff, 0x48, 0x4c, 0xe0, 0xff, 0x48, 0x4c, 0xe0, 0xff,
    0x48, 0x4c, 0xe0, 0xff, 0x48, 0x4c, 0xe0, 0xff, 0x48, 0x4c, 0xe0, 0xff,
    0x48, 0x4c, 0xe0, 0xff, 0x48, 0x4c, 0xe0, 0xff, 0x48, 0x4c, 0xe0, 0xff,
    0x48, 0x4c, 0xe0, 0xff, 0x48, 0x4c, 0xe0, 0xff, 0x48, 0x4c, 0xe0, 0xff,
    0x48, 0x4c, 0xe0, 0xff, 0x50, 0x4c, 0xe8, 0xff, 0x48, 0x4c, 0xe0, 0xff,
    0x50, 0x48, 0xe8, 0xff, 0x50, 0x4c, 0xe8, 0xff, 0x48, 0x4c, 0xe0, 0xff,
    0x48, 0x4c, 0xe0, 0xff, 0x48, 0x4c, 0xe0, 0xff, 0x00, 0x00, 0x00, 0x00,
    0x00, 0x00, 0x00, 0x00, 0x00, 0x00, 0x00, 0x00, 0x00, 0x00, 0x00, 0x00,
    0x00, 0x00, 0x00, 0x00, 0x48, 0x4c, 0xe0, 0xff, 0x48, 0x4c, 0xe0, 0xff,
    0x48, 0x4c, 0xe0, 0xff, 0x50, 0x48, 0xe8, 0xff, 0x48, 0x4c, 0xe0, 0xff,
    0x48, 0x4c, 0xe0, 0xff, 0x48, 0x48, 0xe0, 0xff, 0x50, 0x4c, 0xe8, 0xff,
    0x48, 0x4c, 0xe0, 0xff, 0x48, 0x48, 0xe0, 0xff, 0x50, 0x48, 0xe8, 0xff,
    0x48, 0x4c, 0xe0, 0xff, 0x48, 0x48, 0xe0, 0xff, 0x50, 0x48, 0xe8, 0xff,
    0x48, 0x4c, 0xe0, 0xff, 0x48, 0x4c, 0xe0, 0xff, 0x50, 0x48, 0xe8, 0xff,
    0x48, 0x48, 0xe0, 0xff, 0x48, 0x4c, 0xe0, 0xff, 0x50, 0x4c, 0xe8, 0xff,
    0x48, 0x48, 0xe0, 0xff, 0x48, 0x48, 0xe0, 0xff, 0x50, 0x4c, 0xe8, 0xff,
    0x48, 0x4c, 0xe0, 0xff, 0x48, 0x48, 0xe0, 0xff, 0x50, 0x48, 0xe8, 0xff,
    0x48, 0x4c, 0xe0, 0xff, 0x48, 0x4c, 0xe0, 0xff, 0x50, 0x48, 0xe8, 0xff,
    0x48, 0x48, 0xe0, 0xff, 0x48, 0x4c, 0xe0, 0xff, 0x50, 0x4c, 0xe8, 0xff,
    0x48, 0x48, 0xe0, 0xff, 0x48, 0x48, 0xe0, 0xff, 0x50, 0x4c, 0xe8, 0xff,
    0x48, 0x4c, 0xe0, 0xff, 0x48, 0x48, 0xe0, 0xff, 0x50, 0x48, 0xe8, 0xff,
    0x48, 0x4c, 0xe0, 0xff, 0x48, 0x4c, 0xe0, 0xff, 0x50, 0x48, 0xe8, 0xff,
    0x48, 0x48, 0xe0, 0xff, 0x48, 0x4c, 0xe0, 0xff, 0x50, 0x4c, 0xe8, 0xff,
    0x48, 0x48, 0xe0, 0xff, 0x48, 0x48, 0xe0, 0xff, 0x50, 0x4c, 0xe8, 0xff,
    0x48, 0x4c, 0xe0, 0xff, 0x48, 0x48, 0xe0, 0xff, 0x50, 0x48, 0xe8, 0xff,
    0x48, 0x4c, 0xe0, 0xff, 0x48, 0x4c, 0xe0, 0xff, 0x50, 0x48, 0xe8, 0xff,
    0x48, 0x48, 0xe0, 0xff, 0x48, 0x4c, 0xe0, 0xff, 0x50, 0x4c, 0xe8, 0xff,
    0x48, 0x48, 0xe0, 0xff, 0x48, 0x48, 0xe0, 0xff, 0x50, 0x4c, 0xe8, 0xff,
    0x48, 0x4c, 0xe0, 0xff, 0x48, 0x48, 0xe0, 0xff, 0x50, 0x48, 0xe8, 0xff,
    0x48, 0x4c, 0xe0, 0xff, 0x48, 0x4c, 0xe0, 0xff, 0x50, 0x48, 0xe8, 0xff,
    0x48, 0x48, 0xe0, 0xff, 0x48, 0x4c, 0xe0, 0xff, 0x50, 0x4c, 0xe8, 0xff,
    0x48, 0x48, 0xe0, 0xff, 0x48, 0x48, 0xe0, 0xff, 0x50, 0x4c, 0xe8, 0xff,
    0x48, 0x4c, 0xe0, 0xff, 0x48, 0x48, 0xe0, 0xff, 0x50, 0x48, 0xe8, 0xff,
    0x48, 0x4c, 0xe0, 0xff, 0x48, 0x4c, 0xe0, 0xff, 0x50, 0x48, 0xe8, 0xff,
    0x48, 0x48, 0xe0, 0xff, 0x48, 0x4c, 0xe0, 0xff, 0x50, 0x4c, 0xe8, 0xff,
    0x48, 0x48, 0xe0, 0xff, 0x48, 0x48, 0xe0, 0xff, 0x50, 0x4c, 0xe8, 0xff,
    0x48, 0x4c, 0xe0, 0xff, 0x48, 0x48, 0xe0, 0xff, 0x50, 0x48, 0xe8, 0xff,
    0x48, 0x4c, 0xe0, 0xff, 0x48, 0x4c, 0xe0, 0xff, 0x50, 0x48, 0xe8, 0xff,
    0x48, 0x48, 0xe0, 0xff, 0x48, 0x4c, 0xe0, 0xff, 0x50, 0x4c, 0xe8, 0xff,
    0x48, 0x48, 0xe0, 0xff, 0x48, 0x48, 0xe0, 0xff, 0x50, 0x4c, 0xe8, 0xff,
    0x48, 0x4c, 0xe0, 0xff, 0x48, 0x48, 0xe0, 0xff, 0x50, 0x48, 0xe8, 0xff,
    0x48, 0x4c, 0xe0, 0xff, 0x48, 0x4c, 0xe0, 0xff, 0x50, 0x48, 0xe8, 0xff,
    0x48, 0x48, 0xe0, 0xff, 0x48, 0x4c, 0xe0, 0xff, 0x50, 0x4c, 0xe8, 0xff,
    0x48, 0x48, 0xe0, 0xff, 0x48, 0x48, 0xe0, 0xff, 0x50, 0x4c, 0xe8, 0xff,
    0x48, 0x4c, 0xe0, 0xff, 0x48, 0x48, 0xe0, 0xff, 0x50, 0x48, 0xe8, 0xff,
    0x48, 0x4c, 0xe0, 0xff, 0x48, 0x4c, 0xe0, 0xff, 0x50, 0x48, 0xe8, 0xff,
    0x48, 0x48, 0xe0, 0xff, 0x48, 0x4c, 0xe0, 0xff, 0x50, 0x4c, 0xe8, 0xff,
    0x48, 0x48, 0xe0, 0xff, 0x48, 0x48, 0xe0, 0xff, 0x50, 0x4c, 0xe8, 0xff,
    0x48, 0x4c, 0xe0, 0xff, 0x48, 0x48, 0xe0, 0xff, 0x50, 0x48, 0xe8, 0xff,
    0x48, 0x4c, 0xe0, 0xff, 0x48, 0x4c, 0xe0, 0xff, 0x50, 0x48, 0xe8, 0xff,
    0x48, 0x48, 0xe0, 0xff, 0x48, 0x4c, 0xe0, 0xff, 0x50, 0x4c, 0xe8, 0xff,
    0x48, 0x48, 0xe0, 0xff, 0x48, 0x48, 0xe0, 0xff, 0x50, 0x4c, 0xe8, 0xff,
    0x48, 0x4c, 0xe0, 0xff, 0x48, 0x48, 0xe0, 0xff, 0x50, 0x48, 0xe8, 0xff,
    0x48, 0x4c, 0xe0, 0xff, 0x48, 0x4c, 0xe0, 0xff, 0x50, 0x48, 0xe8, 0xff,
    0x48, 0x48, 0xe0, 0xff, 0x48, 0x4c, 0xe0, 0xff, 0x50, 0x4c, 0xe8, 0xff,
    0x48, 0x48, 0xe0, 0xff, 0x48, 0x48, 0xe0, 0xff, 0x50, 0x4c, 0xe8, 0xff,
    0x48, 0x4c, 0xe0, 0xff, 0x48, 0x48, 0xe0, 0xff, 0x50, 0x48, 0xe8, 0xff,
    0x48, 0x4c, 0xe0, 0xff, 0x48, 0x4c, 0xe0, 0xff, 0x50, 0x48, 0xe8, 0xff,
    0x48, 0x48, 0xe0, 0xff, 0x48, 0x4c, 0xe0, 0xff, 0x50, 0x4c, 0xe8, 0xff,
    0x48, 0x48, 0xe0, 0xff, 0x48, 0x48, 0xe0, 0xff, 0x50, 0x4c, 0xe8, 0xff,
    0x48, 0x4c, 0xe0, 0xff, 0x48, 0x48, 0xe0, 0xff, 0x50, 0x48, 0xe8, 0xff,
    0x48, 0x4c, 0xe0, 0xff, 0x48, 0x4c, 0xe0, 0xff, 0x50, 0x48, 0xe8, 0xff,
    0x48, 0x48, 0xe0, 0xff, 0x48, 0x4c, 0xe0, 0xff, 0x50, 0x4c, 0xe8, 0xff,
    0x48, 0x48, 0xe0, 0xff, 0x48, 0x48, 0xe0, 0xff, 0x50, 0x4c, 0xe8, 0xff,
    0x48, 0x4c, 0xe0, 0xff, 0x48, 0x48, 0xe0, 0xff, 0x50, 0x48, 0xe8, 0xff,
    0x48, 0x4c, 0xe0, 0xff, 0x48, 0x4c, 0xe0, 0xff, 0x50, 0x48, 0xe8, 0xff,
    0x48, 0x48, 0xe0, 0xff, 0x48, 0x4c, 0xe0, 0xff, 0x50, 0x4c, 0xe8, 0xff,
    0x48, 0x48, 0xe0, 0xff, 0x48, 0x48, 0xe0, 0xff, 0x50, 0x4c, 0xe8, 0xff,
    0x48, 0x4c, 0xe0, 0xff, 0x48, 0x48, 0xe0, 0xff, 0x50, 0x48, 0xe8, 0xff,
    0x48, 0x4c, 0xe0, 0xff, 0x48, 0x4c, 0xe0, 0xff, 0x50, 0x48, 0xe8, 0xff,
    0x48, 0x48, 0xe0, 0xff, 0x48, 0x4c, 0xe0, 0xff, 0x48, 0x4c, 0xe0, 0xff,
    0x48, 0x48, 0xe0, 0xff, 0x48, 0x4c, 0xe0, 0xff, 0x48, 0x4c, 0xe0, 0xff,
    0x48, 0x48, 0xe0, 0xff, 0x50, 0x4c, 0xe8, 0xff, 0x48, 0x4c, 0xe0, 0xff,
    0x48, 0x4c, 0xe0, 0xff, 0x48, 0x4c, 0xe0, 0xff, 0x00, 0x00, 0x00, 0x00,
    0x00, 0x00, 0x00, 0x00, 0x00, 0x00, 0x00, 0x00, 0x00, 0x00, 0x00, 0x00,
    0x48, 0x4c, 0xe0, 0xff, 0x48, 0x48, 0xe0, 0xff, 0x50, 0x4c, 0xe8, 0xff,
    0x48, 0x4c, 0xe0, 0xff, 0x48, 0x48, 0xe0, 0xff, 0x48, 0x4c, 0xe0, 0xff,
    0x50, 0x4c, 0xe8, 0xff, 0x48, 0x4c, 0xe0, 0xff, 0x48, 0x4c, 0xe0, 0xff,
    0x50, 0x4c, 0xe8, 0xff, 0x48, 0x4c, 0xe0, 0xff, 0x48, 0x4c, 0xe0, 0xff,
    0x48, 0x4c, 0xe0, 0xff, 0x50, 0x4c, 0xe8, 0xff, 0x48, 0x4c, 0xe0, 0xff,
    0x48, 0x4c, 0xe0, 0xff, 0x50, 0x4c, 0xe8, 0xff, 0x48, 0x4c, 0xe0, 0xff,
    0x48, 0x48, 0xe0, 0xff, 0x50, 0x4c, 0xe8, 0xff, 0x48, 0x4c, 0xe0, 0xff,
    0x48, 0x4c, 0xe0, 0xff, 0x50, 0x4c, 0xe8, 0xff, 0x48, 0x48, 0xe0, 0xff,
    0x48, 0x4c, 0xe0, 0xff, 0x50, 0x4c, 0xe8, 0xff, 0x48, 0x4c, 0xe0, 0xff,
    0x48, 0x4c, 0xe0, 0xff, 0x50, 0x4c, 0xe8, 0xff, 0x48, 0x4c, 0xe0, 0xff,
    0x48, 0x48, 0xe0, 0xff, 0x50, 0x4c, 0xe8, 0xff, 0x48, 0x4c, 0xe0, 0xff,
    0x48, 0x4c, 0xe0, 0xff, 0x50, 0x4c, 0xe8, 0xff, 0x48, 0x48, 0xe0, 0xff,
    0x48, 0x4c, 0xe0, 0xff, 0x50, 0x4c, 0xe8, 0xff, 0x48, 0x4c, 0xe0, 0xff,
    0x48, 0x4c, 0xe0, 0xff, 0x50, 0x4c, 0xe8, 0xff, 0x48, 0x4c, 0xe0, 0xff,
    0x48, 0x48, 0xe0, 0xff, 0x50, 0x4c, 0xe8, 0xff, 0x48, 0x4c, 0xe0, 0xff,
    0x48, 0x4c, 0xe0, 0xff, 0x50, 0x4c, 0xe8, 0xff, 0x48, 0x48, 0xe0, 0xff,
    0x48, 0x4c, 0xe0, 0xff, 0x50, 0x4c, 0xe8, 0xff, 0x48, 0x4c, 0xe0, 0xff,
    0x48, 0x4c, 0xe0, 0xff, 0x50, 0x4c, 0xe8, 0xff, 0x48, 0x4c, 0xe0, 0xff,
    0x48, 0x48, 0xe0, 0xff, 0x50, 0x4c, 0xe8, 0xff, 0x48, 0x4c, 0xe0, 0xff,
    0x48, 0x4c, 0xe0, 0xff, 0x50, 0x4c, 0xe8, 0xff, 0x48, 0x48, 0xe0, 0xff,
    0x48, 0x4c, 0xe0, 0xff, 0x50, 0x4c, 0xe8, 0xff, 0x48, 0x4c, 0xe0, 0xff,
    0x48, 0x4c, 0xe0, 0xff, 0x50, 0x4c, 0xe8, 0xff, 0x48, 0x4c, 0xe0, 0xff,
    0x48, 0x48, 0xe0, 0xff, 0x50, 0x4c, 0xe8, 0xff, 0x48, 0x4c, 0xe0, 0xff,
    0x48, 0x4c, 0xe0, 0xff, 0x50, 0x4c, 0xe8, 0xff, 0x48, 0x48, 0xe0, 0xff,
    0x48, 0x4c, 0xe0, 0xff, 0x50, 0x4c, 0xe8, 0xff, 0x48, 0x4c, 0xe0, 0xff,
    0x48, 0x4c, 0xe0, 0xff, 0x50, 0x4c, 0xe8, 0xff, 0x48, 0x4c, 0xe0, 0xff,
    0x48, 0x48, 0xe0, 0xff, 0x50, 0x4c, 0xe8, 0xff, 0x48, 0x4c, 0xe0, 0xff,
    0x48, 0x4c, 0xe0, 0xff, 0x50, 0x4c, 0xe8, 0xff, 0x48, 0x48, 0xe0, 0xff,
    0x48, 0x4c, 0xe0, 0xff, 0x50, 0x4c, 0xe8, 0xff, 0x48, 0x4c, 0xe0, 0xff,
    0x48, 0x4c, 0xe0, 0xff, 0x50, 0x4c, 0xe8, 0xff, 0x48, 0x4c, 0xe0, 0xff,
    0x48, 0x48, 0xe0, 0xff, 0x50, 0x4c, 0xe8, 0xff, 0x48, 0x4c, 0xe0, 0xff,
    0x48, 0x4c, 0xe0, 0xff, 0x50, 0x4c, 0xe8, 0xff, 0x48, 0x48, 0xe0, 0xff,
    0x48, 0x4c, 0xe0, 0xff, 0x50, 0x4c, 0xe8, 0xff, 0x48, 0x4c, 0xe0, 0xff,
    0x48, 0x4c, 0xe0, 0xff, 0x50, 0x4c, 0xe8, 0xff, 0x48, 0x4c, 0xe0, 0xff,
    0x48, 0x48, 0xe0, 0xff, 0x50, 0x4c, 0xe8, 0xff, 0x48, 0x4c, 0xe0, 0xff,
    0x48, 0x4c, 0xe0, 0xff, 0x50, 0x4c, 0xe8, 0xff, 0x48, 0x48, 0xe0, 0xff,
    0x48, 0x4c, 0xe0, 0xff, 0x50, 0x4c, 0xe8, 0xff, 0x48, 0x4c, 0xe0, 0xff,
    0x48, 0x4c, 0xe0, 0xff, 0x50, 0x4c, 0xe8, 0xff, 0x48, 0x4c, 0xe0, 0xff,
    0x48, 0x48, 0xe0, 0xff, 0x50, 0x4c, 0xe8, 0xff, 0x48, 0x4c, 0xe0, 0xff,
    0x48, 0x4c, 0xe0, 0xff, 0x50, 0x4c, 0xe8, 0xff, 0x48, 0x48, 0xe0, 0xff,
    0x48, 0x4c, 0xe0, 0xff, 0x50, 0x4c, 0xe8, 0xff, 0x48, 0x4c, 0xe0, 0xff,
    0x48, 0x4c, 0xe0, 0xff, 0x50, 0x4c, 0xe8, 0xff, 0x48, 0x4c, 0xe0, 0xff,
    0x48, 0x48, 0xe0, 0xff, 0x50, 0x4c, 0xe8, 0xff, 0x48, 0x4c, 0xe0, 0xff,
    0x48, 0x4c, 0xe0, 0xff, 0x50, 0x4c, 0xe8, 0xff, 0x48, 0x48, 0xe0, 0xff,
    0x48, 0x4c, 0xe0, 0xff, 0x50, 0x4c, 0xe8, 0xff, 0x48, 0x4c, 0xe0, 0xff,
    0x48, 0x4c, 0xe0, 0xff, 0x50, 0x4c, 0xe8, 0xff, 0x48, 0x4c, 0xe0, 0xff,
    0x48, 0x48, 0xe0, 0xff, 0x50, 0x4c, 0xe8, 0xff, 0x48, 0x4c, 0xe0, 0xff,
    0x48, 0x4c, 0xe0, 0xff, 0x50, 0x4c, 0xe8, 0xff, 0x48, 0x48, 0xe0, 0xff,
    0x48, 0x4c, 0xe0, 0xff, 0x50, 0x4c, 0xe8, 0xff, 0x48, 0x4c, 0xe0, 0xff,
    0x48, 0x4c, 0xe0, 0xff, 0x50, 0x4c, 0xe8, 0xff, 0x48, 0x4c, 0xe0, 0xff,
    0x48, 0x48, 0xe0, 0xff, 0x50, 0x4c, 0xe8, 0xff, 0x48, 0x4c, 0xe0, 0xff,
    0x48, 0x4c, 0xe0, 0xff, 0x50, 0x4c, 0xe8, 0xff, 0x48, 0x48, 0xe0, 0xff,
    0x48, 0x4c, 0xe0, 0xff, 0x50, 0x4c, 0xe8, 0xff, 0x48, 0x4c, 0xe0, 0xff,
    0x48, 0x4c, 0xe0, 0xff, 0x50, 0x4c, 0xe8, 0xff, 0x48, 0x4c, 0xe0, 0xff,
    0x48, 0x48, 0xe0, 0xff, 0x50, 0x4c, 0xe8, 0xff, 0x48, 0x4c, 0xe0, 0xff,
    0x48, 0x4c, 0xe0, 0xff, 0x50, 0x4c, 0xe8, 0xff, 0x48, 0x48, 0xe0, 0xff,
    0x48, 0x4c, 0xe0, 0xff, 0x50, 0x4c, 0xe8, 0xff, 0x48, 0x4c, 0xe0, 0xff,
    0x48, 0x4c, 0xe0, 0xff, 0x50, 0x4c, 0xe8, 0xff, 0x48, 0x4c, 0xe0, 0xff,
    0x48, 0x48, 0xe0, 0xff, 0x50, 0x4c, 0xe8, 0xff, 0x48, 0x4c, 0xe0, 0xff,
    0x48, 0x4c, 0xe0, 0xff, 0x50, 0x4c, 0xe8, 0xff, 0x48, 0x48, 0xe0, 0xff,
    0x48, 0x4c, 0xe0, 0xff, 0x50, 0x4c, 0xe8, 0xff, 0x48, 0x4c, 0xe0, 0xff,
    0x48, 0x4c, 0xe0, 0xff, 0x50, 0x4c, 0xe8, 0xff, 0x48, 0x4c, 0xe0, 0xff,
    0x48, 0x48, 0xe0, 0xff, 0x50, 0x4c, 0xe8, 0xff, 0x48, 0x4c, 0xe0, 0xff,
    0x48, 0x4c, 0xe0, 0xff, 0x48, 0x4c, 0xe0, 0xff, 0x48, 0x4c, 0xe0, 0xff,
    0x48, 0x48, 0xe0, 0xff, 0x50, 0x4c, 0xe8, 0xff, 0x48, 0x48, 0xe0, 0xff,
    0x48, 0x4c, 0xe0, 0xff, 0x00, 0x00, 0x00, 0x00, 0x00, 0x00, 0x00, 0x00,
    0x00, 0x00, 0x00, 0x00, 0x48, 0x4c, 0xe0, 0xff, 0x48, 0x4c, 0xe0, 0xff,
    0x48, 0x48, 0xe0, 0xff, 0x48, 0x4c, 0xe0, 0xff, 0x48, 0x4c, 0xe0, 0xff,
    0x50, 0x4c, 0xe8, 0xff, 0x48, 0x4c, 0xe0, 0xff, 0x48, 0x48, 0xe0, 0xff,
    0x48, 0x4c, 0xe0, 0xff, 0x48, 0x48, 0xe0, 0xff, 0x48, 0x4c, 0xe0, 0xff,
    0x48, 0x4c, 0xe0, 0xff, 0x48, 0x48, 0xe0, 0xff, 0x50, 0x4c, 0xe8, 0xff,
    0x48, 0x4c, 0xe0, 0xff, 0x48, 0x48, 0xe0, 0xff, 0x48, 0x4c, 0xe0, 0xff,
    0x48, 0x4c, 0xe0, 0xff, 0x48, 0x4c, 0xe0, 0xff, 0x48, 0x4c, 0xe0, 0xff,
    0x48, 0x4c, 0xe0, 0xff, 0x48, 0x4c, 0xe0, 0xff, 0x48, 0x4c, 0xe0, 0xff,
    0x48, 0x48, 0xe0, 0xff, 0x48, 0x4c, 0xe0, 0xff, 0x48, 0x4c, 0xe0, 0xff,
    0x48, 0x4c, 0xe0, 0xff, 0x48, 0x48, 0xe0, 0xff, 0x48, 0x4c, 0xe0, 0xff,
    0x48, 0x4c, 0xe0, 0xff, 0x48, 0x4c, 0xe0, 0xff, 0x48, 0x4c, 0xe0, 0xff,
    0x48, 0x4c, 0xe0, 0xff, 0x48, 0x4c, 0xe0, 0xff, 0x48, 0x4c, 0xe0, 0xff,
    0x48, 0x48, 0xe0, 0xff, 0x48, 0x4c, 0xe0, 0xff, 0x48, 0x4c, 0xe0, 0xff,
    0x48, 0x4c, 0xe0, 0xff, 0x48, 0x48, 0xe0, 0xff, 0x48, 0x4c, 0xe0, 0xff,
    0x48, 0x4c, 0xe0, 0xff, 0x48, 0x4c, 0xe0, 0xff, 0x48, 0x4c, 0xe0, 0xff,
    0x48, 0x4c, 0xe0, 0xff, 0x48, 0x4c, 0xe0, 0xff, 0x48, 0x4c, 0xe0, 0xff,
    0x48, 0x48, 0xe0, 0xff, 0x48, 0x4c, 0xe0, 0xff, 0x48, 0x4c, 0xe0, 0xff,
    0x48, 0x4c, 0xe0, 0xff, 0x48, 0x48, 0xe0, 0xff, 0x48, 0x4c, 0xe0, 0xff,
    0x48, 0x4c, 0xe0, 0xff, 0x48, 0x4c, 0xe0, 0xff, 0x48, 0x4c, 0xe0, 0xff,
    0x48, 0x4c, 0xe0, 0xff, 0x48, 0x4c, 0xe0, 0xff, 0x48, 0x4c, 0xe0, 0xff,
    0x48, 0x48, 0xe0, 0xff, 0x48, 0x4c, 0xe0, 0xff, 0x48, 0x4c, 0xe0, 0xff,
    0x48, 0x4c, 0xe0, 0xff, 0x48, 0x48, 0xe0, 0xff, 0x48, 0x4c, 0xe0, 0xff,
    0x48, 0x4c, 0xe0, 0xff, 0x48, 0x4c, 0xe0, 0xff, 0x48, 0x4c, 0xe0, 0xff,
    0x48, 0x4c, 0xe0, 0xff, 0x48, 0x4c, 0xe0, 0xff, 0x48, 0x4c, 0xe0, 0xff,
    0x48, 0x48, 0xe0, 0xff, 0x48, 0x4c, 0xe0, 0xff, 0x48, 0x4c, 0xe0, 0xff,
    0x48, 0x4c, 0xe0, 0xff, 0x48, 0x48, 0xe0, 0xff, 0x48, 0x4c, 0xe0, 0xff,
    0x48, 0x4c, 0xe0, 0xff, 0x48, 0x4c, 0xe0, 0xff, 0x48, 0x4c, 0xe0, 0xff,
    0x48, 0x4c, 0xe0, 0xff, 0x48, 0x4c, 0xe0, 0xff, 0x48, 0x4c, 0xe0, 0xff,
    0x48, 0x48, 0xe0, 0xff, 0x48, 0x4c, 0xe0, 0xff, 0x48, 0x4c, 0xe0, 0xff,
    0x48, 0x4c, 0xe0, 0xff, 0x48, 0x48, 0xe0, 0xff, 0x48, 0x4c, 0xe0, 0xff,
    0x48, 0x4c, 0xe0, 0xff, 0x48, 0x4c, 0xe0, 0xff, 0x48, 0x4c, 0xe0, 0xff,
    0x48, 0x4c, 0xe0, 0xff, 0x48, 0x4c, 0xe0, 0xff, 0x48, 0x4c, 0xe0, 0xff,
    0x48, 0x48, 0xe0, 0xff, 0x48, 0x4c, 0xe0, 0xff, 0x48, 0x4c, 0xe0, 0xff,
    0x48, 0x4c, 0xe0, 0xff, 0x48, 0x48, 0xe0, 0xff, 0x48, 0x4c, 0xe0, 0xff,
    0x48, 0x4c, 0xe0, 0xff, 0x48, 0x4c, 0xe0, 0xff, 0x48, 0x4c, 0xe0, 0xff,
    0x48, 0x4c, 0xe0, 0xff, 0x48, 0x4c, 0xe0, 0xff, 0x48, 0x4c, 0xe0, 0xff,
    0x48, 0x48, 0xe0, 0xff, 0x48, 0x4c, 0xe0, 0xff, 0x48, 0x4c, 0xe0, 0xff,
    0x48, 0x4c, 0xe0, 0xff, 0x48, 0x48, 0xe0, 0xff, 0x48, 0x4c, 0xe0, 0xff,
    0x48, 0x4c, 0xe0, 0xff, 0x48, 0x4c, 0xe0, 0xff, 0x48, 0x4c, 0xe0, 0xff,
    0x48, 0x4c, 0xe0, 0xff, 0x48, 0x4c, 0xe0, 0xff, 0x48, 0x4c, 0xe0, 0xff,
    0x48, 0x48, 0xe0, 0xff, 0x48, 0x4c, 0xe0, 0xff, 0x48, 0x4c, 0xe0, 0xff,
    0x48, 0x4c, 0xe0, 0xff, 0x48, 0x48, 0xe0, 0xff, 0x48, 0x4c, 0xe0, 0xff,
    0x48, 0x4c, 0xe0, 0xff, 0x48, 0x4c, 0xe0, 0xff, 0x48, 0x4c, 0xe0, 0xff,
    0x48, 0x4c, 0xe0, 0xff, 0x48, 0x4c, 0xe0, 0xff, 0x48, 0x4c, 0xe0, 0xff,
    0x48, 0x48, 0xe0, 0xff, 0x48, 0x4c, 0xe0, 0xff, 0x48, 0x4c, 0xe0, 0xff,
    0x48, 0x4c, 0xe0, 0xff, 0x48, 0x48, 0xe0, 0xff, 0x48, 0x4c, 0xe0, 0xff,
    0x48, 0x4c, 0xe0, 0xff, 0x48, 0x4c, 0xe0, 0xff, 0x48, 0x4c, 0xe0, 0xff,
    0x48, 0x4c, 0xe0, 0xff, 0x48, 0x4c, 0xe0, 0xff, 0x48, 0x4c, 0xe0, 0xff,
    0x48, 0x48, 0xe0, 0xff, 0x48, 0x4c, 0xe0, 0xff, 0x48, 0x4c, 0xe0, 0xff,
    0x48, 0x4c, 0xe0, 0xff, 0x48, 0x48, 0xe0, 0xff, 0x48, 0x4c, 0xe0, 0xff,
    0x48, 0x4c, 0xe0, 0xff, 0x48, 0x4c, 0xe0, 0xff, 0x48, 0x4c, 0xe0, 0xff,
    0x48, 0x4c, 0xe0, 0xff, 0x48, 0x4c, 0xe0, 0xff, 0x48, 0x4c, 0xe0, 0xff,
    0x48, 0x48, 0xe0, 0xff, 0x48, 0x4c, 0xe0, 0xff, 0x48, 0x4c, 0xe0, 0xff,
    0x48, 0x4c, 0xe0, 0xff, 0x48, 0x48, 0xe0, 0xff, 0x48, 0x4c, 0xe0, 0xff,
    0x48, 0x4c, 0xe0, 0xff, 0x48, 0x4c, 0xe0, 0xff, 0x48, 0x4c, 0xe0, 0xff,
    0x48, 0x4c, 0xe0, 0xff, 0x48, 0x4c, 0xe0, 0xff, 0x48, 0x4c, 0xe0, 0xff,
    0x48, 0x48, 0xe0, 0xff, 0x48, 0x4c, 0xe0, 0xff, 0x48, 0x4c, 0xe0, 0xff,
    0x48, 0x4c, 0xe0, 0xff, 0x48, 0x48, 0xe0, 0xff, 0x48, 0x4c, 0xe0, 0xff,
    0x48, 0x4c, 0xe0, 0xff, 0x48, 0x4c, 0xe0, 0xff, 0x48, 0x4c, 0xe0, 0xff,
    0x48, 0x4c, 0xe0, 0xff, 0x48, 0x4c, 0xe0, 0xff, 0x48, 0x4c, 0xe0, 0xff,
    0x48, 0x48, 0xe0, 0xff, 0x48, 0x4c, 0xe0, 0xff, 0x48, 0x4c, 0xe0, 0xff,
    0x48, 0x4c, 0xe0, 0xff, 0x48, 0x48, 0xe0, 0xff, 0x48, 0x4c, 0xe0, 0xff,
    0x48, 0x4c, 0xe0, 0xff, 0x48, 0x4c, 0xe0, 0xff, 0x50, 0x4c, 0xe8, 0xff,
    0x48, 0x48, 0xe0, 0xff, 0x50, 0x4c, 0xe8, 0xff, 0x48, 0x48, 0xe0, 0xff,
    0x50, 0x4c, 0xe8, 0xff, 0x48, 0x4c, 0xe0, 0xff, 0x48, 0x4c, 0xe0, 0xff,
    0x50, 0x4c, 0xe8, 0xff, 0x48, 0x48, 0xe0, 0xff, 0x48, 0x4c, 0xe0, 0xff,
    0x50, 0x4c, 0xe8, 0xff, 0x00, 0x00, 0x00, 0x00, 0x00, 0x00, 0x00, 0x00,
    0x48, 0x4c, 0xe0, 0xff, 0x50, 0x4c, 0xe8, 0xff, 0x48, 0x4c, 0xe0, 0xff,
    0x48, 0x4c, 0xe0, 0xff, 0x50, 0x48, 0xe8, 0xff, 0x48, 0x4c, 0xe0, 0xff,
    0x48, 0x4c, 0xe0, 0xff, 0x50, 0x4c, 0xe8, 0xff, 0x48, 0x48, 0xe0, 0xff,
    0x50, 0x4c, 0xe8, 0xff, 0x48, 0x4c, 0xe0, 0xff, 0x48, 0x48, 0xe0, 0xff,
    0x50, 0x4c, 0xe8, 0xff, 0x48, 0x4c, 0xe0, 0xff, 0x48, 0x48, 0xe0, 0xff,
    0x48, 0x4c, 0xe0, 0xff, 0x50, 0x48, 0xe8, 0xff, 0x48, 0x48, 0xe0, 0xff,
    0x50, 0x4c, 0xe8, 0xff, 0x48, 0x48, 0xe0, 0xff, 0x48, 0x48, 0xe0, 0xff,
    0x50, 0x4c, 0xe8, 0xff, 0x48, 0x4c, 0xe0, 0xff, 0x50, 0x4c, 0xe8, 0xff,
    0x48, 0x4c, 0xe0, 0xff, 0x50, 0x4c, 0xe8, 0xff, 0x48, 0x48, 0xe0, 0xff,
    0x50, 0x4c, 0xe8, 0xff, 0x48, 0x48, 0xe0, 0xff, 0x48, 0x48, 0xe0, 0xff,
    0x50, 0x4c, 0xe8, 0xff, 0x48, 0x48, 0xe0, 0xff, 0x50, 0x48, 0xe8, 0xff,
    0x48, 0x4c, 0xe0, 0xff, 0x50, 0x4c, 0xe8, 0xff, 0x48, 0x4c, 0xe0, 0xff,
    0x50, 0x4c, 0xe8, 0xff, 0x48, 0x4c, 0xe0, 0xff, 0x48, 0x48, 0xe0, 0xff,
    0x50, 0x4c, 0xe8, 0xff, 0x48, 0x48, 0xe0, 0xff, 0x50, 0x48, 0xe8, 0xff,
    0x48, 0x4c, 0xe0, 0xff, 0x50, 0x48, 0xe8, 0xff, 0x48, 0x48, 0xe0, 0xff,
    0x50, 0x4c, 0xe8, 0xff, 0x48, 0x4c, 0xe0, 0xff, 0x48, 0x4c, 0xe0, 0xff,
    0x50, 0x4c, 0xe8, 0xff, 0x48, 0x4c, 0xe0, 0xff, 0x50, 0x48, 0xe8, 0xff,
    0x48, 0x4c, 0xe0, 0xff, 0x50, 0x48, 0xe8, 0xff, 0x48, 0x48, 0xe0, 0xff,
    0x50, 0x4c, 0xe8, 0xff, 0x48, 0x48, 0xe0, 0xff, 0x48, 0x48, 0xe0, 0xff,
    0x50, 0x4c, 0xe8, 0xff, 0x48, 0x4c, 0xe0, 0xff, 0x50, 0x4c, 0xe8, 0xff,
    0x48, 0x4c, 0xe0, 0xff, 0x50, 0x4c, 0xe8, 0xff, 0x48, 0x48, 0xe0, 0xff,
    0x50, 0x4c, 0xe8, 0xff, 0x48, 0x48, 0xe0, 0xff, 0x48, 0x48, 0xe0, 0xff,
    0x50, 0x4c, 0xe8, 0xff, 0x48, 0x48, 0xe0, 0xff, 0x50, 0x48, 0xe8, 0xff,
    0x48, 0x4c, 0xe0, 0xff, 0x50, 0x4c, 0xe8, 0xff, 0x48, 0x4c, 0xe0, 0xff,
    0x50, 0x4c, 0xe8, 0xff, 0x48, 0x4c, 0xe0, 0xff, 0x48, 0x48, 0xe0, 0xff,
    0x50, 0x4c, 0xe8, 0xff, 0x48, 0x48, 0xe0, 0xff, 0x50, 0x48, 0xe8, 0xff,
    0x48, 0x4c, 0xe0, 0xff, 0x50, 0x48, 0xe8, 0xff, 0x48, 0x48, 0xe0, 0xff,
    0x50, 0x4c, 0xe8, 0xff, 0x48, 0x4c, 0xe0, 0xff, 0x48, 0x4c, 0xe0, 0xff,
    0x50, 0x4c, 0xe8, 0xff, 0x48, 0x4c, 0xe0, 0xff, 0x50, 0x48, 0xe8, 0xff,
    0x48, 0x4c, 0xe0, 0xff, 0x50, 0x48, 0xe8, 0xff, 0x48, 0x48, 0xe0, 0xff,
    0x50, 0x4c, 0xe8, 0xff, 0x48, 0x48, 0xe0, 0xff, 0x48, 0x48, 0xe0, 0xff,
    0x50, 0x4c, 0xe8, 0xff, 0x48, 0x4c, 0xe0, 0xff, 0x50, 0x4c, 0xe8, 0xff,
    0x48, 0x4c, 0xe0, 0xff, 0x50, 0x4c, 0xe8, 0xff, 0x48, 0x48, 0xe0, 0xff,
    0x50, 0x4c, 0xe8, 0xff, 0x48, 0x48, 0xe0, 0xff, 0x48, 0x48, 0xe0, 0xff,
    0x50, 0x4c, 0xe8, 0xff, 0x48, 0x48, 0xe0, 0xff, 0x50, 0x48, 0xe8, 0xff,
    0x48, 0x4c, 0xe0, 0xff, 0x50, 0x4c, 0xe8, 0xff, 0x48, 0x4c, 0xe0, 0xff,
    0x50, 0x4c, 0xe8, 0xff, 0x48, 0x4c, 0xe0, 0xff, 0x48, 0x48, 0xe0, 0xff,
    0x50, 0x4c, 0xe8, 0xff, 0x48, 0x48, 0xe0, 0xff, 0x50, 0x48, 0xe8, 0xff,
    0x48, 0x4c, 0xe0, 0xff, 0x50, 0x48, 0xe8, 0xff, 0x48, 0x48, 0xe0, 0xff,
    0x50, 0x4c, 0xe8, 0xff, 0x48, 0x4c, 0xe0, 0xff, 0x48, 0x4c, 0xe0, 0xff,
    0x50, 0x4c, 0xe8, 0xff, 0x48, 0x4c, 0xe0, 0xff, 0x50, 0x48, 0xe8, 0xff,
    0x48, 0x4c, 0xe0, 0xff, 0x50, 0x48, 0xe8, 0xff, 0x48, 0x48, 0xe0, 0xff,
    0x50, 0x4c, 0xe8, 0xff, 0x48, 0x48, 0xe0, 0xff, 0x48, 0x48, 0xe0, 0xff,
    0x50, 0x4c, 0xe8, 0xff, 0x48, 0x4c, 0xe0, 0xff, 0x50, 0x4c, 0xe8, 0xff,
    0x48, 0x4c, 0xe0, 0xff, 0x50, 0x4c, 0xe8, 0xff, 0x48, 0x48, 0xe0, 0xff,
    0x50, 0x4c, 0xe8, 0xff, 0x48, 0x48, 0xe0, 0xff, 0x48, 0x48, 0xe0, 0xff,
    0x50, 0x4c, 0xe8, 0xff, 0x48, 0x48, 0xe0, 0xff, 0x50, 0x48, 0xe8, 0xff,
    0x48, 0x4c, 0xe0, 0xff, 0x50, 0x4c, 0xe8, 0xff, 0x48, 0x4c, 0xe0, 0xff,
    0x50, 0x4c, 0xe8, 0xff, 0x48, 0x4c, 0xe0, 0xff, 0x48, 0x48, 0xe0, 0xff,
    0x50, 0x4c, 0xe8, 0xff, 0x48, 0x48, 0xe0, 0xff, 0x50, 0x48, 0xe8, 0xff,
    0x48, 0x4c, 0xe0, 0xff, 0x50, 0x48, 0xe8, 0xff, 0x48, 0x48, 0xe0, 0xff,
    0x50, 0x4c, 0xe8, 0xff, 0x48, 0x4c, 0xe0, 0xff, 0x48, 0x4c, 0xe0, 0xff,
    0x50, 0x4c, 0xe8, 0xff, 0x48, 0x4c, 0xe0, 0xff, 0x50, 0x48, 0xe8, 0xff,
    0x48, 0x4c, 0xe0, 0xff, 0x50, 0x48, 0xe8, 0xff, 0x48, 0x48, 0xe0, 0xff,
    0x50, 0x4c, 0xe8, 0xff, 0x48, 0x48, 0xe0, 0xff, 0x48, 0x48, 0xe0, 0xff,
    0x50, 0x4c, 0xe8, 0xff, 0x48, 0x4c, 0xe0, 0xff, 0x50, 0x4c, 0xe8, 0xff,
    0x48, 0x4c, 0xe0, 0xff, 0x50, 0x4c, 0xe8, 0xff, 0x48, 0x48, 0xe0, 0xff,
    0x50, 0x4c, 0xe8, 0xff, 0x48, 0x48, 0xe0, 0xff, 0x48, 0x48, 0xe0, 0xff,
    0x50, 0x4c, 0xe8, 0xff, 0x48, 0x48, 0xe0, 0xff, 0x50, 0x48, 0xe8, 0xff,
    0x48, 0x4c, 0xe0, 0xff, 0x50, 0x4c, 0xe8, 0xff, 0x48, 0x4c, 0xe0, 0xff,
    0x50, 0x4c, 0xe8, 0xff, 0x48, 0x4c, 0xe0, 0xff, 0x48, 0x48, 0xe0, 0xff,
    0x50, 0x4c, 0xe8, 0xff, 0x48, 0x48, 0xe0, 0xff, 0x48, 0x48, 0xe0, 0xff,
    0x50, 0x4c, 0xe8, 0xff, 0x48, 0x4c, 0xe0, 0xff, 0x48, 0x4c, 0xe0, 0xff,
    0x48, 0x4c, 0xe0, 0xff, 0x48, 0x4c, 0xe0, 0xff, 0x50, 0x48, 0xe8, 0xff,
    0x48, 0x4c, 0xe0, 0xff, 0x48, 0x4c, 0xe0, 0xff, 0x48, 0x4c, 0xe0, 0xff,
    0x48, 0x4c, 0xe0, 0xff, 0x48, 0x48, 0xe0, 0xff, 0x48, 0x4c, 0xe0, 0xff,
    0x00, 0x00, 0x00, 0x00, 0x48, 0x4c, 0xe0, 0xff, 0x48, 0x48, 0xe0, 0xff,
    0x48, 0x48, 0xe0, 0xff, 0x50, 0x4c, 0xe8, 0xff, 0x48, 0x4c, 0xe0, 0xff,
    0x48, 0x48, 0xe0, 0xff, 0x48, 0x4c, 0xe0, 0xff, 0x48, 0x4c, 0xe0, 0xff,
    0x48, 0x4c, 0xe0, 0xff, 0x50, 0x4c, 0xe8, 0xff, 0x48, 0x4c, 0xe0, 0xff,
    0x48, 0x4c, 0xe0, 0xff, 0x50, 0x4c, 0xe8, 0xff, 0x48, 0x4c, 0xe0, 0xff,
    0x48, 0x4c, 0xe0, 0xff, 0x48, 0x4c, 0xe0, 0xff, 0x50, 0x4c, 0xe8, 0xff,
    0x48, 0x4c, 0xe0, 0xff, 0x48, 0x4c, 0xe0, 0xff, 0x48, 0x4c, 0xe0, 0xff,
    0x50, 0x4c, 0xe8, 0xff, 0x48, 0x4c, 0xe0, 0xff, 0x48, 0x48, 0xe0, 0xff,
    0x50, 0x4c, 0xe8, 0xff, 0x48, 0x48, 0xe0, 0xff, 0x48, 0x4c, 0xe0, 0xff,
    0x48, 0x4c, 0xe0, 0xff, 0x48, 0x4c, 0xe0, 0xff, 0x50, 0x4c, 0xe8, 0xff,
    0x48, 0x4c, 0xe0, 0xff, 0x48, 0x4c, 0xe0, 0xff, 0x50, 0x4c, 0xe8, 0xff,
    0x48, 0x4c, 0xe0, 0xff, 0x48, 0x4c, 0xe0, 0xff, 0x48, 0x48, 0xe0, 0xff,
    0x48, 0x4c, 0xe0, 0xff, 0x50, 0x48, 0xe8, 0xff, 0x48, 0x4c, 0xe0, 0xff,
    0x48, 0x4c, 0xe0, 0xff, 0x50, 0x4c, 0xe8, 0xff, 0x48, 0x4c, 0xe0, 0xff,
    0x48, 0x4c, 0xe0, 0xff, 0x48, 0x4c, 0xe0, 0xff, 0x48, 0x4c, 0xe0, 0xff,
    0x48, 0x4c, 0xe0, 0xff, 0x50, 0x4c, 0xe8, 0xff, 0x48, 0x48, 0xe0, 0xff,
    0x48, 0x4c, 0xe0, 0xff, 0x50, 0x48, 0xe8, 0xff, 0x48, 0x4c, 0xe0, 0xff,
    0x48, 0x4c, 0xe0, 0xff, 0x48, 0x4c, 0xe0, 0xff, 0x48, 0x4c, 0xe0, 0xff,
    0x48, 0x4c, 0xe0, 0xff, 0x50, 0x4c, 0xe8, 0xff, 0x48, 0x4c, 0xe0, 0xff,
    0x48, 0x4c, 0xe0, 0xff, 0x50, 0x4c, 0xe8, 0xff, 0x48, 0x48, 0xe0, 0xff,
    0x48, 0x4c, 0xe0, 0xff, 0x48, 0x48, 0xe0, 0xff, 0x48, 0x4c, 0xe0, 0xff,
    0x48, 0x4c, 0xe0, 0xff, 0x50, 0x4c, 0xe8, 0xff, 0x48, 0x4c, 0xe0, 0xff,
    0x48, 0x4c, 0xe0, 0xff, 0x50, 0x4c, 0xe8, 0xff, 0x48, 0x4c, 0xe0, 0xff,
    0x48, 0x4c, 0xe0, 0xff, 0x48, 0x4c, 0xe0, 0xff, 0x48, 0x48, 0xe0, 0xff,
    0x48, 0x4c, 0xe0, 0xff, 0x50, 0x48, 0xe8, 0xff, 0x48, 0x4c, 0xe0, 0xff,
    0x48, 0x4c, 0xe0, 0xff, 0x50, 0x4c, 0xe8, 0xff, 0x48, 0x4c, 0xe0, 0xff,
    0x48, 0x4c, 0xe0, 0xff, 0x48, 0x4c, 0xe0, 0xff, 0x48, 0x4c, 0xe0, 0xff,
    0x48, 0x4c, 0xe0, 0xff, 0x50, 0x4c, 0xe8, 0xff, 0x48, 0x48, 0xe0, 0xff,
    0x48, 0x4c, 0xe0, 0xff, 0x50, 0x48, 0xe8, 0xff, 0x48, 0x4c, 0xe0, 0xff,
    0x48, 0x4c, 0xe0, 0xff, 0x48, 0x4c, 0xe0, 0xff, 0x48, 0x4c, 0xe0, 0xff,
    0x48, 0x4c, 0xe0, 0xff, 0x50, 0x4c, 0xe8, 0xff, 0x48, 0x4c, 0xe0, 0xff,
    0x48, 0x4c, 0xe0, 0xff, 0x50, 0x4c, 0xe8, 0xff, 0x48, 0x48, 0xe0, 0xff,
    0x48, 0x4c, 0xe0, 0xff, 0x48, 0x48, 0xe0, 0xff, 0x48, 0x4c, 0xe0, 0xff,
    0x48, 0x4c, 0xe0, 0xff, 0x50, 0x4c, 0xe8, 0xff, 0x48, 0x4c, 0xe0, 0xff,
    0x48, 0x4c, 0xe0, 0xff, 0x50, 0x4c, 0xe8, 0xff, 0x48, 0x4c, 0xe0, 0xff,
    0x48, 0x4c, 0xe0, 0xff, 0x48, 0x4c, 0xe0, 0xff, 0x48, 0x48, 0xe0, 0xff,
    0x48, 0x4c, 0xe0, 0xff, 0x50, 0x48, 0xe8, 0xff, 0x48, 0x4c, 0xe0, 0xff,
    0x48, 0x4c, 0xe0, 0xff, 0x50, 0x4c, 0xe8, 0xff, 0x48, 0x4c, 0xe0, 0xff,
    0x48, 0x4c, 0xe0, 0xff, 0x48, 0x4c, 0xe0, 0xff, 0x48, 0x4c, 0xe0, 0xff,
    0x48, 0x4c, 0xe0, 0xff, 0x50, 0x4c, 0xe8, 0xff, 0x48, 0x48, 0xe0, 0xff,
    0x48, 0x4c, 0xe0, 0xff, 0x50, 0x48, 0xe8, 0xff, 0x48, 0x4c, 0xe0, 0xff,
    0x48, 0x4c, 0xe0, 0xff, 0x48, 0x4c, 0xe0, 0xff, 0x48, 0x4c, 0xe0, 0xff,
    0x48, 0x4c, 0xe0, 0xff, 0x50, 0x4c, 0xe8, 0xff, 0x48, 0x4c, 0xe0, 0xff,
    0x48, 0x4c, 0xe0, 0xff, 0x50, 0x4c, 0xe8, 0xff, 0x48, 0x48, 0xe0, 0xff,
    0x48, 0x4c, 0xe0, 0xff, 0x48, 0x48, 0xe0, 0xff, 0x48, 0x4c, 0xe0, 0xff,
    0x48, 0x4c, 0xe0, 0xff, 0x50, 0x4c, 0xe8, 0xff, 0x48, 0x4c, 0xe0, 0xff,
    0x48, 0x4c, 0xe0, 0xff, 0x50, 0x4c, 0xe8, 0xff, 0x48, 0x4c, 0xe0, 0xff,
    0x48, 0x4c, 0xe0, 0xff, 0x48, 0x4c, 0xe0, 0xff, 0x48, 0x48, 0xe0, 0xff,
    0x48, 0x4c, 0xe0, 0xff, 0x50, 0x48, 0xe8, 0xff, 0x48, 0x4c, 0xe0, 0xff,
    0x48, 0x4c, 0xe0, 0xff, 0x50, 0x4c, 0xe8, 0xff, 0x48, 0x4c, 0xe0, 0xff,
    0x48, 0x4c, 0xe0, 0xff, 0x48, 0x4c, 0xe0, 0xff, 0x48, 0x4c, 0xe0, 0xff,
    0x48, 0x4c, 0xe0, 0xff, 0x50, 0x4c, 0xe8, 0xff, 0x48, 0x48, 0xe0, 0xff,
    0x48, 0x4c, 0xe0, 0xff, 0x50, 0x48, 0xe8, 0xff, 0x48, 0x4c, 0xe0, 0xff,
    0x48, 0x4c, 0xe0, 0xff, 0x48, 0x4c, 0xe0, 0xff, 0x48, 0x4c, 0xe0, 0xff,
    0x48, 0x4c, 0xe0, 0xff, 0x50, 0x4c, 0xe8, 0xff, 0x48, 0x4c, 0xe0, 0xff,
    0x48, 0x4c, 0xe0, 0xff, 0x50, 0x4c, 0xe8, 0xff, 0x48, 0x48, 0xe0, 0xff,
    0x48, 0x4c, 0xe0, 0xff, 0x48, 0x48, 0xe0, 0xff, 0x48, 0x4c, 0xe0, 0xff,
    0x48, 0x4c, 0xe0, 0xff, 0x50, 0x4c, 0xe8, 0xff, 0x48, 0x4c, 0xe0, 0xff,
    0x48, 0x4c, 0xe0, 0xff, 0x50, 0x4c, 0xe8, 0xff, 0x48, 0x4c, 0xe0, 0xff,
    0x48, 0x4c, 0xe0, 0xff, 0x48, 0x4c, 0xe0, 0xff, 0x48, 0x48, 0xe0, 0xff,
    0x48, 0x4c, 0xe0, 0xff, 0x50, 0x48, 0xe8, 0xff, 0x48, 0x4c, 0xe0, 0xff,
    0x48, 0x4c, 0xe0, 0xff, 0x50, 0x4c, 0xe8, 0xff, 0x48, 0x4c, 0xe0, 0xff,
    0x48, 0x4c, 0xe0, 0xff, 0x50, 0x4c, 0xe8, 0xff, 0x48, 0x4c, 0xe0, 0xff,
    0x48, 0x48, 0xe0, 0xff, 0x48, 0x4c, 0xe0, 0xff, 0x48, 0x4c, 0xe0, 0xff,
    0x48, 0x4c, 0xe0, 0xff, 0x48, 0x48, 0xe0, 0xff, 0x50, 0x4c, 0xe8, 0xff,
    0x48, 0x48, 0xe0, 0xff, 0x48, 0x4c, 0xe0, 0xff, 0x50, 0x4c, 0xe8, 0xff,
    0x48, 0x4c, 0xe0, 0xff, 0x48, 0x48, 0xe0, 0xff, 0x48, 0x4c, 0xe0, 0xff,
    0x48, 0x4c, 0xe0, 0xff, 0x48, 0x4c, 0xe0, 0xff, 0x48, 0x4c, 0xe0, 0xff,
    0x48, 0x4c, 0xe0, 0xff, 0x50, 0x4c, 0xe8, 0xff, 0x48, 0x4c, 0xe0, 0xff,
    0x50, 0x48, 0xe8, 0xff, 0x48, 0x4c, 0xe0, 0xff, 0x48, 0x48, 0xe0, 0xff,
    0x48, 0x4c, 0xe0, 0xff, 0x48, 0x48, 0xe0, 0xff, 0x48, 0x4c, 0xe0, 0xff,
    0x48, 0x4c, 0xe0, 0xff, 0x48, 0x48, 0xe0, 0xff, 0x50, 0x4c, 0xe8, 0xff,
    0x48, 0x4c, 0xe0, 0xff, 0x48, 0x48, 0xe0, 0xff, 0x48, 0x4c, 0xe0, 0xff,
    0x48, 0x4c, 0xe0, 0xff, 0x48, 0x4c, 0xe0, 0xff, 0x50, 0x4c, 0xe8, 0xff,
    0x48, 0x4c, 0xe0, 0xff, 0x48, 0x4c, 0xe0, 0xff, 0x48, 0x4c, 0xe0, 0xff,
    0x48, 0x48, 0xe0, 0xff, 0x48, 0x4c, 0xe0, 0xff, 0x48, 0x4c, 0xe0, 0xff,
    0x48, 0x48, 0xe0, 0xff, 0x48, 0x4c, 0xe0, 0xff, 0x48, 0x4c, 0xe0, 0xff,
    0x48, 0x4c, 0xe0, 0xff, 0x48, 0x4c, 0xe0, 0xff, 0x48, 0x4c, 0xe0, 0xff,
    0x48, 0x4c, 0xe0, 0xff, 0x50, 0x4c, 0xe8, 0xff, 0x48, 0x4c, 0xe0, 0xff,
    0x48, 0x48, 0xe0, 0xff, 0x48, 0x4c, 0xe0, 0xff, 0x48, 0x4c, 0xe0, 0xff,
    0x48, 0x48, 0xe0, 0xff, 0x48, 0x4c, 0xe0, 0xff, 0x50, 0x4c, 0xe8, 0xff,
    0x48, 0x4c, 0xe0, 0xff, 0x48, 0x4c, 0xe0, 0xff, 0x48, 0x4c, 0xe0, 0xff,
    0x48, 0x4c, 0xe0, 0xff, 0x48, 0x4c, 0xe0, 0xff, 0x48, 0x4c, 0xe0, 0xff,
    0x48, 0x48, 0xe0, 0xff, 0x48, 0x4c, 0xe0, 0xff, 0x50, 0x4c, 0xe8, 0xff,
    0x48, 0x48, 0xe0, 0xff, 0x48, 0x4c, 0xe0, 0xff, 0x48, 0x4c, 0xe0, 0xff,
    0x48, 0x4c, 0xe0, 0xff, 0x48, 0x4c, 0xe0, 0xff, 0x48, 0x4c, 0xe0, 0xff,
    0x48, 0x4c, 0xe0, 0xff, 0x48, 0x4c, 0xe0, 0xff, 0x50, 0x4c, 0xe8, 0xff,
    0x48, 0x48, 0xe0, 0xff, 0x48, 0x4c, 0xe0, 0xff, 0x48, 0x4c, 0xe0, 0xff,
    0x48, 0x48, 0xe0, 0xff, 0x48, 0x4c, 0xe0, 0xff, 0x48, 0x4c, 0xe0, 0xff,
    0x48, 0x4c, 0xe0, 0xff, 0x48, 0x4c, 0xe0, 0xff, 0x50, 0x4c, 0xe8, 0xff,
    0x48, 0x4c, 0xe0, 0xff, 0x48, 0x4c, 0xe0, 0xff, 0x48, 0x4c, 0xe0, 0xff,
    0x48, 0x48, 0xe0, 0xff, 0x48, 0x4c, 0xe0, 0xff, 0x48, 0x4c, 0xe0, 0xff,
    0x48, 0x48, 0xe0, 0xff, 0x48, 0x4c, 0xe0, 0xff, 0x50, 0x4c, 0xe8, 0xff,
    0x48, 0x4c, 0xe0, 0xff, 0x48, 0x4c, 0xe0, 0xff, 0x48, 0x4c, 0xe0, 0xff,
    0x48, 0x4c, 0xe0, 0xff, 0x48, 0x4c, 0xe0, 0xff, 0x48, 0x4c, 0xe0, 0xff,
    0x48, 0x48, 0xe0, 0xff, 0x48, 0x4c, 0xe0, 0xff, 0x50, 0x4c, 0xe8, 0xff,
    0x48, 0x48, 0xe0, 0xff, 0x48, 0x4c, 0xe0, 0xff, 0x48, 0x4c, 0xe0, 0xff,
    0x48, 0x4c, 0xe0, 0xff, 0x48, 0x4c, 0xe0, 0xff, 0x48, 0x4c, 0xe0, 0xff,
    0x48, 0x4c, 0xe0, 0xff, 0x48, 0x4c, 0xe0, 0xff, 0x50, 0x4c, 0xe8, 0xff,
    0x48, 0x48, 0xe0, 0xff, 0x48, 0x4c, 0xe0, 0xff, 0x48, 0x4c, 0xe0, 0xff,
    0x48, 0x48, 0xe0, 0xff, 0x48, 0x4c, 0xe0, 0xff, 0x48, 0x4c, 0xe0, 0xff,
    0x48, 0x4c, 0xe0, 0xff, 0x48, 0x4c, 0xe0, 0xff, 0x50, 0x4c, 0xe8, 0xff,
    0x48, 0x4c, 0xe0, 0xff, 0x48, 0x4c, 0xe0, 0xff, 0x48, 0x4c, 0xe0, 0xff,
    0x48, 0x48, 0xe0, 0xff, 0x48, 0x4c, 0xe0, 0xff, 0x48, 0x4c, 0xe0, 0xff,
    0x48, 0x48, 0xe0, 0xff, 0x48, 0x4c, 0xe0, 0xff, 0x50, 0x4c, 0xe8, 0xff,
    0x48, 0x4c, 0xe0, 0xff, 0x48, 0x4c, 0xe0, 0xff, 0x48, 0x4c, 0xe0, 0xff,
    0x48, 0x4c, 0xe0, 0xff, 0x48, 0x4c, 0xe0, 0xff, 0x48, 0x4c, 0xe0, 0xff,
    0x48, 0x48, 0xe0, 0xff, 0x48, 0x4c, 0xe0, 0xff, 0x50, 0x4c, 0xe8, 0xff,
    0x48, 0x48, 0xe0, 0xff, 0x48, 0x4c, 0xe0, 0xff, 0x48, 0x4c, 0xe0, 0xff,
    0x48, 0x4c, 0xe0, 0xff, 0x48, 0x4c, 0xe0, 0xff, 0x48, 0x4c, 0xe0, 0xff,
    0x48, 0x4c, 0xe0, 0xff, 0x48, 0x4c, 0xe0, 0xff, 0x50, 0x4c, 0xe8, 0xff,
    0x48, 0x48, 0xe0, 0xff, 0x48, 0x4c, 0xe0, 0xff, 0x48, 0x4c, 0xe0, 0xff,
    0x48, 0x48, 0xe0, 0xff, 0x48, 0x4c, 0xe0, 0xff, 0x48, 0x4c, 0xe0, 0xff,
    0x48, 0x4c, 0xe0, 0xff, 0x48, 0x4c, 0xe0, 0xff, 0x50, 0x4c, 0xe8, 0xff,
    0x48, 0x4c, 0xe0, 0xff, 0x48, 0x4c, 0xe0, 0xff, 0x48, 0x4c, 0xe0, 0xff,
    0x48, 0x48, 0xe0, 0xff, 0x48, 0x4c, 0xe0, 0xff, 0x48, 0x4c, 0xe0, 0xff,
    0x48, 0x48, 0xe0, 0xff, 0x48, 0x4c, 0xe0, 0xff, 0x50, 0x4c, 0xe8, 0xff,
    0x48, 0x4c, 0xe0, 0xff, 0x48, 0x4c, 0xe0, 0xff, 0x48, 0x4c, 0xe0, 0xff,
    0x48, 0x4c, 0xe0, 0xff, 0x48, 0x4c, 0xe0, 0xff, 0x48, 0x4c, 0xe0, 0xff,
    0x48, 0x48, 0xe0, 0xff, 0x48, 0x4c, 0xe0, 0xff, 0x50, 0x4c, 0xe8, 0xff,
    0x48, 0x48, 0xe0, 0xff, 0x48, 0x4c, 0xe0, 0xff, 0x48, 0x4c, 0xe0, 0xff,
    0x48, 0x4c, 0xe0, 0xff, 0x48, 0x4c, 0xe0, 0xff, 0x48, 0x4c, 0xe0, 0xff,
    0x48, 0x4c, 0xe0, 0xff, 0x48, 0x4c, 0xe0, 0xff, 0x50, 0x4c, 0xe8, 0xff,
    0x48, 0x48, 0xe0, 0xff, 0x48, 0x4c, 0xe0, 0xff, 0x48, 0x4c, 0xe0, 0xff,
    0x48, 0x48, 0xe0, 0xff, 0x48, 0x4c, 0xe0, 0xff, 0x48, 0x4c, 0xe0, 0xff,
    0x48, 0x4c, 0xe0, 0xff, 0x48, 0x4c, 0xe0, 0xff, 0x50, 0x4c, 0xe8, 0xff,
    0x48, 0x4c, 0xe0, 0xff, 0x48, 0x4c, 0xe0, 0xff, 0x48, 0x4c, 0xe0, 0xff,
    0x48, 0x48, 0xe0, 0xff, 0x48, 0x4c, 0xe0, 0xff, 0x48, 0x4c, 0xe0, 0xff,
    0x48, 0x48, 0xe0, 0xff, 0x48, 0x4c, 0xe0, 0xff, 0x48, 0x4c, 0xe0, 0xff,
    0x48, 0x4c, 0xe0, 0xff, 0x48, 0x48, 0xe0, 0xff, 0x50, 0x4c, 0xe8, 0xff,
    0x50, 0x4c, 0xe8, 0xff, 0x48, 0x48, 0xe0, 0xff, 0x48, 0x4c, 0xe0, 0xff,
    0x50, 0x4c, 0xe8, 0xff, 0x48, 0x4c, 0xe0, 0xff, 0x48, 0x4c, 0xe0, 0xff,
    0x50, 0x48, 0xe8, 0xff, 0x48, 0x4c, 0xe0, 0xff, 0x50, 0x4c, 0xe8, 0xff,
    0x48, 0x4c, 0xe0, 0xff, 0x48, 0x4c, 0xe0, 0xff, 0x48, 0x4c, 0xe0, 0xff,
    0x50, 0x4c, 0xe8, 0xff, 0x48, 0x48, 0xe0, 0xff, 0x48, 0x4c, 0xe0, 0xff,
    0x48, 0x4c, 0xe0, 0xff, 0x48, 0x48, 0xe0, 0xff, 0x48, 0x4c, 0xe0, 0xff,
    0x50, 0x4c, 0xe8, 0xff, 0x48, 0x4c, 0xe0, 0xff, 0x48, 0x4c, 0xe0, 0xff,
    0x50, 0x48, 0xe8, 0xff, 0x50, 0x4c, 0xe8, 0xff, 0x48, 0x4c, 0xe0, 0xff,
    0x48, 0x48, 0xe0, 0xff, 0x48, 0x4c, 0xe0, 0xff, 0x50, 0x4c, 0xe8, 0xff,
    0x48, 0x48, 0xe0, 0xff, 0x50, 0x4c, 0xe8, 0xff, 0x48, 0x4c, 0xe0, 0xff,
    0x48, 0x48, 0xe0, 0xff, 0x48, 0x48, 0xe0, 0xff, 0x48, 0x4c, 0xe0, 0xff,
    0x50, 0x4c, 0xe8, 0xff, 0x48, 0x4c, 0xe0, 0xff, 0x50, 0x4c, 0xe8, 0xff,
    0x50, 0x4c, 0xe8, 0xff, 0x48, 0x48, 0xe0, 0xff, 0x50, 0x4c, 0xe8, 0xff,
    0x48, 0x4c, 0xe0, 0xff, 0x50, 0x48, 0xe8, 0xff, 0x48, 0x48, 0xe0, 0xff,
    0x50, 0x4c, 0xe8, 0xff, 0x48, 0x48, 0xe0, 0xff, 0x48, 0x48, 0xe0, 0xff,
    0x50, 0x4c, 0xe8, 0xff, 0x48, 0x4c, 0xe0, 0xff, 0x48, 0x4c, 0xe0, 0xff,
    0x50, 0x4c, 0xe8, 0xff, 0x48, 0x48, 0xe0, 0xff, 0x48, 0x4c, 0xe0, 0xff,
    0x50, 0x4c, 0xe8, 0xff, 0x48, 0x48, 0xe0, 0xff, 0x50, 0x48, 0xe8, 0xff,
    0x48, 0x4c, 0xe0, 0xff, 0x50, 0x48, 0xe8, 0xff, 0x48, 0x48, 0xe0, 0xff,
    0x50, 0x4c, 0xe8, 0xff, 0x48, 0x4c, 0xe0, 0xff, 0x48, 0x4c, 0xe0, 0xff,
    0x50, 0x4c, 0xe8, 0xff, 0x48, 0x48, 0xe0, 0xff, 0x50, 0x4c, 0xe8, 0xff,
    0x48, 0x4c, 0xe0, 0xff, 0x50, 0x48, 0xe8, 0xff, 0x48, 0x48, 0xe0, 0xff,
    0x50, 0x4c, 0xe8, 0xff, 0x48, 0x48, 0xe0, 0xff, 0x48, 0x48, 0xe0, 0xff,
    0x50, 0x4c, 0xe8, 0xff, 0x48, 0x4c, 0xe0, 0xff, 0x50, 0x4c, 0xe8, 0xff,
    0x48, 0x4c, 0xe0, 0xff, 0x50, 0x48, 0xe8, 0xff, 0x48, 0x4c, 0xe0, 0xff,
    0x50, 0x4c, 0xe8, 0xff, 0x48, 0x48, 0xe0, 0xff, 0x48, 0x48, 0xe0, 0xff,
    0x50, 0x4c, 0xe8, 0xff, 0x48, 0x48, 0xe0, 0xff, 0x50, 0x48, 0xe8, 0xff,
    0x48, 0x4c, 0xe0, 0xff, 0x50, 0x4c, 0xe8, 0xff, 0x48, 0x4c, 0xe0, 0xff,
    0x50, 0x4c, 0xe8, 0xff, 0x48, 0x48, 0xe0, 0xff, 0x48, 0x4c, 0xe0, 0xff,
    0x50, 0x4c, 0xe8, 0xff, 0x48, 0x48, 0xe0, 0xff, 0x50, 0x48, 0xe8, 0xff,
    0x48, 0x4c, 0xe0, 0xff, 0x50, 0x48, 0xe8, 0xff, 0x48, 0x48, 0xe0, 0xff,
    0x50, 0x4c, 0xe8, 0xff, 0x48, 0x4c, 0xe0, 0xff, 0x48, 0x4c, 0xe0, 0xff,
    0x50, 0x4c, 0xe8, 0xff, 0x48, 0x48, 0xe0, 0xff, 0x50, 0x4c, 0xe8, 0xff,
    0x48, 0x4c, 0xe0, 0xff, 0x50, 0x48, 0xe8, 0xff, 0x48, 0x48, 0xe0, 0xff,
    0x50, 0x4c, 0xe8, 0xff, 0x48, 0x48, 0xe0, 0xff, 0x48, 0x48, 0xe0, 0xff,
    0x50, 0x4c, 0xe8, 0xff, 0x48, 0x4c, 0xe0, 0xff, 0x50, 0x4c, 0xe8, 0xff,
    0x48, 0x4c, 0xe0, 0xff, 0x50, 0x48, 0xe8, 0xff, 0x48, 0x4c, 0xe0, 0xff,
    0x50, 0x4c, 0xe8, 0xff, 0x48, 0x48, 0xe0, 0xff, 0x48, 0x48, 0xe0, 0xff,
    0x50, 0x4c, 0xe8, 0xff, 0x48, 0x48, 0xe0, 0xff, 0x50, 0x48, 0xe8, 0xff,
    0x48, 0x4c, 0xe0, 0xff, 0x50, 0x4c, 0xe8, 0xff, 0x48, 0x4c, 0xe0, 0xff,
    0x50, 0x4c, 0xe8, 0xff, 0x48, 0x48, 0xe0, 0xff, 0x48, 0x4c, 0xe0, 0xff,
    0x50, 0x4c, 0xe8, 0xff, 0x48, 0x48, 0xe0, 0xff, 0x50, 0x48, 0xe8, 0xff,
    0x48, 0x4c, 0xe0, 0xff, 0x50, 0x48, 0xe8, 0xff, 0x48, 0x48, 0xe0, 0xff,
    0x50, 0x4c, 0xe8, 0xff, 0x48, 0x4c, 0xe0, 0xff, 0x48, 0x4c, 0xe0, 0xff,
    0x50, 0x4c, 0xe8, 0xff, 0x48, 0x48, 0xe0, 0xff, 0x50, 0x4c, 0xe8, 0xff,
    0x48, 0x4c, 0xe0, 0xff, 0x50, 0x48, 0xe8, 0xff, 0x48, 0x48, 0xe0, 0xff,
    0x50, 0x4c, 0xe8, 0xff, 0x48, 0x48, 0xe0, 0xff, 0x48, 0x48, 0xe0, 0xff,
    0x50, 0x4c, 0xe8, 0xff, 0x48, 0x4c, 0xe0, 0xff, 0x50, 0x4c, 0xe8, 0xff,
    0x48, 0x4c, 0xe0, 0xff, 0x50, 0x48, 0xe8, 0xff, 0x48, 0x4c, 0xe0, 0xff,
    0x50, 0x4c, 0xe8, 0xff, 0x48, 0x48, 0xe0, 0xff, 0x48, 0x48, 0xe0, 0xff,
    0x50, 0x4c, 0xe8, 0xff, 0x48, 0x48, 0xe0, 0xff, 0x50, 0x48, 0xe8, 0xff,
    0x48, 0x4c, 0xe0, 0xff, 0x50, 0x4c, 0xe8, 0xff, 0x48, 0x4c, 0xe0, 0xff,
    0x50, 0x4c, 0xe8, 0xff, 0x48, 0x48, 0xe0, 0xff, 0x48, 0x4c, 0xe0, 0xff,
    0x50, 0x4c, 0xe8, 0xff, 0x48, 0x48, 0xe0, 0xff, 0x50, 0x48, 0xe8, 0xff,
    0x48, 0x4c, 0xe0, 0xff, 0x50, 0x48, 0xe8, 0xff, 0x48, 0x48, 0xe0, 0xff,
    0x50, 0x4c, 0xe8, 0xff, 0x48, 0x4c, 0xe0, 0xff, 0x48, 0x4c, 0xe0, 0xff,
    0x50, 0x4c, 0xe8, 0xff, 0x48, 0x48, 0xe0, 0xff, 0x50, 0x4c, 0xe8, 0xff,
    0x48, 0x4c, 0xe0, 0xff, 0x50, 0x48, 0xe8, 0xff, 0x48, 0x48, 0xe0, 0xff,
    0x50, 0x4c, 0xe8, 0xff, 0x48, 0x48, 0xe0, 0xff, 0x48, 0x48, 0xe0, 0xff,
    0x50, 0x4c, 0xe8, 0xff, 0x48, 0x4c, 0xe0, 0xff, 0x50, 0x4c, 0xe8, 0xff,
    0x48, 0x4c, 0xe0, 0xff, 0x50, 0x48, 0xe8, 0xff, 0x48, 0x4c, 0xe0, 0xff,
    0x50, 0x4c, 0xe8, 0xff, 0x48, 0x48, 0xe0, 0xff, 0x48, 0x48, 0xe0, 0xff,
    0x50, 0x4c, 0xe8, 0xff, 0x48, 0x48, 0xe0, 0xff, 0x50, 0x48, 0xe8, 0xff,
    0x48, 0x4c, 0xe0, 0xff, 0x50, 0x4c, 0xe8, 0xff, 0x48, 0x4c, 0xe0, 0xff,
    0x50, 0x4c, 0xe8, 0xff, 0x48, 0x48, 0xe0, 0xff, 0x50, 0x4c, 0xe8, 0xff,
    0x50, 0x4c, 0xe8, 0xff, 0x48, 0x48, 0xe0, 0xff, 0x48, 0x4c, 0xe0, 0xff,
    0x48, 0x4c, 0xe0, 0xff, 0x48, 0x4c, 0xe0, 0xff, 0x48, 0x4c, 0xe0, 0xff,
    0x48, 0x48, 0xe0, 0xff, 0x50, 0x4c, 0xe8, 0xff, 0x48, 0x4c, 0xe0, 0xff,
    0x48, 0x48, 0xe0, 0xff, 0x48, 0x4c, 0xe0, 0xff, 0x48, 0x4c, 0xe0, 0xff,
    0x48, 0x48, 0xe0, 0xff, 0x48, 0x4c, 0xe0, 0xff, 0x50, 0x4c, 0xe8, 0xff,
    0x48, 0x48, 0xe0, 0xff, 0x48, 0x4c, 0xe0, 0xff, 0x48, 0x48, 0xe0, 0xff,
    0x50, 0x4c, 0xe8, 0xff, 0x48, 0x4c, 0xe0, 0xff, 0x48, 0x48, 0xe0, 0xff,
    0x50, 0x4c, 0xe8, 0xff, 0x48, 0x4c, 0xe0, 0xff, 0x48, 0x4c, 0xe0, 0xff,
    0x50, 0x4c, 0xe8, 0xff, 0x48, 0x4c, 0xe0, 0xff, 0x48, 0x4c, 0xe0, 0xff,
    0x48, 0x4c, 0xe0, 0xff, 0x50, 0x4c, 0xe8, 0xff, 0x48, 0x4c, 0xe0, 0xff,
    0x48, 0x4c, 0xe0, 0xff, 0x48, 0x4c, 0xe0, 0xff, 0x48, 0x4c, 0xe0, 0xff,
    0x50, 0x4c, 0xe8, 0xff, 0x48, 0x4c, 0xe0, 0xff, 0x48, 0x4c, 0xe0, 0xff,
    0x50, 0x4c, 0xe8, 0xff, 0x48, 0x48, 0xe0, 0xff, 0x48, 0x4c, 0xe0, 0xff,
    0x48, 0x48, 0xe0, 0xff, 0x48, 0x4c, 0xe0, 0xff, 0x48, 0x4c, 0xe0, 0xff,
    0x48, 0x48, 0xe0, 0xff, 0x48, 0x4c, 0xe0, 0xff, 0x50, 0x4c, 0xe8, 0xff,
    0x48, 0x4c, 0xe0, 0xff, 0x48, 0x4c, 0xe0, 0xff, 0x50, 0x4c, 0xe8, 0xff,
    0x48, 0x4c, 0xe0, 0xff, 0x48, 0x4c, 0xe0, 0xff, 0x48, 0x4c, 0xe0, 0xff,
    0x48, 0x48, 0xe0, 0xff, 0x48, 0x4c, 0xe0, 0xff, 0x50, 0x4c, 0xe8, 0xff,
    0x48, 0x4c, 0xe0, 0xff, 0x48, 0x4c, 0xe0, 0xff, 0x48, 0x4c, 0xe0, 0xff,
    0x48, 0x4c, 0xe0, 0xff, 0x48, 0x4c, 0xe0, 0xff, 0x48, 0x4c, 0xe0, 0xff,
    0x48, 0x4c, 0xe0, 0xff, 0x50, 0x4c, 0xe8, 0xff, 0x48, 0x4c, 0xe0, 0xff,
    0x48, 0x48, 0xe0, 0xff, 0x50, 0x4c, 0xe8, 0xff, 0x48, 0x4c, 0xe0, 0xff,
    0x48, 0x4c, 0xe0, 0xff, 0x48, 0x4c, 0xe0, 0xff, 0x48, 0x4c, 0xe0, 0xff,
    0x48, 0x4c, 0xe0, 0xff, 0x50, 0x4c, 0xe8, 0xff, 0x48, 0x4c, 0xe0, 0xff,
    0x48, 0x4c, 0xe0, 0xff, 0x50, 0x4c, 0xe8, 0xff, 0x48, 0x4c, 0xe0, 0xff,
    0x48, 0x48, 0xe0, 0xff, 0x48, 0x4c, 0xe0, 0xff, 0x48, 0x4c, 0xe0, 0xff,
    0x48, 0x4c, 0xe0, 0xff, 0x50, 0x4c, 0xe8, 0xff, 0x48, 0x4c, 0xe0, 0xff,
    0x48, 0x4c, 0xe0, 0xff, 0x50, 0x4c, 0xe8, 0xff, 0x48, 0x4c, 0xe0, 0xff,
    0x48, 0x4c, 0xe0, 0xff, 0x48, 0x4c, 0xe0, 0xff, 0x48, 0x4c, 0xe0, 0xff,
    0x48, 0x48, 0xe0, 0xff, 0x50, 0x4c, 0xe8, 0xff, 0x48, 0x4c, 0xe0, 0xff,
    0x48, 0x4c, 0xe0, 0xff, 0x50, 0x4c, 0xe8, 0xff, 0x48, 0x4c, 0xe0, 0xff,
    0x48, 0x4c, 0xe0, 0xff, 0x48, 0x4c, 0xe0, 0xff, 0x48, 0x4c, 0xe0, 0xff,
    0x48, 0x4c, 0xe0, 0xff, 0x50, 0x4c, 0xe8, 0xff, 0x48, 0x4c, 0xe0, 0xff,
    0x48, 0x48, 0xe0, 0xff, 0x50, 0x4c, 0xe8, 0xff, 0x48, 0x4c, 0xe0, 0xff,
    0x48, 0x4c, 0xe0, 0xff, 0x48, 0x4c, 0xe0, 0xff, 0x48, 0x4c, 0xe0, 0xff,
    0x48, 0x4c, 0xe0, 0xff, 0x50, 0x4c, 0xe8, 0xff, 0x48, 0x4c, 0xe0, 0xff,
    0x48, 0x4c, 0xe0, 0xff, 0x50, 0x4c, 0xe8, 0xff, 0x48, 0x4c, 0xe0, 0xff,
    0x48, 0x48, 0xe0, 0xff, 0x48, 0x4c, 0xe0, 0xff, 0x48, 0x4c, 0xe0, 0xff,
    0x48, 0x4c, 0xe0, 0xff, 0x50, 0x4c, 0xe8, 0xff, 0x48, 0x4c, 0xe0, 0xff,
    0x48, 0x4c, 0xe0, 0xff, 0x50, 0x4c, 0xe8, 0xff, 0x48, 0x4c, 0xe0, 0xff,
    0x48, 0x4c, 0xe0, 0xff, 0x48, 0x4c, 0xe0, 0xff, 0x48, 0x4c, 0xe0, 0xff,
    0x48, 0x48, 0xe0, 0xff, 0x50, 0x4c, 0xe8, 0xff, 0x48, 0x4c, 0xe0, 0xff,
    0x48, 0x4c, 0xe0, 0xff, 0x50, 0x4c, 0xe8, 0xff, 0x48, 0x4c, 0xe0, 0xff,
    0x48, 0x4c, 0xe0, 0xff, 0x48, 0x4c, 0xe0, 0xff, 0x48, 0x4c, 0xe0, 0xff,
    0x48, 0x4c, 0xe0, 0xff, 0x50, 0x4c, 0xe8, 0xff, 0x48, 0x4c, 0xe0, 0xff,
    0x48, 0x48, 0xe0, 0xff, 0x50, 0x4c, 0xe8, 0xff, 0x48, 0x4c, 0xe0, 0xff,
    0x48, 0x4c, 0xe0, 0xff, 0x48, 0x4c, 0xe0, 0xff, 0x48, 0x4c, 0xe0, 0xff,
    0x48, 0x4c, 0xe0, 0xff, 0x50, 0x4c, 0xe8, 0xff, 0x48, 0x4c, 0xe0, 0xff,
    0x48, 0x4c, 0xe0, 0xff, 0x50, 0x4c, 0xe8, 0xff, 0x48, 0x4c, 0xe0, 0xff,
    0x48, 0x48, 0xe0, 0xff, 0x48, 0x4c, 0xe0, 0xff, 0x48, 0x4c, 0xe0, 0xff,
    0x48, 0x4c, 0xe0, 0xff, 0x50, 0x4c, 0xe8, 0xff, 0x48, 0x4c, 0xe0, 0xff,
    0x48, 0x4c, 0xe0, 0xff, 0x50, 0x4c, 0xe8, 0xff, 0x48, 0x4c, 0xe0, 0xff,
    0x48, 0x4c, 0xe0, 0xff, 0x48, 0x4c, 0xe0, 0xff, 0x48, 0x4c, 0xe0, 0xff,
    0x48, 0x48, 0xe0, 0xff, 0x50, 0x4c, 0xe8, 0xff, 0x48, 0x4c, 0xe0, 0xff,
    0x48, 0x4c, 0xe0, 0xff, 0x50, 0x4c, 0xe8, 0xff, 0x48, 0x4c, 0xe0, 0xff,
    0x48, 0x4c, 0xe0, 0xff, 0x48, 0x4c, 0xe0, 0xff, 0x48, 0x4c, 0xe0, 0xff,
    0x48, 0x4c, 0xe0, 0xff, 0x50, 0x4c, 0xe8, 0xff, 0x48, 0x4c, 0xe0, 0xff,
    0x48, 0x48, 0xe0, 0xff, 0x50, 0x4c, 0xe8, 0xff, 0x48, 0x4c, 0xe0, 0xff,
    0x48, 0x4c, 0xe0, 0xff, 0x48, 0x4c, 0xe0, 0xff, 0x48, 0x4c, 0xe0, 0xff,
    0x48, 0x4c, 0xe0, 0xff, 0x50, 0x4c, 0xe8, 0xff, 0x48, 0x4c, 0xe0, 0xff,
    0x48, 0x4c, 0xe0, 0xff, 0x50, 0x4c, 0xe8, 0xff, 0x48, 0x4c, 0xe0, 0xff,
    0x48, 0x48, 0xe0, 0xff, 0x48, 0x4c, 0xe0, 0xff, 0x48, 0x4c, 0xe0, 0xff,
    0x48, 0x4c, 0xe0, 0xff, 0x50, 0x4c, 0xe8, 0xff, 0x48, 0x4c, 0xe0, 0xff,
    0x48, 0x4c, 0xe0, 0xff, 0x50, 0x4c, 0xe8, 0xff, 0x48, 0x4c, 0xe0, 0xff,
    0x48, 0x4c, 0xe0, 0xff, 0x48, 0x4c, 0xe0, 0xff, 0x48, 0x4c, 0xe0, 0xff,
    0x48, 0x48, 0xe0, 0xff, 0x50, 0x4c, 0xe8, 0xff, 0x48, 0x4c, 0xe0, 0xff,
    0x48, 0x4c, 0xe0, 0xff, 0x48, 0x4c, 0xe0, 0xff, 0x48, 0x48, 0xe0, 0xff,
    0x50, 0x4c, 0xe8, 0xff, 0x48, 0x4c, 0xe0, 0xff, 0x50, 0x48, 0xe8, 0xff,
    0x48, 0x4c, 0xe0, 0xff, 0x48, 0x4c, 0xe0, 0xff, 0x48, 0x4c, 0xe0, 0xff,
    0x48, 0x4c, 0xe0, 0xff, 0x48, 0x48, 0xe0, 0xff, 0x50, 0x4c, 0xe8, 0xff,
    0x48, 0x4c, 0xe0, 0xff, 0x48, 0x4c, 0xe0, 0xff, 0x50, 0x4c, 0xe8, 0xff,
    0x48, 0x48, 0xe0, 0xff, 0x48, 0x4c, 0xe0, 0xff, 0x48, 0x4c, 0xe0, 0xff,
    0x48, 0x4c, 0xe0, 0xff, 0x48, 0x4c, 0xe0, 0xff, 0x48, 0x4c, 0xe0, 0xff,
    0x50, 0x4c, 0xe8, 0xff, 0x48, 0x4c, 0xe0, 0xff, 0x48, 0x4c, 0xe0, 0xff,
    0x48, 0x48, 0xe0, 0xff, 0x48, 0x48, 0xe0, 0xff, 0x48, 0x4c, 0xe0, 0xff,
    0x48, 0x48, 0xe0, 0xff, 0x48, 0x4c, 0xe0, 0xff, 0x48, 0x48, 0xe0, 0xff,
    0x48, 0x48, 0xe0, 0xff, 0x50, 0x4c, 0xe8, 0xff, 0x48, 0x48, 0xe0, 0xff,
    0x48, 0x4c, 0xe0, 0xff, 0x48, 0x48, 0xe0, 0xff, 0x48, 0x48, 0xe0, 0xff,
    0x48, 0x4c, 0xe0, 0xff, 0x50, 0x4c, 0xe8, 0xff, 0x48, 0x4c, 0xe0, 0xff,
    0x48, 0x4c, 0xe0, 0xff, 0x50, 0x4c, 0xe8, 0xff, 0x48, 0x48, 0xe0, 0xff,
    0x48, 0x4c, 0xe0, 0xff, 0x50, 0x4c, 0xe8, 0xff, 0x48, 0x4c, 0xe0, 0xff,
    0x48, 0x4c, 0xe0, 0xff, 0x48, 0x48, 0xe0, 0xff, 0x48, 0x4c, 0xe0, 0xff,
    0x48, 0x4c, 0xe0, 0xff, 0x48, 0x48, 0xe0, 0xff, 0x48, 0x4c, 0xe0, 0xff,
    0x50, 0x4c, 0xe8, 0xff, 0x48, 0x4c, 0xe0, 0xff, 0x48, 0x48, 0xe0, 0xff,
    0x50, 0x4c, 0xe8, 0xff, 0x48, 0x4c, 0xe0, 0xff, 0x48, 0x48, 0xe0, 0xff,
    0x50, 0x48, 0xe8, 0xff, 0x48, 0x4c, 0xe0, 0xff, 0x48, 0x4c, 0xe0, 0xff,
    0x50, 0x48, 0xe8, 0xff, 0x48, 0x4c, 0xe0, 0xff, 0x48, 0x4c, 0xe0, 0xff,
    0x48, 0x4c, 0xe0, 0xff, 0x48, 0x48, 0xe0, 0xff, 0x48, 0x4c, 0xe0, 0xff,
    0x48, 0x4c, 0xe0, 0xff, 0x48, 0x48, 0xe0, 0xff, 0x48, 0x4c, 0xe0, 0xff,
    0x50, 0x48, 0xe8, 0xff, 0x48, 0x4c, 0xe0, 0xff, 0x48, 0x4c, 0xe0, 0xff,
    0x48, 0x48, 0xe0, 0xff, 0x48, 0x4c, 0xe0, 0xff, 0x48, 0x4c, 0xe0, 0xff,
    0x48, 0x4c, 0xe0, 0xff, 0x48, 0x48, 0xe0, 0xff, 0x48, 0x4c, 0xe0, 0xff,
    0x50, 0x4c, 0xe8, 0xff, 0x48, 0x48, 0xe0, 0xff, 0x48, 0x4c, 0xe0, 0xff,
    0x48, 0x48, 0xe0, 0xff, 0x48, 0x4c, 0xe0, 0xff, 0x48, 0x4c, 0xe0, 0xff,
    0x48, 0x48, 0xe0, 0xff, 0x48, 0x4c, 0xe0, 0xff, 0x48, 0x4c, 0xe0, 0xff,
    0x50, 0x4c, 0xe8, 0xff, 0x48, 0x48, 0xe0, 0xff, 0x48, 0x4c, 0xe0, 0xff,
    0x48, 0x4c, 0xe0, 0xff, 0x48, 0x48, 0xe0, 0xff, 0x48, 0x4c, 0xe0, 0xff,
    0x48, 0x48, 0xe0, 0xff, 0x48, 0x4c, 0xe0, 0xff, 0x48, 0x4c, 0xe0, 0xff,
    0x50, 0x48, 0xe8, 0xff, 0x48, 0x4c, 0xe0, 0xff, 0x48, 0x4c, 0xe0, 0xff,
    0x48, 0x4c, 0xe0, 0xff, 0x48, 0x48, 0xe0, 0xff, 0x48, 0x4c, 0xe0, 0xff,
    0x48, 0x4c, 0xe0, 0xff, 0x48, 0x48, 0xe0, 0xff, 0x48, 0x4c, 0xe0, 0xff,
    0x50, 0x48, 0xe8, 0xff, 0x48, 0x4c, 0xe0, 0xff, 0x48, 0x4c, 0xe0, 0xff,
    0x48, 0x48, 0xe0, 0xff, 0x48, 0x4c, 0xe0, 0xff, 0x48, 0x4c, 0xe0, 0xff,
    0x48, 0x4c, 0xe0, 0xff, 0x48, 0x48, 0xe0, 0xff, 0x48, 0x4c, 0xe0, 0xff,
    0x50, 0x4c, 0xe8, 0xff, 0x48, 0x48, 0xe0, 0xff, 0x48, 0x4c, 0xe0, 0xff,
    0x48, 0x48, 0xe0, 0xff, 0x48, 0x4c, 0xe0, 0xff, 0x48, 0x4c, 0xe0, 0xff,
    0x48, 0x48, 0xe0, 0xff, 0x48, 0x4c, 0xe0, 0xff, 0x48, 0x4c, 0xe0, 0xff,
    0x50, 0x4c, 0xe8, 0xff, 0x48, 0x48, 0xe0, 0xff, 0x48, 0x4c, 0xe0, 0xff,
    0x48, 0x4c, 0xe0, 0xff, 0x48, 0x48, 0xe0, 0xff, 0x48, 0x4c, 0xe0, 0xff,
    0x48, 0x48, 0xe0, 0xff, 0x48, 0x4c, 0xe0, 0xff, 0x48, 0x4c, 0xe0, 0xff,
    0x50, 0x48, 0xe8, 0xff, 0x48, 0x4c, 0xe0, 0xff, 0x48, 0x4c, 0xe0, 0xff,
    0x48, 0x4c, 0xe0, 0xff, 0x48, 0x48, 0xe0, 0xff, 0x48, 0x4c, 0xe0, 0xff,
    0x48, 0x4c, 0xe0, 0xff, 0x48, 0x48, 0xe0, 0xff, 0x48, 0x4c, 0xe0, 0xff,
    0x50, 0x48, 0xe8, 0xff, 0x48, 0x4c, 0xe0, 0xff, 0x48, 0x4c, 0xe0, 0xff,
    0x48, 0x48, 0xe0, 0xff, 0x48, 0x4c, 0xe0, 0xff, 0x48, 0x4c, 0xe0, 0xff,
    0x48, 0x4c, 0xe0, 0xff, 0x48, 0x48, 0xe0, 0xff, 0x48, 0x4c, 0xe0, 0xff,
    0x50, 0x4c, 0xe8, 0xff, 0x48, 0x48, 0xe0, 0xff, 0x48, 0x4c, 0xe0, 0xff,
    0x48, 0x48, 0xe0, 0xff, 0x48, 0x4c, 0xe0, 0xff, 0x48, 0x4c, 0xe0, 0xff,
    0x48, 0x48, 0xe0, 0xff, 0x48, 0x4c, 0xe0, 0xff, 0x48, 0x4c, 0xe0, 0xff,
    0x50, 0x4c, 0xe8, 0xff, 0x48, 0x48, 0xe0, 0xff, 0x48, 0x4c, 0xe0, 0xff,
    0x48, 0x4c, 0xe0, 0xff, 0x48, 0x48, 0xe0, 0xff, 0x48, 0x4c, 0xe0, 0xff,
    0x48, 0x48, 0xe0, 0xff, 0x48, 0x4c, 0xe0, 0xff, 0x48, 0x4c, 0xe0, 0xff,
    0x50, 0x48, 0xe8, 0xff, 0x48, 0x4c, 0xe0, 0xff, 0x48, 0x4c, 0xe0, 0xff,
    0x48, 0x4c, 0xe0, 0xff, 0x48, 0x48, 0xe0, 0xff, 0x48, 0x4c, 0xe0, 0xff,
    0x48, 0x4c, 0xe0, 0xff, 0x48, 0x48, 0xe0, 0xff, 0x48, 0x4c, 0xe0, 0xff,
    0x50, 0x48, 0xe8, 0xff, 0x48, 0x4c, 0xe0, 0xff, 0x48, 0x4c, 0xe0, 0xff,
    0x48, 0x48, 0xe0, 0xff, 0x48, 0x4c, 0xe0, 0xff, 0x48, 0x4c, 0xe0, 0xff,
    0x48, 0x4c, 0xe0, 0xff, 0x48, 0x48, 0xe0, 0xff, 0x48, 0x4c, 0xe0, 0xff,
    0x50, 0x4c, 0xe8, 0xff, 0x48, 0x48, 0xe0, 0xff, 0x48, 0x4c, 0xe0, 0xff,
    0x48, 0x48, 0xe0, 0xff, 0x48, 0x4c, 0xe0, 0xff, 0x48, 0x4c, 0xe0, 0xff,
    0x48, 0x48, 0xe0, 0xff, 0x48, 0x4c, 0xe0, 0xff, 0x48, 0x4c, 0xe0, 0xff,
    0x50, 0x4c, 0xe8, 0xff, 0x48, 0x48, 0xe0, 0xff, 0x48, 0x4c, 0xe0, 0xff,
    0x48, 0x4c, 0xe0, 0xff, 0x48, 0x48, 0xe0, 0xff, 0x48, 0x4c, 0xe0, 0xff,
    0x48, 0x4c, 0xe0, 0xff, 0x48, 0x4c, 0xe0, 0xff, 0x48, 0x4c, 0xe0, 0xff,
    0x48, 0x4c, 0xe0, 0xff, 0x50, 0x48, 0xe8, 0xff, 0x48, 0x4c, 0xe0, 0xff,
    0x50, 0x4c, 0xe8, 0xff, 0x50, 0x48, 0xe8, 0xff, 0x48, 0x4c, 0xe0, 0xff,
    0x48, 0x4c, 0xe0, 0xff, 0x50, 0x4c, 0xe8, 0xff, 0x48, 0x48, 0xe0, 0xff,
    0x48, 0x4c, 0xe0, 0xff, 0x50, 0x4c, 0xe8, 0xff, 0x48, 0x4c, 0xe0, 0xff,
    0x48, 0x4c, 0xe0, 0xff, 0x48, 0x4c, 0xe0, 0xff, 0x48, 0x4c, 0xe0, 0xff,
    0x48, 0x48, 0xe0, 0xff, 0x48, 0x4c, 0xe0, 0xff, 0x48, 0x48, 0xe0, 0xff,
    0x50, 0x4c, 0xe8, 0xff, 0x48, 0x4c, 0xe0, 0xff, 0x50, 0x4c, 0xe8, 0xff,
    0x48, 0x4c, 0xe0, 0xff, 0x50, 0x4c, 0xe8, 0xff, 0x48, 0x4c, 0xe0, 0xff,
    0x50, 0x4c, 0xe8, 0xff, 0x48, 0x4c, 0xe0, 0xff, 0x48, 0x4c, 0xe0, 0xff,
    0x48, 0x4c, 0xe0, 0xff, 0x50, 0x4c, 0xe8, 0xff, 0x48, 0x4c, 0xe0, 0xff,
    0x50, 0x4c, 0xe8, 0xff, 0x48, 0x4c, 0xe0, 0xff, 0x48, 0x48, 0xe0, 0xff,
    0x48, 0x4c, 0xe0, 0xff, 0x48, 0x48, 0xe0, 0xff, 0x48, 0x4c, 0xe0, 0xff,
    0x50, 0x4c, 0xe8, 0xff, 0x48, 0x4c, 0xe0, 0xff, 0x48, 0x48, 0xe0, 0xff,
    0x50, 0x4c, 0xe8, 0xff, 0x48, 0x4c, 0xe0, 0xff, 0x48, 0x48, 0xe0, 0xff,
    0x50, 0x4c, 0xe8, 0xff, 0x48, 0x4c, 0xe0, 0xff, 0x50, 0x48, 0xe8, 0xff,
    0x48, 0x4c, 0xe0, 0xff, 0x48, 0x4c, 0xe0, 0xff, 0x50, 0x48, 0xe8, 0xff,
    0x48, 0x4c, 0xe0, 0xff, 0x48, 0x4c, 0xe0, 0xff, 0x48, 0x4c, 0xe0, 0xff,
    0x48, 0x4c, 0xe0, 0xff, 0x48, 0x4c, 0xe0, 0xff, 0x50, 0x4c, 0xe8, 0xff,
    0x48, 0x4c, 0xe0, 0xff, 0x48, 0x48, 0xe0, 0xff, 0x50, 0x4c, 0xe8, 0xff,
    0x48, 0x4c, 0xe0, 0xff, 0x48, 0x48, 0xe0, 0xff, 0x50, 0x4c, 0xe8, 0xff,
    0x48, 0x4c, 0xe0, 0xff, 0x50, 0x4c, 0xe8, 0xff, 0x48, 0x4c, 0xe0, 0xff,
    0x48, 0x48, 0xe0, 0xff, 0x50, 0x4c, 0xe8, 0xff, 0x48, 0x4c, 0xe0, 0xff,
    0x48, 0x48, 0xe0, 0xff, 0x50, 0x4c, 0xe8, 0xff, 0x48, 0x4c, 0xe0, 0xff,
    0x50, 0x48, 0xe8, 0xff, 0x48, 0x4c, 0xe0, 0xff, 0x48, 0x4c, 0xe0, 0xff,
    0x50, 0x48, 0xe8, 0xff, 0x48, 0x4c, 0xe0, 0xff, 0x48, 0x4c, 0xe0, 0xff,
    0x50, 0x4c, 0xe8, 0xff, 0x48, 0x48, 0xe0, 0xff, 0x48, 0x4c, 0xe0, 0xff,
    0x50, 0x4c, 0xe8, 0xff, 0x48, 0x48, 0xe0, 0xff, 0x50, 0x4c, 0xe8, 0xff,
    0x48, 0x4c, 0xe0, 0xff, 0x48, 0x48, 0xe0, 0xff, 0x50, 0x4c, 0xe8, 0xff,
    0x48, 0x4c, 0xe0, 0xff, 0x48, 0x4c, 0xe0, 0xff, 0x50, 0x4c, 0xe8, 0xff,
    0x48, 0x48, 0xe0, 0xff, 0x50, 0x4c, 0xe8, 0xff, 0x48, 0x4c, 0xe0, 0xff,
    0x48, 0x48, 0xe0, 0xff, 0x50, 0x4c, 0xe8, 0xff, 0x48, 0x4c, 0xe0, 0xff,
    0x48, 0x48, 0xe0, 0xff, 0x50, 0x4c, 0xe8, 0xff, 0x48, 0x4c, 0xe0, 0xff,
    0x50, 0x48, 0xe8, 0xff, 0x48, 0x4c, 0xe0, 0xff, 0x48, 0x4c, 0xe0, 0xff,
    0x50, 0x4c, 0xe8, 0xff, 0x48, 0x48, 0xe0, 0xff, 0x48, 0x4c, 0xe0, 0xff,
    0x50, 0x4c, 0xe8, 0xff, 0x48, 0x48, 0xe0, 0xff, 0x48, 0x4c, 0xe0, 0xff,
    0x50, 0x4c, 0xe8, 0xff, 0x48, 0x48, 0xe0, 0xff, 0x50, 0x4c, 0xe8, 0xff,
    0x48, 0x4c, 0xe0, 0xff, 0x48, 0x4c, 0xe0, 0xff, 0x50, 0x4c, 0xe8, 0xff,
    0x48, 0x48, 0xe0, 0xff, 0x48, 0x4c, 0xe0, 0xff, 0x50, 0x4c, 0xe8, 0xff,
    0x48, 0x48, 0xe0, 0xff, 0x50, 0x4c, 0xe8, 0xff, 0x48, 0x4c, 0xe0, 0xff,
    0x48, 0x48, 0xe0, 0xff, 0x50, 0x4c, 0xe8, 0xff, 0x48, 0x4c, 0xe0, 0xff,
    0x48, 0x48, 0xe0, 0xff, 0x50, 0x4c, 0xe8, 0xff, 0x48, 0x4c, 0xe0, 0xff,
    0x50, 0x4c, 0xe8, 0xff, 0x48, 0x48, 0xe0, 0xff, 0x48, 0x4c, 0xe0, 0xff,
    0x50, 0x4c, 0xe8, 0xff, 0x48, 0x48, 0xe0, 0xff, 0x48, 0x4c, 0xe0, 0xff,
    0x50, 0x4c, 0xe8, 0xff, 0x48, 0x48, 0xe0, 0xff, 0x48, 0x4c, 0xe0, 0xff,
    0x50, 0x4c, 0xe8, 0xff, 0x48, 0x4c, 0xe0, 0xff, 0x50, 0x4c, 0xe8, 0xff,
    0x48, 0x48, 0xe0, 0xff, 0x48, 0x4c, 0xe0, 0xff, 0x50, 0x4c, 0xe8, 0xff,
    0x48, 0x48, 0xe0, 0xff, 0x48, 0x4c, 0xe0, 0xff, 0x50, 0x4c, 0xe8, 0xff,
    0x48, 0x48, 0xe0, 0xff, 0x50, 0x4c, 0xe8, 0xff, 0x48, 0x4c, 0xe0, 0xff,
    0x48, 0x48, 0xe0, 0xff, 0x50, 0x4c, 0xe8, 0xff, 0x48, 0x4c, 0xe0, 0xff,
    0x48, 0x4c, 0xe0, 0xff, 0x50, 0x48, 0xe8, 0xff, 0x48, 0x4c, 0xe0, 0xff,
    0x50, 0x4c, 0xe8, 0xff, 0x48, 0x48, 0xe0, 0xff, 0x48, 0x4c, 0xe0, 0xff,
    0x50, 0x4c, 0xe8, 0xff, 0x48, 0x48, 0xe0, 0xff, 0x48, 0x4c, 0xe0, 0xff,
    0x50, 0x4c, 0xe8, 0xff, 0x48, 0x4c, 0xe0, 0xff, 0x48, 0x4c, 0xe0, 0xff,
    0x50, 0x48, 0xe8, 0xff, 0x48, 0x4c, 0xe0, 0xff, 0x50, 0x4c, 0xe8, 0xff,
    0x48, 0x48, 0xe0, 0xff, 0x48, 0x4c, 0xe0, 0xff, 0x50, 0x4c, 0xe8, 0xff,
    0x48, 0x48, 0xe0, 0xff, 0x48, 0x4c, 0xe0, 0xff, 0x50, 0x4c, 0xe8, 0xff,
    0x48, 0x48, 0xe0, 0xff, 0x50, 0x4c, 0xe8, 0xff, 0x48, 0x4c, 0xe0, 0xff,
    0x48, 0x4c, 0xe0, 0xff, 0x50, 0x48, 0xe8, 0xff, 0x48, 0x4c, 0xe0, 0xff,
    0x48, 0x4c, 0xe0, 0xff, 0x50, 0x48, 0xe8, 0xff, 0x48, 0x4c, 0xe0, 0xff,
    0x50, 0x4c, 0xe8, 0xff, 0x48, 0x48, 0xe0, 0xff, 0x48, 0x4c, 0xe0, 0xff,
    0x50, 0x4c, 0xe8, 0xff, 0x48, 0x4c, 0xe0, 0xff, 0x48, 0x4c, 0xe0, 0xff,
    0x50, 0x48, 0xe8, 0xff, 0x48, 0x4c, 0xe0, 0xff, 0x48, 0x4c, 0xe0, 0xff,
    0x50, 0x48, 0xe8, 0xff, 0x48, 0x4c, 0xe0, 0xff, 0x50, 0x4c, 0xe8, 0xff,
    0x48, 0x48, 0xe0, 0xff, 0x48, 0x4c, 0xe0, 0xff, 0x50, 0x4c, 0xe8, 0xff,
    0x48, 0x48, 0xe0, 0xff, 0x48, 0x4c, 0xe0, 0xff, 0x50, 0x4c, 0xe8, 0xff,
    0x48, 0x48, 0xe0, 0xff, 0x50, 0x4c, 0xe8, 0xff, 0x50, 0x4c, 0xe8, 0xff,
    0x48, 0x48, 0xe0, 0xff, 0x48, 0x4c, 0xe0, 0xff, 0x48, 0x4c, 0xe0, 0xff,
    0x48, 0x4c, 0xe0, 0xff, 0x48, 0x4c, 0xe0, 0xff, 0x48, 0x48, 0xe0, 0xff,
    0x48, 0x4c, 0xe0, 0xff, 0x48, 0x4c, 0xe0, 0xff, 0x48, 0x4c, 0xe0, 0xff,
    0x48, 0x48, 0xe0, 0xff, 0x48, 0x4c, 0xe0, 0xff, 0x48, 0x4c, 0xe0, 0xff,
    0x48, 0x48, 0xe0, 0xff, 0x50, 0x4c, 0xe8, 0xff, 0x48, 0x48, 0xe0, 0xff,
    0x48, 0x4c, 0xe0, 0xff, 0x00, 0x00, 0x00, 0x00, 0x50, 0x4c, 0xe8, 0xff,
    0x48, 0x4c, 0xe0, 0xff, 0x48, 0x48, 0xe0, 0xff, 0x48, 0x4c, 0xe0, 0xff,
    0x48, 0x4c, 0xe0, 0xff, 0x48, 0x48, 0xe0, 0xff, 0x50, 0x4c, 0xe8, 0xff,
    0x48, 0x4c, 0xe0, 0xff, 0x48, 0x48, 0xe0, 0xff, 0x48, 0x4c, 0xe0, 0xff,
    0x50, 0x4c, 0xe8, 0xff, 0x48, 0x48, 0xe0, 0xff, 0x48, 0x4c, 0xe0, 0xff,
    0x48, 0x4c, 0xe0, 0xff, 0x48, 0x48, 0xe0, 0xff, 0x50, 0x4c, 0xe8, 0xff,
    0x48, 0x4c, 0xe0, 0xff, 0x48, 0x4c, 0xe0, 0xff, 0x50, 0x4c, 0xe8, 0xff,
    0x48, 0x48, 0xe0, 0xff, 0x48, 0x4c, 0xe0, 0xff, 0x48, 0x4c, 0xe0, 0xff,
    0x48, 0x4c, 0xe0, 0xff, 0x48, 0x4c, 0xe0, 0xff, 0x48, 0x48, 0xe0, 0xff,
    0x48, 0x4c, 0xe0, 0xff, 0x50, 0x4c, 0xe8, 0xff, 0x48, 0x4c, 0xe0, 0xff,
    0x48, 0x4c, 0xe0, 0xff, 0x48, 0x4c, 0xe0, 0xff, 0x50, 0x4c, 0xe8, 0xff,
    0x48, 0x4c, 0xe0, 0xff, 0x48, 0x48, 0xe0, 0xff, 0x50, 0x4c, 0xe8, 0xff,
    0x48, 0x4c, 0xe0, 0xff, 0x48, 0x48, 0xe0, 0xff, 0x50, 0x4c, 0xe8, 0xff,
    0x48, 0x4c, 0xe0, 0xff, 0x48, 0x48, 0xe0, 0xff, 0x48, 0x4c, 0xe0, 0xff,
    0x48, 0x4c, 0xe0, 0xff, 0x48, 0x4c, 0xe0, 0xff, 0x48, 0x4c, 0xe0, 0xff,
    0x50, 0x48, 0xe8, 0xff, 0x48, 0x4c, 0xe0, 0xff, 0x48, 0x4c, 0xe0, 0xff,
    0x48, 0x48, 0xe0, 0xff, 0x50, 0x4c, 0xe8, 0xff, 0x48, 0x4c, 0xe0, 0xff,
    0x48, 0x4c, 0xe0, 0xff, 0x48, 0x4c, 0xe0, 0xff, 0x48, 0x4c, 0xe0, 0xff,
    0x48, 0x4c, 0xe0, 0xff, 0x50, 0x4c, 0xe8, 0xff, 0x48, 0x48, 0xe0, 0xff,
    0x48, 0x4c, 0xe0, 0xff, 0x50, 0x4c, 0xe8, 0xff, 0x48, 0x4c, 0xe0, 0xff,
    0x48, 0x4c, 0xe0, 0xff, 0x48, 0x4c, 0xe0, 0xff, 0x48, 0x4c, 0xe0, 0xff,
    0x50, 0x4c, 0xe8, 0xff, 0x48, 0x4c, 0xe0, 0xff, 0x48, 0x4c, 0xe0, 0xff,
    0x50, 0x4c, 0xe8, 0xff, 0x48, 0x4c, 0xe0, 0xff, 0x48, 0x48, 0xe0, 0xff,
    0x48, 0x4c, 0xe0, 0xff, 0x48, 0x4c, 0xe0, 0xff, 0x48, 0x48, 0xe0, 0xff,
    0x50, 0x4c, 0xe8, 0xff, 0x48, 0x4c, 0xe0, 0xff, 0x48, 0x4c, 0xe0, 0xff,
    0x48, 0x4c, 0xe0, 0xff, 0x50, 0x4c, 0xe8, 0xff, 0x48, 0x4c, 0xe0, 0xff,
    0x48, 0x4c, 0xe0, 0xff, 0x48, 0x4c, 0xe0, 0xff, 0x48, 0x48, 0xe0, 0xff,
    0x48, 0x4c, 0xe0, 0xff, 0x50, 0x4c, 0xe8, 0xff, 0x48, 0x4c, 0xe0, 0xff,
    0x48, 0x4c, 0xe0, 0xff, 0x50, 0x4c, 0xe8, 0xff, 0x48, 0x4c, 0xe0, 0xff,
    0x48, 0x4c, 0xe0, 0xff, 0x48, 0x4c, 0xe0, 0xff, 0x48, 0x4c, 0xe0, 0xff,
    0x50, 0x4c, 0xe8, 0xff, 0x48, 0x4c, 0xe0, 0xff, 0x48, 0x48, 0xe0, 0xff,
    0x50, 0x4c, 0xe8, 0xff, 0x48, 0x4c, 0xe0, 0xff, 0x48, 0x48, 0xe0, 0xff,
    0x48, 0x4c, 0xe0, 0xff, 0x48, 0x4c, 0xe0, 0xff, 0x48, 0x4c, 0xe0, 0xff,
    0x50, 0x4c, 0xe8, 0xff, 0x48, 0x4c, 0xe0, 0xff, 0x48, 0x4c, 0xe0, 0xff,
    0x48, 0x4c, 0xe0, 0xff, 0x50, 0x4c, 0xe8, 0xff, 0x48, 0x48, 0xe0, 0xff,
    0x48, 0x4c, 0xe0, 0xff, 0x48, 0x4c, 0xe0, 0xff, 0x48, 0x4c, 0xe0, 0xff,
    0x48, 0x4c, 0xe0, 0xff, 0x50, 0x4c, 0xe8, 0xff, 0x48, 0x4c, 0xe0, 0xff,
    0x48, 0x4c, 0xe0, 0xff, 0x50, 0x4c, 0xe8, 0xff, 0x48, 0x4c, 0xe0, 0xff,
    0x48, 0x4c, 0xe0, 0xff, 0x48, 0x4c, 0xe0, 0xff, 0x48, 0x48, 0xe0, 0xff,
    0x50, 0x4c, 0xe8, 0xff, 0x48, 0x4c, 0xe0, 0xff, 0x48, 0x48, 0xe0, 0xff,
    0x50, 0x4c, 0xe8, 0xff, 0x48, 0x4c, 0xe0, 0xff, 0x48, 0x4c, 0xe0, 0xff,
    0x48, 0x4c, 0xe0, 0xff, 0x48, 0x4c, 0xe0, 0xff, 0x48, 0x4c, 0xe0, 0xff,
    0x50, 0x4c, 0xe8, 0xff, 0x48, 0x4c, 0xe0, 0xff, 0x48, 0x48, 0xe0, 0xff,
    0x48, 0x4c, 0xe0, 0xff, 0x50, 0x4c, 0xe8, 0xff, 0x48, 0x4c, 0xe0, 0xff,
    0x48, 0x4c, 0xe0, 0xff, 0x48, 0x4c, 0xe0, 0xff, 0x48, 0x4c, 0xe0, 0xff,
    0x48, 0x4c, 0xe0, 0xff, 0x50, 0x4c, 0xe8, 0xff, 0x48, 0x4c, 0xe0, 0xff,
    0x48, 0x4c, 0xe0, 0xff, 0x50, 0x4c, 0xe8, 0xff, 0x48, 0x48, 0xe0, 0xff,
    0x48, 0x4c, 0xe0, 0xff, 0x48, 0x4c, 0xe0, 0xff, 0x48, 0x48, 0xe0, 0xff,
    0x50, 0x4c, 0xe8, 0xff, 0x48, 0x4c, 0xe0, 0xff, 0x48, 0x4c, 0xe0, 0xff,
    0x50, 0x4c, 0xe8, 0xff, 0x48, 0x4c, 0xe0, 0xff, 0x48, 0x4c, 0xe0, 0xff,
    0x48, 0x4c, 0xe0, 0xff, 0x48, 0x4c, 0xe0, 0xff, 0x48, 0x48, 0xe0, 0xff,
    0x50, 0x4c, 0xe8, 0xff, 0x48, 0x4c, 0xe0, 0xff, 0x48, 0x4c, 0xe0, 0xff,
    0x48, 0x4c, 0xe0, 0xff, 0x50, 0x4c, 0xe8, 0xff, 0x48, 0x4c, 0xe0, 0xff,
    0x48, 0x4c, 0xe0, 0xff, 0x48, 0x4c, 0xe0, 0xff, 0x48, 0x4c, 0xe0, 0xff,
    0x48, 0x4c, 0xe0, 0xff, 0x50, 0x4c, 0xe8, 0xff, 0x48, 0x48, 0xe0, 0xff,
    0x48, 0x4c, 0xe0, 0xff, 0x50, 0x4c, 0xe8, 0xff, 0x48, 0x48, 0xe0, 0xff,
    0x48, 0x4c, 0xe0, 0xff, 0x48, 0x4c, 0xe0, 0xff, 0x48, 0x4c, 0xe0, 0xff,
    0x50, 0x4c, 0xe8, 0xff, 0x48, 0x4c, 0xe0, 0xff, 0x48, 0x4c, 0xe0, 0xff,
    0x50, 0x4c, 0xe8, 0xff, 0x48, 0x4c, 0xe0, 0xff, 0x48, 0x48, 0xe0, 0xff,
    0x48, 0x4c, 0xe0, 0xff, 0x48, 0x4c, 0xe0, 0xff, 0x48, 0x4c, 0xe0, 0xff,
    0x50, 0x4c, 0xe8, 0xff, 0x48, 0x4c, 0xe0, 0xff, 0x48, 0x4c, 0xe0, 0xff,
    0x48, 0x4c, 0xe0, 0xff, 0x48, 0x48, 0xe0, 0xff, 0x50, 0x4c, 0xe8, 0xff,
    0x48, 0x48, 0xe0, 0xff, 0x50, 0x4c, 0xe8, 0xff, 0x48, 0x4c, 0xe0, 0xff,
    0x48, 0x48, 0xe0, 0xff, 0x50, 0x4c, 0xe8, 0xff, 0x48, 0x4c, 0xe0, 0xff,
    0x48, 0x4c, 0xe0, 0xff, 0x50, 0x48, 0xe8, 0xff, 0x48, 0x4c, 0xe0, 0xff,
    0x50, 0x4c, 0xe8, 0xff, 0x48, 0x4c, 0xe0, 0xff, 0x48, 0x4c, 0xe0, 0xff,
    0x48, 0x48, 0xe0, 0xff, 0x50, 0x4c, 0xe8, 0xff, 0x00, 0x00, 0x00, 0x00,
    0x00, 0x00, 0x00, 0x00, 0x48, 0x4c, 0xe0, 0xff, 0x50, 0x4c, 0xe8, 0xff,
    0x48, 0x4c, 0xe0, 0xff, 0x48, 0x4c, 0xe0, 0xff, 0x50, 0x48, 0xe8, 0xff,
    0x48, 0x4c, 0xe0, 0xff, 0x48, 0x4c, 0xe0, 0xff, 0x48, 0x48, 0xe0, 0xff,
    0x48, 0x4c, 0xe0, 0xff, 0x48, 0x4c, 0xe0, 0xff, 0x50, 0x48, 0xe8, 0xff,
    0x48, 0x4c, 0xe0, 0xff, 0x48, 0x4c, 0xe0, 0xff, 0x50, 0x48, 0xe8, 0xff,
    0x48, 0x4c, 0xe0, 0xff, 0x48, 0x4c, 0xe0, 0xff, 0x48, 0x48, 0xe0, 0xff,
    0x50, 0x4c, 0xe8, 0xff, 0x48, 0x4c, 0xe0, 0xff, 0x50, 0x4c, 0xe8, 0xff,
    0x48, 0x48, 0xe0, 0xff, 0x48, 0x4c, 0xe0, 0xff, 0x50, 0x4c, 0xe8, 0xff,
    0x48, 0x48, 0xe0, 0xff, 0x48, 0x4c, 0xe0, 0xff, 0x50, 0x4c, 0xe8, 0xff,
    0x48, 0x4c, 0xe0, 0xff, 0x48, 0x48, 0xe0, 0xff, 0x48, 0x4c, 0xe0, 0xff,
    0x48, 0x48, 0xe0, 0xff, 0x48, 0x4c, 0xe0, 0xff, 0x48, 0x4c, 0xe0, 0xff,
    0x48, 0x4c, 0xe0, 0xff, 0x48, 0x4c, 0xe0, 0xff, 0x50, 0x48, 0xe8, 0xff,
    0x48, 0x4c, 0xe0, 0xff, 0x48, 0x4c, 0xe0, 0xff, 0x50, 0x48, 0xe8, 0xff,
    0x48, 0x4c, 0xe0, 0xff, 0x50, 0x4c, 0xe8, 0xff, 0x48, 0x48, 0xe0, 0xff,
    0x48, 0x4c, 0xe0, 0xff, 0x50, 0x4c, 0xe8, 0xff, 0x48, 0x4c, 0xe0, 0xff,
    0x48, 0x4c, 0xe0, 0xff, 0x48, 0x48, 0xe0, 0xff, 0x48, 0x4c, 0xe0, 0xff,
    0x48, 0x4c, 0xe0, 0xff, 0x50, 0x48, 0xe8, 0xff, 0x48, 0x4c, 0xe0, 0xff,
    0x50, 0x48, 0xe8, 0xff, 0x48, 0x4c, 0xe0, 0xff, 0x48, 0x4c, 0xe0, 0xff,
    0x48, 0x48, 0xe0, 0xff, 0x48, 0x4c, 0xe0, 0xff, 0x48, 0x4c, 0xe0, 0xff,
    0x48, 0x48, 0xe0, 0xff, 0x50, 0x4c, 0xe8, 0xff, 0x48, 0x48, 0xe0, 0xff,
    0x48, 0x48, 0xe0, 0xff, 0x50, 0x4c, 0xe8, 0xff, 0x48, 0x48, 0xe0, 0xff,
    0x48, 0x4c, 0xe0, 0xff, 0x48, 0x48, 0xe0, 0xff, 0x48, 0x4c, 0xe0, 0xff,
    0x48, 0x4c, 0xe0, 0xff, 0x50, 0x4c, 0xe8, 0xff, 0x48, 0x4c, 0xe0, 0xff,
    0x48, 0x4c, 0xe0, 0xff, 0x50, 0x48, 0xe8, 0xff, 0x48, 0x4c, 0xe0, 0xff,
    0x48, 0x4c, 0xe0, 0xff, 0x48, 0x48, 0xe0, 0xff, 0x48, 0x4c, 0xe0, 0xff,
    0x48, 0x48, 0xe0, 0xff, 0x50, 0x4c, 0xe8, 0xff, 0x48, 0x4c, 0xe0, 0xff,
    0x50, 0x48, 0xe8, 0xff, 0x48, 0x4c, 0xe0, 0xff, 0x48, 0x4c, 0xe0, 0xff,
    0x48, 0x48, 0xe0, 0xff, 0x48, 0x4c, 0xe0, 0xff, 0x48, 0x48, 0xe0, 0xff,
    0x48, 0x48, 0xe0, 0xff, 0x50, 0x4c, 0xe8, 0xff, 0x48, 0x48, 0xe0, 0xff,
    0x48, 0x4c, 0xe0, 0xff, 0x50, 0x48, 0xe8, 0xff, 0x48, 0x4c, 0xe0, 0xff,
    0x48, 0x4c, 0xe0, 0xff, 0x48, 0x4c, 0xe0, 0xff, 0x48, 0x4c, 0xe0, 0xff,
    0x48, 0x4c, 0xe0, 0xff, 0x50, 0x48, 0xe8, 0xff, 0x48, 0x4c, 0xe0, 0xff,
    0x48, 0x4c, 0xe0, 0xff, 0x50, 0x48, 0xe8, 0xff, 0x48, 0x4c, 0xe0, 0xff,
    0x48, 0x48, 0xe0, 0xff, 0x48, 0x4c, 0xe0, 0xff, 0x48, 0x4c, 0xe0, 0xff,
    0x48, 0x48, 0xe0, 0xff, 0x50, 0x4c, 0xe8, 0xff, 0x48, 0x4c, 0xe0, 0xff,
    0x50, 0x48, 0xe8, 0xff, 0x48, 0x4c, 0xe0, 0xff, 0x48, 0x48, 0xe0, 0xff,
    0x48, 0x48, 0xe0, 0xff, 0x48, 0x4c, 0xe0, 0xff, 0x48, 0x48, 0xe0, 0xff,
    0x48, 0x4c, 0xe0, 0xff, 0x50, 0x48, 0xe8, 0xff, 0x48, 0x4c, 0xe0, 0xff,
    0x48, 0x4c, 0xe0, 0xff, 0x50, 0x4c, 0xe8, 0xff, 0x48, 0x4c, 0xe0, 0xff,
    0x48, 0x4c, 0xe0, 0xff, 0x48, 0x48, 0xe0, 0xff, 0x48, 0x4c, 0xe0, 0xff,
    0x48, 0x4c, 0xe0, 0xff, 0x50, 0x48, 0xe8, 0xff, 0x48, 0x4c, 0xe0, 0xff,
    0x48, 0x48, 0xe0, 0xff, 0x50, 0x4c, 0xe8, 0xff, 0x48, 0x4c, 0xe0, 0xff,
    0x48, 0x48, 0xe0, 0xff, 0x48, 0x4c, 0xe0, 0xff, 0x48, 0x4c, 0xe0, 0xff,
    0x48, 0x48, 0xe0, 0xff, 0x50, 0x4c, 0xe8, 0xff, 0x48, 0x48, 0xe0, 0xff,
    0x50, 0x48, 0xe8, 0xff, 0x48, 0x4c, 0xe0, 0xff, 0x48, 0x48, 0xe0, 0xff,
    0x48, 0x4c, 0xe0, 0xff, 0x48, 0x48, 0xe0, 0xff, 0x48, 0x4c, 0xe0, 0xff,
    0x48, 0x4c, 0xe0, 0xff, 0x50, 0x4c, 0xe8, 0xff, 0x48, 0x4c, 0xe0, 0xff,
    0x48, 0x4c, 0xe0, 0xff, 0x50, 0x48, 0xe8, 0xff, 0x48, 0x4c, 0xe0, 0xff,
    0x48, 0x4c, 0xe0, 0xff, 0x48, 0x48, 0xe0, 0xff, 0x48, 0x4c, 0xe0, 0xff,
    0x48, 0x48, 0xe0, 0xff, 0x50, 0x4c, 0xe8, 0xff, 0x48, 0x4c, 0xe0, 0xff,
    0x48, 0x48, 0xe0, 0xff, 0x50, 0x4c, 0xe8, 0xff, 0x48, 0x4c, 0xe0, 0xff,
    0x48, 0x48, 0xe0, 0xff, 0x48, 0x4c, 0xe0, 0xff, 0x48, 0x48, 0xe0, 0xff,
    0x48, 0x48, 0xe0, 0xff, 0x50, 0x4c, 0xe8, 0xff, 0x48, 0x48, 0xe0, 0xff,
    0x50, 0x4c, 0xe8, 0xff, 0x48, 0x48, 0xe0, 0xff, 0x48, 0x4c, 0xe0, 0xff,
    0x48, 0x4c, 0xe0, 0xff, 0x48, 0x4c, 0xe0, 0xff, 0x48, 0x4c, 0xe0, 0xff,
    0x48, 0x4c, 0xe0, 0xff, 0x50, 0x48, 0xe8, 0xff, 0x48, 0x4c, 0xe0, 0xff,
    0x48, 0x4c, 0xe0, 0xff, 0x50, 0x48, 0xe8, 0xff, 0x48, 0x4c, 0xe0, 0xff,
    0x48, 0x48, 0xe0, 0xff, 0x48, 0x4c, 0xe0, 0xff, 0x48, 0x4c, 0xe0, 0xff,
    0x48, 0x48, 0xe0, 0xff, 0x50, 0x4c, 0xe8, 0xff, 0x48, 0x4c, 0xe0, 0xff,
    0x48, 0x48, 0xe0, 0xff, 0x50, 0x4c, 0xe8, 0xff, 0x48, 0x4c, 0xe0, 0xff,
    0x48, 0x48, 0xe0, 0xff, 0x48, 0x4c, 0xe0, 0xff, 0x48, 0x4c, 0xe0, 0xff,
    0x48, 0x4c, 0xe0, 0xff, 0x48, 0x4c, 0xe0, 0xff, 0x48, 0x4c, 0xe0, 0xff,
    0x50, 0x48, 0xe8, 0xff, 0x48, 0x4c, 0xe0, 0xff, 0x48, 0x4c, 0xe0, 0xff,
    0x50, 0x4c, 0xe8, 0xff, 0x48, 0x48, 0xe0, 0xff, 0x48, 0x4c, 0xe0, 0xff,
    0x50, 0x4c, 0xe8, 0xff, 0x48, 0x4c, 0xe0, 0xff, 0x48, 0x48, 0xe0, 0xff,
    0x50, 0x4c, 0xe8, 0xff, 0x48, 0x4c, 0xe0, 0xff, 0x48, 0x4c, 0xe0, 0xff,
    0x48, 0x4c, 0xe0, 0xff, 0x00, 0x00, 0x00, 0x00, 0x00, 0x00, 0x00, 0x00,
    0x00, 0x00, 0x00, 0x00, 0x48, 0x48, 0xe0, 0xff, 0x48, 0x4c, 0xe0, 0xff,
    0x50, 0x4c, 0xe8, 0xff, 0x48, 0x4c, 0xe0, 0xff, 0x48, 0x4c, 0xe0, 0xff,
    0x48, 0x4c, 0xe0, 0xff, 0x50, 0x4c, 0xe8, 0xff, 0x48, 0x4c, 0xe0, 0xff,
    0x48, 0x4c, 0xe0, 0xff, 0x48, 0x4c, 0xe0, 0xff, 0x48, 0x4c, 0xe0, 0xff,
    0x50, 0x4c, 0xe8, 0xff, 0x48, 0x4c, 0xe0, 0xff, 0x48, 0x4c, 0xe0, 0xff,
    0x48, 0x4c, 0xe0, 0xff, 0x50, 0x48, 0xe8, 0xff, 0x48, 0x4c, 0xe0, 0xff,
    0x48, 0x4c, 0xe0, 0xff, 0x48, 0x4c, 0xe0, 0xff, 0x50, 0x48, 0xe8, 0xff,
    0x48, 0x4c, 0xe0, 0xff, 0x48, 0x4c, 0xe0, 0xff, 0x50, 0x4c, 0xe8, 0xff,
    0x48, 0x4c, 0xe0, 0xff, 0x48, 0x48, 0xe0, 0xff, 0x48, 0x4c, 0xe0, 0xff,
    0x50, 0x4c, 0xe8, 0xff, 0x48, 0x48, 0xe0, 0xff, 0x50, 0x4c, 0xe8, 0xff,
    0x48, 0x4c, 0xe0, 0xff, 0x50, 0x48, 0xe8, 0xff, 0x48, 0x4c, 0xe0, 0xff,
    0x48, 0x4c, 0xe0, 0xff, 0x48, 0x4c, 0xe0, 0xff, 0x48, 0x4c, 0xe0, 0xff,
    0x48, 0x4c, 0xe0, 0xff, 0x48, 0x48, 0xe0, 0xff, 0x48, 0x4c, 0xe0, 0xff,
    0x48, 0x4c, 0xe0, 0xff, 0x50, 0x48, 0xe8, 0xff, 0x48, 0x4c, 0xe0, 0xff,
    0x48, 0x4c, 0xe0, 0xff, 0x48, 0x48, 0xe0, 0xff, 0x50, 0x4c, 0xe8, 0xff,
    0x50, 0x4c, 0xe8, 0xff, 0x48, 0x4c, 0xe0, 0xff, 0x48, 0x4c, 0xe0, 0xff,
    0x48, 0x4c, 0xe0, 0xff, 0x48, 0x4c, 0xe0, 0xff, 0x48, 0x48, 0xe0, 0xff,
    0x50, 0x4c, 0xe8, 0xff, 0x48, 0x4c, 0xe0, 0xff, 0x48, 0x4c, 0xe0, 0xff,
    0x50, 0x4c, 0xe8, 0xff, 0x48, 0x4c, 0xe0, 0xff, 0x48, 0x4c, 0xe0, 0xff,
    0x48, 0x4c, 0xe0, 0xff, 0x50, 0x4c, 0xe8, 0xff, 0x48, 0x4c, 0xe0, 0xff,
    0x48, 0x4c, 0xe0, 0xff, 0x48, 0x4c, 0xe0, 0xff, 0x50, 0x48, 0xe8, 0xff,
    0x48, 0x4c, 0xe0, 0xff, 0x48, 0x4c, 0xe0, 0xff, 0x50, 0x48, 0xe8, 0xff,
    0x48, 0x4c, 0xe0, 0xff, 0x48, 0x4c, 0xe0, 0xff, 0x50, 0x48, 0xe8, 0xff,
    0x48, 0x4c, 0xe0, 0xff, 0x48, 0x4c, 0xe0, 0xff, 0x50, 0x48, 0xe8, 0xff,
    0x50, 0x4c, 0xe8, 0xff, 0x48, 0x4c, 0xe0, 0xff, 0x48, 0x48, 0xe0, 0xff,
    0x48, 0x4c, 0xe0, 0xff, 0x48, 0x4c, 0xe0, 0xff, 0x48, 0x4c, 0xe0, 0xff,
    0x50, 0x4c, 0xe8, 0xff, 0x48, 0x4c, 0xe0, 0xff, 0x48, 0x4c, 0xe0, 0xff,
    0x50, 0x4c, 0xe8, 0xff, 0x48, 0x4c, 0xe0, 0xff, 0x48, 0x4c, 0xe0, 0xff,
    0x48, 0x4c, 0xe0, 0xff, 0x50, 0x4c, 0xe8, 0xff, 0x48, 0x48, 0xe0, 0xff,
    0x48, 0x4c, 0xe0, 0xff, 0x48, 0x4c, 0xe0, 0xff, 0x50, 0x48, 0xe8, 0xff,
    0x48, 0x4c, 0xe0, 0xff, 0x48, 0x4c, 0xe0, 0xff, 0x50, 0x48, 0xe8, 0xff,
    0x48, 0x4c, 0xe0, 0xff, 0x48, 0x4c, 0xe0, 0xff, 0x50, 0x48, 0xe8, 0xff,
    0x48, 0x4c, 0xe0, 0xff, 0x48, 0x4c, 0xe0, 0xff, 0x50, 0x48, 0xe8, 0xff,
    0x50, 0x4c, 0xe8, 0xff, 0x48, 0x4c, 0xe0, 0xff, 0x48, 0x4c, 0xe0, 0xff,
    0x48, 0x4c, 0xe0, 0xff, 0x48, 0x4c, 0xe0, 0xff, 0x48, 0x4c, 0xe0, 0xff,
    0x50, 0x4c, 0xe8, 0xff, 0x48, 0x4c, 0xe0, 0xff, 0x48, 0x4c, 0xe0, 0xff,
    0x50, 0x4c, 0xe8, 0xff, 0x48, 0x4c, 0xe0, 0xff, 0x48, 0x48, 0xe0, 0xff,
    0x48, 0x4c, 0xe0, 0xff, 0x50, 0x4c, 0xe8, 0xff, 0x48, 0x48, 0xe0, 0xff,
    0x48, 0x4c, 0xe0, 0xff, 0x48, 0x4c, 0xe0, 0xff, 0x50, 0x48, 0xe8, 0xff,
    0x48, 0x4c, 0xe0, 0xff, 0x48, 0x4c, 0xe0, 0xff, 0x50, 0x48, 0xe8, 0xff,
    0x48, 0x4c, 0xe0, 0xff, 0x48, 0x4c, 0xe0, 0xff, 0x50, 0x48, 0xe8, 0xff,
    0x48, 0x4c, 0xe0, 0xff, 0x48, 0x4c, 0xe0, 0xff, 0x50, 0x4c, 0xe8, 0xff,
    0x50, 0x4c, 0xe8, 0xff, 0x48, 0x4c, 0xe0, 0xff, 0x48, 0x4c, 0xe0, 0xff,
    0x48, 0x4c, 0xe0, 0xff, 0x48, 0x4c, 0xe0, 0xff, 0x48, 0x4c, 0xe0, 0xff,
    0x50, 0x4c, 0xe8, 0xff, 0x48, 0x4c, 0xe0, 0xff, 0x48, 0x48, 0xe0, 0xff,
    0x50, 0x4c, 0xe8, 0xff, 0x48, 0x4c, 0xe0, 0xff, 0x48, 0x48, 0xe0, 0xff,
    0x48, 0x4c, 0xe0, 0xff, 0x50, 0x4c, 0xe8, 0xff, 0x48, 0x48, 0xe0, 0xff,
    0x48, 0x4c, 0xe0, 0xff, 0x48, 0x4c, 0xe0, 0xff, 0x50, 0x48, 0xe8, 0xff,
    0x48, 0x4c, 0xe0, 0xff, 0x48, 0x4c, 0xe0, 0xff, 0x50, 0x48, 0xe8, 0xff,
    0x48, 0x4c, 0xe0, 0xff, 0x48, 0x4c, 0xe0, 0xff, 0x50, 0x4c, 0xe8, 0xff,
    0x48, 0x4c, 0xe0, 0xff, 0x48, 0x4c, 0xe0, 0xff, 0x50, 0x4c, 0xe8, 0xff,
    0x50, 0x4c, 0xe8, 0xff, 0x48, 0x4c, 0xe0, 0xff, 0x48, 0x4c, 0xe0, 0xff,
    0x48, 0x4c, 0xe0, 0xff, 0x48, 0x4c, 0xe0, 0xff, 0x48, 0x48, 0xe0, 0xff,
    0x50, 0x4c, 0xe8, 0xff, 0x48, 0x4c, 0xe0, 0xff, 0x48, 0x48, 0xe0, 0xff,
    0x50, 0x4c, 0xe8, 0xff, 0x48, 0x4c, 0xe0, 0xff, 0x48, 0x48, 0xe0, 0xff,
    0x48, 0x4c, 0xe0, 0xff, 0x50, 0x4c, 0xe8, 0xff, 0x48, 0x48, 0xe0, 0xff,
    0x48, 0x4c, 0xe0, 0xff, 0x48, 0x4c, 0xe0, 0xff, 0x50, 0x48, 0xe8, 0xff,
    0x48, 0x4c, 0xe0, 0xff, 0x48, 0x4c, 0xe0, 0xff, 0x50, 0x4c, 0xe8, 0xff,
    0x48, 0x4c, 0xe0, 0xff, 0x48, 0x4c, 0xe0, 0xff, 0x50, 0x48, 0xe8, 0xff,
    0x48, 0x4c, 0xe0, 0xff, 0x48, 0x4c, 0xe0, 0xff, 0x50, 0x48, 0xe8, 0xff,
    0x50, 0x4c, 0xe8, 0xff, 0x48, 0x4c, 0xe0, 0xff, 0x50, 0x48, 0xe8, 0xff,
    0x48, 0x4c, 0xe0, 0xff, 0x48, 0x4c, 0xe0, 0xff, 0x48, 0x4c, 0xe0, 0xff,
    0x48, 0x48, 0xe0, 0xff, 0x48, 0x4c, 0xe0, 0xff, 0x48, 0x4c, 0xe0, 0xff,
    0x48, 0x4c, 0xe0, 0xff, 0x48, 0x48, 0xe0, 0xff, 0x48, 0x4c, 0xe0, 0xff,
    0x48, 0x4c, 0xe0, 0xff, 0x48, 0x48, 0xe0, 0xff, 0x48, 0x4c, 0xe0, 0xff,
    0x50, 0x4c, 0xe8, 0xff, 0x48, 0x48, 0xe0, 0xff, 0x00, 0x00, 0x00, 0x00,
    0x00, 0x00, 0x00, 0x00, 0x00, 0x00, 0x00, 0x00, 0x00, 0x00, 0x00, 0x00,
    0x48, 0x4c, 0xe0, 0xff, 0x48, 0x48, 0xe0, 0xff, 0x48, 0x4c, 0xe0, 0xff,
    0x48, 0x48, 0xe0, 0xff, 0x50, 0x4c, 0xe8, 0xff, 0x48, 0x48, 0xe0, 0xff,
    0x48, 0x4c, 0xe0, 0xff, 0x50, 0x48, 0xe8, 0xff, 0x48, 0x48, 0xe0, 0xff,
    0x48, 0x4c, 0xe0, 0xff, 0x50, 0x48, 0xe8, 0xff, 0x48, 0x4c, 0xe0, 0xff,
    0x48, 0x48, 0xe0, 0xff, 0x48, 0x4c, 0xe0, 0xff, 0x50, 0x4c, 0xe8, 0xff,
    0x48, 0x4c, 0xe0, 0xff, 0x48, 0x48, 0xe0, 0xff, 0x48, 0x4c, 0xe0, 0xff,
    0x48, 0x4c, 0xe0, 0xff, 0x48, 0x4c, 0xe0, 0xff, 0x48, 0x48, 0xe0, 0xff,
    0x48, 0x4c, 0xe0, 0xff, 0x50, 0x4c, 0xe8, 0xff, 0x48, 0x48, 0xe0, 0xff,
    0x48, 0x4c, 0xe0, 0xff, 0x50, 0x4c, 0xe8, 0xff, 0x48, 0x4c, 0xe0, 0xff,
    0x48, 0x4c, 0xe0, 0xff, 0x48, 0x4c, 0xe0, 0xff, 0x48, 0x4c, 0xe0, 0xff,
    0x48, 0x48, 0xe0, 0xff, 0x50, 0x4c, 0xe8, 0xff, 0x48, 0x4c, 0xe0, 0xff,
    0x50, 0x48, 0xe8, 0xff, 0x48, 0x4c, 0xe0, 0xff, 0x50, 0x4c, 0xe8, 0xff,
    0x48, 0x4c, 0xe0, 0xff, 0x48, 0x4c, 0xe0, 0xff, 0x48, 0x4c, 0xe0, 0xff,
    0x48, 0x4c, 0xe0, 0xff, 0x50, 0x4c, 0xe8, 0xff, 0x48, 0x48, 0xe0, 0xff,
    0x48, 0x4c, 0xe0, 0xff, 0x48, 0x4c, 0xe0, 0xff, 0x48, 0x48, 0xe0, 0xff,
    0x50, 0x4c, 0xe8, 0xff, 0x48, 0x48, 0xe0, 0xff, 0x48, 0x4c, 0xe0, 0xff,
    0x50, 0x4c, 0xe8, 0xff, 0x48, 0x4c, 0xe0, 0xff, 0x48, 0x48, 0xe0, 0xff,
    0x50, 0x4c, 0xe8, 0xff, 0x48, 0x4c, 0xe0, 0xff, 0x48, 0x48, 0xe0, 0xff,
    0x50, 0x4c, 0xe8, 0xff, 0x48, 0x4c, 0xe0, 0xff, 0x48, 0x48, 0xe0, 0xff,
    0x48, 0x4c, 0xe0, 0xff, 0x50, 0x4c, 0xe8, 0xff, 0x48, 0x4c, 0xe0, 0xff,
    0x48, 0x4c, 0xe0, 0xff, 0x50, 0x4c, 0xe8, 0xff, 0x48, 0x4c, 0xe0, 0xff,
    0x48, 0x4c, 0xe0, 0xff, 0x48, 0x48, 0xe0, 0xff, 0x48, 0x4c, 0xe0, 0xff,
    0x48, 0x4c, 0xe0, 0xff, 0x48, 0x48, 0xe0, 0xff, 0x48, 0x4c, 0xe0, 0xff,
    0x48, 0x4c, 0xe0, 0xff, 0x48, 0x4c, 0xe0, 0xff, 0x48, 0x4c, 0xe0, 0xff,
    0x50, 0x4c, 0xe8, 0xff, 0x48, 0x4c, 0xe0, 0xff, 0x48, 0x48, 0xe0, 0xff,
    0x50, 0x4c, 0xe8, 0xff, 0x48, 0x48, 0xe0, 0xff, 0x48, 0x4c, 0xe0, 0xff,
    0x50, 0x48, 0xe8, 0xff, 0x48, 0x4c, 0xe0, 0xff, 0x48, 0x4c, 0xe0, 0xff,
    0x50, 0x48, 0xe8, 0xff, 0x48, 0x4c, 0xe0, 0xff, 0x48, 0x4c, 0xe0, 0xff,
    0x48, 0x4c, 0xe0, 0xff, 0x50, 0x4c, 0xe8, 0xff, 0x48, 0x4c, 0xe0, 0xff,
    0x48, 0x4c, 0xe0, 0xff, 0x50, 0x48, 0xe8, 0xff, 0x48, 0x4c, 0xe0, 0xff,
    0x48, 0x4c, 0xe0, 0xff, 0x48, 0x48, 0xe0, 0xff, 0x48, 0x4c, 0xe0, 0xff,
    0x48, 0x4c, 0xe0, 0xff, 0x48, 0x4c, 0xe0, 0xff, 0x48, 0x4c, 0xe0, 0xff,
    0x48, 0x4c, 0xe0, 0xff, 0x48, 0x4c, 0xe0, 0xff, 0x48, 0x48, 0xe0, 0xff,
    0x50, 0x4c, 0xe8, 0xff, 0x48, 0x48, 0xe0, 0xff, 0x48, 0x4c, 0xe0, 0xff,
    0x50, 0x48, 0xe8, 0xff, 0x48, 0x4c, 0xe0, 0xff, 0x48, 0x4c, 0xe0, 0xff,
    0x50, 0x48, 0xe8, 0xff, 0x48, 0x4c, 0xe0, 0xff, 0x48, 0x4c, 0xe0, 0xff,
    0x50, 0x4c, 0xe8, 0xff, 0x48, 0x4c, 0xe0, 0xff, 0x48, 0x4c, 0xe0, 0xff,
    0x48, 0x4c, 0xe0, 0xff, 0x50, 0x48, 0xe8, 0xff, 0x48, 0x4c, 0xe0, 0xff,
    0x48, 0x4c, 0xe0, 0xff, 0x50, 0x48, 0xe8, 0xff, 0x48, 0x4c, 0xe0, 0xff,
    0x48, 0x4c, 0xe0, 0xff, 0x48, 0x4c, 0xe0, 0xff, 0x48, 0x4c, 0xe0, 0xff,
    0x48, 0x4c, 0xe0, 0xff, 0x48, 0x4c, 0xe0, 0xff, 0x48, 0x48, 0xe0, 0xff,
    0x48, 0x4c, 0xe0, 0xff, 0x48, 0x48, 0xe0, 0xff, 0x48, 0x4c, 0xe0, 0xff,
    0x50, 0x48, 0xe8, 0xff, 0x48, 0x4c, 0xe0, 0xff, 0x48, 0x4c, 0xe0, 0xff,
    0x50, 0x48, 0xe8, 0xff, 0x48, 0x4c, 0xe0, 0xff, 0x48, 0x4c, 0xe0, 0xff,
    0x50, 0x4c, 0xe8, 0xff, 0x48, 0x4c, 0xe0, 0xff, 0x48, 0x4c, 0xe0, 0xff,
    0x50, 0x4c, 0xe8, 0xff, 0x48, 0x48, 0xe0, 0xff, 0x48, 0x4c, 0xe0, 0xff,
    0x48, 0x4c, 0xe0, 0xff, 0x50, 0x48, 0xe8, 0xff, 0x48, 0x4c, 0xe0, 0xff,
    0x48, 0x4c, 0xe0, 0xff, 0x50, 0x4c, 0xe8, 0xff, 0x48, 0x4c, 0xe0, 0xff,
    0x48, 0x4c, 0xe0, 0xff, 0x48, 0x4c, 0xe0, 0xff, 0x48, 0x48, 0xe0, 0xff,
    0x48, 0x4c, 0xe0, 0xff, 0x48, 0x48, 0xe0, 0xff, 0x48, 0x4c, 0xe0, 0xff,
    0x48, 0x48, 0xe0, 0xff, 0x48, 0x4c, 0xe0, 0xff, 0x48, 0x4c, 0xe0, 0xff,
    0x50, 0x48, 0xe8, 0xff, 0x48, 0x4c, 0xe0, 0xff, 0x48, 0x4c, 0xe0, 0xff,
    0x50, 0x4c, 0xe8, 0xff, 0x48, 0x4c, 0xe0, 0xff, 0x48, 0x4c, 0xe0, 0xff,
    0x50, 0x4c, 0xe8, 0xff, 0x48, 0x48, 0xe0, 0xff, 0x48, 0x4c, 0xe0, 0xff,
    0x50, 0x4c, 0xe8, 0xff, 0x48, 0x48, 0xe0, 0xff, 0x48, 0x4c, 0xe0, 0xff,
    0x48, 0x4c, 0xe0, 0xff, 0x50, 0x4c, 0xe8, 0xff, 0x48, 0x4c, 0xe0, 0xff,
    0x48, 0x4c, 0xe0, 0xff, 0x50, 0x4c, 0xe8, 0xff, 0x48, 0x48, 0xe0, 0xff,
    0x48, 0x4c, 0xe0, 0xff, 0x48, 0x48, 0xe0, 0xff, 0x48, 0x4c, 0xe0, 0xff,
    0x48, 0x4c, 0xe0, 0xff, 0x48, 0x4c, 0xe0, 0xff, 0x48, 0x4c, 0xe0, 0xff,
    0x48, 0x4c, 0xe0, 0xff, 0x48, 0x4c, 0xe0, 0xff, 0x48, 0x48, 0xe0, 0xff,
    0x48, 0x4c, 0xe0, 0xff, 0x48, 0x4c, 0xe0, 0xff, 0x50, 0x48, 0xe8, 0xff,
    0x48, 0x4c, 0xe0, 0xff, 0x48, 0x4c, 0xe0, 0xff, 0x50, 0x4c, 0xe8, 0xff,
    0x50, 0x48, 0xe8, 0xff, 0x48, 0x4c, 0xe0, 0xff, 0x50, 0x4c, 0xe8, 0xff,
    0x48, 0x4c, 0xe0, 0xff, 0x50, 0x4c, 0xe8, 0xff, 0x48, 0x4c, 0xe0, 0xff,
    0x48, 0x4c, 0xe0, 0xff, 0x50, 0x4c, 0xe8, 0xff, 0x48, 0x48, 0xe0, 0xff,
    0x48, 0x4c, 0xe0, 0xff, 0x00, 0x00, 0x00, 0x00, 0x00, 0x00, 0x00, 0x00,
    0x00, 0x00, 0x00, 0x00, 0x00, 0x00, 0x00, 0x00, 0x00, 0x00, 0x00, 0x00,
    0x50, 0x4c, 0xe8, 0xff, 0x48, 0x4c, 0xe0, 0xff, 0x48, 0x4c, 0xe0, 0xff,
    0x50, 0x48, 0xe8, 0xff, 0x48, 0x4c, 0xe0, 0xff, 0x48, 0x4c, 0xe0, 0xff,
    0x50, 0x4c, 0xe8, 0xff, 0x48, 0x4c, 0xe0, 0xff, 0x48, 0x4c, 0xe0, 0xff,
    0x48, 0x4c, 0xe0, 0xff, 0x48, 0x48, 0xe0, 0xff, 0x50, 0x4c, 0xe8, 0xff,
    0x48, 0x4c, 0xe0, 0xff, 0x48, 0x48, 0xe0, 0xff, 0x48, 0x4c, 0xe0, 0xff,
    0x50, 0x4c, 0xe8, 0xff, 0x48, 0x48, 0xe0, 0xff, 0x50, 0x4c, 0xe8, 0xff,
    0x48, 0x4c, 0xe0, 0xff, 0x48, 0x4c, 0xe0, 0xff, 0x50, 0x48, 0xe8, 0xff,
    0x48, 0x4c, 0xe0, 0xff, 0x48, 0x4c, 0xe0, 0xff, 0x48, 0x4c, 0xe0, 0xff,
    0x48, 0x48, 0xe0, 0xff, 0x48, 0x4c, 0xe0, 0xff, 0x50, 0x4c, 0xe8, 0xff,
    0x48, 0x48, 0xe0, 0xff, 0x48, 0x4c, 0xe0, 0xff, 0x48, 0x4c, 0xe0, 0xff,
    0x48, 0x4c, 0xe0, 0xff, 0x48, 0x48, 0xe0, 0xff, 0x48, 0x4c, 0xe0, 0xff,
    0x50, 0x48, 0xe8, 0xff, 0x48, 0x4c, 0xe0, 0xff, 0x48, 0x4c, 0xe0, 0xff,
    0x50, 0x48, 0xe8, 0xff, 0x48, 0x4c, 0xe0, 0xff, 0x48, 0x4c, 0xe0, 0xff,
    0x48, 0x48, 0xe0, 0xff, 0x50, 0x4c, 0xe8, 0xff, 0x48, 0x4c, 0xe0, 0xff,
    0x48, 0x4c, 0xe0, 0xff, 0x48, 0x4c, 0xe0, 0xff, 0x48, 0x4c, 0xe0, 0xff,
    0x50, 0x48, 0xe8, 0xff, 0x48, 0x4c, 0xe0, 0xff, 0x48, 0x4c, 0xe0, 0xff,
    0x48, 0x4c, 0xe0, 0xff, 0x48, 0x4c, 0xe0, 0xff, 0x48, 0x48, 0xe0, 0xff,
    0x48, 0x4c, 0xe0, 0xff, 0x48, 0x4c, 0xe0, 0xff, 0x50, 0x48, 0xe8, 0xff,
    0x48, 0x4c, 0xe0, 0xff, 0x48, 0x4c, 0xe0, 0xff, 0x48, 0x48, 0xe0, 0xff,
    0x48, 0x48, 0xe0, 0xff, 0x48, 0x4c, 0xe0, 0xff, 0x48, 0x48, 0xe0, 0xff,
    0x48, 0x4c, 0xe0, 0xff, 0x50, 0x4c, 0xe8, 0xff, 0x48, 0x48, 0xe0, 0xff,
    0x48, 0x4c, 0xe0, 0xff, 0x50, 0x4c, 0xe8, 0xff, 0x50, 0x4c, 0xe8, 0xff,
    0x48, 0x4c, 0xe0, 0xff, 0x48, 0x4c, 0xe0, 0xff, 0x50, 0x48, 0xe8, 0xff,
    0x48, 0x4c, 0xe0, 0xff, 0x48, 0x4c, 0xe0, 0xff, 0x48, 0x48, 0xe0, 0xff,
    0x48, 0x4c, 0xe0, 0xff, 0x50, 0x4c, 0xe8, 0xff, 0x48, 0x4c, 0xe0, 0xff,
    0x48, 0x4c, 0xe0, 0xff, 0x48, 0x48, 0xe0, 0xff, 0x48, 0x4c, 0xe0, 0xff,
    0x48, 0x4c, 0xe0, 0xff, 0x48, 0x48, 0xe0, 0xff, 0x50, 0x4c, 0xe8, 0xff,
    0x48, 0x4c, 0xe0, 0xff, 0x48, 0x48, 0xe0, 0xff, 0x48, 0x4c, 0xe0, 0xff,
    0x48, 0x48, 0xe0, 0xff, 0x48, 0x4c, 0xe0, 0xff, 0x48, 0x4c, 0xe0, 0xff,
    0x48, 0x4c, 0xe0, 0xff, 0x50, 0x4c, 0xe8, 0xff, 0x48, 0x4c, 0xe0, 0xff,
    0x48, 0x4c, 0xe0, 0xff, 0x50, 0x4c, 0xe8, 0xff, 0x50, 0x48, 0xe8, 0xff,
    0x48, 0x4c, 0xe0, 0xff, 0x48, 0x4c, 0xe0, 0xff, 0x50, 0x48, 0xe8, 0xff,
    0x48, 0x4c, 0xe0, 0xff, 0x48, 0x4c, 0xe0, 0xff, 0x48, 0x4c, 0xe0, 0xff,
    0x48, 0x4c, 0xe0, 0xff, 0x50, 0x48, 0xe8, 0xff, 0x48, 0x4c, 0xe0, 0xff,
    0x48, 0x4c, 0xe0, 0xff, 0x48, 0x48, 0xe0, 0xff, 0x48, 0x4c, 0xe0, 0xff,
    0x48, 0x4c, 0xe0, 0xff, 0x48, 0x48, 0xe0, 0xff, 0x50, 0x4c, 0xe8, 0xff,
    0x48, 0x48, 0xe0, 0xff, 0x48, 0x4c, 0xe0, 0xff, 0x48, 0x4c, 0xe0, 0xff,
    0x48, 0x4c, 0xe0, 0xff, 0x48, 0x4c, 0xe0, 0xff, 0x48, 0x4c, 0xe0, 0xff,
    0x48, 0x4c, 0xe0, 0xff, 0x50, 0x4c, 0xe8, 0xff, 0x48, 0x48, 0xe0, 0xff,
    0x48, 0x4c, 0xe0, 0xff, 0x50, 0x4c, 0xe8, 0xff, 0x50, 0x48, 0xe8, 0xff,
    0x48, 0x4c, 0xe0, 0xff, 0x48, 0x4c, 0xe0, 0xff, 0x50, 0x4c, 0xe8, 0xff,
    0x48, 0x4c, 0xe0, 0xff, 0x48, 0x48, 0xe0, 0xff, 0x48, 0x4c, 0xe0, 0xff,
    0x48, 0x4c, 0xe0, 0xff, 0x50, 0x48, 0xe8, 0xff, 0x48, 0x4c, 0xe0, 0xff,
    0x48, 0x4c, 0xe0, 0xff, 0x48, 0x48, 0xe0, 0xff, 0x48, 0x4c, 0xe0, 0xff,
    0x48, 0x48, 0xe0, 0xff, 0x48, 0x4c, 0xe0, 0xff, 0x50, 0x4c, 0xe8, 0xff,
    0x48, 0x4c, 0xe0, 0xff, 0x48, 0x4c, 0xe0, 0xff, 0x48, 0x4c, 0xe0, 0xff,
    0x48, 0x4c, 0xe0, 0xff, 0x48, 0x4c, 0xe0, 0xff, 0x48, 0x48, 0xe0, 0xff,
    0x48, 0x4c, 0xe0, 0xff, 0x50, 0x4c, 0xe8, 0xff, 0x48, 0x48, 0xe0, 0xff,
    0x48, 0x4c, 0xe0, 0xff, 0x50, 0x4c, 0xe8, 0xff, 0x50, 0x4c, 0xe8, 0xff,
    0x48, 0x4c, 0xe0, 0xff, 0x48, 0x48, 0xe0, 0xff, 0x50, 0x4c, 0xe8, 0xff,
    0x48, 0x4c, 0xe0, 0xff, 0x48, 0x48, 0xe0, 0xff, 0x48, 0x4c, 0xe0, 0xff,
    0x48, 0x4c, 0xe0, 0xff, 0x50, 0x48, 0xe8, 0xff, 0x48, 0x4c, 0xe0, 0xff,
    0x48, 0x48, 0xe0, 0xff, 0x48, 0x4c, 0xe0, 0xff, 0x48, 0x4c, 0xe0, 0xff,
    0x48, 0x4c, 0xe0, 0xff, 0x48, 0x4c, 0xe0, 0xff, 0x50, 0x4c, 0xe8, 0xff,
    0x48, 0x4c, 0xe0, 0xff, 0x48, 0x4c, 0xe0, 0xff, 0x48, 0x48, 0xe0, 0xff,
    0x48, 0x4c, 0xe0, 0xff, 0x48, 0x4c, 0xe0, 0xff, 0x48, 0x48, 0xe0, 0xff,
    0x48, 0x4c, 0xe0, 0xff, 0x50, 0x4c, 0xe8, 0xff, 0x48, 0x4c, 0xe0, 0xff,
    0x48, 0x4c, 0xe0, 0xff, 0x50, 0x48, 0xe8, 0xff, 0x50, 0x4c, 0xe8, 0xff,
    0x48, 0x48, 0xe0, 0xff, 0x48, 0x4c, 0xe0, 0xff, 0x50, 0x4c, 0xe8, 0xff,
    0x48, 0x48, 0xe0, 0xff, 0x48, 0x4c, 0xe0, 0xff, 0x48, 0x4c, 0xe0, 0xff,
    0x48, 0x4c, 0xe0, 0xff, 0x50, 0x4c, 0xe8, 0xff, 0x48, 0x48, 0xe0, 0xff,
    0x48, 0x4c, 0xe0, 0xff, 0x48, 0x4c, 0xe0, 0xff, 0x48, 0x4c, 0xe0, 0xff,
    0x48, 0x48, 0xe0, 0xff, 0x48, 0x4c, 0xe0, 0xff, 0x50, 0x48, 0xe8, 0xff,
    0x48, 0x4c, 0xe0, 0xff, 0x48, 0x48, 0xe0, 0xff, 0x50, 0x4c, 0xe8, 0xff,
    0x48, 0x4c, 0xe0, 0xff, 0x48, 0x4c, 0xe0, 0xff, 0x00, 0x00, 0x00, 0x00,
    0x00, 0x00, 0x00, 0x00, 0x00, 0x00, 0x00, 0x00, 0x00, 0x00, 0x00, 0x00,
    0x00, 0x00, 0x00, 0x00, 0x00, 0x00, 0x00, 0x00, 0x00, 0x00, 0x00, 0x00,
    0x48, 0x4c, 0xe0, 0xff, 0x48, 0x4c, 0xe0, 0xff, 0x48, 0x4c, 0xe0, 0xff,
    0x48, 0x4c, 0xe0, 0xff, 0x48, 0x4c, 0xe0, 0xff, 0x48, 0x4c, 0xe0, 0xff,
    0x50, 0x48, 0xe8, 0xff, 0x48, 0x4c, 0xe0, 0xff, 0x48, 0x4c, 0xe0, 0xff,
    0x50, 0x4c, 0xe8, 0xff, 0x48, 0x4c, 0xe0, 0xff, 0x48, 0x4c, 0xe0, 0xff,
    0x48, 0x48, 0xe0, 0xff, 0x50, 0x4c, 0xe8, 0xff, 0x48, 0x4c, 0xe0, 0xff,
    0x48, 0x4c, 0xe0, 0xff, 0x48, 0x48, 0xe0, 0xff, 0x50, 0x4c, 0xe8, 0xff,
    0x48, 0x4c, 0xe0, 0xff, 0x48, 0x4c, 0xe0, 0xff, 0x48, 0x48, 0xe0, 0xff,
    0x50, 0x4c, 0xe8, 0xff, 0x48, 0x4c, 0xe0, 0xff, 0x48, 0x48, 0xe0, 0xff,
    0x50, 0x4c, 0xe8, 0xff, 0x48, 0x4c, 0xe0, 0xff, 0x48, 0x48, 0xe0, 0xff,
    0x50, 0x4c, 0xe8, 0xff, 0x50, 0x4c, 0xe8, 0xff, 0x48, 0x48, 0xe0, 0xff,
    0x48, 0x4c, 0xe0, 0xff, 0x48, 0x4c, 0xe0, 0xff, 0x48, 0x4c, 0xe0, 0xff,
    0x48, 0x48, 0xe0, 0xff, 0x48, 0x4c, 0xe0, 0xff, 0x50, 0x4c, 0xe8, 0xff,
    0x48, 0x48, 0xe0, 0xff, 0x48, 0x4c, 0xe0, 0xff, 0x50, 0x4c, 0xe8, 0xff,
    0x48, 0x4c, 0xe0, 0xff, 0x48, 0x48, 0xe0, 0xff, 0x50, 0x4c, 0xe8, 0xff,
    0x48, 0x4c, 0xe0, 0xff, 0x48, 0x4c, 0xe0, 0xff, 0x48, 0x4c, 0xe0, 0xff,
    0x50, 0x48, 0xe8, 0xff, 0x48, 0x4c, 0xe0, 0xff, 0x50, 0x4c, 0xe8, 0xff,
    0x48, 0x48, 0xe0, 0xff, 0x50, 0x4c, 0xe8, 0xff, 0x48, 0x4c, 0xe0, 0xff,
    0x48, 0x4c, 0xe0, 0xff, 0x48, 0x48, 0xe0, 0xff, 0x50, 0x4c, 0xe8, 0xff,
    0x48, 0x4c, 0xe0, 0xff, 0x50, 0x4c, 0xe8, 0xff, 0x48, 0x4c, 0xe0, 0xff,
    0x50, 0x4c, 0xe8, 0xff, 0x48, 0x48, 0xe0, 0xff, 0x48, 0x4c, 0xe0, 0xff,
    0x48, 0x4c, 0xe0, 0xff, 0x50, 0x4c, 0xe8, 0xff, 0x48, 0x4c, 0xe0, 0xff,
    0x48, 0x48, 0xe0, 0xff, 0x48, 0x4c, 0xe0, 0xff, 0x48, 0x4c, 0xe0, 0xff,
    0x50, 0x48, 0xe8, 0xff, 0x48, 0x4c, 0xe0, 0xff, 0x48, 0x4c, 0xe0, 0xff,
    0x50, 0x48, 0xe8, 0xff, 0x48, 0x4c, 0xe0, 0xff, 0x48, 0x4c, 0xe0, 0xff,
    0x48, 0x4c, 0xe0, 0xff, 0x48, 0x48, 0xe0, 0xff, 0x50, 0x4c, 0xe8, 0xff,
    0x48, 0x4c, 0xe0, 0xff, 0x50, 0x4c, 0xe8, 0xff, 0x48, 0x4c, 0xe0, 0xff,
    0x48, 0x4c, 0xe0, 0xff, 0x48, 0x4c, 0xe0, 0xff, 0x50, 0x4c, 0xe8, 0xff,
    0x48, 0x4c, 0xe0, 0xff, 0x50, 0x48, 0xe8, 0xff, 0x48, 0x4c, 0xe0, 0xff,
    0x50, 0x4c, 0xe8, 0xff, 0x48, 0x48, 0xe0, 0xff, 0x48, 0x4c, 0xe0, 0xff,
    0x48, 0x48, 0xe0, 0xff, 0x50, 0x4c, 0xe8, 0xff, 0x48, 0x4c, 0xe0, 0xff,
    0x48, 0x48, 0xe0, 0xff, 0x48, 0x4c, 0xe0, 0xff, 0x48, 0x4c, 0xe0, 0xff,
    0x50, 0x48, 0xe8, 0xff, 0x48, 0x4c, 0xe0, 0xff, 0x48, 0x4c, 0xe0, 0xff,
    0x50, 0x4c, 0xe8, 0xff, 0x48, 0x48, 0xe0, 0xff, 0x48, 0x4c, 0xe0, 0xff,
    0x48, 0x4c, 0xe0, 0xff, 0x48, 0x4c, 0xe0, 0xff, 0x50, 0x4c, 0xe8, 0xff,
    0x48, 0x4c, 0xe0, 0xff, 0x50, 0x4c, 0xe8, 0xff, 0x48, 0x4c, 0xe0, 0xff,
    0x48, 0x4c, 0xe0, 0xff, 0x48, 0x48, 0xe0, 0xff, 0x50, 0x4c, 0xe8, 0xff,
    0x48, 0x4c, 0xe0, 0xff, 0x50, 0x48, 0xe8, 0xff, 0x48, 0x4c, 0xe0, 0xff,
    0x50, 0x48, 0xe8, 0xff, 0x48, 0x4c, 0xe0, 0xff, 0x48, 0x4c, 0xe0, 0xff,
    0x48, 0x48, 0xe0, 0xff, 0x50, 0x4c, 0xe8, 0xff, 0x48, 0x4c, 0xe0, 0xff,
    0x48, 0x48, 0xe0, 0xff, 0x48, 0x4c, 0xe0, 0xff, 0x48, 0x4c, 0xe0, 0xff,
    0x50, 0x4c, 0xe8, 0xff, 0x48, 0x48, 0xe0, 0xff, 0x48, 0x4c, 0xe0, 0xff,
    0x50, 0x4c, 0xe8, 0xff, 0x48, 0x4c, 0xe0, 0xff, 0x48, 0x4c, 0xe0, 0xff,
    0x48, 0x4c, 0xe0, 0xff, 0x48, 0x4c, 0xe0, 0xff, 0x50, 0x4c, 0xe8, 0xff,
    0x48, 0x4c, 0xe0, 0xff, 0x50, 0x48, 0xe8, 0xff, 0x48, 0x4c, 0xe0, 0xff,
    0x48, 0x4c, 0xe0, 0xff, 0x48, 0x48, 0xe0, 0xff, 0x50, 0x4c, 0xe8, 0xff,
    0x48, 0x48, 0xe0, 0xff, 0x50, 0x4c, 0xe8, 0xff, 0x48, 0x4c, 0xe0, 0xff,
    0x50, 0x48, 0xe8, 0xff, 0x48, 0x4c, 0xe0, 0xff, 0x48, 0x4c, 0xe0, 0xff,
    0x48, 0x48, 0xe0, 0xff, 0x50, 0x4c, 0xe8, 0xff, 0x48, 0x4c, 0xe0, 0xff,
    0x48, 0x4c, 0xe0, 0xff, 0x48, 0x48, 0xe0, 0xff, 0x48, 0x4c, 0xe0, 0xff,
    0x50, 0x4c, 0xe8, 0xff, 0x48, 0x4c, 0xe0, 0xff, 0x48, 0x4c, 0xe0, 0xff,
    0x50, 0x4c, 0xe8, 0xff, 0x48, 0x4c, 0xe0, 0xff, 0x48, 0x4c, 0xe0, 0xff,
    0x48, 0x4c, 0xe0, 0xff, 0x48, 0x48, 0xe0, 0xff, 0x50, 0x4c, 0xe8, 0xff,
    0x48, 0x4c, 0xe0, 0xff, 0x50, 0x48, 0xe8, 0xff, 0x48, 0x4c, 0xe0, 0xff,
    0x48, 0x48, 0xe0, 0xff, 0x48, 0x4c, 0xe0, 0xff, 0x50, 0x4c, 0xe8, 0xff,
    0x48, 0x48, 0xe0, 0xff, 0x50, 0x4c, 0xe8, 0xff, 0x48, 0x4c, 0xe0, 0xff,
    0x50, 0x48, 0xe8, 0xff, 0x48, 0x4c, 0xe0, 0xff, 0x48, 0x4c, 0xe0, 0xff,
    0x48, 0x4c, 0xe0, 0xff, 0x50, 0x48, 0xe8, 0xff, 0x48, 0x4c, 0xe0, 0xff,
    0x48, 0x4c, 0xe0, 0xff, 0x48, 0x4c, 0xe0, 0xff, 0x48, 0x48, 0xe0, 0xff,
    0x50, 0x4c, 0xe8, 0xff, 0x48, 0x4c, 0xe0, 0xff, 0x48, 0x4c, 0xe0, 0xff,
    0x50, 0x4c, 0xe8, 0xff, 0x50, 0x48, 0xe8, 0xff, 0x48, 0x4c, 0xe0, 0xff,
    0x48, 0x4c, 0xe0, 0xff, 0x48, 0x4c, 0xe0, 0xff, 0x50, 0x48, 0xe8, 0xff,
    0x48, 0x4c, 0xe0, 0xff, 0x48, 0x4c, 0xe0, 0xff, 0x48, 0x4c, 0xe0, 0xff,
    0x48, 0x4c, 0xe0, 0xff, 0x48, 0x4c, 0xe0, 0xff, 0x48, 0x48, 0xe0, 0xff,
    0x48, 0x4c, 0xe0, 0xff, 0x48, 0x4c, 0xe0, 0xff, 0x48, 0x48, 0xe0, 0xff,
    0x00, 0x00, 0x00, 0x00, 0x00, 0x00, 0x00, 0x00, 0x00, 0x00, 0x00, 0x00,
    0x00, 0x00, 0x00, 0x00, 0x00, 0x00, 0x00, 0x00, 0x00, 0x00, 0x00, 0x00,
    0x00, 0x00, 0x00, 0x00, 0x00, 0x00, 0x00, 0x00, 0x00, 0x00, 0x00, 0x00,
    0x00, 0x00, 0x00, 0x00, 0x50, 0x48, 0xe8, 0xff, 0x48, 0x4c, 0xe0, 0xff,
    0x48, 0x48, 0xe0, 0xff, 0x48, 0x4c, 0xe0, 0xff, 0x50, 0x4c, 0xe8, 0xff,
    0x48, 0x48, 0xe0, 0xff, 0x48, 0x4c, 0xe0, 0xff, 0x48, 0x4c, 0xe0, 0xff,
    0x50, 0x48, 0xe8, 0xff, 0x48, 0x4c, 0xe0, 0xff, 0x48, 0x4c, 0xe0, 0xff,
    0x48, 0x4c, 0xe0, 0xff, 0x48, 0x4c, 0xe0, 0xff, 0x48, 0x4c, 0xe0, 0xff,
    0x48, 0x4c, 0xe0, 0xff, 0x48, 0x48, 0xe0, 0xff, 0x50, 0x4c, 0xe8, 0xff,
    0x48, 0x4c, 0xe0, 0xff, 0x48, 0x4c, 0xe0, 0xff, 0x50, 0x4c, 0xe8, 0xff,
    0x48, 0x4c, 0xe0, 0xff, 0x48, 0x4c, 0xe0, 0xff, 0x48, 0x4c, 0xe0, 0xff,
    0x48, 0x4c, 0xe0, 0xff, 0x48, 0x4c, 0xe0, 0xff, 0x48, 0x4c, 0xe0, 0xff,
    0x48, 0x4c, 0xe0, 0xff, 0x50, 0x4c, 0xe8, 0xff, 0x48, 0x4c, 0xe0, 0xff,
    0x50, 0x4c, 0xe8, 0xff, 0x48, 0x4c, 0xe0, 0xff, 0x48, 0x4c, 0xe0, 0xff,
    0x50, 0x4c, 0xe8, 0xff, 0x48, 0x4c, 0xe0, 0xff, 0x48, 0x48, 0xe0, 0xff,
    0x50, 0x4c, 0xe8, 0xff, 0x48, 0x4c, 0xe0, 0xff, 0x48, 0x48, 0xe0, 0xff,
    0x48, 0x4c, 0xe0, 0xff, 0x50, 0x4c, 0xe8, 0xff, 0x48, 0x48, 0xe0, 0xff,
    0x48, 0x4c, 0xe0, 0xff, 0x48, 0x4c, 0xe0, 0xff, 0x48, 0x48, 0xe0, 0xff,
    0x48, 0x4c, 0xe0, 0xff, 0x48, 0x4c, 0xe0, 0xff, 0x50, 0x4c, 0xe8, 0xff,
    0x48, 0x4c, 0xe0, 0xff, 0x48, 0x48, 0xe0, 0xff, 0x50, 0x4c, 0xe8, 0xff,
    0x48, 0x4c, 0xe0, 0xff, 0x48, 0x4c, 0xe0, 0xff, 0x48, 0x48, 0xe0, 0xff,
    0x48, 0x4c, 0xe0, 0xff, 0x50, 0x4c, 0xe8, 0xff, 0x48, 0x4c, 0xe0, 0xff,
    0x48, 0x4c, 0xe0, 0xff, 0x50, 0x48, 0xe8, 0xff, 0x48, 0x4c, 0xe0, 0xff,
    0x48, 0x4c, 0xe0, 0xff, 0x48, 0x48, 0xe0, 0xff, 0x48, 0x4c, 0xe0, 0xff,
    0x48, 0x4c, 0xe0, 0xff, 0x50, 0x48, 0xe8, 0xff, 0x48, 0x4c, 0xe0, 0xff,
    0x48, 0x4c, 0xe0, 0xff, 0x48, 0x4c, 0xe0, 0xff, 0x50, 0x4c, 0xe8, 0xff,
    0x48, 0x4c, 0xe0, 0xff, 0x48, 0x48, 0xe0, 0xff, 0x50, 0x4c, 0xe8, 0xff,
    0x48, 0x4c, 0xe0, 0xff, 0x48, 0x4c, 0xe0, 0xff, 0x48, 0x4c, 0xe0, 0xff,
    0x50, 0x48, 0xe8, 0xff, 0x48, 0x4c, 0xe0, 0xff, 0x48, 0x48, 0xe0, 0xff,
    0x50, 0x4c, 0xe8, 0xff, 0x48, 0x4c, 0xe0, 0xff, 0x48, 0x48, 0xe0, 0xff,
    0x48, 0x4c, 0xe0, 0xff, 0x50, 0x4c, 0xe8, 0xff, 0x48, 0x4c, 0xe0, 0xff,
    0x48, 0x4c, 0xe0, 0xff, 0x50, 0x48, 0xe8, 0xff, 0x48, 0x4c, 0xe0, 0xff,
    0x48, 0x4c, 0xe0, 0xff, 0x48, 0x48, 0xe0, 0xff, 0x48, 0x4c, 0xe0, 0xff,
    0x48, 0x4c, 0xe0, 0xff, 0x50, 0x4c, 0xe8, 0xff, 0x48, 0x4c, 0xe0, 0xff,
    0x48, 0x4c, 0xe0, 0xff, 0x48, 0x48, 0xe0, 0xff, 0x50, 0x4c, 0xe8, 0xff,
    0x48, 0x4c, 0xe0, 0xff, 0x48, 0x4c, 0xe0, 0xff, 0x50, 0x4c, 0xe8, 0xff,
    0x48, 0x48, 0xe0, 0xff, 0x48, 0x4c, 0xe0, 0xff, 0x48, 0x48, 0xe0, 0xff,
    0x50, 0x4c, 0xe8, 0xff, 0x48, 0x4c, 0xe0, 0xff, 0x48, 0x48, 0xe0, 0xff,
    0x50, 0x4c, 0xe8, 0xff, 0x48, 0x4c, 0xe0, 0xff, 0x48, 0x4c, 0xe0, 0xff,
    0x48, 0x4c, 0xe0, 0xff, 0x50, 0x48, 0xe8, 0xff, 0x48, 0x4c, 0xe0, 0xff,
    0x48, 0x4c, 0xe0, 0xff, 0x50, 0x48, 0xe8, 0xff, 0x48, 0x4c, 0xe0, 0xff,
    0x48, 0x4c, 0xe0, 0xff, 0x48, 0x4c, 0xe0, 0xff, 0x48, 0x4c, 0xe0, 0xff,
    0x48, 0x4c, 0xe0, 0xff, 0x50, 0x48, 0xe8, 0xff, 0x48, 0x4c, 0xe0, 0xff,
    0x48, 0x4c, 0xe0, 0xff, 0x48, 0x4c, 0xe0, 0xff, 0x50, 0x4c, 0xe8, 0xff,
    0x48, 0x48, 0xe0, 0xff, 0x48, 0x4c, 0xe0, 0xff, 0x50, 0x48, 0xe8, 0xff,
    0x48, 0x4c, 0xe0, 0xff, 0x48, 0x4c, 0xe0, 0xff, 0x48, 0x48, 0xe0, 0xff,
    0x50, 0x4c, 0xe8, 0xff, 0x48, 0x4c, 0xe0, 0xff, 0x48, 0x4c, 0xe0, 0xff,
    0x50, 0x4c, 0xe8, 0xff, 0x48, 0x48, 0xe0, 0xff, 0x48, 0x4c, 0xe0, 0xff,
    0x48, 0x4c, 0xe0, 0xff, 0x50, 0x48, 0xe8, 0xff, 0x48, 0x4c, 0xe0, 0xff,
    0x48, 0x4c, 0xe0, 0xff, 0x50, 0x4c, 0xe8, 0xff, 0x48, 0x4c, 0xe0, 0xff,
    0x48, 0x4c, 0xe0, 0xff, 0x48, 0x48, 0xe0, 0xff, 0x48, 0x4c, 0xe0, 0xff,
    0x48, 0x4c, 0xe0, 0xff, 0x50, 0x4c, 0xe8, 0xff, 0x48, 0x4c, 0xe0, 0xff,
    0x48, 0x48, 0xe0, 0xff, 0x48, 0x4c, 0xe0, 0xff, 0x50, 0x48, 0xe8, 0xff,
    0x48, 0x4c, 0xe0, 0xff, 0x48, 0x4c, 0xe0, 0xff, 0x50, 0x48, 0xe8, 0xff,
    0x48, 0x4c, 0xe0, 0xff, 0x48, 0x4c, 0xe0, 0xff, 0x48, 0x4c, 0xe0, 0xff,
    0x50, 0x4c, 0xe8, 0xff, 0x48, 0x48, 0xe0, 0xff, 0x48, 0x4c, 0xe0, 0xff,
    0x50, 0x4c, 0xe8, 0xff, 0x48, 0x48, 0xe0, 0xff, 0x48, 0x4c, 0xe0, 0xff,
    0x48, 0x4c, 0xe0, 0xff, 0x50, 0x4c, 0xe8, 0xff, 0x48, 0x4c, 0xe0, 0xff,
    0x48, 0x4c, 0xe0, 0xff, 0x50, 0x48, 0xe8, 0xff, 0x48, 0x4c, 0xe0, 0xff,
    0x48, 0x4c, 0xe0, 0xff, 0x48, 0x48, 0xe0, 0xff, 0x48, 0x4c, 0xe0, 0xff,
    0x48, 0x4c, 0xe0, 0xff, 0x50, 0x4c, 0xe8, 0xff, 0x48, 0x48, 0xe0, 0xff,
    0x48, 0x4c, 0xe0, 0xff, 0x48, 0x4c, 0xe0, 0xff, 0x48, 0x48, 0xe0, 0xff,
    0x48, 0x4c, 0xe0, 0xff, 0x48, 0x4c, 0xe0, 0xff, 0x48, 0x48, 0xe0, 0xff,
    0x50, 0x4c, 0xe8, 0xff, 0x48, 0x4c, 0xe0, 0xff, 0x48, 0x48, 0xe0, 0xff,
    0x50, 0x4c, 0xe8, 0xff, 0x50, 0x4c, 0xe8, 0xff, 0x48, 0x48, 0xe0, 0xff,
    0x48, 0x4c, 0xe0, 0xff, 0x50, 0x4c, 0xe8, 0xff, 0x48, 0x4c, 0xe0, 0xff,
    0x00, 0x00, 0x00, 0x00, 0x00, 0x00, 0x00, 0x00, 0x00, 0x00, 0x00, 0x00,
    0x00, 0x00, 0x00, 0x00, 0x00, 0x00, 0x00, 0x00, 0x00, 0x00, 0x00, 0x00,
    0x00, 0x00, 0x00, 0x00, 0x00, 0x00, 0x00, 0x00, 0x00, 0x00, 0x00, 0x00,
    0x00, 0x00, 0x00, 0x00, 0x00, 0x00, 0x00, 0x00, 0x00, 0x00, 0x00, 0x00,
    0x00, 0x00, 0x00, 0x00, 0x00, 0x00, 0x00, 0x00, 0x50, 0x4c, 0xe8, 0xff,
    0x48, 0x4c, 0xe0, 0xff, 0x48, 0x4c, 0xe0, 0xff, 0x48, 0x4c, 0xe0, 0xff,
    0x48, 0x48, 0xe0, 0xff, 0x50, 0x4c, 0xe8, 0xff, 0x48, 0x4c, 0xe0, 0xff,
    0x48, 0x48, 0xe0, 0xff, 0x50, 0x4c, 0xe8, 0xff, 0x48, 0x4c, 0xe0, 0xff,
    0x50, 0x48, 0xe8, 0xff, 0x50, 0x4c, 0xe8, 0xff, 0x48, 0x4c, 0xe0, 0xff,
    0x48, 0x4c, 0xe0, 0xff, 0x48, 0x48, 0xe0, 0xff, 0x48, 0x4c, 0xe0, 0xff,
    0x48, 0x4c, 0xe0, 0xff, 0x48, 0x48, 0xe0, 0xff, 0x50, 0x4c, 0xe8, 0xff,
    0x48, 0x48, 0xe0, 0xff, 0x48, 0x4c, 0xe0, 0xff, 0x50, 0x48, 0xe8, 0xff,
    0x48, 0x4c, 0xe0, 0xff, 0x48, 0x48, 0xe0, 0xff, 0x48, 0x4c, 0xe0, 0xff,
    0x48, 0x4c, 0xe0, 0xff, 0x50, 0x48, 0xe8, 0xff, 0x48, 0x48, 0xe0, 0xff,
    0x48, 0x4c, 0xe0, 0xff, 0x50, 0x48, 0xe8, 0xff, 0x48, 0x4c, 0xe0, 0xff,
    0x48, 0x4c, 0xe0, 0xff, 0x48, 0x4c, 0xe0, 0xff, 0x48, 0x4c, 0xe0, 0xff,
    0x48, 0x4c, 0xe0, 0xff, 0x48, 0x4c, 0xe0, 0xff, 0x50, 0x4c, 0xe8, 0xff,
    0x48, 0x48, 0xe0, 0xff, 0x48, 0x4c, 0xe0, 0xff, 0x50, 0x4c, 0xe8, 0xff,
    0x50, 0x4c, 0xe8, 0xff, 0x48, 0x4c, 0xe0, 0xff, 0x48, 0x48, 0xe0, 0xff,
    0x48, 0x4c, 0xe0, 0xff, 0x48, 0x4c, 0xe0, 0xff, 0x48, 0x48, 0xe0, 0xff,
    0x48, 0x4c, 0xe0, 0xff, 0x50, 0x4c, 0xe8, 0xff, 0x48, 0x4c, 0xe0, 0xff,
    0x48, 0x48, 0xe0, 0xff, 0x50, 0x4c, 0xe8, 0xff, 0x48, 0x4c, 0xe0, 0xff,
    0x48, 0x48, 0xe0, 0xff, 0x48, 0x4c, 0xe0, 0xff, 0x48, 0x4c, 0xe0, 0xff,
    0x48, 0x4c, 0xe0, 0xff, 0x50, 0x48, 0xe8, 0xff, 0x48, 0x4c, 0xe0, 0xff,
    0x50, 0x4c, 0xe8, 0xff, 0x48, 0x4c, 0xe0, 0xff, 0x48, 0x4c, 0xe0, 0xff,
    0x50, 0x4c, 0xe8, 0xff, 0x48, 0x4c, 0xe0, 0xff, 0x48, 0x48, 0xe0, 0xff,
    0x48, 0x4c, 0xe0, 0xff, 0x48, 0x4c, 0xe0, 0xff, 0x48, 0x48, 0xe0, 0xff,
    0x50, 0x4c, 0xe8, 0xff, 0x48, 0x4c, 0xe0, 0xff, 0x48, 0x48, 0xe0, 0xff,
    0x48, 0x4c, 0xe0, 0xff, 0x48, 0x4c, 0xe0, 0xff, 0x48, 0x48, 0xe0, 0xff,
    0x48, 0x4c, 0xe0, 0xff, 0x48, 0x4c, 0xe0, 0xff, 0x48, 0x48, 0xe0, 0xff,
    0x48, 0x4c, 0xe0, 0xff, 0x48, 0x4c, 0xe0, 0xff, 0x48, 0x4c, 0xe0, 0xff,
    0x48, 0x48, 0xe0, 0xff, 0x48, 0x4c, 0xe0, 0xff, 0x48, 0x4c, 0xe0, 0xff,
    0x50, 0x4c, 0xe8, 0xff, 0x48, 0x4c, 0xe0, 0xff, 0x48, 0x4c, 0xe0, 0xff,
    0x50, 0x4c, 0xe8, 0xff, 0x48, 0x4c, 0xe0, 0xff, 0x50, 0x48, 0xe8, 0xff,
    0x48, 0x4c, 0xe0, 0xff, 0x48, 0x4c, 0xe0, 0xff, 0x48, 0x48, 0xe0, 0xff,
    0x48, 0x4c, 0xe0, 0xff, 0x48, 0x4c, 0xe0, 0xff, 0x48, 0x48, 0xe0, 0xff,
    0x50, 0x4c, 0xe8, 0xff, 0x48, 0x4c, 0xe0, 0xff, 0x48, 0x48, 0xe0, 0xff,
    0x48, 0x4c, 0xe0, 0xff, 0x48, 0x4c, 0xe0, 0xff, 0x48, 0x48, 0xe0, 0xff,
    0x48, 0x4c, 0xe0, 0xff, 0x48, 0x4c, 0xe0, 0xff, 0x48, 0x4c, 0xe0, 0xff,
    0x48, 0x48, 0xe0, 0xff, 0x48, 0x4c, 0xe0, 0xff, 0x48, 0x4c, 0xe0, 0xff,
    0x48, 0x4c, 0xe0, 0xff, 0x48, 0x4c, 0xe0, 0xff, 0x48, 0x4c, 0xe0, 0xff,
    0x50, 0x4c, 0xe8, 0xff, 0x48, 0x4c, 0xe0, 0xff, 0x48, 0x48, 0xe0, 0xff,
    0x50, 0x4c, 0xe8, 0xff, 0x48, 0x4c, 0xe0, 0xff, 0x50, 0x48, 0xe8, 0xff,
    0x48, 0x4c, 0xe0, 0xff, 0x48, 0x4c, 0xe0, 0xff, 0x48, 0x48, 0xe0, 0xff,
    0x48, 0x4c, 0xe0, 0xff, 0x48, 0x4c, 0xe0, 0xff, 0x48, 0x48, 0xe0, 0xff,
    0x50, 0x4c, 0xe8, 0xff, 0x48, 0x4c, 0xe0, 0xff, 0x48, 0x48, 0xe0, 0xff,
    0x48, 0x4c, 0xe0, 0xff, 0x48, 0x4c, 0xe0, 0xff, 0x48, 0x4c, 0xe0, 0xff,
    0x48, 0x48, 0xe0, 0xff, 0x48, 0x4c, 0xe0, 0xff, 0x48, 0x4c, 0xe0, 0xff,
    0x48, 0x4c, 0xe0, 0xff, 0x48, 0x4c, 0xe0, 0xff, 0x48, 0x4c, 0xe0, 0xff,
    0x48, 0x4c, 0xe0, 0xff, 0x48, 0x4c, 0xe0, 0xff, 0x48, 0x48, 0xe0, 0xff,
    0x50, 0x4c, 0xe8, 0xff, 0x48, 0x4c, 0xe0, 0xff, 0x48, 0x48, 0xe0, 0xff,
    0x50, 0x4c, 0xe8, 0xff, 0x48, 0x4c, 0xe0, 0xff, 0x50, 0x48, 0xe8, 0xff,
    0x48, 0x4c, 0xe0, 0xff, 0x48, 0x4c, 0xe0, 0xff, 0x48, 0x48, 0xe0, 0xff,
    0x48, 0x4c, 0xe0, 0xff, 0x48, 0x4c, 0xe0, 0xff, 0x48, 0x48, 0xe0, 0xff,
    0x50, 0x4c, 0xe8, 0xff, 0x48, 0x4c, 0xe0, 0xff, 0x48, 0x4c, 0xe0, 0xff,
    0x48, 0x48, 0xe0, 0xff, 0x48, 0x4c, 0xe0, 0xff, 0x48, 0x4c, 0xe0, 0xff,
    0x48, 0x4c, 0xe0, 0xff, 0x48, 0x4c, 0xe0, 0xff, 0x48, 0x4c, 0xe0, 0xff,
    0x48, 0x4c, 0xe0, 0xff, 0x48, 0x4c, 0xe0, 0xff, 0x48, 0x48, 0xe0, 0xff,
    0x48, 0x4c, 0xe0, 0xff, 0x48, 0x4c, 0xe0, 0xff, 0x48, 0x48, 0xe0, 0xff,
    0x50, 0x4c, 0xe8, 0xff, 0x48, 0x4c, 0xe0, 0xff, 0x48, 0x4c, 0xe0, 0xff,
    0x50, 0x4c, 0xe8, 0xff, 0x48, 0x48, 0xe0, 0xff, 0x50, 0x4c, 0xe8, 0xff,
    0x48, 0x4c, 0xe0, 0xff, 0x48, 0x4c, 0xe0, 0xff, 0x50, 0x48, 0xe8, 0xff,
    0x48, 0x4c, 0xe0, 0xff, 0x48, 0x4c, 0xe0, 0xff, 0x50, 0x4c, 0xe8, 0xff,
    0x48, 0x4c, 0xe0, 0xff, 0x48, 0x48, 0xe0, 0xff, 0x50, 0x4c, 0xe8, 0xff,
    0x48, 0x4c, 0xe0, 0xff, 0x48, 0x4c, 0xe0, 0xff, 0x48, 0x4c, 0xe0, 0xff,
    0x48, 0x48, 0xe0, 0xff, 0x50, 0x4c, 0xe8, 0xff, 0x48, 0x4c, 0xe0, 0xff,
    0x00, 0x00, 0x00, 0x00, 0x00, 0x00, 0x00, 0x00, 0x00, 0x00, 0x00, 0x00,
    0x00, 0x00, 0x00, 0x00, 0x00, 0x00, 0x00, 0x00, 0x00, 0x00, 0x00, 0x00,
    0x00, 0x00, 0x00, 0x00, 0x00, 0x00, 0x00, 0x00
};
