// 4.26.0 0xfb19efe7 D2 AY R0 FARGB8888 U565 N0 SExtFlashSection
// Generated by imageconverter. Please, do not edit!

#include <touchgfx/hal/Config.hpp>

LOCATION_PRAGMA("ExtFlashSection")
KEEP extern const unsigned char image_thd_hemorflow_logo[] LOCATION_ATTRIBUTE("ExtFlashSection") = { // 148x31 ARGB8888 pixels.
    0x10, 0x08, 0x08, 0x00, 0x10, 0x08, 0x08, 0x00, 0x10, 0x0c, 0x08, 0x00,
    0x10, 0x08, 0x08, 0x00, 0x10, 0x08, 0x08, 0x00, 0x10, 0x0c, 0x08, 0x00,
    0x10, 0x08, 0x08, 0x00, 0x10, 0x08, 0x08, 0x00, 0x10, 0x0c, 0x08, 0x00,
    0x10, 0x08, 0x08, 0x00, 0x10, 0x08, 0x08, 0x00, 0x10, 0x0c, 0x08, 0x00,
    0x10, 0x08, 0x08, 0x00, 0x10, 0x08, 0x08, 0x00, 0x10, 0x0c, 0x08, 0x00,
    0x10, 0x08, 0x08, 0x00, 0x10, 0x08, 0x08, 0x00, 0x10, 0x0c, 0x08, 0x00,
    0x10, 0x08, 0x08, 0x00, 0x10, 0x08, 0x08, 0x00, 0x10, 0x0c, 0x08, 0x00,
    0x10, 0x08, 0x08, 0x00, 0x10, 0x08, 0x08, 0x00, 0x10, 0x0c, 0x08, 0x00,
    0x10, 0x08, 0x08, 0x00, 0x10, 0x08, 0x08, 0x00, 0x10, 0x0c, 0x08, 0x00,
    0x10, 0x08, 0x08, 0x00, 0x10, 0x08, 0x08, 0x00, 0x10, 0x0c, 0x08, 0x00,
    0x10, 0x08, 0x08, 0x00, 0x10, 0x08, 0x08, 0x00, 0x10, 0x0c, 0x08, 0x00,
    0x10, 0x08, 0x08, 0x00, 0x10, 0x08, 0x08, 0x00, 0x10, 0x0c, 0x08, 0x00,
    0x10, 0x08, 0x08, 0x00, 0x10, 0x08, 0x08, 0x00, 0x10, 0x0c, 0x08, 0x00,
    0x10, 0x08, 0x08, 0x00, 0x10, 0x08, 0x08, 0x00, 0x10, 0x0c, 0x08, 0x00,
    0x10, 0x08, 0x08, 0x00, 0x10, 0x08, 0x08, 0x00, 0x10, 0x0c, 0x08, 0x00,
    0x10, 0x08, 0x08, 0x00, 0x10, 0x08, 0x08, 0x00, 0x10, 0x0c, 0x08, 0x00,
    0x10, 0x08, 0x08, 0x00, 0x10, 0x08, 0x08, 0x00, 0x10, 0x0c, 0x08, 0x00,
    0x10, 0x08, 0x08, 0x00, 0x10, 0x08, 0x08, 0x00, 0x10, 0x0c, 0x08, 0x00,
    0x10, 0x08, 0x08, 0x00, 0x10, 0x08, 0x08, 0x00, 0x10, 0x0c, 0x08, 0x00,
    0x10, 0x08, 0x08, 0x00, 0x10, 0x08, 0x08, 0x00, 0x10, 0x0c, 0x08, 0x00,
    0x10, 0x08, 0x08, 0x00, 0x10, 0x08, 0x08, 0x00, 0x10, 0x0c, 0x08, 0x00,
    0x10, 0x08, 0x08, 0x00, 0x10, 0x08, 0x08, 0x00, 0x10, 0x0c, 0x08, 0x00,
    0x10, 0x08, 0x08, 0x00, 0x10, 0x08, 0x08, 0x00, 0x10, 0x0c, 0x08, 0x00,
    0x10, 0x08, 0x08, 0x00, 0x10, 0x08, 0x08, 0x00, 0x10, 0x0c, 0x08, 0x00,
    0x10, 0x08, 0x08, 0x00, 0x10, 0x08, 0x08, 0x00, 0x10, 0x0c, 0x08, 0x00,
    0x10, 0x08, 0x08, 0x00, 0x10, 0x08, 0x08, 0x00, 0x10, 0x0c, 0x08, 0x00,
    0x10, 0x08, 0x08, 0x00, 0x10, 0x08, 0x08, 0x00, 0x10, 0x0c, 0x08, 0x00,
    0x10, 0x08, 0x08, 0x00, 0x10, 0x08, 0x08, 0x00, 0x10, 0x0c, 0x08, 0x00,
    0x10, 0x08, 0x08, 0x00, 0x10, 0x08, 0x08, 0x00, 0x10, 0x0c, 0x08, 0x00,
    0x10, 0x08, 0x08, 0x00, 0x10, 0x08, 0x08, 0x00, 0x10, 0x0c, 0x08, 0x00,
    0x10, 0x08, 0x08, 0x00, 0x10, 0x08, 0x08, 0x00, 0x10, 0x0c, 0x08, 0x00,
    0x10, 0x08, 0x08, 0x00, 0x10, 0x08, 0x08, 0x00, 0x10, 0x0c, 0x08, 0x00,
    0x10, 0x08, 0x08, 0x00, 0x10, 0x08, 0x08, 0x00, 0x10, 0x0c, 0x08, 0x00,
    0x10, 0x08, 0x08, 0x00, 0x10, 0x08, 0x08, 0x00, 0x10, 0x0c, 0x08, 0x00,
    0x10, 0x08, 0x08, 0x00, 0x10, 0x08, 0x08, 0x00, 0x10, 0x0c, 0x08, 0x00,
    0x10, 0x08, 0x08, 0x00, 0x10, 0x08, 0x08, 0x00, 0x10, 0x0c, 0x08, 0x00,
    0x10, 0x08, 0x08, 0x00, 0x10, 0x08, 0x08, 0x00, 0x10, 0x0c, 0x08, 0x00,
    0x10, 0x08, 0x08, 0x00, 0x10, 0x08, 0x08, 0x00, 0x10, 0x0c, 0x08, 0x00,
    0x10, 0x08, 0x08, 0x00, 0x10, 0x08, 0x08, 0x00, 0x10, 0x0c, 0x08, 0x00,
    0x10, 0x08, 0x08, 0x00, 0x10, 0x08, 0x08, 0x00, 0x10, 0x0c, 0x08, 0x00,
    0x10, 0x08, 0x08, 0x00, 0x10, 0x08, 0x08, 0x00, 0x10, 0x0c, 0x08, 0x00,
    0x10, 0x08, 0x08, 0x00, 0x10, 0x08, 0x08, 0x00, 0x10, 0x0c, 0x08, 0x00,
    0x10, 0x08, 0x08, 0x00, 0x10, 0x08, 0x08, 0x00, 0x10, 0x0c, 0x08, 0x00,
    0x10, 0x08, 0x08, 0x00, 0x10, 0x08, 0x08, 0x00, 0x10, 0x0c, 0x08, 0x00,
    0x10, 0x08, 0x08, 0x00, 0x10, 0x08, 0x08, 0x00, 0x10, 0x0c, 0x08, 0x00,
    0x10, 0x08, 0x08, 0x00, 0x10, 0x08, 0x08, 0x00, 0x10, 0x0c, 0x08, 0x00,
    0x10, 0x08, 0x08, 0x00, 0x10, 0x08, 0x08, 0x00, 0x10, 0x0c, 0x08, 0x00,
    0x10, 0x08, 0x08, 0x00, 0x10, 0x08, 0x08, 0x00, 0x10, 0x0c, 0x08, 0x00,
    0x10, 0x08, 0x08, 0x00, 0x10, 0x08, 0x08, 0x00, 0x10, 0x0c, 0x08, 0x00,
    0x10, 0x08, 0x08, 0x00, 0x10, 0x08, 0x08, 0x00, 0x10, 0x0c, 0x08, 0x00,
    0x10, 0x0c, 0x08, 0x00, 0x10, 0x08, 0x08, 0x00, 0x10, 0x0c, 0x08, 0x00,
    0x10, 0x08, 0x08, 0x00, 0x10, 0x0c, 0x08, 0x00, 0x10, 0x08, 0x08, 0x00,
    0x10, 0x0c, 0x08, 0x00, 0x10, 0x08, 0x08, 0x00, 0x10, 0x0c, 0x08, 0x00,
    0x10, 0x0c, 0x08, 0x00, 0x10, 0x08, 0x08, 0x00, 0x10, 0x0c, 0x08, 0x00,
    0x10, 0x08, 0x08, 0x00, 0x10, 0x0c, 0x08, 0x00, 0x10, 0x08, 0x08, 0x00,
    0x10, 0x0c, 0x08, 0x00, 0x10, 0x08, 0x08, 0x00, 0x10, 0x0c, 0x08, 0x00,
    0x10, 0x0c, 0x08, 0x00, 0x10, 0x08, 0x08, 0x00, 0x10, 0x0c, 0x08, 0x00,
    0x10, 0x08, 0x08, 0x00, 0x10, 0x0c, 0x08, 0x00, 0x10, 0x08, 0x08, 0x00,
    0x10, 0x0c, 0x08, 0x00, 0x10, 0x08, 0x08, 0x00, 0x10, 0x0c, 0x08, 0x00,
    0x10, 0x0c, 0x08, 0x00, 0x10, 0x08, 0x08, 0x00, 0x10, 0x0c, 0x08, 0x00,
    0x10, 0x08, 0x08, 0x00, 0x10, 0x0c, 0x08, 0x00, 0x10, 0x08, 0x08, 0x00,
    0x10, 0x0c, 0x08, 0x00, 0x10, 0x08, 0x08, 0x00, 0x10, 0x0c, 0x08, 0x00,
    0x10, 0x0c, 0x08, 0x00, 0x10, 0x08, 0x08, 0x00, 0x10, 0x0c, 0x08, 0x00,
    0x10, 0x08, 0x08, 0x00, 0x10, 0x0c, 0x08, 0x00, 0x10, 0x08, 0x08, 0x00,
    0x10, 0x0c, 0x08, 0x00, 0x10, 0x08, 0x08, 0x00, 0x10, 0x0c, 0x08, 0x00,
    0x10, 0x0c, 0x08, 0x00, 0x10, 0x08, 0x08, 0x00, 0x10, 0x0c, 0x08, 0x00,
    0x10, 0x08, 0x08, 0x00, 0x10, 0x0c, 0x08, 0x00, 0x10, 0x08, 0x08, 0x00,
    0x10, 0x0c, 0x08, 0x00, 0x10, 0x08, 0x08, 0x00, 0x10, 0x0c, 0x08, 0x00,
    0x10, 0x0c, 0x08, 0x00, 0x10, 0x08, 0x08, 0x00, 0x10, 0x0c, 0x08, 0x00,
    0x10, 0x08, 0x08, 0x00, 0x10, 0x0c, 0x08, 0x00, 0x10, 0x08, 0x08, 0x00,
    0x10, 0x0c, 0x08, 0x00, 0x10, 0x08, 0x08, 0x00, 0x10, 0x0c, 0x08, 0x00,
    0x10, 0x0c, 0x08, 0x00, 0x10, 0x08, 0x08, 0x00, 0x10, 0x0c, 0x08, 0x00,
    0x10, 0x08, 0x08, 0x00, 0x10, 0x0c, 0x08, 0x00, 0x10, 0x08, 0x08, 0x00,
    0x10, 0x0c, 0x08, 0x00, 0x10, 0x08, 0x08, 0x00, 0x10, 0x0c, 0x08, 0x00,
    0x10, 0x0c, 0x08, 0x00, 0x10, 0x08, 0x08, 0x00, 0x10, 0x0c, 0x08, 0x00,
    0x10, 0x08, 0x08, 0x00, 0x10, 0x0c, 0x08, 0x00, 0x10, 0x08, 0x08, 0x00,
    0x10, 0x0c, 0x08, 0x00, 0x10, 0x08, 0x08, 0x00, 0x10, 0x0c, 0x08, 0x00,
    0x10, 0x0c, 0x08, 0x00, 0x10, 0x08, 0x08, 0x00, 0x10, 0x0c, 0x08, 0x00,
    0x10, 0x08, 0x08, 0x00, 0x10, 0x0c, 0x08, 0x00, 0x10, 0x08, 0x08, 0x00,
    0x10, 0x0c, 0x08, 0x00, 0x10, 0x08, 0x08, 0x00, 0x10, 0x0c, 0x08, 0x00,
    0x10, 0x0c, 0x08, 0x00, 0x10, 0x08, 0x08, 0x00, 0x10, 0x0c, 0x08, 0x00,
    0x10, 0x08, 0x08, 0x00, 0x10, 0x0c, 0x08, 0x00, 0x10, 0x08, 0x08, 0x00,
    0x10, 0x0c, 0x08, 0x00, 0x10, 0x08, 0x08, 0x00, 0x10, 0x0c, 0x08, 0x00,
    0x10, 0x0c, 0x08, 0x00, 0x10, 0x08, 0x08, 0x00, 0x10, 0x0c, 0x08, 0x00,
    0x10, 0x08, 0x08, 0x00, 0x10, 0x0c, 0x08, 0x00, 0x10, 0x08, 0x08, 0x00,
    0x10, 0x0c, 0x08, 0x00, 0x10, 0x08, 0x08, 0x00, 0x10, 0x0c, 0x08, 0x00,
    0x10, 0x0c, 0x08, 0x00, 0x10, 0x08, 0x08, 0x00, 0x10, 0x0c, 0x08, 0x00,
    0x10, 0x08, 0x08, 0x00, 0x10, 0x0c, 0x08, 0x00, 0x10, 0x08, 0x08, 0x00,
    0x10, 0x0c, 0x08, 0x00, 0x10, 0x08, 0x08, 0x00, 0x10, 0x0c, 0x08, 0x00,
    0x10, 0x0c, 0x08, 0x00, 0x10, 0x08, 0x08, 0x00, 0x10, 0x0c, 0x08, 0x00,
    0x10, 0x08, 0x08, 0x00, 0x10, 0x0c, 0x08, 0x00, 0x10, 0x08, 0x08, 0x00,
    0x10, 0x0c, 0x08, 0x00, 0x10, 0x08, 0x08, 0x00, 0x10, 0x0c, 0x08, 0x00,
    0x10, 0x0c, 0x08, 0x00, 0x10, 0x08, 0x08, 0x00, 0x10, 0x0c, 0x08, 0x00,
    0x10, 0x08, 0x08, 0x00, 0x10, 0x0c, 0x08, 0x00, 0x10, 0x08, 0x08, 0x00,
    0x10, 0x0c, 0x08, 0x00, 0x10, 0x08, 0x08, 0x00, 0x10, 0x0c, 0x08, 0x00,
    0x10, 0x0c, 0x08, 0x00, 0x10, 0x08, 0x08, 0x00, 0x10, 0x0c, 0x08, 0x00,
    0x10, 0x08, 0x08, 0x00, 0x10, 0x0c, 0x08, 0x00, 0x10, 0x08, 0x08, 0x00,
    0x10, 0x0c, 0x08, 0x00, 0x10, 0x08, 0x08, 0x00, 0x10, 0x0c, 0x08, 0x00,
    0x10, 0x08, 0x08, 0x00, 0x10, 0x08, 0x08, 0x00, 0x10, 0x08, 0x08, 0x00,
    0x10, 0x0c, 0x08, 0x00, 0x10, 0x08, 0x08, 0x00, 0x10, 0x0c, 0x08, 0x00,
    0x10, 0x08, 0x08, 0x00, 0x10, 0x0c, 0x08, 0x00, 0x10, 0x08, 0x08, 0x00,
    0x10, 0x0c, 0x08, 0x00, 0x10, 0x08, 0x08, 0x00, 0x10, 0x0c, 0x08, 0x00,
    0x10, 0x08, 0x08, 0x00, 0x10, 0x08, 0x08, 0x00, 0x10, 0x0c, 0x08, 0x00,
    0x10, 0x08, 0x08, 0x00, 0x10, 0x0c, 0x08, 0x00, 0x10, 0x08, 0x08, 0x00,
    0x10, 0x0c, 0x08, 0x00, 0x10, 0x08, 0x08, 0x00, 0x10, 0x0c, 0x08, 0x00,
    0x10, 0x08, 0x08, 0x00, 0x10, 0x08, 0x08, 0x00, 0x10, 0x0c, 0x08, 0x00,
    0x10, 0x08, 0x08, 0x00, 0x10, 0x0c, 0x08, 0x00, 0x10, 0x08, 0x08, 0x00,
    0x10, 0x0c, 0x08, 0x00, 0x10, 0x08, 0x08, 0x00, 0x10, 0x0c, 0x08, 0x00,
    0x10, 0x08, 0x08, 0x00, 0x10, 0x08, 0x08, 0x00, 0x10, 0x0c, 0x08, 0x00,
    0x10, 0x08, 0x08, 0x00, 0x10, 0x0c, 0x08, 0x00, 0x10, 0x08, 0x08, 0x00,
    0x10, 0x0c, 0x08, 0x00, 0x10, 0x08, 0x08, 0x00, 0x10, 0x0c, 0x08, 0x00,
    0x10, 0x08, 0x08, 0x00, 0x10, 0x08, 0x08, 0x00, 0x10, 0x0c, 0x08, 0x00,
    0x10, 0x08, 0x08, 0x00, 0x10, 0x0c, 0x08, 0x00, 0x10, 0x08, 0x08, 0x00,
    0x10, 0x0c, 0x08, 0x00, 0x10, 0x08, 0x08, 0x00, 0x10, 0x0c, 0x08, 0x00,
    0x10, 0x08, 0x08, 0x00, 0x10, 0x08, 0x08, 0x00, 0x10, 0x0c, 0x08, 0x00,
    0x10, 0x08, 0x08, 0x00, 0x10, 0x0c, 0x08, 0x00, 0x10, 0x08, 0x08, 0x00,
    0x10, 0x0c, 0x08, 0x00, 0x10, 0x08, 0x08, 0x00, 0x10, 0x0c, 0x08, 0x00,
    0x10, 0x08, 0x08, 0x00, 0x10, 0x08, 0x08, 0x00, 0x10, 0x0c, 0x08, 0x00,
    0x10, 0x08, 0x08, 0x00, 0x10, 0x0c, 0x08, 0x00, 0x10, 0x08, 0x08, 0x00,
    0x10, 0x0c, 0x08, 0x00, 0x10, 0x08, 0x08, 0x00, 0x10, 0x0c, 0x08, 0x00,
    0x10, 0x08, 0x08, 0x00, 0x10, 0x08, 0x08, 0x00, 0x10, 0x0c, 0x08, 0x00,
    0x10, 0x08, 0x08, 0x00, 0x10, 0x0c, 0x08, 0x00, 0x10, 0x08, 0x08, 0x00,
    0x10, 0x0c, 0x08, 0x00, 0x10, 0x08, 0x08, 0x00, 0x10, 0x0c, 0x08, 0x00,
    0x10, 0x08, 0x08, 0x00, 0x10, 0x08, 0x08, 0x00, 0x10, 0x0c, 0x08, 0x00,
    0x10, 0x08, 0x08, 0x00, 0x10, 0x0c, 0x08, 0x00, 0x10, 0x08, 0x08, 0x00,
    0x10, 0x0c, 0x08, 0x00, 0x10, 0x08, 0x08, 0x00, 0x10, 0x0c, 0x08, 0x00,
    0x10, 0x08, 0x08, 0x00, 0x10, 0x08, 0x08, 0x00, 0x10, 0x0c, 0x08, 0x00,
    0x10, 0x08, 0x08, 0x00, 0x10, 0x0c, 0x08, 0x00, 0x10, 0x08, 0x08, 0x00,
    0x10, 0x0c, 0x08, 0x00, 0x10, 0x08, 0x08, 0x00, 0x10, 0x0c, 0x08, 0x00,
    0x10, 0x08, 0x08, 0x00, 0x10, 0x08, 0x08, 0x00, 0x10, 0x0c, 0x08, 0x00,
    0x10, 0x08, 0x08, 0x00, 0x10, 0x0c, 0x08, 0x00, 0x10, 0x08, 0x08, 0x00,
    0x10, 0x0c, 0x08, 0x00, 0x10, 0x08, 0x08, 0x00, 0x10, 0x0c, 0x08, 0x00,
    0x10, 0x08, 0x08, 0x00, 0x10, 0x08, 0x08, 0x00, 0x10, 0x0c, 0x08, 0x00,
    0x10, 0x08, 0x08, 0x00, 0x10, 0x0c, 0x08, 0x00, 0x10, 0x08, 0x08, 0x00,
    0x10, 0x0c, 0x08, 0x00, 0x10, 0x08, 0x08, 0x00, 0x10, 0x0c, 0x08, 0x00,
    0x10, 0x08, 0x08, 0x00, 0x10, 0x08, 0x08, 0x00, 0x10, 0x0c, 0x08, 0x00,
    0x10, 0x08, 0x08, 0x00, 0x10, 0x0c, 0x08, 0x00, 0x10, 0x08, 0x08, 0x00,
    0x10, 0x0c, 0x08, 0x00, 0x10, 0x08, 0x08, 0x00, 0x10, 0x0c, 0x08, 0x00,
    0x10, 0x08, 0x08, 0x00, 0x10, 0x08, 0x08, 0x00, 0x10, 0x0c, 0x08, 0x00,
    0x10, 0x08, 0x08, 0x00, 0x10, 0x0c, 0x08, 0x00, 0x10, 0x08, 0x08, 0x00,
    0x10, 0x0c, 0x08, 0x00, 0x10, 0x08, 0x08, 0x00, 0x10, 0x0c, 0x08, 0x00,
    0x10, 0x08, 0x08, 0x00, 0x10, 0x08, 0x08, 0x00, 0x10, 0x0c, 0x08, 0x00,
    0x10, 0x08, 0x08, 0x00, 0x10, 0x0c, 0x08, 0x00, 0x10, 0x08, 0x08, 0x00,
    0x10, 0x0c, 0x08, 0x00, 0x10, 0x08, 0x08, 0x00, 0x10, 0x0c, 0x08, 0x00,
    0x10, 0x08, 0x08, 0x00, 0x10, 0x08, 0x08, 0x00, 0x10, 0x0c, 0x08, 0x00,
    0x10, 0x08, 0x08, 0x00, 0x10, 0x0c, 0x08, 0x00, 0x10, 0x08, 0x08, 0x00,
    0x10, 0x0c, 0x08, 0x00, 0x10, 0x08, 0x08, 0x00, 0x10, 0x0c, 0x08, 0x00,
    0x10, 0x0c, 0x08, 0x00, 0x10, 0x08, 0x08, 0x00, 0x10, 0x0c, 0x08, 0x00,
    0x10, 0x0c, 0x08, 0x00, 0x10, 0x08, 0x08, 0x00, 0x10, 0x08, 0x08, 0x00,
    0x08, 0x0c, 0x00, 0x00, 0x10, 0x0c, 0x08, 0x00, 0x10, 0x08, 0x08, 0x00,
    0x08, 0x0c, 0x00, 0x00, 0x10, 0x08, 0x08, 0x00, 0x10, 0x0c, 0x08, 0x00,
    0x08, 0x0c, 0x00, 0x00, 0x10, 0x08, 0x08, 0x00, 0x10, 0x0c, 0x08, 0x00,
    0x08, 0x08, 0x00, 0x00, 0x10, 0x0c, 0x08, 0x00, 0x10, 0x08, 0x08, 0x00,
    0x08, 0x0c, 0x00, 0x00, 0x10, 0x08, 0x08, 0x00, 0x10, 0x0c, 0x08, 0x00,
    0x08, 0x0c, 0x00, 0x00, 0x10, 0x08, 0x08, 0x00, 0x10, 0x0c, 0x08, 0x00,
    0x08, 0x08, 0x00, 0x00, 0x10, 0x0c, 0x08, 0x00, 0x10, 0x08, 0x08, 0x00,
    0x08, 0x0c, 0x00, 0x00, 0x10, 0x08, 0x08, 0x00, 0x10, 0x0c, 0x08, 0x00,
    0x08, 0x0c, 0x00, 0x00, 0x10, 0x08, 0x08, 0x00, 0x10, 0x0c, 0x08, 0x00,
    0x08, 0x08, 0x00, 0x00, 0x10, 0x0c, 0x08, 0x00, 0x10, 0x08, 0x08, 0x00,
    0x08, 0x0c, 0x00, 0x00, 0x10, 0x08, 0x08, 0x00, 0x10, 0x0c, 0x08, 0x00,
    0x08, 0x0c, 0x00, 0x00, 0x10, 0x08, 0x08, 0x00, 0x10, 0x0c, 0x08, 0x00,
    0x08, 0x08, 0x00, 0x00, 0x10, 0x0c, 0x08, 0x00, 0x10, 0x08, 0x08, 0x00,
    0x08, 0x0c, 0x00, 0x00, 0x10, 0x08, 0x08, 0x00, 0x10, 0x0c, 0x08, 0x00,
    0x08, 0x0c, 0x00, 0x00, 0x10, 0x08, 0x08, 0x00, 0x10, 0x0c, 0x08, 0x00,
    0x08, 0x08, 0x00, 0x00, 0x10, 0x0c, 0x08, 0x00, 0x10, 0x08, 0x08, 0x00,
    0x08, 0x0c, 0x00, 0x00, 0x10, 0x08, 0x08, 0x00, 0x10, 0x0c, 0x08, 0x00,
    0x08, 0x0c, 0x00, 0x00, 0x10, 0x08, 0x08, 0x00, 0x10, 0x0c, 0x08, 0x00,
    0x08, 0x08, 0x00, 0x00, 0x10, 0x0c, 0x08, 0x00, 0x10, 0x08, 0x08, 0x00,
    0x08, 0x0c, 0x00, 0x00, 0x10, 0x08, 0x08, 0x00, 0x10, 0x0c, 0x08, 0x00,
    0x08, 0x0c, 0x00, 0x00, 0x10, 0x08, 0x08, 0x00, 0x10, 0x0c, 0x08, 0x00,
    0x08, 0x08, 0x00, 0x00, 0x10, 0x0c, 0x08, 0x00, 0x10, 0x08, 0x08, 0x00,
    0x08, 0x0c, 0x00, 0x00, 0x10, 0x08, 0x08, 0x00, 0x10, 0x0c, 0x08, 0x00,
    0x08, 0x0c, 0x00, 0x00, 0x10, 0x08, 0x08, 0x00, 0x10, 0x0c, 0x08, 0x00,
    0x08, 0x08, 0x00, 0x00, 0x10, 0x0c, 0x08, 0x00, 0x10, 0x08, 0x08, 0x00,
    0x08, 0x0c, 0x00, 0x00, 0x10, 0x08, 0x08, 0x00, 0x10, 0x0c, 0x08, 0x00,
    0x08, 0x0c, 0x00, 0x00, 0x10, 0x08, 0x08, 0x00, 0x10, 0x0c, 0x08, 0x00,
    0x08, 0x08, 0x00, 0x00, 0x10, 0x0c, 0x08, 0x00, 0x10, 0x08, 0x08, 0x00,
    0x08, 0x0c, 0x00, 0x00, 0x10, 0x08, 0x08, 0x00, 0x10, 0x0c, 0x08, 0x00,
    0x08, 0x0c, 0x00, 0x00, 0x10, 0x08, 0x08, 0x00, 0x10, 0x0c, 0x08, 0x00,
    0x08, 0x08, 0x00, 0x00, 0x10, 0x0c, 0x08, 0x00, 0x10, 0x08, 0x08, 0x00,
    0x08, 0x0c, 0x00, 0x00, 0x10, 0x08, 0x08, 0x00, 0x10, 0x0c, 0x08, 0x00,
    0x08, 0x0c, 0x00, 0x00, 0x10, 0x08, 0x08, 0x00, 0x10, 0x0c, 0x08, 0x00,
    0x08, 0x08, 0x00, 0x00, 0x10, 0x0c, 0x08, 0x00, 0x10, 0x08, 0x08, 0x00,
    0x08, 0x0c, 0x00, 0x00, 0x10, 0x08, 0x08, 0x00, 0x10, 0x0c, 0x08, 0x00,
    0x08, 0x0c, 0x00, 0x00, 0x10, 0x08, 0x08, 0x00, 0x10, 0x0c, 0x08, 0x00,
    0x08, 0x08, 0x00, 0x00, 0x10, 0x0c, 0x08, 0x00, 0x10, 0x08, 0x08, 0x00,
    0x08, 0x0c, 0x00, 0x00, 0x10, 0x08, 0x08, 0x00, 0x10, 0x0c, 0x08, 0x00,
    0x08, 0x0c, 0x00, 0x00, 0x10, 0x08, 0x08, 0x00, 0x10, 0x0c, 0x08, 0x00,
    0x08, 0x08, 0x00, 0x00, 0x10, 0x0c, 0x08, 0x00, 0x10, 0x08, 0x08, 0x00,
    0x08, 0x0c, 0x00, 0x00, 0x10, 0x08, 0x08, 0x00, 0x10, 0x0c, 0x08, 0x00,
    0x08, 0x0c, 0x00, 0x00, 0x10, 0x08, 0x08, 0x00, 0x10, 0x0c, 0x08, 0x00,
    0x08, 0x08, 0x00, 0x00, 0x10, 0x0c, 0x08, 0x00, 0x10, 0x08, 0x08, 0x00,
    0x08, 0x0c, 0x00, 0x00, 0x10, 0x08, 0x08, 0x00, 0x10, 0x0c, 0x08, 0x00,
    0x08, 0x0c, 0x00, 0x00, 0x10, 0x08, 0x08, 0x00, 0x10, 0x0c, 0x08, 0x00,
    0x08, 0x08, 0x00, 0x00, 0x10, 0x0c, 0x08, 0x00, 0x10, 0x08, 0x08, 0x00,
    0x08, 0x0c, 0x00, 0x00, 0x10, 0x08, 0x08, 0x00, 0x10, 0x0c, 0x08, 0x00,
    0x08, 0x08, 0x00, 0x00, 0x10, 0x08, 0x08, 0x00, 0x10, 0x0c, 0x08, 0x00,
    0x10, 0x0c, 0x08, 0x00, 0x10, 0x08, 0x08, 0x00, 0x10, 0x0c, 0x08, 0x00,
    0x10, 0x08, 0x08, 0x00, 0x10, 0x08, 0x08, 0x00, 0x10, 0x0c, 0x08, 0x00,
    0x10, 0x08, 0x08, 0x00, 0x10, 0x08, 0x08, 0x00, 0x10, 0x0c, 0x08, 0x00,
    0x10, 0x08, 0x08, 0x00, 0x10, 0x08, 0x08, 0x00, 0x10, 0x0c, 0x08, 0x00,
    0x10, 0x0c, 0x08, 0x00, 0x10, 0x08, 0x08, 0x00, 0x10, 0x0c, 0x08, 0x00,
    0x10, 0x0c, 0x08, 0x00, 0x10, 0x08, 0x08, 0x00, 0x10, 0x08, 0x08, 0x00,
    0x10, 0x0c, 0x08, 0x00, 0x10, 0x08, 0x08, 0x00, 0x10, 0x0c, 0x08, 0x00,
    0x10, 0x08, 0x08, 0x00, 0x10, 0x0c, 0x08, 0x00, 0x10, 0x08, 0x08, 0x00,
    0x10, 0x0c, 0x08, 0x00, 0x10, 0x08, 0x08, 0x00, 0x10, 0x0c, 0x08, 0x00,
    0x10, 0x08, 0x08, 0x00, 0x10, 0x08, 0x08, 0x00, 0x10, 0x0c, 0x08, 0x00,
    0x10, 0x0c, 0x08, 0x00, 0x10, 0x08, 0x08, 0x00, 0x10, 0x0c, 0x08, 0x00,
    0x10, 0x0c, 0x08, 0x00, 0x10, 0x08, 0x08, 0x00, 0x10, 0x08, 0x08, 0x00,
    0x10, 0x0c, 0x08, 0x00, 0x10, 0x08, 0x08, 0x00, 0x10, 0x0c, 0x08, 0x00,
    0x10, 0x08, 0x08, 0x00, 0x10, 0x0c, 0x08, 0x00, 0x10, 0x08, 0x08, 0x00,
    0x10, 0x0c, 0x08, 0x00, 0x10, 0x08, 0x08, 0x00, 0x10, 0x0c, 0x08, 0x00,
    0x10, 0x08, 0x08, 0x00, 0x10, 0x08, 0x08, 0x00, 0x10, 0x0c, 0x08, 0x00,
    0x10, 0x0c, 0x08, 0x00, 0x10, 0x08, 0x08, 0x00, 0x10, 0x0c, 0x08, 0x00,
    0x10, 0x0c, 0x08, 0x00, 0x10, 0x08, 0x08, 0x00, 0x10, 0x08, 0x08, 0x00,
    0x10, 0x0c, 0x08, 0x00, 0x10, 0x08, 0x08, 0x00, 0x10, 0x0c, 0x08, 0x00,
    0x10, 0x08, 0x08, 0x00, 0x10, 0x0c, 0x08, 0x00, 0x10, 0x08, 0x08, 0x00,
    0x10, 0x0c, 0x08, 0x00, 0x10, 0x08, 0x08, 0x00, 0x10, 0x0c, 0x08, 0x00,
    0x10, 0x08, 0x08, 0x00, 0x10, 0x08, 0x08, 0x00, 0x10, 0x0c, 0x08, 0x00,
    0x10, 0x0c, 0x08, 0x00, 0x10, 0x08, 0x08, 0x00, 0x10, 0x0c, 0x08, 0x00,
    0x10, 0x0c, 0x08, 0x00, 0x10, 0x08, 0x08, 0x00, 0x10, 0x08, 0x08, 0x00,
    0x10, 0x0c, 0x08, 0x00, 0x10, 0x08, 0x08, 0x00, 0x10, 0x0c, 0x08, 0x00,
    0x10, 0x08, 0x08, 0x00, 0x10, 0x0c, 0x08, 0x00, 0x10, 0x08, 0x08, 0x00,
    0x10, 0x0c, 0x08, 0x00, 0x10, 0x08, 0x08, 0x00, 0x10, 0x0c, 0x08, 0x00,
    0x10, 0x08, 0x08, 0x00, 0x10, 0x08, 0x08, 0x00, 0x10, 0x0c, 0x08, 0x00,
    0x10, 0x0c, 0x08, 0x00, 0x10, 0x08, 0x08, 0x00, 0x10, 0x0c, 0x08, 0x00,
    0x10, 0x0c, 0x08, 0x00, 0x10, 0x08, 0x08, 0x00, 0x10, 0x08, 0x08, 0x00,
    0x10, 0x0c, 0x08, 0x00, 0x10, 0x08, 0x08, 0x00, 0x10, 0x0c, 0x08, 0x00,
    0x10, 0x08, 0x08, 0x00, 0x10, 0x0c, 0x08, 0x00, 0x10, 0x08, 0x08, 0x00,
    0x10, 0x0c, 0x08, 0x00, 0x10, 0x08, 0x08, 0x00, 0x10, 0x0c, 0x08, 0x00,
    0x10, 0x08, 0x08, 0x00, 0x10, 0x08, 0x08, 0x00, 0x10, 0x0c, 0x08, 0x00,
    0x10, 0x0c, 0x08, 0x00, 0x10, 0x08, 0x08, 0x00, 0x10, 0x0c, 0x08, 0x00,
    0x10, 0x0c, 0x08, 0x00, 0x10, 0x08, 0x08, 0x00, 0x10, 0x08, 0x08, 0x00,
    0x10, 0x0c, 0x08, 0x00, 0x10, 0x08, 0x08, 0x00, 0x10, 0x0c, 0x08, 0x00,
    0x10, 0x08, 0x08, 0x00, 0x10, 0x0c, 0x08, 0x00, 0x10, 0x08, 0x08, 0x00,
    0x10, 0x0c, 0x08, 0x00, 0x10, 0x08, 0x08, 0x00, 0x10, 0x0c, 0x08, 0x00,
    0x10, 0x08, 0x08, 0x00, 0x10, 0x08, 0x08, 0x00, 0x10, 0x0c, 0x08, 0x00,
    0x10, 0x0c, 0x08, 0x00, 0x10, 0x08, 0x08, 0x00, 0x10, 0x0c, 0x08, 0x00,
    0x10, 0x0c, 0x08, 0x00, 0x10, 0x08, 0x08, 0x00, 0x10, 0x08, 0x08, 0x00,
    0x10, 0x0c, 0x08, 0x00, 0x10, 0x08, 0x08, 0x00, 0x10, 0x0c, 0x08, 0x00,
    0x10, 0x08, 0x08, 0x00, 0x10, 0x0c, 0x08, 0x00, 0x10, 0x08, 0x08, 0x00,
    0x10, 0x0c, 0x08, 0x00, 0x10, 0x08, 0x08, 0x00, 0x10, 0x0c, 0x08, 0x00,
    0x10, 0x08, 0x08, 0x00, 0x10, 0x08, 0x08, 0x00, 0x10, 0x0c, 0x08, 0x00,
    0x10, 0x0c, 0x08, 0x00, 0x10, 0x08, 0x08, 0x00, 0x10, 0x0c, 0x08, 0x00,
    0x10, 0x0c, 0x08, 0x00, 0x10, 0x08, 0x08, 0x00, 0x10, 0x0c, 0x08, 0x00,
    0x10, 0x0c, 0x08, 0x00, 0x10, 0x08, 0x08, 0x00, 0x10, 0x08, 0x08, 0x00,
    0x10, 0x0c, 0x08, 0x00, 0x10, 0x08, 0x08, 0x00, 0x10, 0x08, 0x08, 0x00,
    0x10, 0x0c, 0x08, 0x00, 0x10, 0x0c, 0x08, 0x00, 0x10, 0x08, 0x08, 0x00,
    0x10, 0x0c, 0x08, 0x00, 0x10, 0x0c, 0x08, 0x00, 0x10, 0x08, 0x08, 0x00,
    0x10, 0x0c, 0x08, 0x00, 0x10, 0x0c, 0x08, 0x00, 0x10, 0x08, 0x08, 0x00,
    0x10, 0x08, 0x08, 0x00, 0x10, 0x0c, 0x08, 0x00, 0x10, 0x08, 0x08, 0x00,
    0x10, 0x08, 0x08, 0x00, 0x10, 0x0c, 0x08, 0x00, 0x10, 0x08, 0x08, 0x00,
    0x10, 0x0c, 0x08, 0x00, 0x10, 0x08, 0x08, 0x00, 0x10, 0x08, 0x08, 0x00,
    0x10, 0x0c, 0x08, 0x00, 0x10, 0x0c, 0x08, 0x00, 0x10, 0x08, 0x08, 0x00,
    0x10, 0x0c, 0x08, 0x00, 0x10, 0x08, 0x08, 0x00, 0x10, 0x0c, 0x08, 0x00,
    0x10, 0x0c, 0x08, 0x00, 0x10, 0x08, 0x08, 0x00, 0x10, 0x08, 0x08, 0x00,
    0x10, 0x0c, 0x08, 0x00, 0x10, 0x08, 0x08, 0x00, 0x10, 0x08, 0x08, 0x00,
    0x10, 0x0c, 0x08, 0x00, 0x10, 0x08, 0x08, 0x00, 0x10, 0x0c, 0x08, 0x00,
    0x10, 0x0c, 0x08, 0x00, 0x10, 0x08, 0x08, 0x00, 0x10, 0x08, 0x08, 0x00,
    0x10, 0x0c, 0x08, 0x00, 0x10, 0x0c, 0x08, 0x00, 0x10, 0x08, 0x08, 0x00,
    0x10, 0x0c, 0x08, 0x00, 0x10, 0x08, 0x08, 0x00, 0x10, 0x0c, 0x08, 0x00,
    0x10, 0x0c, 0x08, 0x00, 0x10, 0x08, 0x08, 0x00, 0x10, 0x08, 0x08, 0x00,
    0x10, 0x0c, 0x08, 0x00, 0x10, 0x08, 0x08, 0x00, 0x10, 0x08, 0x08, 0x00,
    0x10, 0x0c, 0x08, 0x00, 0x10, 0x08, 0x08, 0x00, 0x10, 0x0c, 0x08, 0x00,
    0x10, 0x0c, 0x08, 0x00, 0x10, 0x08, 0x08, 0x00, 0x10, 0x08, 0x08, 0x00,
    0x10, 0x0c, 0x08, 0x00, 0x10, 0x0c, 0x08, 0x00, 0x10, 0x08, 0x08, 0x00,
    0x10, 0x0c, 0x08, 0x00, 0x10, 0x08, 0x08, 0x00, 0x10, 0x0c, 0x08, 0x00,
    0x10, 0x0c, 0x08, 0x00, 0x10, 0x08, 0x08, 0x00, 0x10, 0x08, 0x08, 0x00,
    0x10, 0x0c, 0x08, 0x00, 0x10, 0x08, 0x08, 0x00, 0x10, 0x08, 0x08, 0x00,
    0x10, 0x0c, 0x08, 0x00, 0x10, 0x08, 0x08, 0x00, 0x10, 0x0c, 0x08, 0x00,
    0x10, 0x0c, 0x08, 0x00, 0x10, 0x08, 0x08, 0x00, 0x10, 0x08, 0x08, 0x00,
    0x10, 0x0c, 0x08, 0x00, 0x10, 0x0c, 0x08, 0x00, 0x10, 0x08, 0x08, 0x00,
    0x10, 0x0c, 0x08, 0x00, 0x10, 0x08, 0x08, 0x00, 0x10, 0x0c, 0x08, 0x00,
    0x10, 0x0c, 0x08, 0x00, 0x10, 0x08, 0x08, 0x00, 0x10, 0x08, 0x08, 0x00,
    0x10, 0x0c, 0x08, 0x00, 0x10, 0x08, 0x08, 0x00, 0x10, 0x08, 0x08, 0x00,
    0x10, 0x0c, 0x08, 0x00, 0x10, 0x08, 0x08, 0x00, 0x10, 0x0c, 0x08, 0x00,
    0x10, 0x0c, 0x08, 0x00, 0x10, 0x08, 0x08, 0x00, 0x10, 0x08, 0x08, 0x00,
    0x10, 0x0c, 0x08, 0x00, 0x10, 0x0c, 0x08, 0x00, 0x10, 0x08, 0x08, 0x00,
    0x10, 0x0c, 0x08, 0x00, 0x10, 0x08, 0x08, 0x00, 0x10, 0x0c, 0x08, 0x00,
    0x10, 0x0c, 0x08, 0x00, 0x10, 0x08, 0x08, 0x00, 0x10, 0x08, 0x08, 0x00,
    0x10, 0x0c, 0x08, 0x00, 0x10, 0x08, 0x08, 0x00, 0x10, 0x08, 0x08, 0x00,
    0x10, 0x0c, 0x08, 0x00, 0x10, 0x08, 0x08, 0x00, 0x10, 0x0c, 0x08, 0x00,
    0x10, 0x0c, 0x08, 0x00, 0x10, 0x08, 0x08, 0x00, 0x10, 0x08, 0x08, 0x00,
    0x10, 0x0c, 0x08, 0x00, 0x10, 0x0c, 0x08, 0x00, 0x10, 0x08, 0x08, 0x00,
    0x10, 0x0c, 0x08, 0x00, 0x10, 0x08, 0x08, 0x00, 0x10, 0x0c, 0x08, 0x00,
    0x10, 0x0c, 0x08, 0x00, 0x10, 0x08, 0x08, 0x00, 0x10, 0x08, 0x08, 0x00,
    0x10, 0x0c, 0x08, 0x00, 0x10, 0x08, 0x08, 0x00, 0x10, 0x08, 0x08, 0x00,
    0x10, 0x0c, 0x08, 0x00, 0x10, 0x08, 0x08, 0x00, 0x10, 0x0c, 0x08, 0x00,
    0x10, 0x0c, 0x08, 0x00, 0x10, 0x08, 0x08, 0x00, 0x10, 0x08, 0x08, 0x00,
    0x10, 0x0c, 0x08, 0x00, 0x10, 0x0c, 0x08, 0x00, 0x10, 0x08, 0x08, 0x00,
    0x10, 0x0c, 0x08, 0x00, 0x10, 0x08, 0x08, 0x00, 0x10, 0x0c, 0x08, 0x00,
    0x10, 0x0c, 0x08, 0x00, 0x10, 0x08, 0x08, 0x00, 0x10, 0x08, 0x08, 0x00,
    0x10, 0x0c, 0x08, 0x00, 0x10, 0x08, 0x08, 0x00, 0x10, 0x08, 0x08, 0x00,
    0x10, 0x0c, 0x08, 0x00, 0x10, 0x08, 0x08, 0x00, 0x10, 0x08, 0x08, 0x00,
    0x10, 0x0c, 0x08, 0x00, 0x10, 0x08, 0x08, 0x00, 0x10, 0x0c, 0x08, 0x00,
    0x08, 0x0c, 0x00, 0x00, 0x10, 0x08, 0x08, 0x00, 0x10, 0x08, 0x08, 0x00,
    0x10, 0x08, 0x08, 0x00, 0x10, 0x0c, 0x08, 0x00, 0x08, 0x08, 0x00, 0x00,
    0x10, 0x0c, 0x08, 0x00, 0x10, 0x08, 0x08, 0x00, 0x08, 0x0c, 0x00, 0x00,
    0x10, 0x08, 0x08, 0x00, 0x10, 0x08, 0x08, 0x00, 0x08, 0x0c, 0x00, 0x00,
    0x10, 0x0c, 0x08, 0x00, 0x10, 0x08, 0x08, 0x00, 0x08, 0x0c, 0x00, 0x00,
    0x10, 0x08, 0x08, 0x00, 0x10, 0x0c, 0x08, 0x00, 0x08, 0x08, 0x00, 0x00,
    0x10, 0x0c, 0x08, 0x00, 0x10, 0x0c, 0x08, 0x00, 0x08, 0x08, 0x00, 0x00,
    0x10, 0x0c, 0x08, 0x00, 0x10, 0x08, 0x08, 0x00, 0x08, 0x08, 0x00, 0x00,
    0x10, 0x0c, 0x08, 0x00, 0x10, 0x08, 0x08, 0x00, 0x08, 0x08, 0x00, 0x00,
    0x10, 0x0c, 0x08, 0x00, 0x10, 0x08, 0x08, 0x00, 0x08, 0x0c, 0x00, 0x00,
    0x10, 0x0c, 0x08, 0x00, 0x10, 0x08, 0x08, 0x00, 0x08, 0x0c, 0x00, 0x00,
    0x10, 0x0c, 0x08, 0x00, 0x10, 0x08, 0x08, 0x00, 0x08, 0x08, 0x00, 0x00,
    0x10, 0x0c, 0x08, 0x00, 0x10, 0x08, 0x08, 0x00, 0x08, 0x0c, 0x00, 0x00,
    0x10, 0x08, 0x08, 0x00, 0x10, 0x08, 0x08, 0x00, 0x08, 0x0c, 0x00, 0x00,
    0x10, 0x08, 0x08, 0x00, 0x10, 0x08, 0x08, 0x00, 0x08, 0x0c, 0x00, 0x00,
    0x10, 0x08, 0x08, 0x00, 0x10, 0x0c, 0x08, 0x00, 0x08, 0x0c, 0x00, 0x00,
    0x10, 0x08, 0x08, 0x00, 0x10, 0x0c, 0x08, 0x00, 0x08, 0x08, 0x00, 0x00,
    0x10, 0x0c, 0x08, 0x00, 0x10, 0x08, 0x08, 0x00, 0x08, 0x08, 0x00, 0x00,
    0x10, 0x0c, 0x08, 0x00, 0x10, 0x0c, 0x08, 0x00, 0x08, 0x08, 0x00, 0x00,
    0x10, 0x0c, 0x08, 0x00, 0x10, 0x08, 0x08, 0x00, 0x08, 0x08, 0x00, 0x00,
    0x10, 0x0c, 0x08, 0x00, 0x10, 0x08, 0x08, 0x00, 0x08, 0x08, 0x00, 0x00,
    0x10, 0x0c, 0x08, 0x00, 0x10, 0x08, 0x08, 0x00, 0x08, 0x0c, 0x00, 0x00,
    0x10, 0x0c, 0x08, 0x00, 0x10, 0x08, 0x08, 0x00, 0x08, 0x0c, 0x00, 0x00,
    0x10, 0x0c, 0x08, 0x00, 0x10, 0x08, 0x08, 0x00, 0x08, 0x08, 0x00, 0x00,
    0x10, 0x0c, 0x08, 0x00, 0x10, 0x08, 0x08, 0x00, 0x08, 0x0c, 0x00, 0x00,
    0x10, 0x08, 0x08, 0x00, 0x10, 0x08, 0x08, 0x00, 0x08, 0x0c, 0x00, 0x00,
    0x10, 0x08, 0x08, 0x00, 0x10, 0x08, 0x08, 0x00, 0x08, 0x0c, 0x00, 0x00,
    0x10, 0x08, 0x08, 0x00, 0x10, 0x0c, 0x08, 0x00, 0x08, 0x0c, 0x00, 0x00,
    0x10, 0x08, 0x08, 0x00, 0x10, 0x0c, 0x08, 0x00, 0x08, 0x08, 0x00, 0x00,
    0x10, 0x0c, 0x08, 0x00, 0x10, 0x08, 0x08, 0x00, 0x08, 0x08, 0x00, 0x00,
    0x10, 0x0c, 0x08, 0x00, 0x10, 0x0c, 0x08, 0x00, 0x08, 0x08, 0x00, 0x00,
    0x10, 0x0c, 0x08, 0x00, 0x10, 0x08, 0x08, 0x00, 0x08, 0x08, 0x00, 0x00,
    0x10, 0x0c, 0x08, 0x00, 0x10, 0x08, 0x08, 0x00, 0x08, 0x08, 0x00, 0x00,
    0x10, 0x0c, 0x08, 0x00, 0x10, 0x08, 0x08, 0x00, 0x08, 0x0c, 0x00, 0x00,
    0x10, 0x0c, 0x08, 0x00, 0x10, 0x08, 0x08, 0x00, 0x08, 0x0c, 0x00, 0x00,
    0x10, 0x0c, 0x08, 0x00, 0x10, 0x08, 0x08, 0x00, 0x08, 0x08, 0x00, 0x00,
    0x10, 0x0c, 0x08, 0x00, 0x10, 0x08, 0x08, 0x00, 0x08, 0x0c, 0x00, 0x00,
    0x10, 0x08, 0x08, 0x00, 0x10, 0x08, 0x08, 0x00, 0x08, 0x0c, 0x00, 0x00,
    0x10, 0x08, 0x08, 0x00, 0x10, 0x08, 0x08, 0x00, 0x08, 0x0c, 0x00, 0x00,
    0x10, 0x08, 0x08, 0x00, 0x10, 0x0c, 0x08, 0x00, 0x08, 0x0c, 0x00, 0x00,
    0x10, 0x08, 0x08, 0x00, 0x10, 0x0c, 0x08, 0x00, 0x08, 0x08, 0x00, 0x00,
    0x10, 0x0c, 0x08, 0x00, 0x10, 0x08, 0x08, 0x00, 0x08, 0x08, 0x00, 0x00,
    0x10, 0x0c, 0x08, 0x00, 0x10, 0x0c, 0x08, 0x00, 0x08, 0x08, 0x00, 0x00,
    0x10, 0x0c, 0x08, 0x00, 0x10, 0x08, 0x08, 0x00, 0x08, 0x08, 0x00, 0x00,
    0x10, 0x0c, 0x08, 0x00, 0x10, 0x08, 0x08, 0x00, 0x08, 0x08, 0x00, 0x00,
    0x10, 0x0c, 0x08, 0x00, 0x10, 0x08, 0x08, 0x00, 0x08, 0x0c, 0x00, 0x00,
    0x10, 0x0c, 0x08, 0x00, 0x10, 0x08, 0x08, 0x00, 0x08, 0x0c, 0x00, 0x00,
    0x10, 0x08, 0x08, 0x00, 0x10, 0x0c, 0x08, 0x00, 0x08, 0x08, 0x00, 0x00,
    0x10, 0x0c, 0x08, 0x00, 0x10, 0x08, 0x08, 0x00, 0x08, 0x08, 0x00, 0x00,
    0x10, 0x0c, 0x08, 0x00, 0x10, 0x0c, 0x08, 0x00, 0x10, 0x08, 0x08, 0x00,
    0x10, 0x0c, 0x08, 0x00, 0x10, 0x0c, 0x08, 0x00, 0x10, 0x08, 0x08, 0x00,
    0x10, 0x0c, 0x08, 0x00, 0x10, 0x08, 0x08, 0x00, 0x10, 0x08, 0x08, 0x00,
    0x10, 0x0c, 0x08, 0x00, 0x10, 0x0c, 0x08, 0x00, 0x10, 0x08, 0x08, 0x00,
    0x10, 0x08, 0x08, 0x00, 0x10, 0x0c, 0x08, 0x00, 0x10, 0x08, 0x08, 0x00,
    0x10, 0x0c, 0x08, 0x00, 0x10, 0x0c, 0x08, 0x00, 0x10, 0x08, 0x08, 0x00,
    0x10, 0x0c, 0x08, 0x00, 0x10, 0x08, 0x08, 0x00, 0x10, 0x08, 0x08, 0x00,
    0x10, 0x0c, 0x08, 0x00, 0x10, 0x0c, 0x08, 0x00, 0x10, 0x08, 0x08, 0x00,
    0x10, 0x0c, 0x08, 0x00, 0x10, 0x0c, 0x08, 0x00, 0x10, 0x08, 0x08, 0x00,
    0x10, 0x0c, 0x08, 0x00, 0x10, 0x08, 0x08, 0x00, 0x10, 0x08, 0x08, 0x00,
    0x10, 0x0c, 0x08, 0x00, 0x10, 0x08, 0x08, 0x00, 0x10, 0x08, 0x08, 0x00,
    0x10, 0x0c, 0x08, 0x00, 0x10, 0x08, 0x08, 0x00, 0x10, 0x0c, 0x08, 0x00,
    0x10, 0x0c, 0x08, 0x00, 0x10, 0x08, 0x08, 0x00, 0x10, 0x08, 0x08, 0x00,
    0x10, 0x0c, 0x08, 0x00, 0x10, 0x0c, 0x08, 0x00, 0x10, 0x08, 0x08, 0x00,
    0x10, 0x0c, 0x08, 0x00, 0x10, 0x0c, 0x08, 0x00, 0x10, 0x08, 0x08, 0x00,
    0x10, 0x0c, 0x08, 0x00, 0x10, 0x08, 0x08, 0x00, 0x10, 0x08, 0x08, 0x00,
    0x10, 0x0c, 0x08, 0x00, 0x10, 0x08, 0x08, 0x00, 0x10, 0x0c, 0x08, 0x00,
    0x10, 0x0c, 0x08, 0x00, 0x10, 0x08, 0x08, 0x00, 0x10, 0x0c, 0x08, 0x00,
    0x10, 0x08, 0x08, 0x00, 0x10, 0x08, 0x08, 0x00, 0x10, 0x08, 0x08, 0x00,
    0x10, 0x0c, 0x08, 0x00, 0x10, 0x0c, 0x08, 0x00, 0x10, 0x08, 0x08, 0x00,
    0x10, 0x0c, 0x08, 0x00, 0x10, 0x0c, 0x08, 0x00, 0x10, 0x08, 0x08, 0x00,
    0x10, 0x0c, 0x08, 0x00, 0x10, 0x08, 0x08, 0x00, 0x10, 0x08, 0x08, 0x00,
    0x10, 0x0c, 0x08, 0x00, 0x10, 0x08, 0x08, 0x00, 0x10, 0x08, 0x08, 0x00,
    0x10, 0x0c, 0x08, 0x00, 0x10, 0x08, 0x08, 0x00, 0x10, 0x0c, 0x08, 0x00,
    0x10, 0x0c, 0x08, 0x00, 0x10, 0x08, 0x08, 0x00, 0x10, 0x08, 0x08, 0x00,
    0x10, 0x0c, 0x08, 0x00, 0x10, 0x0c, 0x08, 0x00, 0x10, 0x08, 0x08, 0x00,
    0x10, 0x0c, 0x08, 0x00, 0x10, 0x0c, 0x08, 0x00, 0x10, 0x08, 0x08, 0x00,
    0x10, 0x0c, 0x08, 0x00, 0x10, 0x08, 0x08, 0x00, 0x10, 0x08, 0x08, 0x00,
    0x10, 0x0c, 0x08, 0x00, 0x10, 0x08, 0x08, 0x00, 0x10, 0x0c, 0x08, 0x00,
    0x10, 0x0c, 0x08, 0x00, 0x10, 0x08, 0x08, 0x00, 0x10, 0x0c, 0x08, 0x00,
    0x10, 0x08, 0x08, 0x00, 0x10, 0x08, 0x08, 0x00, 0x10, 0x08, 0x08, 0x00,
    0x10, 0x0c, 0x08, 0x00, 0x10, 0x0c, 0x08, 0x00, 0x10, 0x08, 0x08, 0x00,
    0x10, 0x0c, 0x08, 0x00, 0x10, 0x0c, 0x08, 0x00, 0x10, 0x08, 0x08, 0x00,
    0x10, 0x0c, 0x08, 0x00, 0x10, 0x08, 0x08, 0x00, 0x10, 0x08, 0x08, 0x00,
    0x10, 0x0c, 0x08, 0x00, 0x10, 0x08, 0x08, 0x00, 0x10, 0x08, 0x08, 0x00,
    0x10, 0x0c, 0x08, 0x00, 0x10, 0x08, 0x08, 0x00, 0x10, 0x0c, 0x08, 0x00,
    0x10, 0x0c, 0x08, 0x00, 0x10, 0x08, 0x08, 0x00, 0x10, 0x08, 0x08, 0x00,
    0x10, 0x0c, 0x08, 0x00, 0x10, 0x0c, 0x08, 0x00, 0x10, 0x08, 0x08, 0x00,
    0x10, 0x0c, 0x08, 0x00, 0x10, 0x0c, 0x08, 0x00, 0x10, 0x08, 0x08, 0x00,
    0x10, 0x0c, 0x08, 0x00, 0x10, 0x08, 0x08, 0x00, 0x10, 0x08, 0x08, 0x00,
    0x10, 0x0c, 0x08, 0x00, 0x10, 0x08, 0x08, 0x00, 0x10, 0x0c, 0x08, 0x00,
    0x10, 0x0c, 0x08, 0x00, 0x10, 0x08, 0x08, 0x00, 0x10, 0x0c, 0x08, 0x00,
    0x10, 0x08, 0x08, 0x00, 0x10, 0x08, 0x08, 0x00, 0x10, 0x08, 0x08, 0x00,
    0x10, 0x0c, 0x08, 0x00, 0x10, 0x0c, 0x08, 0x00, 0x10, 0x08, 0x08, 0x00,
    0x10, 0x0c, 0x08, 0x00, 0x10, 0x0c, 0x08, 0x00, 0x10, 0x08, 0x08, 0x00,
    0x10, 0x0c, 0x08, 0x00, 0x10, 0x08, 0x08, 0x00, 0x10, 0x08, 0x08, 0x00,
    0x10, 0x0c, 0x08, 0x00, 0x10, 0x08, 0x08, 0x00, 0x10, 0x0c, 0x08, 0x00,
    0x10, 0x08, 0x08, 0x00, 0x10, 0x0c, 0x08, 0x00, 0x10, 0x08, 0x08, 0x00,
    0x10, 0x0c, 0x08, 0x00, 0x10, 0x0c, 0x08, 0x00, 0x10, 0x08, 0x08, 0x00,
    0x10, 0x0c, 0x08, 0x00, 0x10, 0x08, 0x08, 0x00, 0x10, 0x08, 0x08, 0x00,
    0x10, 0x0c, 0x08, 0x00, 0x10, 0x08, 0x08, 0x00, 0x10, 0x08, 0x08, 0x00,
    0x10, 0x0c, 0x08, 0x00, 0x10, 0x08, 0x08, 0x00, 0x10, 0x0c, 0x08, 0x00,
    0x48, 0x28, 0x00, 0xff, 0x60, 0x30, 0x00, 0xff, 0x58, 0x2c, 0x00, 0xff,
    0x50, 0x2c, 0x00, 0xff, 0x50, 0x2c, 0x00, 0xff, 0x50, 0x28, 0x00, 0xff,
    0x58, 0x2c, 0x00, 0xff, 0x58, 0x2c, 0x00, 0xff, 0x60, 0x30, 0x00, 0xff,
    0x48, 0x28, 0x00, 0xff, 0x10, 0x08, 0x08, 0x00, 0x40, 0x24, 0x00, 0xff,
    0x58, 0x2c, 0x00, 0xff, 0x50, 0x28, 0x00, 0xff, 0x58, 0x2c, 0x00, 0xff,
    0x20, 0x14, 0x08, 0xff, 0x10, 0x08, 0x08, 0x00, 0x28, 0x18, 0x00, 0xff,
    0x58, 0x30, 0x00, 0xff, 0x50, 0x2c, 0x00, 0xff, 0x58, 0x2c, 0x00, 0xff,
    0x38, 0x1c, 0x00, 0xff, 0x10, 0x0c, 0x08, 0x00, 0x40, 0x24, 0x00, 0xff,
    0x58, 0x2c, 0x00, 0xff, 0x50, 0x28, 0x00, 0xff, 0x58, 0x2c, 0x00, 0xff,
    0x58, 0x30, 0x00, 0xff, 0x58, 0x2c, 0x00, 0xff, 0x50, 0x2c, 0x00, 0xff,
    0x50, 0x28, 0x00, 0xff, 0x40, 0x24, 0x00, 0xff, 0x20, 0x14, 0x08, 0x00,
    0x10, 0x08, 0x08, 0x00, 0x10, 0x08, 0x08, 0x00, 0x08, 0x0c, 0x00, 0x00,
    0x10, 0x0c, 0x08, 0x00, 0x10, 0x08, 0x08, 0x00, 0x08, 0x0c, 0x08, 0x00,
    0x10, 0x08, 0x00, 0x00, 0x10, 0x08, 0x08, 0x00, 0x10, 0x0c, 0x08, 0x00,
    0x08, 0x08, 0x00, 0x00, 0x10, 0x08, 0x08, 0x00, 0x10, 0x0c, 0x08, 0x00,
    0x08, 0x0c, 0x08, 0x00, 0x10, 0x0c, 0x08, 0x00, 0x10, 0x08, 0x00, 0x00,
    0x10, 0x0c, 0x08, 0x00, 0x10, 0x08, 0x08, 0x00, 0x08, 0x08, 0x00, 0x00,
    0x10, 0x0c, 0x08, 0x00, 0x10, 0x08, 0x08, 0x00, 0x08, 0x08, 0x08, 0x00,
    0x10, 0x0c, 0x00, 0x00, 0x10, 0x0c, 0x08, 0x00, 0x10, 0x08, 0x08, 0x00,
    0x08, 0x0c, 0x00, 0x00, 0x10, 0x0c, 0x08, 0x00, 0x10, 0x08, 0x08, 0x00,
    0x08, 0x0c, 0x08, 0x00, 0x10, 0x08, 0x08, 0x00, 0x10, 0x08, 0x00, 0x00,
    0x10, 0x0c, 0x08, 0x00, 0x10, 0x08, 0x08, 0x00, 0x08, 0x0c, 0x00, 0x00,
    0x10, 0x0c, 0x08, 0x00, 0x10, 0x08, 0x08, 0x00, 0x08, 0x0c, 0x08, 0x00,
    0x10, 0x08, 0x00, 0x00, 0x10, 0x08, 0x08, 0x00, 0x10, 0x0c, 0x08, 0x00,
    0x08, 0x0c, 0x00, 0x00, 0x10, 0x08, 0x08, 0x00, 0x10, 0x0c, 0x08, 0x00,
    0x08, 0x08, 0x08, 0x00, 0x10, 0x08, 0x08, 0x00, 0x10, 0x0c, 0x00, 0x00,
    0x10, 0x08, 0x08, 0x00, 0x10, 0x08, 0x08, 0x00, 0x08, 0x0c, 0x00, 0x00,
    0x10, 0x0c, 0x08, 0x00, 0x10, 0x0c, 0x08, 0x00, 0x08, 0x08, 0x08, 0x00,
    0x10, 0x0c, 0x00, 0x00, 0x10, 0x08, 0x08, 0x00, 0x10, 0x08, 0x08, 0x00,
    0x08, 0x0c, 0x00, 0x00, 0x10, 0x08, 0x08, 0x00, 0x10, 0x08, 0x08, 0x00,
    0x08, 0x0c, 0x08, 0x00, 0x10, 0x0c, 0x08, 0x00, 0x10, 0x08, 0x00, 0x00,
    0x10, 0x0c, 0x08, 0x00, 0x10, 0x0c, 0x08, 0x00, 0x08, 0x08, 0x00, 0x00,
    0x10, 0x0c, 0x08, 0x00, 0x10, 0x08, 0x08, 0x00, 0x08, 0x08, 0x08, 0x00,
    0x10, 0x0c, 0x00, 0x00, 0x10, 0x08, 0x08, 0x00, 0x10, 0x0c, 0x08, 0x00,
    0x08, 0x0c, 0x00, 0x00, 0x10, 0x08, 0x08, 0x00, 0x10, 0x0c, 0x08, 0x00,
    0x08, 0x08, 0x08, 0x00, 0x10, 0x08, 0x08, 0x00, 0x10, 0x0c, 0x00, 0x00,
    0x10, 0x0c, 0x08, 0x00, 0x10, 0x08, 0x08, 0x00, 0x08, 0x0c, 0x00, 0x00,
    0x10, 0x08, 0x08, 0x00, 0x10, 0x08, 0x08, 0x00, 0x08, 0x0c, 0x08, 0x00,
    0x10, 0x08, 0x00, 0x00, 0x10, 0x08, 0x08, 0x00, 0x10, 0x0c, 0x08, 0x00,
    0x08, 0x0c, 0x00, 0x00, 0x10, 0x0c, 0x08, 0x00, 0x10, 0x08, 0x08, 0x00,
    0x08, 0x0c, 0x08, 0x00, 0x10, 0x08, 0x08, 0x00, 0x10, 0x08, 0x00, 0x00,
    0x10, 0x0c, 0x08, 0x00, 0x10, 0x08, 0x08, 0x00, 0x08, 0x08, 0x00, 0x00,
    0x10, 0x0c, 0x08, 0x00, 0x10, 0x0c, 0x08, 0x00, 0x08, 0x08, 0x08, 0x00,
    0x10, 0x0c, 0x00, 0x00, 0x10, 0x08, 0x08, 0x00, 0x10, 0x0c, 0x08, 0x00,
    0x08, 0x08, 0x00, 0x00, 0x10, 0x0c, 0x08, 0x00, 0x10, 0x08, 0x08, 0x00,
    0x08, 0x0c, 0x08, 0x00, 0x10, 0x08, 0x08, 0x00, 0x10, 0x08, 0x00, 0x00,
    0x10, 0x0c, 0x08, 0x00, 0x10, 0x0c, 0x08, 0x00, 0x10, 0x08, 0x08, 0x00,
    0x08, 0x0c, 0x08, 0x00, 0x10, 0x08, 0x00, 0x00, 0x10, 0x0c, 0x08, 0x00,
    0x10, 0x08, 0x08, 0x00, 0x10, 0x0c, 0x08, 0x00, 0x10, 0x08, 0x08, 0x00,
    0x10, 0x0c, 0x08, 0x00, 0x40, 0x24, 0x00, 0xff, 0x48, 0x28, 0x00, 0xff,
    0x60, 0x30, 0x08, 0xff, 0x80, 0x40, 0x00, 0xff, 0x80, 0x40, 0x00, 0xff,
    0x80, 0x44, 0x00, 0xff, 0x68, 0x34, 0x00, 0xff, 0x48, 0x28, 0x08, 0xff,
    0x50, 0x28, 0x00, 0xff, 0x30, 0x1c, 0x08, 0xff, 0x18, 0x10, 0x08, 0x00,
    0x78, 0x3c, 0x00, 0xff, 0x80, 0x40, 0x00, 0xff, 0x80, 0x44, 0x00, 0xff,
    0x68, 0x38, 0x00, 0xff, 0x10, 0x0c, 0x08, 0x00, 0x10, 0x08, 0x08, 0x00,
    0x60, 0x30, 0x00, 0xff, 0x88, 0x44, 0x00, 0xff, 0x80, 0x40, 0x00, 0xff,
    0x80, 0x44, 0x00, 0xff, 0x28, 0x14, 0x08, 0xff, 0x18, 0x10, 0x08, 0x00,
    0x78, 0x40, 0x00, 0xff, 0x80, 0x40, 0x00, 0xff, 0x80, 0x40, 0x00, 0xff,
    0x70, 0x38, 0x00, 0xff, 0x40, 0x24, 0x08, 0xff, 0x50, 0x2c, 0x00, 0xff,
    0x80, 0x40, 0x00, 0xff, 0x80, 0x40, 0x00, 0xff, 0x88, 0x44, 0x00, 0xff,
    0x58, 0x30, 0x00, 0xff, 0x10, 0x08, 0x08, 0x00, 0x10, 0x0c, 0x08, 0x00,
    0x10, 0x0c, 0x08, 0x00, 0x10, 0x0c, 0x08, 0x00, 0x10, 0x0c, 0x08, 0x00,
    0x10, 0x0c, 0x08, 0x00, 0x10, 0x0c, 0x08, 0x00, 0x10, 0x08, 0x08, 0x00,
    0x10, 0x0c, 0x08, 0x00, 0x10, 0x0c, 0x08, 0x00, 0x10, 0x08, 0x08, 0x00,
    0x10, 0x0c, 0x00, 0x00, 0x10, 0x0c, 0x08, 0x00, 0x10, 0x0c, 0x08, 0x00,
    0x10, 0x0c, 0x08, 0x00, 0x10, 0x0c, 0x08, 0x00, 0x10, 0x08, 0x08, 0x00,
    0x10, 0x0c, 0x08, 0x00, 0x10, 0x0c, 0x08, 0x00, 0x10, 0x08, 0x08, 0x00,
    0x10, 0x08, 0x08, 0x00, 0x10, 0x0c, 0x08, 0x00, 0x10, 0x08, 0x08, 0x00,
    0x10, 0x0c, 0x08, 0x00, 0x10, 0x08, 0x08, 0x00, 0x10, 0x08, 0x08, 0x00,
    0x10, 0x0c, 0x00, 0x00, 0x10, 0x0c, 0x08, 0x00, 0x10, 0x08, 0x08, 0x00,
    0x08, 0x0c, 0x08, 0x00, 0x10, 0x08, 0x08, 0x00, 0x10, 0x08, 0x08, 0x00,
    0x10, 0x0c, 0x08, 0x00, 0x10, 0x08, 0x08, 0x00, 0x10, 0x08, 0x08, 0x00,
    0x10, 0x0c, 0x08, 0x00, 0x10, 0x0c, 0x08, 0x00, 0x10, 0x08, 0x08, 0x00,
    0x10, 0x08, 0x08, 0x00, 0x10, 0x0c, 0x08, 0x00, 0x10, 0x08, 0x08, 0x00,
    0x10, 0x0c, 0x00, 0x00, 0x10, 0x0c, 0x08, 0x00, 0x10, 0x08, 0x08, 0x00,
    0x08, 0x0c, 0x08, 0x00, 0x10, 0x0c, 0x08, 0x00, 0x10, 0x08, 0x08, 0x00,
    0x10, 0x08, 0x08, 0x00, 0x10, 0x0c, 0x08, 0x00, 0x10, 0x08, 0x08, 0x00,
    0x10, 0x0c, 0x08, 0x00, 0x10, 0x0c, 0x08, 0x00, 0x10, 0x08, 0x08, 0x00,
    0x10, 0x0c, 0x08, 0x00, 0x10, 0x0c, 0x08, 0x00, 0x10, 0x08, 0x08, 0x00,
    0x10, 0x08, 0x00, 0x00, 0x10, 0x0c, 0x08, 0x00, 0x10, 0x08, 0x08, 0x00,
    0x08, 0x0c, 0x08, 0x00, 0x10, 0x08, 0x08, 0x00, 0x10, 0x08, 0x08, 0x00,
    0x10, 0x0c, 0x08, 0x00, 0x10, 0x0c, 0x08, 0x00, 0x18, 0x0c, 0x00, 0x00,
    0x20, 0x14, 0x08, 0xff, 0x20, 0x14, 0x08, 0xff, 0x18, 0x10, 0x00, 0x00,
    0x10, 0x0c, 0x08, 0x00, 0x10, 0x0c, 0x08, 0x00, 0x10, 0x0c, 0x08, 0x00,
    0x10, 0x0c, 0x08, 0x00, 0x10, 0x0c, 0x00, 0x00, 0x10, 0x08, 0x08, 0x00,
    0x10, 0x08, 0x08, 0x00, 0x08, 0x0c, 0x08, 0x00, 0x10, 0x08, 0x08, 0x00,
    0x10, 0x0c, 0x08, 0x00, 0x10, 0x0c, 0x08, 0x00, 0x10, 0x08, 0x08, 0x00,
    0x10, 0x0c, 0x08, 0x00, 0x10, 0x0c, 0x08, 0x00, 0x10, 0x08, 0x08, 0x00,
    0x10, 0x08, 0x08, 0x00, 0x10, 0x0c, 0x08, 0x00, 0x10, 0x08, 0x08, 0x00,
    0x10, 0x0c, 0x00, 0x00, 0x10, 0x0c, 0x08, 0x00, 0x10, 0x08, 0x08, 0x00,
    0x08, 0x0c, 0x08, 0x00, 0x10, 0x0c, 0x08, 0x00, 0x10, 0x08, 0x08, 0x00,
    0x10, 0x08, 0x08, 0x00, 0x10, 0x0c, 0x08, 0x00, 0x10, 0x08, 0x08, 0x00,
    0x10, 0x0c, 0x08, 0x00, 0x10, 0x0c, 0x08, 0x00, 0x10, 0x08, 0x08, 0x00,
    0x10, 0x0c, 0x08, 0x00, 0x10, 0x08, 0x08, 0x00, 0x10, 0x0c, 0x08, 0x00,
    0x10, 0x0c, 0x00, 0x00, 0x10, 0x08, 0x08, 0x00, 0x10, 0x0c, 0x08, 0x00,
    0x10, 0x08, 0x08, 0x00, 0x08, 0x0c, 0x08, 0x00, 0x10, 0x08, 0x08, 0x00,
    0x10, 0x0c, 0x08, 0x00, 0x10, 0x08, 0x08, 0x00, 0x10, 0x0c, 0x08, 0x00,
    0x10, 0x08, 0x08, 0x00, 0x10, 0x0c, 0x08, 0x00, 0x10, 0x08, 0x08, 0x00,
    0x10, 0x0c, 0x00, 0x00, 0x10, 0x08, 0x08, 0x00, 0x10, 0x08, 0x08, 0x00,
    0x10, 0x0c, 0x08, 0x00, 0x50, 0x2c, 0x00, 0xff, 0x80, 0x40, 0x00, 0xff,
    0x78, 0x3c, 0x00, 0xff, 0x80, 0x40, 0x00, 0xff, 0x28, 0x14, 0x08, 0xff,
    0x10, 0x0c, 0x08, 0x00, 0x10, 0x08, 0x08, 0x00, 0x10, 0x08, 0x08, 0x00,
    0x48, 0x24, 0x00, 0xff, 0x80, 0x40, 0x00, 0xff, 0x78, 0x3c, 0x00, 0xff,
    0x80, 0x40, 0x00, 0xff, 0x50, 0x28, 0x08, 0xff, 0x20, 0x10, 0x08, 0x00,
    0x30, 0x1c, 0x08, 0xff, 0x78, 0x3c, 0x00, 0xff, 0x78, 0x3c, 0x00, 0xff,
    0x80, 0x40, 0x00, 0xff, 0x60, 0x30, 0x08, 0xff, 0x10, 0x08, 0x08, 0x00,
    0x48, 0x24, 0x00, 0xff, 0x80, 0x40, 0x00, 0xff, 0x78, 0x3c, 0x00, 0xff,
    0x80, 0x40, 0x00, 0xff, 0x40, 0x20, 0x08, 0xff, 0x10, 0x0c, 0x08, 0x00,
    0x30, 0x1c, 0x08, 0xff, 0x80, 0x40, 0x00, 0xff, 0x78, 0x3c, 0x00, 0xff,
    0x80, 0x40, 0x00, 0xff, 0x48, 0x28, 0x08, 0xff, 0x10, 0x08, 0x08, 0x00,
    0x10, 0x0c, 0x08, 0x00, 0x58, 0x2c, 0x00, 0xff, 0x70, 0x3c, 0x00, 0xff,
    0x20, 0x10, 0x00, 0x00, 0x10, 0x08, 0x08, 0x00, 0x10, 0x0c, 0x08, 0x00,
    0x10, 0x08, 0x08, 0x00, 0x08, 0x08, 0x08, 0x00, 0x10, 0x0c, 0x08, 0x00,
    0x10, 0x08, 0x08, 0x00, 0x30, 0x18, 0x00, 0xff, 0x80, 0x40, 0x00, 0xff,
    0x40, 0x24, 0x00, 0xff, 0x10, 0x08, 0x08, 0x00, 0x10, 0x08, 0x08, 0x00,
    0x10, 0x0c, 0x08, 0x00, 0x10, 0x08, 0x08, 0x00, 0x10, 0x0c, 0x08, 0x00,
    0x10, 0x0c, 0x00, 0x00, 0x10, 0x08, 0x08, 0x00, 0x10, 0x0c, 0x08, 0x00,
    0x08, 0x08, 0x08, 0x00, 0x10, 0x0c, 0x08, 0x00, 0x10, 0x0c, 0x08, 0x00,
    0x10, 0x08, 0x08, 0x00, 0x10, 0x0c, 0x08, 0x00, 0x10, 0x08, 0x08, 0x00,
    0x10, 0x0c, 0x08, 0x00, 0x10, 0x0c, 0x08, 0x00, 0x10, 0x08, 0x08, 0x00,
    0x10, 0x0c, 0x08, 0x00, 0x10, 0x0c, 0x08, 0x00, 0x10, 0x08, 0x08, 0x00,
    0x10, 0x0c, 0x00, 0x00, 0x10, 0x08, 0x08, 0x00, 0x10, 0x0c, 0x08, 0x00,
    0x08, 0x0c, 0x08, 0x00, 0x10, 0x08, 0x08, 0x00, 0x10, 0x08, 0x08, 0x00,
    0x10, 0x0c, 0x08, 0x00, 0x10, 0x08, 0x08, 0x00, 0x10, 0x0c, 0x08, 0x00,
    0x10, 0x08, 0x08, 0x00, 0x10, 0x08, 0x08, 0x00, 0x10, 0x0c, 0x08, 0x00,
    0x10, 0x0c, 0x08, 0x00, 0x10, 0x08, 0x08, 0x00, 0x10, 0x08, 0x08, 0x00,
    0x10, 0x0c, 0x00, 0x00, 0x10, 0x08, 0x08, 0x00, 0x10, 0x08, 0x08, 0x00,
    0x08, 0x0c, 0x08, 0x00, 0x10, 0x08, 0x08, 0x00, 0x10, 0x0c, 0x08, 0x00,
    0x10, 0x0c, 0x08, 0x00, 0x10, 0x08, 0x08, 0x00, 0x10, 0x0c, 0x08, 0x00,
    0x10, 0x08, 0x08, 0x00, 0x10, 0x0c, 0x08, 0x00, 0x10, 0x0c, 0x08, 0x00,
    0x10, 0x08, 0x08, 0x00, 0x10, 0x0c, 0x08, 0x00, 0x40, 0x24, 0x00, 0xff,
    0x70, 0x3c, 0x00, 0xff, 0x80, 0x40, 0x00, 0xff, 0x80, 0x40, 0x00, 0xff,
    0x70, 0x38, 0x00, 0xff, 0x18, 0x0c, 0x08, 0x00, 0x58, 0x28, 0x00, 0xff,
    0x78, 0x3c, 0x00, 0xff, 0x68, 0x34, 0x00, 0xff, 0x18, 0x0c, 0x08, 0x00,
    0x10, 0x0c, 0x08, 0x00, 0x10, 0x0c, 0x08, 0x00, 0x10, 0x08, 0x08, 0x00,
    0x10, 0x08, 0x08, 0x00, 0x18, 0x10, 0x00, 0x00, 0x38, 0x20, 0x00, 0xff,
    0x58, 0x2c, 0x00, 0xff, 0x68, 0x34, 0x00, 0xff, 0x68, 0x34, 0x00, 0xff,
    0x60, 0x34, 0x00, 0xff, 0x50, 0x2c, 0x00, 0xff, 0x30, 0x1c, 0x08, 0xff,
    0x10, 0x08, 0x08, 0x00, 0x10, 0x08, 0x08, 0x00, 0x10, 0x0c, 0x08, 0x00,
    0x10, 0x08, 0x08, 0x00, 0x10, 0x08, 0x08, 0x00, 0x10, 0x0c, 0x08, 0x00,
    0x10, 0x0c, 0x08, 0x00, 0x10, 0x0c, 0x08, 0x00, 0x10, 0x08, 0x08, 0x00,
    0x10, 0x08, 0x00, 0x00, 0x10, 0x0c, 0x08, 0x00, 0x10, 0x08, 0x08, 0x00,
    0x08, 0x08, 0x08, 0x00, 0x10, 0x0c, 0x08, 0x00, 0x10, 0x08, 0x08, 0x00,
    0x10, 0x08, 0x08, 0x00, 0x10, 0x0c, 0x08, 0x00, 0x10, 0x08, 0x08, 0x00,
    0x10, 0x0c, 0x08, 0x00, 0x10, 0x0c, 0x08, 0x00, 0x10, 0x08, 0x08, 0x00,
    0x10, 0x08, 0x00, 0x00, 0x10, 0x0c, 0x08, 0x00, 0x10, 0x08, 0x08, 0x00,
    0x10, 0x0c, 0x08, 0x00, 0x10, 0x08, 0x08, 0x00, 0x10, 0x08, 0x08, 0x00,
    0x10, 0x0c, 0x08, 0x00, 0x10, 0x0c, 0x08, 0x00, 0x10, 0x08, 0x08, 0x00,
    0x10, 0x0c, 0x08, 0x00, 0x20, 0x10, 0x08, 0xff, 0x78, 0x3c, 0x00, 0xff,
    0x78, 0x3c, 0x00, 0xff, 0x78, 0x3c, 0x08, 0xff, 0x68, 0x34, 0x08, 0xff,
    0x10, 0x08, 0x08, 0x00, 0x10, 0x08, 0x08, 0x00, 0x10, 0x0c, 0x08, 0x00,
    0x10, 0x0c, 0x08, 0x00, 0x70, 0x38, 0x00, 0xff, 0x78, 0x3c, 0x00, 0xff,
    0x78, 0x3c, 0x08, 0xff, 0x78, 0x3c, 0x00, 0xff, 0x70, 0x38, 0x00, 0xff,
    0x70, 0x38, 0x00, 0xff, 0x78, 0x3c, 0x00, 0xff, 0x78, 0x3c, 0x00, 0xff,
    0x78, 0x3c, 0x00, 0xff, 0x80, 0x40, 0x00, 0xff, 0x30, 0x1c, 0x08, 0xff,
    0x10, 0x0c, 0x08, 0x00, 0x70, 0x38, 0x00, 0xff, 0x78, 0x3c, 0x00, 0xff,
    0x78, 0x3c, 0x08, 0xff, 0x70, 0x38, 0x00, 0xff, 0x18, 0x0c, 0x08, 0x00,
    0x10, 0x08, 0x08, 0x00, 0x68, 0x34, 0x00, 0xff, 0x78, 0x3c, 0x00, 0xff,
    0x78, 0x3c, 0x08, 0xff, 0x78, 0x3c, 0x00, 0xff, 0x20, 0x14, 0x08, 0xff,
    0x10, 0x08, 0x08, 0x00, 0x10, 0x08, 0x08, 0x00, 0x60, 0x30, 0x00, 0xff,
    0x80, 0x40, 0x00, 0xff, 0x20, 0x10, 0x08, 0xff, 0x10, 0x0c, 0x08, 0x00,
    0x10, 0x08, 0x08, 0x00, 0x10, 0x0c, 0x00, 0x00, 0x10, 0x0c, 0x08, 0x00,
    0x10, 0x08, 0x08, 0x00, 0x10, 0x0c, 0x08, 0x00, 0x30, 0x1c, 0x08, 0xff,
    0x88, 0x44, 0x00, 0xff, 0x48, 0x28, 0x00, 0xff, 0x10, 0x08, 0x08, 0x00,
    0x10, 0x0c, 0x08, 0x00, 0x08, 0x08, 0x08, 0x00, 0x10, 0x08, 0x08, 0x00,
    0x10, 0x0c, 0x08, 0x00, 0x08, 0x08, 0x08, 0x00, 0x10, 0x0c, 0x08, 0x00,
    0x10, 0x08, 0x08, 0x00, 0x10, 0x0c, 0x00, 0x00, 0x10, 0x08, 0x08, 0x00,
    0x10, 0x08, 0x08, 0x00, 0x08, 0x0c, 0x08, 0x00, 0x10, 0x08, 0x08, 0x00,
    0x10, 0x08, 0x08, 0x00, 0x10, 0x0c, 0x00, 0x00, 0x10, 0x08, 0x08, 0x00,
    0x10, 0x08, 0x08, 0x00, 0x08, 0x0c, 0x00, 0x00, 0x10, 0x08, 0x08, 0x00,
    0x10, 0x0c, 0x08, 0x00, 0x08, 0x08, 0x08, 0x00, 0x10, 0x08, 0x08, 0x00,
    0x10, 0x0c, 0x08, 0x00, 0x10, 0x08, 0x00, 0x00, 0x10, 0x0c, 0x08, 0x00,
    0x10, 0x0c, 0x08, 0x00, 0x08, 0x08, 0x08, 0x00, 0x10, 0x0c, 0x08, 0x00,
    0x10, 0x08, 0x08, 0x00, 0x10, 0x0c, 0x00, 0x00, 0x10, 0x08, 0x08, 0x00,
    0x10, 0x0c, 0x08, 0x00, 0x08, 0x08, 0x00, 0x00, 0x10, 0x0c, 0x08, 0x00,
    0x10, 0x0c, 0x08, 0x00, 0x08, 0x08, 0x08, 0x00, 0x10, 0x0c, 0x08, 0x00,
    0x10, 0x0c, 0x08, 0x00, 0x10, 0x08, 0x00, 0x00, 0x10, 0x08, 0x08, 0x00,
    0x10, 0x0c, 0x08, 0x00, 0x08, 0x08, 0x08, 0x00, 0x10, 0x0c, 0x08, 0x00,
    0x10, 0x08, 0x08, 0x00, 0x10, 0x0c, 0x00, 0x00, 0x10, 0x08, 0x08, 0x00,
    0x10, 0x08, 0x08, 0x00, 0x10, 0x0c, 0x00, 0x00, 0x28, 0x18, 0x08, 0xff,
    0x80, 0x40, 0x00, 0xff, 0x80, 0x3c, 0x00, 0xff, 0x70, 0x38, 0x00, 0xff,
    0x58, 0x2c, 0x00, 0xff, 0x50, 0x28, 0x08, 0xff, 0x10, 0x0c, 0x08, 0x00,
    0x60, 0x30, 0x00, 0xff, 0x80, 0x40, 0x00, 0xff, 0x70, 0x38, 0x00, 0xff,
    0x18, 0x0c, 0x08, 0x00, 0x10, 0x0c, 0x08, 0x00, 0x10, 0x08, 0x08, 0x00,
    0x10, 0x0c, 0x08, 0x00, 0x48, 0x28, 0x00, 0xff, 0x78, 0x3c, 0x00, 0xff,
    0x80, 0x40, 0x00, 0xff, 0x78, 0x3c, 0x00, 0xff, 0x78, 0x3c, 0x00, 0xff,
    0x80, 0x40, 0x00, 0xff, 0x80, 0x44, 0x00, 0xff, 0x80, 0x40, 0x00, 0xff,
    0x80, 0x40, 0x00, 0xff, 0x60, 0x34, 0x00, 0xff, 0x20, 0x14, 0x08, 0xff,
    0x10, 0x08, 0x08, 0x00, 0x10, 0x0c, 0x00, 0x00, 0x10, 0x08, 0x08, 0x00,
    0x10, 0x08, 0x08, 0x00, 0x08, 0x0c, 0x00, 0x00, 0x10, 0x08, 0x08, 0x00,
    0x10, 0x0c, 0x08, 0x00, 0x08, 0x0c, 0x08, 0x00, 0x10, 0x08, 0x08, 0x00,
    0x10, 0x0c, 0x08, 0x00, 0x10, 0x0c, 0x00, 0x00, 0x10, 0x08, 0x08, 0x00,
    0x10, 0x0c, 0x08, 0x00, 0x08, 0x0c, 0x08, 0x00, 0x10, 0x08, 0x08, 0x00,
    0x10, 0x08, 0x08, 0x00, 0x08, 0x0c, 0x00, 0x00, 0x10, 0x08, 0x08, 0x00,
    0x10, 0x08, 0x08, 0x00, 0x10, 0x0c, 0x08, 0x00, 0x08, 0x0c, 0x08, 0x00,
    0x10, 0x08, 0x00, 0x00, 0x10, 0x0c, 0x08, 0x00, 0x10, 0x0c, 0x08, 0x00,
    0x10, 0x08, 0x08, 0x00, 0x10, 0x08, 0x08, 0x00, 0x08, 0x0c, 0x08, 0x00,
    0x10, 0x08, 0x08, 0x00, 0x10, 0x0c, 0x08, 0x00, 0x48, 0x28, 0x00, 0xff,
    0x80, 0x40, 0x00, 0xff, 0x78, 0x3c, 0x00, 0xff, 0x80, 0x40, 0x00, 0xff,
    0x38, 0x20, 0x08, 0xff, 0x10, 0x0c, 0x08, 0x00, 0x10, 0x08, 0x08, 0x00,
    0x10, 0x0c, 0x08, 0x00, 0x30, 0x1c, 0x08, 0xff, 0x80, 0x40, 0x00, 0xff,
    0x78, 0x3c, 0x00, 0xff, 0x80, 0x40, 0x00, 0xff, 0x50, 0x28, 0x08, 0xff,
    0x18, 0x10, 0x08, 0x00, 0x20, 0x14, 0x08, 0xff, 0x70, 0x38, 0x00, 0xff,
    0x78, 0x3c, 0x00, 0xff, 0x78, 0x3c, 0x08, 0xff, 0x68, 0x38, 0x00, 0xff,
    0x10, 0x08, 0x08, 0x00, 0x30, 0x1c, 0x08, 0xff, 0x80, 0x40, 0x00, 0xff,
    0x78, 0x3c, 0x00, 0xff, 0x80, 0x40, 0x00, 0xff, 0x48, 0x24, 0x08, 0xff,
    0x10, 0x0c, 0x08, 0x00, 0x28, 0x18, 0x08, 0xff, 0x80, 0x40, 0x00, 0xff,
    0x78, 0x3c, 0x00, 0xff, 0x80, 0x40, 0x00, 0xff, 0x58, 0x2c, 0x08, 0xff,
    0x10, 0x0c, 0x08, 0x00, 0x10, 0x0c, 0x08, 0x00, 0x10, 0x08, 0x08, 0x00,
    0x60, 0x30, 0x00, 0xff, 0x80, 0x40, 0x00, 0xff, 0x20, 0x14, 0x08, 0x00,
    0x10, 0x08, 0x08, 0x00, 0x10, 0x0c, 0x08, 0x00, 0x10, 0x08, 0x08, 0x00,
    0x10, 0x0c, 0x08, 0x00, 0x10, 0x08, 0x08, 0x00, 0x10, 0x0c, 0x08, 0x00,
    0x30, 0x1c, 0x08, 0xff, 0x88, 0x44, 0x00, 0xff, 0x48, 0x24, 0x08, 0xff,
    0x10, 0x0c, 0x08, 0x00, 0x10, 0x0c, 0x08, 0x00, 0x10, 0x08, 0x00, 0x00,
    0x10, 0x0c, 0x08, 0x00, 0x10, 0x08, 0x08, 0x00, 0x10, 0x08, 0x08, 0x00,
    0x10, 0x0c, 0x08, 0x00, 0x10, 0x0c, 0x08, 0x00, 0x10, 0x08, 0x08, 0x00,
    0x10, 0x0c, 0x08, 0x00, 0x10, 0x08, 0x00, 0x00, 0x10, 0x0c, 0x08, 0x00,
    0x10, 0x0c, 0x08, 0x00, 0x08, 0x08, 0x08, 0x00, 0x10, 0x0c, 0x08, 0x00,
    0x10, 0x0c, 0x08, 0x00, 0x10, 0x08, 0x08, 0x00, 0x10, 0x0c, 0x08, 0x00,
    0x10, 0x08, 0x08, 0x00, 0x10, 0x0c, 0x08, 0x00, 0x10, 0x0c, 0x08, 0x00,
    0x10, 0x08, 0x08, 0x00, 0x10, 0x08, 0x08, 0x00, 0x10, 0x0c, 0x08, 0x00,
    0x10, 0x08, 0x08, 0x00, 0x10, 0x08, 0x00, 0x00, 0x10, 0x0c, 0x08, 0x00,
    0x10, 0x08, 0x08, 0x00, 0x08, 0x0c, 0x08, 0x00, 0x10, 0x0c, 0x08, 0x00,
    0x10, 0x08, 0x08, 0x00, 0x10, 0x08, 0x08, 0x00, 0x10, 0x0c, 0x08, 0x00,
    0x10, 0x08, 0x08, 0x00, 0x10, 0x0c, 0x08, 0x00, 0x10, 0x08, 0x08, 0x00,
    0x10, 0x08, 0x08, 0x00, 0x10, 0x0c, 0x08, 0x00, 0x10, 0x08, 0x08, 0x00,
    0x10, 0x0c, 0x08, 0x00, 0x10, 0x08, 0x00, 0x00, 0x10, 0x08, 0x08, 0x00,
    0x10, 0x0c, 0x08, 0x00, 0x08, 0x0c, 0x08, 0x00, 0x10, 0x08, 0x08, 0x00,
    0x10, 0x0c, 0x08, 0x00, 0x08, 0x08, 0x08, 0x00, 0x10, 0x08, 0x08, 0x00,
    0x38, 0x1c, 0x00, 0xff, 0x80, 0x40, 0x00, 0xff, 0x80, 0x40, 0x00, 0xff,
    0x38, 0x20, 0x08, 0xff, 0x10, 0x0c, 0x08, 0x00, 0x10, 0x0c, 0x08, 0x00,
    0x10, 0x0c, 0x08, 0x00, 0x60, 0x30, 0x08, 0xff, 0x80, 0x40, 0x00, 0xff,
    0x70, 0x38, 0x00, 0xff, 0x10, 0x0c, 0x08, 0x00, 0x10, 0x08, 0x08, 0x00,
    0x38, 0x20, 0x00, 0xff, 0x70, 0x38, 0x00, 0xff, 0x68, 0x34, 0x00, 0xff,
    0x38, 0x1c, 0x08, 0xff, 0x18, 0x10, 0x08, 0x00, 0x18, 0x0c, 0x08, 0x00,
    0x10, 0x0c, 0x08, 0x00, 0x20, 0x10, 0x08, 0x00, 0x38, 0x20, 0x08, 0xff,
    0x68, 0x34, 0x00, 0xff, 0x80, 0x40, 0x00, 0xff, 0x80, 0x40, 0x00, 0xff,
    0x78, 0x3c, 0x00, 0xff, 0x20, 0x14, 0x08, 0xff, 0x10, 0x0c, 0x08, 0x00,
    0x10, 0x0c, 0x08, 0x00, 0x10, 0x08, 0x08, 0x00, 0x10, 0x08, 0x08, 0x00,
    0x10, 0x0c, 0x08, 0x00, 0x10, 0x08, 0x08, 0x00, 0x10, 0x08, 0x08, 0x00,
    0x10, 0x0c, 0x08, 0x00, 0x10, 0x08, 0x08, 0x00, 0x10, 0x0c, 0x08, 0x00,
    0x10, 0x08, 0x08, 0x00, 0x10, 0x08, 0x00, 0x00, 0x10, 0x0c, 0x08, 0x00,
    0x10, 0x08, 0x08, 0x00, 0x10, 0x0c, 0x08, 0x00, 0x10, 0x0c, 0x08, 0x00,
    0x18, 0x10, 0x00, 0x00, 0x38, 0x20, 0x00, 0xff, 0x48, 0x24, 0x00, 0xff,
    0x38, 0x1c, 0x08, 0xff, 0x10, 0x0c, 0x08, 0x00, 0x10, 0x08, 0x08, 0x00,
    0x10, 0x08, 0x08, 0x00, 0x10, 0x0c, 0x08, 0x00, 0x10, 0x08, 0x08, 0x00,
    0x10, 0x08, 0x08, 0x00, 0x10, 0x0c, 0x08, 0x00, 0x18, 0x10, 0x08, 0x00,
    0x78, 0x3c, 0x00, 0xff, 0x80, 0x40, 0x00, 0xff, 0x80, 0x40, 0x00, 0xff,
    0x70, 0x38, 0x00, 0xff, 0x18, 0x0c, 0x08, 0x00, 0x10, 0x08, 0x08, 0x00,
    0x10, 0x0c, 0x08, 0x00, 0x10, 0x0c, 0x08, 0x00, 0x68, 0x34, 0x00, 0xff,
    0x80, 0x40, 0x00, 0xff, 0x80, 0x3c, 0x00, 0xff, 0x80, 0x40, 0x00, 0xff,
    0x28, 0x14, 0x08, 0xff, 0x10, 0x08, 0x08, 0x00, 0x40, 0x24, 0x00, 0xff,
    0x88, 0x44, 0x00, 0xff, 0x80, 0x3c, 0x00, 0xff, 0x88, 0x44, 0x00, 0xff,
    0x40, 0x24, 0x08, 0xff, 0x10, 0x08, 0x08, 0x00, 0x68, 0x34, 0x00, 0xff,
    0x80, 0x40, 0x00, 0xff, 0x78, 0x3c, 0x00, 0xff, 0x80, 0x40, 0x00, 0xff,
    0x48, 0x24, 0x08, 0xff, 0x38, 0x20, 0x08, 0xff, 0x68, 0x34, 0x00, 0xff,
    0x80, 0x40, 0x00, 0xff, 0x80, 0x40, 0x08, 0xff, 0x78, 0x3c, 0x00, 0xff,
    0x20, 0x14, 0x08, 0xff, 0x10, 0x08, 0x08, 0x00, 0x10, 0x0c, 0x08, 0x00,
    0x10, 0x0c, 0x08, 0x00, 0x60, 0x30, 0x00, 0xff, 0x80, 0x40, 0x00, 0xff,
    0x20, 0x10, 0x08, 0x00, 0x10, 0x0c, 0x08, 0x00, 0x10, 0x08, 0x08, 0x00,
    0x08, 0x08, 0x08, 0x00, 0x10, 0x0c, 0x08, 0x00, 0x10, 0x08, 0x00, 0x00,
    0x10, 0x08, 0x08, 0x00, 0x30, 0x1c, 0x08, 0xff, 0x88, 0x44, 0x00, 0xff,
    0x48, 0x24, 0x00, 0xff, 0x10, 0x08, 0x08, 0x00, 0x10, 0x0c, 0x08, 0x00,
    0x10, 0x08, 0x08, 0x00, 0x10, 0x0c, 0x08, 0x00, 0x28, 0x18, 0x00, 0xff,
    0x50, 0x2c, 0x00, 0xff, 0x60, 0x34, 0x00, 0xff, 0x60, 0x30, 0x00, 0xff,
    0x48, 0x24, 0x00, 0xff, 0x18, 0x10, 0x08, 0x00, 0x10, 0x0c, 0x08, 0x00,
    0x10, 0x08, 0x08, 0x00, 0x10, 0x0c, 0x08, 0x00, 0x18, 0x10, 0x00, 0x00,
    0x50, 0x28, 0x00, 0xff, 0x20, 0x10, 0x08, 0x00, 0x28, 0x18, 0x00, 0xff,
    0x58, 0x2c, 0x00, 0xff, 0x60, 0x34, 0x00, 0xff, 0x58, 0x2c, 0x00, 0xff,
    0x28, 0x18, 0x00, 0xff, 0x10, 0x0c, 0x08, 0x00, 0x20, 0x10, 0x00, 0x00,
    0x50, 0x2c, 0x00, 0xff, 0x60, 0x34, 0x00, 0xff, 0x58, 0x30, 0x00, 0xff,
    0x38, 0x1c, 0x00, 0xff, 0x10, 0x0c, 0x08, 0x00, 0x10, 0x08, 0x08, 0x00,
    0x10, 0x08, 0x08, 0x00, 0x10, 0x0c, 0x08, 0x00, 0x10, 0x0c, 0x08, 0x00,
    0x40, 0x20, 0x00, 0xff, 0x58, 0x30, 0x00, 0xff, 0x60, 0x34, 0x00, 0xff,
    0x58, 0x30, 0x00, 0xff, 0x38, 0x20, 0x00, 0xff, 0x10, 0x0c, 0x08, 0x00,
    0x10, 0x0c, 0x08, 0x00, 0x10, 0x0c, 0x08, 0x00, 0x08, 0x08, 0x08, 0x00,
    0x30, 0x1c, 0x00, 0xff, 0x48, 0x28, 0x00, 0xff, 0x10, 0x08, 0x08, 0x00,
    0x10, 0x0c, 0x08, 0x00, 0x30, 0x1c, 0x00, 0xff, 0x30, 0x18, 0x08, 0xff,
    0x10, 0x0c, 0x08, 0x00, 0x30, 0x18, 0x08, 0xff, 0x80, 0x40, 0x00, 0xff,
    0x80, 0x40, 0x00, 0xff, 0x38, 0x1c, 0x08, 0xff, 0x10, 0x08, 0x08, 0x00,
    0x10, 0x08, 0x08, 0x00, 0x10, 0x08, 0x08, 0x00, 0x58, 0x30, 0x00, 0xff,
    0x80, 0x40, 0x00, 0xff, 0x70, 0x38, 0x08, 0xff, 0x30, 0x1c, 0x08, 0xff,
    0x58, 0x2c, 0x00, 0xff, 0x60, 0x30, 0x00, 0xff, 0x28, 0x18, 0x08, 0xff,
    0x10, 0x0c, 0x08, 0x00, 0x30, 0x1c, 0x08, 0xff, 0x50, 0x28, 0x08, 0xff,
    0x58, 0x2c, 0x00, 0xff, 0x58, 0x2c, 0x00, 0xff, 0x40, 0x24, 0x08, 0xff,
    0x20, 0x10, 0x08, 0x00, 0x10, 0x08, 0x08, 0x00, 0x48, 0x24, 0x08, 0xff,
    0x80, 0x40, 0x00, 0xff, 0x80, 0x40, 0x00, 0xff, 0x70, 0x38, 0x00, 0xff,
    0x18, 0x0c, 0x08, 0x00, 0x10, 0x0c, 0x08, 0x00, 0x10, 0x0c, 0x08, 0x00,
    0x10, 0x08, 0x08, 0x00, 0x10, 0x0c, 0x00, 0x00, 0x10, 0x0c, 0x08, 0x00,
    0x10, 0x08, 0x08, 0x00, 0x28, 0x18, 0x00, 0xff, 0x20, 0x14, 0x00, 0xff,
    0x08, 0x08, 0x08, 0x00, 0x10, 0x0c, 0x08, 0x00, 0x10, 0x0c, 0x08, 0x00,
    0x10, 0x08, 0x08, 0x00, 0x10, 0x0c, 0x08, 0x00, 0x10, 0x08, 0x08, 0x00,
    0x28, 0x18, 0x00, 0xff, 0x78, 0x3c, 0x00, 0xff, 0x80, 0x40, 0x00, 0xff,
    0x88, 0x44, 0x00, 0xff, 0x58, 0x30, 0x00, 0xff, 0x10, 0x0c, 0x08, 0x00,
    0x10, 0x08, 0x08, 0x00, 0x10, 0x08, 0x08, 0x00, 0x10, 0x0c, 0x08, 0x00,
    0x10, 0x0c, 0x08, 0x00, 0x10, 0x08, 0x00, 0x00, 0x10, 0x08, 0x08, 0x00,
    0x30, 0x18, 0x08, 0xff, 0x68, 0x34, 0x00, 0xff, 0x60, 0x30, 0x08, 0xff,
    0x68, 0x34, 0x08, 0xff, 0x40, 0x24, 0x08, 0xff, 0x10, 0x08, 0x08, 0x00,
    0x10, 0x08, 0x08, 0x00, 0x10, 0x0c, 0x08, 0x00, 0x20, 0x10, 0x08, 0x00,
    0x68, 0x34, 0x00, 0xff, 0x60, 0x34, 0x08, 0xff, 0x68, 0x34, 0x08, 0xff,
    0x50, 0x28, 0x00, 0xff, 0x10, 0x0c, 0x08, 0x00, 0x10, 0x0c, 0x08, 0x00,
    0x58, 0x2c, 0x00, 0xff, 0x68, 0x34, 0x08, 0xff, 0x60, 0x34, 0x08, 0xff,
    0x60, 0x30, 0x00, 0xff, 0x18, 0x0c, 0x08, 0x00, 0x20, 0x10, 0x08, 0x00,
    0x68, 0x34, 0x00, 0xff, 0x60, 0x34, 0x08, 0xff, 0x68, 0x30, 0x08, 0xff,
    0x60, 0x30, 0x00, 0xff, 0x68, 0x34, 0x00, 0xff, 0x68, 0x34, 0x00, 0xff,
    0x68, 0x34, 0x00, 0xff, 0x58, 0x2c, 0x08, 0xff, 0x48, 0x24, 0x08, 0xff,
    0x20, 0x10, 0x08, 0x00, 0x10, 0x08, 0x08, 0x00, 0x10, 0x08, 0x08, 0x00,
    0x10, 0x08, 0x08, 0x00, 0x10, 0x0c, 0x08, 0x00, 0x60, 0x30, 0x00, 0xff,
    0x78, 0x40, 0x00, 0xff, 0x20, 0x10, 0x08, 0x00, 0x10, 0x0c, 0x08, 0x00,
    0x10, 0x0c, 0x08, 0x00, 0x10, 0x08, 0x08, 0x00, 0x10, 0x0c, 0x08, 0x00,
    0x10, 0x0c, 0x08, 0x00, 0x10, 0x08, 0x08, 0x00, 0x30, 0x1c, 0x08, 0xff,
    0x88, 0x44, 0x00, 0xff, 0x48, 0x24, 0x00, 0xff, 0x10, 0x0c, 0x08, 0x00,
    0x10, 0x08, 0x08, 0x00, 0x10, 0x0c, 0x08, 0x00, 0x50, 0x28, 0x00, 0xff,
    0x88, 0x44, 0x00, 0xff, 0x68, 0x34, 0x00, 0xff, 0x50, 0x28, 0x08, 0xff,
    0x50, 0x28, 0x00, 0xff, 0x78, 0x3c, 0x00, 0xff, 0x78, 0x40, 0x00, 0xff,
    0x28, 0x18, 0x08, 0xff, 0x10, 0x08, 0x08, 0x00, 0x10, 0x0c, 0x08, 0x00,
    0x28, 0x14, 0x00, 0xff, 0x88, 0x44, 0x00, 0xff, 0x68, 0x34, 0x00, 0xff,
    0x70, 0x38, 0x00, 0xff, 0x58, 0x30, 0x00, 0xff, 0x58, 0x2c, 0x00, 0xff,
    0x78, 0x3c, 0x00, 0xff, 0x78, 0x3c, 0x00, 0xff, 0x48, 0x28, 0x08, 0xff,
    0x70, 0x38, 0x00, 0xff, 0x60, 0x30, 0x08, 0xff, 0x50, 0x2c, 0x00, 0xff,
    0x70, 0x38, 0x00, 0xff, 0x88, 0x44, 0x00, 0xff, 0x40, 0x24, 0x00, 0xff,
    0x10, 0x0c, 0x08, 0x00, 0x10, 0x08, 0x08, 0x00, 0x20, 0x14, 0x00, 0xff,
    0x70, 0x38, 0x00, 0xff, 0x80, 0x40, 0x00, 0xff, 0x58, 0x30, 0x00, 0xff,
    0x50, 0x28, 0x08, 0xff, 0x60, 0x30, 0x00, 0xff, 0x88, 0x40, 0x00, 0xff,
    0x68, 0x34, 0x00, 0xff, 0x18, 0x10, 0x08, 0x00, 0x10, 0x0c, 0x08, 0x00,
    0x10, 0x08, 0x08, 0x00, 0x50, 0x28, 0x00, 0xff, 0x80, 0x40, 0x00, 0xff,
    0x28, 0x14, 0x08, 0xff, 0x68, 0x38, 0x00, 0xff, 0x78, 0x3c, 0x00, 0xff,
    0x78, 0x3c, 0x00, 0xff, 0x68, 0x38, 0x00, 0xff, 0x60, 0x30, 0x08, 0xff,
    0x78, 0x3c, 0x00, 0xff, 0x80, 0x40, 0x00, 0xff, 0x38, 0x1c, 0x08, 0xff,
    0x10, 0x0c, 0x08, 0x00, 0x10, 0x0c, 0x08, 0x00, 0x10, 0x0c, 0x08, 0x00,
    0x60, 0x30, 0x00, 0xff, 0x80, 0x3c, 0x00, 0xff, 0x70, 0x3c, 0x00, 0xff,
    0x50, 0x28, 0x08, 0xff, 0x28, 0x18, 0x08, 0xff, 0x10, 0x0c, 0x08, 0x00,
    0x18, 0x10, 0x08, 0x00, 0x68, 0x34, 0x00, 0xff, 0x80, 0x40, 0x00, 0xff,
    0x88, 0x44, 0x00, 0xff, 0x80, 0x40, 0x00, 0xff, 0x88, 0x44, 0x00, 0xff,
    0x88, 0x44, 0x00, 0xff, 0x78, 0x3c, 0x00, 0xff, 0x40, 0x24, 0x08, 0xff,
    0x10, 0x08, 0x08, 0x00, 0x48, 0x24, 0x08, 0xff, 0x80, 0x40, 0x00, 0xff,
    0x80, 0x40, 0x00, 0xff, 0x50, 0x2c, 0x00, 0xff, 0x10, 0x08, 0x08, 0x00,
    0x10, 0x08, 0x08, 0x00, 0x08, 0x0c, 0x08, 0x00, 0x10, 0x08, 0x08, 0x00,
    0x10, 0x0c, 0x08, 0x00, 0x60, 0x30, 0x00, 0xff, 0x80, 0x40, 0x00, 0xff,
    0x78, 0x3c, 0x00, 0xff, 0x40, 0x20, 0x08, 0xff, 0x10, 0x0c, 0x08, 0x00,
    0x10, 0x08, 0x08, 0x00, 0x08, 0x08, 0x08, 0x00, 0x10, 0x0c, 0x08, 0x00,
    0x10, 0x08, 0x08, 0x00, 0x60, 0x30, 0x00, 0xff, 0x80, 0x40, 0x00, 0xff,
    0x78, 0x3c, 0x08, 0xff, 0x78, 0x3c, 0x00, 0xff, 0x20, 0x10, 0x08, 0x00,
    0x10, 0x0c, 0x08, 0x00, 0x10, 0x0c, 0x08, 0x00, 0x10, 0x0c, 0x08, 0x00,
    0x10, 0x08, 0x08, 0x00, 0x10, 0x0c, 0x08, 0x00, 0x10, 0x0c, 0x08, 0x00,
    0x10, 0x08, 0x08, 0x00, 0x10, 0x0c, 0x08, 0x00, 0x10, 0x0c, 0x08, 0x00,
    0x10, 0x08, 0x08, 0x00, 0x10, 0x0c, 0x08, 0x00, 0x10, 0x0c, 0x08, 0x00,
    0x10, 0x0c, 0x08, 0x00, 0x10, 0x08, 0x08, 0x00, 0x10, 0x0c, 0x08, 0x00,
    0x10, 0x0c, 0x08, 0x00, 0x10, 0x08, 0x08, 0x00, 0x10, 0x0c, 0x08, 0x00,
    0x10, 0x08, 0x08, 0x00, 0x10, 0x0c, 0x08, 0x00, 0x10, 0x08, 0x08, 0x00,
    0x10, 0x0c, 0x08, 0x00, 0x10, 0x08, 0x08, 0x00, 0x10, 0x08, 0x08, 0x00,
    0x10, 0x0c, 0x08, 0x00, 0x10, 0x0c, 0x08, 0x00, 0x10, 0x0c, 0x08, 0x00,
    0x10, 0x0c, 0x08, 0x00, 0x10, 0x08, 0x08, 0x00, 0x10, 0x0c, 0x08, 0x00,
    0x10, 0x0c, 0x08, 0x00, 0x10, 0x0c, 0x08, 0x00, 0x10, 0x08, 0x08, 0x00,
    0x10, 0x0c, 0x08, 0x00, 0x10, 0x0c, 0x08, 0x00, 0x10, 0x0c, 0x08, 0x00,
    0x10, 0x0c, 0x08, 0x00, 0x10, 0x0c, 0x08, 0x00, 0x10, 0x0c, 0x08, 0x00,
    0x10, 0x0c, 0x08, 0x00, 0x10, 0x08, 0x08, 0x00, 0x10, 0x08, 0x08, 0x00,
    0x60, 0x30, 0x00, 0xff, 0x78, 0x3c, 0x00, 0xff, 0x70, 0x38, 0x00, 0xff,
    0x68, 0x38, 0x00, 0xff, 0x68, 0x38, 0x00, 0xff, 0x70, 0x38, 0x00, 0xff,
    0x68, 0x38, 0x00, 0xff, 0x68, 0x38, 0x00, 0xff, 0x70, 0x38, 0x00, 0xff,
    0x70, 0x38, 0x00, 0xff, 0x80, 0x40, 0x00, 0xff, 0x48, 0x24, 0x08, 0xff,
    0x10, 0x0c, 0x08, 0x00, 0x10, 0x08, 0x08, 0x00, 0x40, 0x20, 0x00, 0xff,
    0x88, 0x48, 0x00, 0xff, 0x48, 0x24, 0x08, 0xff, 0x10, 0x08, 0x08, 0x00,
    0x10, 0x0c, 0x08, 0x00, 0x10, 0x08, 0x08, 0x00, 0x18, 0x0c, 0x08, 0x00,
    0x68, 0x38, 0x00, 0xff, 0x78, 0x3c, 0x00, 0xff, 0x18, 0x10, 0x08, 0x00,
    0x10, 0x08, 0x08, 0x00, 0x28, 0x18, 0x08, 0xff, 0x78, 0x40, 0x00, 0xff,
    0x78, 0x3c, 0x00, 0xff, 0x28, 0x14, 0x08, 0xff, 0x10, 0x08, 0x08, 0x00,
    0x10, 0x0c, 0x08, 0x00, 0x28, 0x14, 0x08, 0xff, 0x78, 0x40, 0x00, 0xff,
    0x80, 0x40, 0x00, 0xff, 0x38, 0x1c, 0x08, 0xff, 0x10, 0x08, 0x08, 0x00,
    0x10, 0x0c, 0x08, 0x00, 0x18, 0x0c, 0x08, 0x00, 0x78, 0x3c, 0x00, 0xff,
    0x70, 0x38, 0x00, 0xff, 0x10, 0x08, 0x08, 0x00, 0x10, 0x0c, 0x08, 0x00,
    0x68, 0x38, 0x00, 0xff, 0x80, 0x40, 0x00, 0xff, 0x28, 0x18, 0x08, 0xff,
    0x10, 0x08, 0x08, 0x00, 0x10, 0x08, 0x08, 0x00, 0x10, 0x0c, 0x08, 0x00,
    0x30, 0x1c, 0x08, 0xff, 0x80, 0x40, 0x00, 0xff, 0x60, 0x30, 0x00, 0xff,
    0x10, 0x0c, 0x08, 0x00, 0x10, 0x0c, 0x08, 0x00, 0x48, 0x24, 0x00, 0xff,
    0x78, 0x3c, 0x00, 0xff, 0x60, 0x34, 0x00, 0xff, 0x40, 0x20, 0x08, 0xff,
    0x18, 0x0c, 0x08, 0x00, 0x18, 0x0c, 0x08, 0x00, 0x30, 0x1c, 0x08, 0xff,
    0x58, 0x2c, 0x00, 0xff, 0x78, 0x3c, 0x00, 0xff, 0x78, 0x3c, 0x00, 0xff,
    0x60, 0x30, 0x08, 0xff, 0x50, 0x28, 0x00, 0xff, 0x50, 0x28, 0x00, 0xff,
    0x50, 0x2c, 0x08, 0xff, 0x70, 0x38, 0x08, 0xff, 0x78, 0x3c, 0x00, 0xff,
    0x70, 0x38, 0x00, 0xff, 0x10, 0x0c, 0x08, 0x00, 0x10, 0x08, 0x08, 0x00,
    0x18, 0x0c, 0x08, 0x00, 0x68, 0x34, 0x00, 0xff, 0x80, 0x40, 0x00, 0xff,
    0x78, 0x3c, 0x00, 0xff, 0x48, 0x24, 0x08, 0xff, 0x28, 0x18, 0x08, 0xff,
    0x30, 0x18, 0x08, 0xff, 0x60, 0x30, 0x00, 0xff, 0x80, 0x40, 0x00, 0xff,
    0x80, 0x44, 0x00, 0xff, 0x40, 0x20, 0x08, 0xff, 0x10, 0x08, 0x08, 0x00,
    0x60, 0x30, 0x00, 0xff, 0x80, 0x40, 0x00, 0xff, 0x80, 0x40, 0x00, 0xff,
    0x30, 0x1c, 0x08, 0xff, 0x10, 0x08, 0x08, 0x00, 0x10, 0x0c, 0x08, 0x00,
    0x10, 0x0c, 0x08, 0x00, 0x50, 0x28, 0x00, 0xff, 0x80, 0x40, 0x00, 0xff,
    0x78, 0x3c, 0x00, 0xff, 0x78, 0x3c, 0x00, 0xff, 0x78, 0x3c, 0x00, 0xff,
    0x20, 0x14, 0x08, 0xff, 0x10, 0x08, 0x08, 0x00, 0x10, 0x0c, 0x00, 0x00,
    0x10, 0x0c, 0x08, 0x00, 0x20, 0x14, 0x08, 0xff, 0x78, 0x3c, 0x00, 0xff,
    0x78, 0x3c, 0x00, 0xff, 0x80, 0x40, 0x00, 0xff, 0x40, 0x24, 0x08, 0xff,
    0x10, 0x08, 0x08, 0x00, 0x10, 0x08, 0x08, 0x00, 0x10, 0x08, 0x08, 0x00,
    0x10, 0x0c, 0x08, 0x00, 0x10, 0x08, 0x08, 0x00, 0x10, 0x08, 0x08, 0x00,
    0x08, 0x0c, 0x08, 0x00, 0x10, 0x0c, 0x08, 0x00, 0x10, 0x0c, 0x08, 0x00,
    0x10, 0x08, 0x08, 0x00, 0x10, 0x0c, 0x08, 0x00, 0x10, 0x08, 0x08, 0x00,
    0x10, 0x08, 0x08, 0x00, 0x10, 0x0c, 0x08, 0x00, 0x10, 0x08, 0x00, 0x00,
    0x10, 0x08, 0x08, 0x00, 0x10, 0x0c, 0x08, 0x00, 0x10, 0x08, 0x08, 0x00,
    0x10, 0x08, 0x08, 0x00, 0x10, 0x0c, 0x08, 0x00, 0x10, 0x08, 0x08, 0x00,
    0x10, 0x0c, 0x08, 0x00, 0x10, 0x08, 0x08, 0x00, 0x10, 0x0c, 0x08, 0x00,
    0x10, 0x08, 0x08, 0x00, 0x10, 0x08, 0x08, 0x00, 0x10, 0x0c, 0x08, 0x00,
    0x10, 0x08, 0x08, 0x00, 0x10, 0x08, 0x08, 0x00, 0x10, 0x0c, 0x08, 0x00,
    0x10, 0x08, 0x08, 0x00, 0x10, 0x08, 0x08, 0x00, 0x10, 0x0c, 0x08, 0x00,
    0x10, 0x08, 0x08, 0x00, 0x10, 0x08, 0x08, 0x00, 0x10, 0x08, 0x08, 0x00,
    0x10, 0x08, 0x08, 0x00, 0x10, 0x08, 0x08, 0x00, 0x10, 0x08, 0x08, 0x00,
    0x10, 0x0c, 0x00, 0x00, 0x10, 0x0c, 0x08, 0x00, 0x10, 0x08, 0x08, 0x00,
    0x10, 0x0c, 0x08, 0x00, 0x60, 0x30, 0x08, 0xff, 0x80, 0x40, 0x00, 0xff,
    0x58, 0x2c, 0x08, 0xff, 0x50, 0x28, 0x00, 0xff, 0x50, 0x28, 0x00, 0xff,
    0x50, 0x28, 0x00, 0xff, 0x50, 0x28, 0x00, 0xff, 0x50, 0x28, 0x00, 0xff,
    0x50, 0x2c, 0x00, 0xff, 0x60, 0x30, 0x08, 0xff, 0x88, 0x40, 0x00, 0xff,
    0x48, 0x24, 0x00, 0xff, 0x10, 0x0c, 0x08, 0x00, 0x10, 0x0c, 0x08, 0x00,
    0x68, 0x34, 0x00, 0xff, 0x78, 0x3c, 0x00, 0xff, 0x10, 0x0c, 0x08, 0x00,
    0x10, 0x0c, 0x08, 0x00, 0x10, 0x0c, 0x08, 0x00, 0x10, 0x0c, 0x08, 0x00,
    0x10, 0x08, 0x08, 0x00, 0x38, 0x1c, 0x08, 0xff, 0x88, 0x44, 0x00, 0xff,
    0x40, 0x20, 0x00, 0xff, 0x10, 0x0c, 0x08, 0x00, 0x28, 0x14, 0x08, 0xff,
    0x80, 0x40, 0x00, 0xff, 0x50, 0x2c, 0x08, 0xff, 0x10, 0x08, 0x08, 0x00,
    0x10, 0x0c, 0x08, 0x00, 0x10, 0x08, 0x08, 0x00, 0x10, 0x0c, 0x08, 0x00,
    0x78, 0x3c, 0x00, 0xff, 0x68, 0x34, 0x00, 0xff, 0x10, 0x08, 0x08, 0x00,
    0x10, 0x0c, 0x08, 0x00, 0x10, 0x0c, 0x08, 0x00, 0x10, 0x08, 0x08, 0x00,
    0x60, 0x34, 0x08, 0xff, 0x70, 0x38, 0x00, 0xff, 0x10, 0x0c, 0x08, 0x00,
    0x28, 0x18, 0x08, 0xff, 0x88, 0x44, 0x00, 0xff, 0x50, 0x28, 0x08, 0xff,
    0x10, 0x0c, 0x08, 0x00, 0x10, 0x08, 0x08, 0x00, 0x10, 0x0c, 0x08, 0x00,
    0x10, 0x08, 0x08, 0x00, 0x10, 0x0c, 0x08, 0x00, 0x58, 0x2c, 0x00, 0xff,
    0x88, 0x40, 0x00, 0xff, 0x28, 0x14, 0x08, 0xff, 0x10, 0x0c, 0x08, 0x00,
    0x48, 0x24, 0x08, 0xff, 0x88, 0x44, 0x00, 0xff, 0x48, 0x24, 0x08, 0xff,
    0x10, 0x0c, 0x08, 0x00, 0x10, 0x08, 0x08, 0x00, 0x10, 0x08, 0x08, 0x00,
    0x10, 0x0c, 0x08, 0x00, 0x30, 0x1c, 0x08, 0xff, 0x80, 0x40, 0x00, 0xff,
    0x80, 0x40, 0x00, 0xff, 0x40, 0x20, 0x08, 0xff, 0x18, 0x10, 0x08, 0x00,
    0x18, 0x10, 0x08, 0x00, 0x10, 0x0c, 0x08, 0x00, 0x60, 0x30, 0x00, 0xff,
    0x80, 0x40, 0x00, 0xff, 0x70, 0x38, 0x00, 0xff, 0x18, 0x0c, 0x08, 0x00,
    0x10, 0x0c, 0x08, 0x00, 0x38, 0x20, 0x08, 0xff, 0x80, 0x40, 0x00, 0xff,
    0x80, 0x40, 0x00, 0xff, 0x48, 0x24, 0x08, 0xff, 0x10, 0x0c, 0x08, 0x00,
    0x10, 0x0c, 0x08, 0x00, 0x10, 0x08, 0x08, 0x00, 0x18, 0x0c, 0x08, 0x00,
    0x70, 0x38, 0x00, 0xff, 0x80, 0x40, 0x00, 0xff, 0x70, 0x38, 0x00, 0xff,
    0x10, 0x0c, 0x08, 0x00, 0x20, 0x10, 0x08, 0x00, 0x78, 0x3c, 0x00, 0xff,
    0x78, 0x40, 0x00, 0xff, 0x68, 0x34, 0x00, 0xff, 0x10, 0x0c, 0x08, 0x00,
    0x10, 0x0c, 0x08, 0x00, 0x20, 0x14, 0x00, 0xff, 0x78, 0x3c, 0x00, 0xff,
    0x78, 0x3c, 0x00, 0xff, 0x80, 0x40, 0x00, 0xff, 0x78, 0x3c, 0x00, 0xff,
    0x80, 0x40, 0x00, 0xff, 0x58, 0x2c, 0x00, 0xff, 0x10, 0x0c, 0x08, 0x00,
    0x10, 0x08, 0x08, 0x00, 0x10, 0x08, 0x08, 0x00, 0x48, 0x28, 0x00, 0xff,
    0x80, 0x40, 0x00, 0xff, 0x78, 0x3c, 0x00, 0xff, 0x68, 0x38, 0x08, 0xff,
    0x10, 0x0c, 0x08, 0x00, 0x10, 0x0c, 0x08, 0x00, 0x10, 0x08, 0x08, 0x00,
    0x10, 0x08, 0x08, 0x00, 0x10, 0x08, 0x08, 0x00, 0x10, 0x08, 0x08, 0x00,
    0x10, 0x0c, 0x08, 0x00, 0x10, 0x08, 0x00, 0x00, 0x10, 0x08, 0x08, 0x00,
    0x10, 0x08, 0x08, 0x00, 0x10, 0x0c, 0x00, 0x00, 0x10, 0x0c, 0x08, 0x00,
    0x10, 0x08, 0x08, 0x00, 0x10, 0x08, 0x08, 0x00, 0x10, 0x0c, 0x08, 0x00,
    0x10, 0x0c, 0x08, 0x00, 0x08, 0x08, 0x08, 0x00, 0x10, 0x0c, 0x08, 0x00,
    0x10, 0x0c, 0x00, 0x00, 0x08, 0x08, 0x08, 0x00, 0x10, 0x0c, 0x08, 0x00,
    0x10, 0x0c, 0x08, 0x00, 0x10, 0x08, 0x08, 0x00, 0x10, 0x0c, 0x08, 0x00,
    0x10, 0x0c, 0x08, 0x00, 0x10, 0x08, 0x08, 0x00, 0x10, 0x0c, 0x08, 0x00,
    0x10, 0x08, 0x08, 0x00, 0x10, 0x0c, 0x08, 0x00, 0x10, 0x08, 0x08, 0x00,
    0x10, 0x0c, 0x08, 0x00, 0x10, 0x0c, 0x08, 0x00, 0x10, 0x08, 0x08, 0x00,
    0x10, 0x0c, 0x08, 0x00, 0x10, 0x0c, 0x08, 0x00, 0x10, 0x08, 0x08, 0x00,
    0x10, 0x0c, 0x08, 0x00, 0x10, 0x0c, 0x08, 0x00, 0x10, 0x08, 0x08, 0x00,
    0x10, 0x08, 0x08, 0x00, 0x10, 0x08, 0x08, 0x00, 0x10, 0x0c, 0x08, 0x00,
    0x08, 0x08, 0x08, 0x00, 0x10, 0x0c, 0x08, 0x00, 0x60, 0x30, 0x00, 0xff,
    0x78, 0x40, 0x00, 0xff, 0x18, 0x10, 0x08, 0x00, 0x10, 0x08, 0x08, 0x00,
    0x10, 0x0c, 0x08, 0x00, 0x10, 0x0c, 0x08, 0x00, 0x10, 0x08, 0x08, 0x00,
    0x10, 0x0c, 0x08, 0x00, 0x10, 0x08, 0x08, 0x00, 0x30, 0x18, 0x08, 0xff,
    0x88, 0x44, 0x00, 0xff, 0x48, 0x24, 0x08, 0xff, 0x10, 0x0c, 0x08, 0x00,
    0x18, 0x10, 0x08, 0x00, 0x70, 0x38, 0x00, 0xff, 0x78, 0x3c, 0x00, 0xff,
    0x70, 0x38, 0x00, 0xff, 0x70, 0x38, 0x00, 0xff, 0x70, 0x38, 0x00, 0xff,
    0x70, 0x38, 0x00, 0xff, 0x70, 0x38, 0x00, 0xff, 0x70, 0x38, 0x00, 0xff,
    0x88, 0x44, 0x00, 0xff, 0x50, 0x2c, 0x08, 0xff, 0x10, 0x08, 0x08, 0x00,
    0x28, 0x18, 0x00, 0xff, 0x88, 0x40, 0x00, 0xff, 0x48, 0x24, 0x08, 0xff,
    0x10, 0x0c, 0x08, 0x00, 0x10, 0x08, 0x08, 0x00, 0x10, 0x0c, 0x08, 0x00,
    0x18, 0x0c, 0x08, 0x00, 0x78, 0x3c, 0x00, 0xff, 0x60, 0x30, 0x08, 0xff,
    0x10, 0x08, 0x08, 0x00, 0x10, 0x0c, 0x08, 0x00, 0x10, 0x08, 0x08, 0x00,
    0x10, 0x08, 0x08, 0x00, 0x60, 0x34, 0x00, 0xff, 0x70, 0x38, 0x00, 0xff,
    0x10, 0x08, 0x08, 0x00, 0x40, 0x20, 0x08, 0xff, 0x88, 0x44, 0x00, 0xff,
    0x38, 0x1c, 0x08, 0xff, 0x10, 0x08, 0x08, 0x00, 0x10, 0x0c, 0x08, 0x00,
    0x10, 0x08, 0x08, 0x00, 0x10, 0x08, 0x08, 0x00, 0x10, 0x0c, 0x08, 0x00,
    0x40, 0x20, 0x08, 0xff, 0x88, 0x44, 0x00, 0xff, 0x30, 0x1c, 0x08, 0xff,
    0x10, 0x0c, 0x08, 0x00, 0x48, 0x24, 0x00, 0xff, 0x80, 0x40, 0x00, 0xff,
    0x20, 0x14, 0x08, 0xff, 0x10, 0x0c, 0x08, 0x00, 0x10, 0x08, 0x08, 0x00,
    0x10, 0x0c, 0x08, 0x00, 0x10, 0x08, 0x08, 0x00, 0x30, 0x1c, 0x08, 0xff,
    0x80, 0x40, 0x00, 0xff, 0x80, 0x40, 0x00, 0xff, 0x38, 0x1c, 0x08, 0xff,
    0x10, 0x0c, 0x08, 0x00, 0x10, 0x0c, 0x08, 0x00, 0x10, 0x08, 0x08, 0x00,
    0x60, 0x30, 0x00, 0xff, 0x80, 0x40, 0x00, 0xff, 0x70, 0x38, 0x00, 0xff,
    0x18, 0x0c, 0x08, 0x00, 0x10, 0x0c, 0x08, 0x00, 0x50, 0x28, 0x00, 0xff,
    0x80, 0x40, 0x00, 0xff, 0x80, 0x40, 0x00, 0xff, 0x28, 0x14, 0x08, 0xff,
    0x10, 0x08, 0x08, 0x00, 0x10, 0x0c, 0x08, 0x00, 0x10, 0x0c, 0x08, 0x00,
    0x10, 0x08, 0x08, 0x00, 0x58, 0x2c, 0x08, 0xff, 0x80, 0x40, 0x00, 0xff,
    0x78, 0x3c, 0x00, 0xff, 0x20, 0x14, 0x08, 0xff, 0x10, 0x0c, 0x08, 0x00,
    0x50, 0x28, 0x08, 0xff, 0x80, 0x40, 0x00, 0xff, 0x80, 0x40, 0x00, 0xff,
    0x40, 0x20, 0x08, 0xff, 0x10, 0x08, 0x08, 0x00, 0x48, 0x24, 0x00, 0xff,
    0x80, 0x40, 0x00, 0xff, 0x78, 0x40, 0x08, 0xff, 0x40, 0x20, 0x08, 0xff,
    0x58, 0x30, 0x08, 0xff, 0x80, 0x40, 0x00, 0xff, 0x78, 0x3c, 0x00, 0xff,
    0x20, 0x14, 0x08, 0xff, 0x10, 0x08, 0x08, 0x00, 0x10, 0x0c, 0x08, 0x00,
    0x70, 0x38, 0x00, 0xff, 0x78, 0x3c, 0x00, 0xff, 0x80, 0x40, 0x00, 0xff,
    0x30, 0x1c, 0x08, 0xff, 0x10, 0x08, 0x08, 0x00, 0x10, 0x0c, 0x08, 0x00,
    0x10, 0x0c, 0x08, 0x00, 0x10, 0x0c, 0x08, 0x00, 0x10, 0x0c, 0x08, 0x00,
    0x10, 0x0c, 0x08, 0x00, 0x10, 0x08, 0x08, 0x00, 0x10, 0x0c, 0x08, 0x00,
    0x10, 0x08, 0x08, 0x00, 0x10, 0x0c, 0x08, 0x00, 0x08, 0x08, 0x08, 0x00,
    0x10, 0x0c, 0x08, 0x00, 0x10, 0x0c, 0x08, 0x00, 0x10, 0x08, 0x00, 0x00,
    0x10, 0x0c, 0x08, 0x00, 0x10, 0x08, 0x08, 0x00, 0x10, 0x08, 0x08, 0x00,
    0x10, 0x0c, 0x08, 0x00, 0x10, 0x08, 0x08, 0x00, 0x10, 0x08, 0x08, 0x00,
    0x10, 0x0c, 0x08, 0x00, 0x10, 0x08, 0x08, 0x00, 0x08, 0x08, 0x08, 0x00,
    0x10, 0x0c, 0x08, 0x00, 0x10, 0x08, 0x08, 0x00, 0x10, 0x0c, 0x08, 0x00,
    0x10, 0x0c, 0x08, 0x00, 0x10, 0x08, 0x08, 0x00, 0x10, 0x0c, 0x08, 0x00,
    0x10, 0x0c, 0x08, 0x00, 0x10, 0x08, 0x08, 0x00, 0x10, 0x08, 0x08, 0x00,
    0x10, 0x0c, 0x08, 0x00, 0x10, 0x08, 0x08, 0x00, 0x10, 0x0c, 0x08, 0x00,
    0x10, 0x0c, 0x08, 0x00, 0x10, 0x08, 0x08, 0x00, 0x10, 0x0c, 0x08, 0x00,
    0x10, 0x0c, 0x00, 0x00, 0x08, 0x0c, 0x08, 0x00, 0x10, 0x0c, 0x08, 0x00,
    0x10, 0x08, 0x08, 0x00, 0x10, 0x08, 0x08, 0x00, 0x10, 0x0c, 0x08, 0x00,
    0x60, 0x30, 0x00, 0xff, 0x80, 0x40, 0x00, 0xff, 0x20, 0x10, 0x08, 0x00,
    0x10, 0x0c, 0x08, 0x00, 0x10, 0x0c, 0x08, 0x00, 0x10, 0x08, 0x08, 0x00,
    0x10, 0x0c, 0x08, 0x00, 0x10, 0x0c, 0x08, 0x00, 0x10, 0x08, 0x08, 0x00,
    0x38, 0x1c, 0x08, 0xff, 0x88, 0x44, 0x00, 0xff, 0x48, 0x24, 0x00, 0xff,
    0x10, 0x0c, 0x08, 0x00, 0x18, 0x10, 0x08, 0x00, 0x78, 0x3c, 0x00, 0xff,
    0x68, 0x34, 0x08, 0xff, 0x38, 0x1c, 0x08, 0xff, 0x38, 0x1c, 0x08, 0xff,
    0x38, 0x1c, 0x08, 0xff, 0x38, 0x20, 0x08, 0xff, 0x38, 0x20, 0x08, 0xff,
    0x30, 0x1c, 0x08, 0xff, 0x30, 0x18, 0x08, 0xff, 0x20, 0x14, 0x08, 0xff,
    0x10, 0x0c, 0x08, 0x00, 0x28, 0x14, 0x08, 0xff, 0x88, 0x44, 0x00, 0xff,
    0x48, 0x24, 0x00, 0xff, 0x10, 0x0c, 0x08, 0x00, 0x10, 0x08, 0x08, 0x00,
    0x10, 0x08, 0x08, 0x00, 0x10, 0x0c, 0x08, 0x00, 0x70, 0x3c, 0x00, 0xff,
    0x60, 0x30, 0x08, 0xff, 0x10, 0x08, 0x08, 0x00, 0x10, 0x0c, 0x08, 0x00,
    0x10, 0x08, 0x08, 0x00, 0x10, 0x0c, 0x08, 0x00, 0x60, 0x34, 0x00, 0xff,
    0x70, 0x38, 0x00, 0xff, 0x10, 0x08, 0x08, 0x00, 0x38, 0x20, 0x08, 0xff,
    0x88, 0x44, 0x00, 0xff, 0x38, 0x1c, 0x00, 0xff, 0x10, 0x08, 0x08, 0x00,
    0x10, 0x0c, 0x08, 0x00, 0x10, 0x0c, 0x08, 0x00, 0x10, 0x08, 0x08, 0x00,
    0x10, 0x0c, 0x08, 0x00, 0x40, 0x20, 0x00, 0xff, 0x88, 0x44, 0x00, 0xff,
    0x30, 0x1c, 0x08, 0xff, 0x10, 0x0c, 0x08, 0x00, 0x48, 0x24, 0x00, 0xff,
    0x80, 0x40, 0x00, 0xff, 0x18, 0x10, 0x08, 0x00, 0x10, 0x08, 0x08, 0x00,
    0x10, 0x0c, 0x08, 0x00, 0x10, 0x0c, 0x08, 0x00, 0x10, 0x08, 0x08, 0x00,
    0x30, 0x1c, 0x00, 0xff, 0x80, 0x40, 0x00, 0xff, 0x80, 0x40, 0x00, 0xff,
    0x38, 0x20, 0x08, 0xff, 0x10, 0x08, 0x08, 0x00, 0x10, 0x08, 0x08, 0x00,
    0x10, 0x0c, 0x08, 0x00, 0x60, 0x30, 0x08, 0xff, 0x80, 0x40, 0x00, 0xff,
    0x70, 0x38, 0x00, 0xff, 0x18, 0x0c, 0x08, 0x00, 0x10, 0x08, 0x08, 0x00,
    0x50, 0x28, 0x08, 0xff, 0x80, 0x40, 0x00, 0xff, 0x78, 0x40, 0x00, 0xff,
    0x28, 0x14, 0x08, 0xff, 0x10, 0x08, 0x08, 0x00, 0x10, 0x0c, 0x08, 0x00,
    0x10, 0x08, 0x08, 0x00, 0x10, 0x0c, 0x08, 0x00, 0x58, 0x2c, 0x00, 0xff,
    0x80, 0x40, 0x00, 0xff, 0x78, 0x3c, 0x00, 0xff, 0x20, 0x14, 0x08, 0xff,
    0x10, 0x0c, 0x08, 0x00, 0x20, 0x10, 0x08, 0x00, 0x78, 0x3c, 0x00, 0xff,
    0x80, 0x40, 0x00, 0xff, 0x68, 0x34, 0x00, 0xff, 0x20, 0x14, 0x08, 0xff,
    0x68, 0x34, 0x00, 0xff, 0x80, 0x40, 0x00, 0xff, 0x68, 0x34, 0x08, 0xff,
    0x10, 0x08, 0x08, 0x00, 0x20, 0x14, 0x08, 0xff, 0x80, 0x3c, 0x00, 0xff,
    0x80, 0x40, 0x00, 0xff, 0x60, 0x30, 0x08, 0xff, 0x10, 0x0c, 0x08, 0x00,
    0x40, 0x24, 0x00, 0xff, 0x80, 0x40, 0x00, 0xff, 0x80, 0x40, 0x08, 0xff,
    0x60, 0x2c, 0x08, 0xff, 0x10, 0x08, 0x08, 0x00, 0x10, 0x0c, 0x08, 0x00,
    0x10, 0x08, 0x08, 0x00, 0x10, 0x08, 0x00, 0x00, 0x10, 0x0c, 0x08, 0x00,
    0x10, 0x08, 0x08, 0x00, 0x10, 0x08, 0x08, 0x00, 0x10, 0x0c, 0x08, 0x00,
    0x08, 0x0c, 0x08, 0x00, 0x10, 0x08, 0x08, 0x00, 0x10, 0x0c, 0x08, 0x00,
    0x10, 0x08, 0x08, 0x00, 0x10, 0x08, 0x08, 0x00, 0x10, 0x0c, 0x08, 0x00,
    0x08, 0x08, 0x08, 0x00, 0x10, 0x0c, 0x08, 0x00, 0x10, 0x0c, 0x08, 0x00,
    0x10, 0x08, 0x00, 0x00, 0x10, 0x0c, 0x08, 0x00, 0x10, 0x0c, 0x08, 0x00,
    0x10, 0x08, 0x08, 0x00, 0x10, 0x0c, 0x00, 0x00, 0x10, 0x08, 0x08, 0x00,
    0x10, 0x0c, 0x08, 0x00, 0x10, 0x08, 0x00, 0x00, 0x08, 0x08, 0x08, 0x00,
    0x10, 0x0c, 0x08, 0x00, 0x10, 0x08, 0x00, 0x00, 0x08, 0x08, 0x08, 0x00,
    0x10, 0x0c, 0x08, 0x00, 0x10, 0x08, 0x00, 0x00, 0x08, 0x08, 0x08, 0x00,
    0x10, 0x0c, 0x08, 0x00, 0x10, 0x08, 0x00, 0x00, 0x08, 0x08, 0x08, 0x00,
    0x10, 0x08, 0x08, 0x00, 0x10, 0x0c, 0x00, 0x00, 0x08, 0x08, 0x08, 0x00,
    0x10, 0x08, 0x08, 0x00, 0x10, 0x0c, 0x08, 0x00, 0x10, 0x08, 0x08, 0x00,
    0x10, 0x0c, 0x08, 0x00, 0x10, 0x08, 0x00, 0x00, 0x10, 0x0c, 0x08, 0x00,
    0x10, 0x08, 0x08, 0x00, 0x60, 0x30, 0x00, 0xff, 0x78, 0x40, 0x00, 0xff,
    0x20, 0x10, 0x08, 0x00, 0x10, 0x08, 0x08, 0x00, 0x10, 0x0c, 0x08, 0x00,
    0x10, 0x08, 0x08, 0x00, 0x10, 0x08, 0x08, 0x00, 0x10, 0x0c, 0x08, 0x00,
    0x10, 0x0c, 0x08, 0x00, 0x30, 0x1c, 0x08, 0xff, 0x88, 0x44, 0x00, 0xff,
    0x48, 0x24, 0x08, 0xff, 0x10, 0x08, 0x08, 0x00, 0x10, 0x0c, 0x08, 0x00,
    0x70, 0x38, 0x00, 0xff, 0x70, 0x38, 0x00, 0xff, 0x10, 0x0c, 0x08, 0x00,
    0x10, 0x0c, 0x08, 0x00, 0x10, 0x08, 0x08, 0x00, 0x10, 0x08, 0x08, 0x00,
    0x10, 0x0c, 0x08, 0x00, 0x18, 0x0c, 0x08, 0x00, 0x38, 0x1c, 0x08, 0xff,
    0x18, 0x10, 0x00, 0x00, 0x10, 0x08, 0x08, 0x00, 0x28, 0x18, 0x08, 0xff,
    0x80, 0x40, 0x00, 0xff, 0x48, 0x24, 0x00, 0xff, 0x10, 0x0c, 0x08, 0x00,
    0x10, 0x0c, 0x08, 0x00, 0x10, 0x08, 0x08, 0x00, 0x18, 0x0c, 0x08, 0x00,
    0x70, 0x3c, 0x00, 0xff, 0x60, 0x30, 0x00, 0xff, 0x10, 0x0c, 0x08, 0x00,
    0x10, 0x08, 0x08, 0x00, 0x10, 0x0c, 0x08, 0x00, 0x10, 0x08, 0x08, 0x00,
    0x60, 0x34, 0x00, 0xff, 0x78, 0x38, 0x00, 0xff, 0x10, 0x0c, 0x08, 0x00,
    0x28, 0x18, 0x08, 0xff, 0x88, 0x44, 0x00, 0xff, 0x50, 0x28, 0x00, 0xff,
    0x10, 0x08, 0x08, 0x00, 0x10, 0x0c, 0x08, 0x00, 0x10, 0x08, 0x08, 0x00,
    0x10, 0x0c, 0x08, 0x00, 0x10, 0x08, 0x08, 0x00, 0x58, 0x2c, 0x00, 0xff,
    0x80, 0x44, 0x00, 0xff, 0x28, 0x14, 0x08, 0xff, 0x10, 0x08, 0x08, 0x00,
    0x48, 0x28, 0x08, 0xff, 0x80, 0x3c, 0x00, 0xff, 0x18, 0x10, 0x08, 0x00,
    0x10, 0x08, 0x08, 0x00, 0x10, 0x08, 0x08, 0x00, 0x10, 0x0c, 0x08, 0x00,
    0x10, 0x08, 0x08, 0x00, 0x38, 0x1c, 0x08, 0xff, 0x80, 0x40, 0x00, 0xff,
    0x80, 0x40, 0x00, 0xff, 0x38, 0x1c, 0x08, 0xff, 0x10, 0x0c, 0x08, 0x00,
    0x10, 0x08, 0x08, 0x00, 0x10, 0x08, 0x08, 0x00, 0x58, 0x30, 0x00, 0xff,
    0x80, 0x40, 0x00, 0xff, 0x70, 0x38, 0x08, 0xff, 0x10, 0x0c, 0x08, 0x00,
    0x10, 0x0c, 0x08, 0x00, 0x38, 0x20, 0x08, 0xff, 0x80, 0x40, 0x00, 0xff,
    0x80, 0x40, 0x00, 0xff, 0x48, 0x28, 0x08, 0xff, 0x10, 0x08, 0x08, 0x00,
    0x10, 0x08, 0x08, 0x00, 0x10, 0x0c, 0x08, 0x00, 0x18, 0x10, 0x08, 0x00,
    0x70, 0x38, 0x00, 0xff, 0x80, 0x40, 0x00, 0xff, 0x68, 0x34, 0x08, 0xff,
    0x10, 0x0c, 0x08, 0x00, 0x10, 0x0c, 0x08, 0x00, 0x10, 0x08, 0x08, 0x00,
    0x58, 0x2c, 0x00, 0xff, 0x80, 0x40, 0x00, 0xff, 0x78, 0x3c, 0x00, 0xff,
    0x78, 0x3c, 0x00, 0xff, 0x78, 0x3c, 0x00, 0xff, 0x80, 0x40, 0x00, 0xff,
    0x28, 0x18, 0x08, 0xff, 0x10, 0x08, 0x08, 0x00, 0x10, 0x0c, 0x08, 0x00,
    0x58, 0x30, 0x00, 0xff, 0x80, 0x40, 0x00, 0xff, 0x78, 0x3c, 0x00, 0xff,
    0x68, 0x34, 0x00, 0xff, 0x70, 0x38, 0x00, 0xff, 0x78, 0x3c, 0x00, 0xff,
    0x78, 0x3c, 0x00, 0xff, 0x20, 0x14, 0x08, 0xff, 0x10, 0x0c, 0x08, 0x00,
    0x10, 0x08, 0x08, 0x00, 0x10, 0x0c, 0x08, 0x00, 0x10, 0x08, 0x08, 0x00,
    0x10, 0x08, 0x08, 0x00, 0x10, 0x0c, 0x08, 0x00, 0x10, 0x08, 0x08, 0x00,
    0x10, 0x0c, 0x08, 0x00, 0x10, 0x08, 0x00, 0x00, 0x10, 0x08, 0x08, 0x00,
    0x10, 0x0c, 0x08, 0x00, 0x10, 0x0c, 0x00, 0x00, 0x10, 0x08, 0x08, 0x00,
    0x10, 0x08, 0x08, 0x00, 0x10, 0x0c, 0x08, 0x00, 0x10, 0x08, 0x08, 0x00,
    0x08, 0x08, 0x08, 0x00, 0x10, 0x0c, 0x08, 0x00, 0x10, 0x08, 0x08, 0x00,
    0x08, 0x0c, 0x08, 0x00, 0x10, 0x0c, 0x08, 0x00, 0x10, 0x08, 0x08, 0x00,
    0x08, 0x0c, 0x08, 0x00, 0x10, 0x0c, 0x08, 0x00, 0x10, 0x08, 0x08, 0x00,
    0x10, 0x0c, 0x08, 0x00, 0x10, 0x08, 0x08, 0x00, 0x10, 0x0c, 0x08, 0x00,
    0x10, 0x08, 0x08, 0x00, 0x10, 0x0c, 0x08, 0x00, 0x10, 0x0c, 0x08, 0x00,
    0x10, 0x08, 0x08, 0x00, 0x10, 0x0c, 0x08, 0x00, 0x10, 0x0c, 0x08, 0x00,
    0x10, 0x0c, 0x08, 0x00, 0x10, 0x08, 0x08, 0x00, 0x10, 0x0c, 0x08, 0x00,
    0x10, 0x0c, 0x08, 0x00, 0x10, 0x08, 0x08, 0x00, 0x10, 0x08, 0x08, 0x00,
    0x10, 0x0c, 0x08, 0x00, 0x10, 0x08, 0x08, 0x00, 0x08, 0x0c, 0x08, 0x00,
    0x10, 0x08, 0x08, 0x00, 0x10, 0x0c, 0x08, 0x00, 0x60, 0x30, 0x00, 0xff,
    0x78, 0x40, 0x00, 0xff, 0x20, 0x10, 0x08, 0x00, 0x10, 0x0c, 0x08, 0x00,
    0x10, 0x08, 0x08, 0x00, 0x10, 0x0c, 0x08, 0x00, 0x10, 0x08, 0x08, 0x00,
    0x10, 0x08, 0x08, 0x00, 0x10, 0x0c, 0x08, 0x00, 0x30, 0x1c, 0x08, 0xff,
    0x88, 0x44, 0x00, 0xff, 0x48, 0x24, 0x00, 0xff, 0x10, 0x0c, 0x08, 0x00,
    0x10, 0x08, 0x08, 0x00, 0x40, 0x20, 0x08, 0xff, 0x88, 0x44, 0x00, 0xff,
    0x50, 0x2c, 0x00, 0xff, 0x10, 0x0c, 0x08, 0x00, 0x10, 0x0c, 0x08, 0x00,
    0x10, 0x08, 0x08, 0x00, 0x18, 0x0c, 0x00, 0x00, 0x68, 0x34, 0x00, 0xff,
    0x90, 0x48, 0x00, 0xff, 0x28, 0x18, 0x08, 0xff, 0x10, 0x08, 0x08, 0x00,
    0x28, 0x18, 0x00, 0xff, 0x88, 0x44, 0x00, 0xff, 0x48, 0x24, 0x08, 0xff,
    0x10, 0x08, 0x08, 0x00, 0x10, 0x0c, 0x08, 0x00, 0x10, 0x0c, 0x08, 0x00,
    0x18, 0x0c, 0x08, 0x00, 0x78, 0x3c, 0x00, 0xff, 0x60, 0x30, 0x00, 0xff,
    0x10, 0x08, 0x08, 0x00, 0x08, 0x0c, 0x08, 0x00, 0x10, 0x08, 0x08, 0x00,
    0x10, 0x08, 0x08, 0x00, 0x60, 0x34, 0x00, 0xff, 0x70, 0x38, 0x00, 0xff,
    0x10, 0x0c, 0x08, 0x00, 0x10, 0x0c, 0x08, 0x00, 0x68, 0x34, 0x00, 0xff,
    0x80, 0x40, 0x00, 0xff, 0x30, 0x18, 0x08, 0xff, 0x10, 0x0c, 0x08, 0x00,
    0x08, 0x08, 0x08, 0x00, 0x10, 0x0c, 0x08, 0x00, 0x30, 0x1c, 0x00, 0xff,
    0x88, 0x44, 0x00, 0xff, 0x60, 0x30, 0x08, 0xff, 0x10, 0x0c, 0x08, 0x00,
    0x10, 0x08, 0x08, 0x00, 0x48, 0x28, 0x00, 0xff, 0x80, 0x40, 0x00, 0xff,
    0x18, 0x10, 0x08, 0x00, 0x10, 0x0c, 0x08, 0x00, 0x10, 0x08, 0x00, 0x00,
    0x10, 0x0c, 0x08, 0x00, 0x10, 0x0c, 0x08, 0x00, 0x30, 0x1c, 0x00, 0xff,
    0x80, 0x40, 0x00, 0xff, 0x80, 0x40, 0x00, 0xff, 0x38, 0x1c, 0x08, 0xff,
    0x10, 0x0c, 0x08, 0x00, 0x10, 0x0c, 0x08, 0x00, 0x10, 0x08, 0x08, 0x00,
    0x58, 0x30, 0x00, 0xff, 0x80, 0x40, 0x00, 0xff, 0x70, 0x38, 0x00, 0xff,
    0x18, 0x0c, 0x08, 0x00, 0x10, 0x0c, 0x08, 0x00, 0x18, 0x0c, 0x08, 0x00,
    0x68, 0x34, 0x00, 0xff, 0x80, 0x40, 0x00, 0xff, 0x78, 0x3c, 0x00, 0xff,
    0x48, 0x28, 0x00, 0xff, 0x30, 0x18, 0x08, 0xff, 0x30, 0x1c, 0x00, 0xff,
    0x68, 0x34, 0x00, 0xff, 0x80, 0x40, 0x00, 0xff, 0x80, 0x40, 0x00, 0xff,
    0x38, 0x1c, 0x08, 0xff, 0x10, 0x0c, 0x08, 0x00, 0x10, 0x08, 0x08, 0x00,
    0x10, 0x0c, 0x08, 0x00, 0x20, 0x10, 0x08, 0x00, 0x78, 0x3c, 0x00, 0xff,
    0x78, 0x40, 0x08, 0xff, 0x78, 0x3c, 0x00, 0xff, 0x88, 0x40, 0x08, 0xff,
    0x50, 0x2c, 0x00, 0xff, 0x10, 0x08, 0x08, 0x00, 0x10, 0x0c, 0x08, 0x00,
    0x10, 0x08, 0x08, 0x00, 0x20, 0x14, 0x08, 0x00, 0x78, 0x3c, 0x00, 0xff,
    0x80, 0x3c, 0x00, 0xff, 0x78, 0x3c, 0x00, 0xff, 0x78, 0x3c, 0x08, 0xff,
    0x88, 0x44, 0x00, 0xff, 0x48, 0x24, 0x08, 0xff, 0x10, 0x0c, 0x08, 0x00,
    0x10, 0x08, 0x08, 0x00, 0x10, 0x0c, 0x08, 0x00, 0x10, 0x0c, 0x08, 0x00,
    0x08, 0x08, 0x08, 0x00, 0x10, 0x0c, 0x08, 0x00, 0x10, 0x08, 0x08, 0x00,
    0x10, 0x08, 0x08, 0x00, 0x10, 0x0c, 0x08, 0x00, 0x10, 0x08, 0x08, 0x00,
    0x10, 0x0c, 0x08, 0x00, 0x08, 0x08, 0x08, 0x00, 0x10, 0x0c, 0x08, 0x00,
    0x10, 0x0c, 0x08, 0x00, 0x08, 0x08, 0x00, 0x00, 0x10, 0x0c, 0x08, 0x00,
    0x10, 0x0c, 0x08, 0x00, 0x10, 0x08, 0x00, 0x00, 0x10, 0x0c, 0x08, 0x00,
    0x10, 0x08, 0x08, 0x00, 0x10, 0x08, 0x08, 0x00, 0x10, 0x0c, 0x08, 0x00,
    0x10, 0x08, 0x08, 0x00, 0x10, 0x08, 0x08, 0x00, 0x10, 0x0c, 0x08, 0x00,
    0x10, 0x0c, 0x08, 0x00, 0x10, 0x08, 0x08, 0x00, 0x10, 0x0c, 0x00, 0x00,
    0x10, 0x08, 0x08, 0x00, 0x10, 0x0c, 0x08, 0x00, 0x10, 0x08, 0x08, 0x00,
    0x10, 0x08, 0x08, 0x00, 0x10, 0x0c, 0x08, 0x00, 0x10, 0x08, 0x08, 0x00,
    0x10, 0x0c, 0x08, 0x00, 0x10, 0x08, 0x08, 0x00, 0x10, 0x08, 0x08, 0x00,
    0x10, 0x0c, 0x08, 0x00, 0x10, 0x08, 0x08, 0x00, 0x10, 0x0c, 0x00, 0x00,
    0x08, 0x0c, 0x08, 0x00, 0x10, 0x08, 0x08, 0x00, 0x10, 0x0c, 0x08, 0x00,
    0x10, 0x08, 0x08, 0x00, 0x10, 0x0c, 0x08, 0x00, 0x10, 0x08, 0x08, 0x00,
    0x68, 0x34, 0x00, 0xff, 0x88, 0x44, 0x00, 0xff, 0x20, 0x14, 0x08, 0xff,
    0x10, 0x08, 0x08, 0x00, 0x10, 0x0c, 0x08, 0x00, 0x10, 0x0c, 0x08, 0x00,
    0x10, 0x08, 0x08, 0x00, 0x10, 0x08, 0x08, 0x00, 0x10, 0x08, 0x08, 0x00,
    0x38, 0x1c, 0x00, 0xff, 0x90, 0x4c, 0x00, 0xff, 0x50, 0x28, 0x08, 0xff,
    0x10, 0x08, 0x08, 0x00, 0x10, 0x0c, 0x08, 0x00, 0x10, 0x0c, 0x08, 0x00,
    0x50, 0x28, 0x00, 0xff, 0x88, 0x44, 0x00, 0xff, 0x70, 0x38, 0x00, 0xff,
    0x58, 0x2c, 0x00, 0xff, 0x58, 0x2c, 0x00, 0xff, 0x78, 0x3c, 0x00, 0xff,
    0x80, 0x40, 0x00, 0xff, 0x38, 0x20, 0x08, 0xff, 0x10, 0x08, 0x08, 0x00,
    0x10, 0x08, 0x08, 0x00, 0x28, 0x18, 0x08, 0xff, 0x90, 0x48, 0x00, 0xff,
    0x48, 0x28, 0x00, 0xff, 0x10, 0x08, 0x08, 0x00, 0x10, 0x08, 0x08, 0x00,
    0x10, 0x0c, 0x08, 0x00, 0x18, 0x0c, 0x08, 0x00, 0x80, 0x40, 0x00, 0xff,
    0x60, 0x34, 0x00, 0xff, 0x10, 0x08, 0x08, 0x00, 0x10, 0x0c, 0x08, 0x00,
    0x10, 0x0c, 0x08, 0x00, 0x10, 0x08, 0x08, 0x00, 0x68, 0x34, 0x00, 0xff,
    0x80, 0x40, 0x00, 0xff, 0x18, 0x0c, 0x08, 0x00, 0x10, 0x08, 0x08, 0x00,
    0x20, 0x10, 0x08, 0x00, 0x68, 0x38, 0x00, 0xff, 0x80, 0x44, 0x00, 0xff,
    0x60, 0x30, 0x00, 0xff, 0x50, 0x28, 0x00, 0xff, 0x68, 0x34, 0x00, 0xff,
    0x88, 0x44, 0x00, 0xff, 0x60, 0x34, 0x00, 0xff, 0x18, 0x10, 0x08, 0x00,
    0x10, 0x08, 0x08, 0x00, 0x10, 0x08, 0x08, 0x00, 0x50, 0x28, 0x00, 0xff,
    0x88, 0x44, 0x00, 0xff, 0x20, 0x10, 0x08, 0x00, 0x10, 0x08, 0x08, 0x00,
    0x10, 0x0c, 0x08, 0x00, 0x10, 0x08, 0x08, 0x00, 0x10, 0x08, 0x08, 0x00,
    0x38, 0x1c, 0x08, 0xff, 0x88, 0x44, 0x00, 0xff, 0x88, 0x44, 0x00, 0xff,
    0x38, 0x20, 0x08, 0xff, 0x10, 0x0c, 0x08, 0x00, 0x10, 0x08, 0x08, 0x00,
    0x10, 0x0c, 0x08, 0x00, 0x60, 0x34, 0x00, 0xff, 0x88, 0x44, 0x00, 0xff,
    0x78, 0x3c, 0x00, 0xff, 0x18, 0x0c, 0x08, 0x00, 0x10, 0x0c, 0x08, 0x00,
    0x10, 0x08, 0x08, 0x00, 0x20, 0x14, 0x08, 0x00, 0x68, 0x34, 0x00, 0xff,
    0x80, 0x40, 0x00, 0xff, 0x88, 0x44, 0x00, 0xff, 0x88, 0x44, 0x00, 0xff,
    0x88, 0x44, 0x00, 0xff, 0x88, 0x44, 0x00, 0xff, 0x78, 0x3c, 0x00, 0xff,
    0x38, 0x20, 0x08, 0xff, 0x10, 0x0c, 0x08, 0x00, 0x10, 0x08, 0x08, 0x00,
    0x10, 0x08, 0x08, 0x00, 0x10, 0x0c, 0x08, 0x00, 0x10, 0x08, 0x08, 0x00,
    0x30, 0x18, 0x08, 0xff, 0x78, 0x3c, 0x00, 0xff, 0x80, 0x40, 0x00, 0xff,
    0x60, 0x30, 0x08, 0xff, 0x18, 0x0c, 0x08, 0x00, 0x10, 0x08, 0x08, 0x00,
    0x10, 0x0c, 0x08, 0x00, 0x10, 0x08, 0x08, 0x00, 0x10, 0x08, 0x08, 0x00,
    0x30, 0x18, 0x08, 0xff, 0x70, 0x38, 0x08, 0xff, 0x80, 0x40, 0x00, 0xff,
    0x78, 0x3c, 0x00, 0xff, 0x48, 0x28, 0x08, 0xff, 0x10, 0x08, 0x08, 0x00,
    0x10, 0x08, 0x08, 0x00, 0x10, 0x0c, 0x08, 0x00, 0x10, 0x08, 0x00, 0x00,
    0x10, 0x08, 0x08, 0x00, 0x10, 0x0c, 0x08, 0x00, 0x10, 0x0c, 0x00, 0x00,
    0x10, 0x08, 0x08, 0x00, 0x10, 0x0c, 0x08, 0x00, 0x10, 0x08, 0x08, 0x00,
    0x10, 0x0c, 0x08, 0x00, 0x10, 0x08, 0x08, 0x00, 0x10, 0x08, 0x08, 0x00,
    0x10, 0x0c, 0x08, 0x00, 0x10, 0x08, 0x08, 0x00, 0x10, 0x08, 0x08, 0x00,
    0x10, 0x0c, 0x08, 0x00, 0x10, 0x08, 0x08, 0x00, 0x10, 0x0c, 0x08, 0x00,
    0x10, 0x0c, 0x08, 0x00, 0x10, 0x08, 0x08, 0x00, 0x10, 0x08, 0x00, 0x00,
    0x10, 0x0c, 0x08, 0x00, 0x10, 0x08, 0x08, 0x00, 0x10, 0x08, 0x00, 0x00,
    0x10, 0x0c, 0x08, 0x00, 0x08, 0x08, 0x08, 0x00, 0x10, 0x08, 0x08, 0x00,
    0x10, 0x0c, 0x08, 0x00, 0x08, 0x0c, 0x08, 0x00, 0x10, 0x08, 0x08, 0x00,
    0x10, 0x0c, 0x00, 0x00, 0x08, 0x0c, 0x08, 0x00, 0x10, 0x08, 0x08, 0x00,
    0x10, 0x08, 0x00, 0x00, 0x08, 0x0c, 0x08, 0x00, 0x10, 0x08, 0x08, 0x00,
    0x10, 0x0c, 0x00, 0x00, 0x08, 0x08, 0x08, 0x00, 0x10, 0x08, 0x08, 0x00,
    0x10, 0x0c, 0x08, 0x00, 0x10, 0x08, 0x08, 0x00, 0x10, 0x08, 0x08, 0x00,
    0x10, 0x0c, 0x00, 0x00, 0x10, 0x08, 0x08, 0x00, 0x10, 0x08, 0x08, 0x00,
    0x10, 0x0c, 0x08, 0x00, 0x38, 0x1c, 0x08, 0xff, 0x40, 0x24, 0x08, 0xff,
    0x18, 0x0c, 0x08, 0x00, 0x10, 0x08, 0x08, 0x00, 0x10, 0x0c, 0x08, 0x00,
    0x10, 0x08, 0x08, 0x00, 0x10, 0x0c, 0x08, 0x00, 0x10, 0x0c, 0x08, 0x00,
    0x10, 0x0c, 0x08, 0x00, 0x20, 0x10, 0x08, 0x00, 0x48, 0x24, 0x08, 0xff,
    0x28, 0x18, 0x08, 0xff, 0x10, 0x08, 0x08, 0x00, 0x10, 0x0c, 0x08, 0x00,
    0x10, 0x08, 0x08, 0x00, 0x10, 0x08, 0x08, 0x00, 0x28, 0x18, 0x08, 0xff,
    0x48, 0x28, 0x08, 0xff, 0x60, 0x30, 0x00, 0xff, 0x58, 0x30, 0x00, 0xff,
    0x48, 0x28, 0x08, 0xff, 0x20, 0x14, 0x08, 0xff, 0x10, 0x08, 0x08, 0x00,
    0x10, 0x0c, 0x08, 0x00, 0x10, 0x08, 0x08, 0x00, 0x18, 0x10, 0x08, 0x00,
    0x48, 0x24, 0x08, 0xff, 0x28, 0x14, 0x08, 0xff, 0x10, 0x0c, 0x08, 0x00,
    0x10, 0x0c, 0x08, 0x00, 0x08, 0x08, 0x08, 0x00, 0x10, 0x0c, 0x08, 0x00,
    0x40, 0x20, 0x08, 0xff, 0x30, 0x1c, 0x08, 0xff, 0x10, 0x0c, 0x08, 0x00,
    0x10, 0x08, 0x08, 0x00, 0x10, 0x0c, 0x08, 0x00, 0x10, 0x0c, 0x08, 0x00,
    0x38, 0x1c, 0x08, 0xff, 0x40, 0x20, 0x08, 0xff, 0x10, 0x0c, 0x08, 0x00,
    0x10, 0x08, 0x08, 0x00, 0x10, 0x08, 0x08, 0x00, 0x10, 0x0c, 0x08, 0x00,
    0x38, 0x20, 0x08, 0xff, 0x58, 0x2c, 0x00, 0xff, 0x60, 0x30, 0x08, 0xff,
    0x50, 0x2c, 0x00, 0xff, 0x30, 0x1c, 0x08, 0xff, 0x10, 0x08, 0x08, 0x00,
    0x10, 0x08, 0x08, 0x00, 0x10, 0x0c, 0x08, 0x00, 0x10, 0x0c, 0x08, 0x00,
    0x28, 0x18, 0x08, 0xff, 0x40, 0x24, 0x08, 0xff, 0x18, 0x0c, 0x08, 0x00,
    0x10, 0x08, 0x08, 0x00, 0x10, 0x0c, 0x08, 0x00, 0x10, 0x0c, 0x08, 0x00,
    0x10, 0x08, 0x08, 0x00, 0x20, 0x14, 0x08, 0xff, 0x48, 0x24, 0x08, 0xff,
    0x40, 0x24, 0x08, 0xff, 0x20, 0x14, 0x08, 0xff, 0x10, 0x08, 0x08, 0x00,
    0x10, 0x08, 0x08, 0x00, 0x10, 0x0c, 0x08, 0x00, 0x30, 0x1c, 0x08, 0xff,
    0x48, 0x24, 0x08, 0xff, 0x40, 0x20, 0x08, 0xff, 0x10, 0x0c, 0x08, 0x00,
    0x10, 0x08, 0x08, 0x00, 0x10, 0x0c, 0x08, 0x00, 0x10, 0x08, 0x08, 0x00,
    0x10, 0x0c, 0x08, 0x00, 0x30, 0x18, 0x08, 0xff, 0x48, 0x28, 0x08, 0xff,
    0x58, 0x2c, 0x00, 0xff, 0x50, 0x2c, 0x08, 0xff, 0x40, 0x20, 0x08, 0xff,
    0x18, 0x10, 0x08, 0x00, 0x10, 0x08, 0x08, 0x00, 0x10, 0x0c, 0x08, 0x00,
    0x10, 0x0c, 0x08, 0x00, 0x10, 0x08, 0x08, 0x00, 0x10, 0x0c, 0x08, 0x00,
    0x10, 0x0c, 0x08, 0x00, 0x10, 0x08, 0x08, 0x00, 0x18, 0x10, 0x08, 0x00,
    0x28, 0x14, 0x08, 0xff, 0x10, 0x08, 0x08, 0x00, 0x10, 0x0c, 0x08, 0x00,
    0x10, 0x08, 0x08, 0x00, 0x10, 0x0c, 0x08, 0x00, 0x10, 0x0c, 0x08, 0x00,
    0x10, 0x08, 0x08, 0x00, 0x10, 0x0c, 0x08, 0x00, 0x10, 0x0c, 0x08, 0x00,
    0x28, 0x18, 0x08, 0xff, 0x20, 0x10, 0x08, 0x00, 0x10, 0x0c, 0x08, 0x00,
    0x10, 0x0c, 0x08, 0x00, 0x10, 0x08, 0x08, 0x00, 0x10, 0x0c, 0x08, 0x00,
    0x10, 0x08, 0x08, 0x00, 0x10, 0x08, 0x08, 0x00, 0x10, 0x0c, 0x08, 0x00,
    0x10, 0x08, 0x08, 0x00, 0x10, 0x0c, 0x08, 0x00, 0x10, 0x08, 0x08, 0x00,
    0x10, 0x0c, 0x08, 0x00, 0x08, 0x0c, 0x00, 0x00, 0x10, 0x08, 0x08, 0x00,
    0x10, 0x0c, 0x08, 0x00, 0x10, 0x0c, 0x00, 0x00, 0x10, 0x08, 0x08, 0x00,
    0x10, 0x0c, 0x08, 0x00, 0x10, 0x08, 0x08, 0x00, 0x08, 0x08, 0x08, 0x00,
    0x10, 0x0c, 0x08, 0x00, 0x10, 0x08, 0x08, 0x00, 0x08, 0x0c, 0x08, 0x00,
    0x10, 0x0c, 0x08, 0x00, 0x10, 0x0c, 0x08, 0x00, 0x08, 0x0c, 0x08, 0x00,
    0x10, 0x08, 0x08, 0x00, 0x10, 0x0c, 0x00, 0x00, 0x10, 0x08, 0x08, 0x00,
    0x10, 0x0c, 0x08, 0x00, 0x10, 0x08, 0x08, 0x00, 0x10, 0x08, 0x08, 0x00,
    0x10, 0x0c, 0x08, 0x00, 0x10, 0x08, 0x08, 0x00, 0x10, 0x0c, 0x08, 0x00,
    0x10, 0x08, 0x08, 0x00, 0x10, 0x0c, 0x08, 0x00, 0x10, 0x0c, 0x08, 0x00,
    0x10, 0x08, 0x08, 0x00, 0x10, 0x0c, 0x08, 0x00, 0x10, 0x0c, 0x08, 0x00,
    0x10, 0x08, 0x08, 0x00, 0x10, 0x0c, 0x08, 0x00, 0x10, 0x0c, 0x08, 0x00,
    0x10, 0x08, 0x08, 0x00, 0x08, 0x0c, 0x08, 0x00, 0x10, 0x0c, 0x08, 0x00,
    0x10, 0x08, 0x08, 0x00, 0x10, 0x0c, 0x08, 0x00, 0x10, 0x08, 0x08, 0x00,
    0x10, 0x08, 0x08, 0x00, 0x10, 0x0c, 0x08, 0x00, 0x10, 0x0c, 0x08, 0x00,
    0x10, 0x08, 0x08, 0x00, 0x10, 0x08, 0x08, 0x00, 0x08, 0x0c, 0x00, 0x00,
    0x10, 0x0c, 0x08, 0x00, 0x10, 0x08, 0x08, 0x00, 0x10, 0x0c, 0x08, 0x00,
    0x10, 0x0c, 0x08, 0x00, 0x10, 0x08, 0x08, 0x00, 0x10, 0x0c, 0x08, 0x00,
    0x10, 0x08, 0x08, 0x00, 0x10, 0x0c, 0x08, 0x00, 0x10, 0x08, 0x08, 0x00,
    0x10, 0x08, 0x08, 0x00, 0x10, 0x0c, 0x08, 0x00, 0x10, 0x08, 0x08, 0x00,
    0x10, 0x08, 0x08, 0x00, 0x10, 0x08, 0x08, 0x00, 0x10, 0x0c, 0x08, 0x00,
    0x10, 0x08, 0x08, 0x00, 0x10, 0x0c, 0x08, 0x00, 0x10, 0x0c, 0x08, 0x00,
    0x10, 0x08, 0x08, 0x00, 0x10, 0x0c, 0x08, 0x00, 0x10, 0x08, 0x08, 0x00,
    0x10, 0x0c, 0x08, 0x00, 0x10, 0x08, 0x08, 0x00, 0x10, 0x0c, 0x08, 0x00,
    0x10, 0x0c, 0x08, 0x00, 0x10, 0x08, 0x08, 0x00, 0x10, 0x0c, 0x08, 0x00,
    0x10, 0x08, 0x08, 0x00, 0x10, 0x08, 0x08, 0x00, 0x10, 0x08, 0x08, 0x00,
    0x10, 0x0c, 0x08, 0x00, 0x10, 0x08, 0x08, 0x00, 0x10, 0x08, 0x08, 0x00,
    0x10, 0x0c, 0x08, 0x00, 0x10, 0x0c, 0x08, 0x00, 0x10, 0x08, 0x08, 0x00,
    0x10, 0x08, 0x08, 0x00, 0x10, 0x0c, 0x08, 0x00, 0x10, 0x08, 0x08, 0x00,
    0x10, 0x08, 0x08, 0x00, 0x10, 0x0c, 0x08, 0x00, 0x10, 0x08, 0x08, 0x00,
    0x10, 0x08, 0x08, 0x00, 0x10, 0x0c, 0x08, 0x00, 0x10, 0x0c, 0x08, 0x00,
    0x10, 0x08, 0x08, 0x00, 0x10, 0x08, 0x08, 0x00, 0x10, 0x0c, 0x08, 0x00,
    0x10, 0x08, 0x08, 0x00, 0x10, 0x0c, 0x08, 0x00, 0x10, 0x08, 0x08, 0x00,
    0x08, 0x0c, 0x00, 0x00, 0x10, 0x0c, 0x08, 0x00, 0x10, 0x08, 0x08, 0x00,
    0x10, 0x0c, 0x08, 0x00, 0x10, 0x0c, 0x08, 0x00, 0x10, 0x08, 0x08, 0x00,
    0x10, 0x0c, 0x00, 0x00, 0x10, 0x0c, 0x08, 0x00, 0x10, 0x08, 0x08, 0x00,
    0x10, 0x08, 0x08, 0x00, 0x10, 0x0c, 0x08, 0x00, 0x10, 0x0c, 0x08, 0x00,
    0x10, 0x08, 0x08, 0x00, 0x10, 0x0c, 0x08, 0x00, 0x10, 0x08, 0x08, 0x00,
    0x10, 0x0c, 0x08, 0x00, 0x10, 0x08, 0x08, 0x00, 0x10, 0x08, 0x08, 0x00,
    0x10, 0x0c, 0x08, 0x00, 0x10, 0x08, 0x08, 0x00, 0x10, 0x08, 0x08, 0x00,
    0x10, 0x0c, 0x08, 0x00, 0x10, 0x08, 0x08, 0x00, 0x10, 0x08, 0x08, 0x00,
    0x10, 0x0c, 0x08, 0x00, 0x10, 0x08, 0x08, 0x00, 0x10, 0x08, 0x08, 0x00,
    0x10, 0x0c, 0x08, 0x00, 0x10, 0x0c, 0x08, 0x00, 0x10, 0x08, 0x08, 0x00,
    0x10, 0x0c, 0x08, 0x00, 0x10, 0x08, 0x08, 0x00, 0x10, 0x0c, 0x08, 0x00,
    0x10, 0x08, 0x08, 0x00, 0x10, 0x0c, 0x08, 0x00, 0x10, 0x08, 0x08, 0x00,
    0x10, 0x0c, 0x08, 0x00, 0x10, 0x0c, 0x08, 0x00, 0x10, 0x08, 0x08, 0x00,
    0x10, 0x0c, 0x08, 0x00, 0x10, 0x0c, 0x08, 0x00, 0x10, 0x08, 0x08, 0x00,
    0x10, 0x08, 0x08, 0x00, 0x10, 0x0c, 0x08, 0x00, 0x10, 0x08, 0x08, 0x00,
    0x08, 0x0c, 0x08, 0x00, 0x10, 0x0c, 0x08, 0x00, 0x10, 0x08, 0x08, 0x00,
    0x08, 0x0c, 0x08, 0x00, 0x10, 0x08, 0x08, 0x00, 0x10, 0x08, 0x08, 0x00,
    0x10, 0x08, 0x08, 0x00, 0x10, 0x08, 0x08, 0x00, 0x10, 0x0c, 0x08, 0x00,
    0x10, 0x08, 0x08, 0x00, 0x10, 0x0c, 0x08, 0x00, 0x08, 0x08, 0x08, 0x00,
    0x10, 0x0c, 0x08, 0x00, 0x10, 0x0c, 0x08, 0x00, 0x10, 0x08, 0x00, 0x00,
    0x10, 0x0c, 0x08, 0x00, 0x10, 0x08, 0x08, 0x00, 0x10, 0x08, 0x00, 0x00,
    0x10, 0x0c, 0x08, 0x00, 0x10, 0x08, 0x08, 0x00, 0x10, 0x08, 0x08, 0x00,
    0x10, 0x0c, 0x08, 0x00, 0x10, 0x08, 0x08, 0x00, 0x10, 0x0c, 0x08, 0x00,
    0x10, 0x0c, 0x08, 0x00, 0x10, 0x08, 0x08, 0x00, 0x10, 0x0c, 0x00, 0x00,
    0x10, 0x08, 0x08, 0x00, 0x08, 0x0c, 0x08, 0x00, 0x10, 0x08, 0x08, 0x00,
    0x10, 0x08, 0x00, 0x00, 0x10, 0x0c, 0x08, 0x00, 0x10, 0x08, 0x08, 0x00,
    0x10, 0x08, 0x08, 0x00, 0x10, 0x0c, 0x08, 0x00, 0x10, 0x08, 0x08, 0x00,
    0x10, 0x0c, 0x00, 0x00, 0x08, 0x08, 0x08, 0x00, 0x10, 0x08, 0x08, 0x00,
    0x10, 0x0c, 0x00, 0x00, 0x10, 0x08, 0x08, 0x00, 0x10, 0x08, 0x08, 0x00,
    0x10, 0x0c, 0x08, 0x00, 0x08, 0x0c, 0x00, 0x00, 0x10, 0x08, 0x08, 0x00,
    0x10, 0x0c, 0x08, 0x00, 0x10, 0x08, 0x08, 0x00, 0x10, 0x0c, 0x08, 0x00,
    0x10, 0x0c, 0x00, 0x00, 0x10, 0x08, 0x08, 0x00, 0x10, 0x0c, 0x08, 0x00,
    0x10, 0x08, 0x08, 0x00, 0x10, 0x08, 0x08, 0x00, 0x10, 0x08, 0x08, 0x00,
    0x10, 0x0c, 0x00, 0x00, 0x10, 0x08, 0x08, 0x00, 0x10, 0x0c, 0x08, 0x00,
    0x10, 0x08, 0x00, 0x00, 0x10, 0x0c, 0x08, 0x00, 0x10, 0x0c, 0x08, 0x00,
    0x10, 0x08, 0x08, 0x00, 0x10, 0x0c, 0x08, 0x00, 0x10, 0x08, 0x08, 0x00,
    0x10, 0x0c, 0x08, 0x00, 0x10, 0x08, 0x08, 0x00, 0x10, 0x0c, 0x08, 0x00,
    0x10, 0x08, 0x08, 0x00, 0x10, 0x08, 0x08, 0x00, 0x10, 0x0c, 0x08, 0x00,
    0x10, 0x08, 0x00, 0x00, 0x10, 0x0c, 0x08, 0x00, 0x10, 0x08, 0x08, 0x00,
    0x10, 0x0c, 0x00, 0x00, 0x10, 0x08, 0x08, 0x00, 0x10, 0x08, 0x08, 0x00,
    0x10, 0x0c, 0x00, 0x00, 0x10, 0x08, 0x08, 0x00, 0x10, 0x0c, 0x08, 0x00,
    0x10, 0x08, 0x00, 0x00, 0x10, 0x0c, 0x08, 0x00, 0x10, 0x0c, 0x08, 0x00,
    0x10, 0x08, 0x08, 0x00, 0x10, 0x0c, 0x08, 0x00, 0x10, 0x0c, 0x08, 0x00,
    0x10, 0x08, 0x08, 0x00, 0x10, 0x0c, 0x08, 0x00, 0x10, 0x0c, 0x08, 0x00,
    0x10, 0x08, 0x08, 0x00, 0x10, 0x0c, 0x08, 0x00, 0x10, 0x0c, 0x08, 0x00,
    0x10, 0x08, 0x08, 0x00, 0x10, 0x0c, 0x08, 0x00, 0x10, 0x08, 0x08, 0x00,
    0x10, 0x0c, 0x08, 0x00, 0x10, 0x0c, 0x08, 0x00, 0x10, 0x08, 0x08, 0x00,
    0x10, 0x08, 0x08, 0x00, 0x10, 0x0c, 0x08, 0x00, 0x10, 0x08, 0x08, 0x00,
    0x10, 0x08, 0x08, 0x00, 0x10, 0x0c, 0x00, 0x00, 0x10, 0x08, 0x08, 0x00,
    0x10, 0x08, 0x08, 0x00, 0x10, 0x0c, 0x08, 0x00, 0x10, 0x08, 0x08, 0x00,
    0x10, 0x08, 0x08, 0x00, 0x10, 0x0c, 0x00, 0x00, 0x10, 0x08, 0x08, 0x00,
    0x10, 0x08, 0x08, 0x00, 0x10, 0x0c, 0x08, 0x00, 0x10, 0x0c, 0x08, 0x00,
    0x10, 0x08, 0x08, 0x00, 0x10, 0x08, 0x08, 0x00, 0x10, 0x0c, 0x08, 0x00,
    0x10, 0x08, 0x08, 0x00, 0x10, 0x08, 0x08, 0x00, 0x10, 0x0c, 0x08, 0x00,
    0x10, 0x0c, 0x08, 0x00, 0x10, 0x08, 0x08, 0x00, 0x10, 0x0c, 0x08, 0x00,
    0x10, 0x0c, 0x08, 0x00, 0x10, 0x08, 0x08, 0x00, 0x10, 0x08, 0x08, 0x00,
    0x10, 0x0c, 0x08, 0x00, 0x10, 0x0c, 0x08, 0x00, 0x10, 0x0c, 0x08, 0x00,
    0x10, 0x08, 0x08, 0x00, 0x10, 0x0c, 0x08, 0x00, 0x10, 0x0c, 0x08, 0x00,
    0x08, 0x08, 0x00, 0x00, 0x10, 0x08, 0x08, 0x00, 0x10, 0x0c, 0x08, 0x00,
    0x08, 0x08, 0x08, 0x00, 0x10, 0x08, 0x08, 0x00, 0x10, 0x0c, 0x08, 0x00,
    0x08, 0x0c, 0x08, 0x00, 0x10, 0x08, 0x08, 0x00, 0x10, 0x08, 0x08, 0x00,
    0x08, 0x0c, 0x00, 0x00, 0x10, 0x08, 0x08, 0x00, 0x10, 0x08, 0x08, 0x00,
    0x10, 0x0c, 0x08, 0x00, 0x10, 0x08, 0x08, 0x00, 0x10, 0x0c, 0x08, 0x00,
    0x10, 0x08, 0x08, 0x00, 0x10, 0x0c, 0x08, 0x00, 0x10, 0x08, 0x00, 0x00,
    0x10, 0x08, 0x08, 0x00, 0x10, 0x0c, 0x08, 0x00, 0x10, 0x08, 0x00, 0x00,
    0x10, 0x0c, 0x08, 0x00, 0x10, 0x0c, 0x08, 0x00, 0x10, 0x08, 0x00, 0x00,
    0x10, 0x0c, 0x08, 0x00, 0x10, 0x0c, 0x08, 0x00, 0x10, 0x08, 0x08, 0x00,
    0x10, 0x08, 0x08, 0x00, 0x10, 0x0c, 0x08, 0x00, 0x10, 0x08, 0x08, 0x00,
    0x10, 0x08, 0x08, 0x00, 0x10, 0x0c, 0x08, 0x00, 0x10, 0x08, 0x08, 0x00,
    0x08, 0x0c, 0x08, 0x00, 0x10, 0x0c, 0x08, 0x00, 0x10, 0x08, 0x08, 0x00,
    0x10, 0x0c, 0x08, 0x00, 0x10, 0x08, 0x08, 0x00, 0x08, 0x08, 0x00, 0x00,
    0x10, 0x0c, 0x08, 0x00, 0x10, 0x08, 0x08, 0x00, 0x10, 0x08, 0x08, 0x00,
    0x08, 0x0c, 0x08, 0x00, 0x10, 0x08, 0x08, 0x00, 0x10, 0x0c, 0x08, 0x00,
    0x08, 0x08, 0x08, 0x00, 0x10, 0x0c, 0x08, 0x00, 0x10, 0x0c, 0x08, 0x00,
    0x10, 0x08, 0x08, 0x00, 0x10, 0x0c, 0x08, 0x00, 0x08, 0x0c, 0x08, 0x00,
    0x10, 0x08, 0x00, 0x00, 0x10, 0x0c, 0x08, 0x00, 0x08, 0x08, 0x08, 0x00,
    0x10, 0x0c, 0x08, 0x00, 0x10, 0x08, 0x08, 0x00, 0x10, 0x0c, 0x08, 0x00,
    0x10, 0x0c, 0x08, 0x00, 0x10, 0x08, 0x08, 0x00, 0x08, 0x0c, 0x08, 0x00,
    0x10, 0x08, 0x08, 0x00, 0x10, 0x08, 0x08, 0x00, 0x10, 0x0c, 0x08, 0x00,
    0x10, 0x08, 0x08, 0x00, 0x10, 0x0c, 0x08, 0x00, 0x08, 0x08, 0x08, 0x00,
    0x10, 0x08, 0x08, 0x00, 0x10, 0x0c, 0x08, 0x00, 0x08, 0x08, 0x08, 0x00,
    0x10, 0x0c, 0x08, 0x00, 0x10, 0x0c, 0x08, 0x00, 0x10, 0x08, 0x08, 0x00,
    0x10, 0x0c, 0x08, 0x00, 0x10, 0x08, 0x08, 0x00, 0x10, 0x0c, 0x08, 0x00,
    0x10, 0x08, 0x08, 0x00, 0x10, 0x0c, 0x08, 0x00, 0x10, 0x08, 0x08, 0x00,
    0x10, 0x08, 0x08, 0x00, 0x10, 0x0c, 0x08, 0x00, 0x10, 0x0c, 0x08, 0x00,
    0x10, 0x08, 0x08, 0x00, 0x10, 0x0c, 0x08, 0x00, 0x10, 0x0c, 0x08, 0x00,
    0x10, 0x08, 0x08, 0x00, 0x10, 0x0c, 0x08, 0x00, 0x10, 0x0c, 0x08, 0x00,
    0x10, 0x08, 0x08, 0x00, 0x10, 0x08, 0x08, 0x00, 0x10, 0x0c, 0x08, 0x00,
    0x10, 0x0c, 0x08, 0x00, 0x10, 0x08, 0x08, 0x00, 0x10, 0x0c, 0x08, 0x00,
    0x10, 0x0c, 0x08, 0x00, 0x10, 0x08, 0x08, 0x00, 0x10, 0x08, 0x08, 0x00,
    0x10, 0x0c, 0x08, 0x00, 0x10, 0x08, 0x08, 0x00, 0x10, 0x0c, 0x08, 0x00,
    0x08, 0x0c, 0x08, 0x00, 0x10, 0x08, 0x00, 0x00, 0x10, 0x08, 0x08, 0x00,
    0x08, 0x0c, 0x08, 0x00, 0x10, 0x08, 0x00, 0x00, 0x10, 0x08, 0x08, 0x00,
    0x10, 0x0c, 0x08, 0x00, 0x10, 0x08, 0x08, 0x00, 0x10, 0x08, 0x08, 0x00,
    0x10, 0x0c, 0x08, 0x00, 0x10, 0x08, 0x08, 0x00, 0x10, 0x0c, 0x08, 0x00,
    0x10, 0x08, 0x08, 0x00, 0x10, 0x0c, 0x08, 0x00, 0x10, 0x0c, 0x08, 0x00,
    0x10, 0x08, 0x08, 0x00, 0x10, 0x0c, 0x08, 0x00, 0x10, 0x0c, 0x00, 0x00,
    0x10, 0x08, 0x08, 0x00, 0x10, 0x0c, 0x08, 0x00, 0x10, 0x0c, 0x08, 0x00,
    0x10, 0x08, 0x08, 0x00, 0x10, 0x0c, 0x08, 0x00, 0x10, 0x0c, 0x08, 0x00,
    0x10, 0x08, 0x08, 0x00, 0x10, 0x0c, 0x08, 0x00, 0x10, 0x08, 0x08, 0x00,
    0x10, 0x0c, 0x08, 0x00, 0x10, 0x08, 0x08, 0x00, 0x10, 0x08, 0x08, 0x00,
    0x10, 0x0c, 0x08, 0x00, 0x10, 0x08, 0x00, 0x00, 0x10, 0x0c, 0x08, 0x00,
    0x10, 0x0c, 0x08, 0x00, 0x10, 0x08, 0x00, 0x00, 0x08, 0x0c, 0x08, 0x00,
    0x10, 0x08, 0x08, 0x00, 0x10, 0x08, 0x08, 0x00, 0x08, 0x0c, 0x08, 0x00,
    0x10, 0x08, 0x08, 0x00, 0x10, 0x0c, 0x08, 0x00, 0x10, 0x0c, 0x08, 0x00,
    0x10, 0x08, 0x08, 0x00, 0x10, 0x08, 0x08, 0x00, 0x10, 0x0c, 0x08, 0x00,
    0x10, 0x08, 0x08, 0x00, 0x10, 0x08, 0x08, 0x00, 0x10, 0x0c, 0x08, 0x00,
    0x10, 0x0c, 0x08, 0x00, 0x10, 0x08, 0x08, 0x00, 0x10, 0x0c, 0x08, 0x00,
    0x10, 0x0c, 0x00, 0x00, 0x10, 0x08, 0x08, 0x00, 0x10, 0x0c, 0x08, 0x00,
    0x10, 0x0c, 0x00, 0x00, 0x10, 0x08, 0x08, 0x00, 0x10, 0x0c, 0x08, 0x00,
    0x10, 0x0c, 0x08, 0x00, 0x10, 0x08, 0x08, 0x00, 0x10, 0x0c, 0x08, 0x00,
    0x08, 0x08, 0x08, 0x00, 0x10, 0x0c, 0x00, 0x00, 0x10, 0x08, 0x08, 0x00,
    0x10, 0x08, 0x08, 0x00, 0x08, 0x0c, 0x08, 0x00, 0x10, 0x0c, 0x08, 0x00,
    0x10, 0x08, 0x08, 0x00, 0x08, 0x0c, 0x08, 0x00, 0x10, 0x08, 0x08, 0x00,
    0x10, 0x08, 0x08, 0x00, 0x10, 0x0c, 0x08, 0x00, 0x10, 0x08, 0x08, 0x00,
    0x10, 0x0c, 0x08, 0x00, 0x10, 0x08, 0x08, 0x00, 0x10, 0x0c, 0x08, 0x00,
    0x10, 0x0c, 0x08, 0x00, 0x08, 0x08, 0x00, 0x00, 0x10, 0x0c, 0x08, 0x00,
    0x10, 0x0c, 0x08, 0x00, 0x10, 0x08, 0x00, 0x00, 0x10, 0x08, 0x08, 0x00,
    0x10, 0x0c, 0x08, 0x00, 0x10, 0x08, 0x08, 0x00, 0x10, 0x08, 0x08, 0x00,
    0x10, 0x0c, 0x08, 0x00, 0x10, 0x0c, 0x08, 0x00, 0x10, 0x08, 0x08, 0x00,
    0x10, 0x0c, 0x08, 0x00, 0x10, 0x0c, 0x08, 0x00, 0x10, 0x08, 0x00, 0x00,
    0x10, 0x0c, 0x08, 0x00, 0x10, 0x08, 0x08, 0x00, 0x10, 0x0c, 0x00, 0x00,
    0x10, 0x08, 0x08, 0x00, 0x10, 0x08, 0x08, 0x00, 0x10, 0x0c, 0x00, 0x00,
    0x10, 0x08, 0x08, 0x00, 0x10, 0x08, 0x08, 0x00, 0x10, 0x0c, 0x08, 0x00,
    0x10, 0x08, 0x08, 0x00, 0x10, 0x0c, 0x08, 0x00, 0x10, 0x0c, 0x08, 0x00,
    0x10, 0x08, 0x08, 0x00, 0x10, 0x0c, 0x00, 0x00, 0x10, 0x08, 0x08, 0x00,
    0x10, 0x08, 0x08, 0x00, 0x10, 0x0c, 0x08, 0x00, 0x10, 0x0c, 0x08, 0x00,
    0x10, 0x08, 0x00, 0x00, 0x10, 0x0c, 0x08, 0x00, 0x10, 0x0c, 0x08, 0x00,
    0x10, 0x08, 0x08, 0x00, 0x10, 0x0c, 0x00, 0x00, 0x10, 0x08, 0x08, 0x00,
    0x10, 0x0c, 0x08, 0x00, 0x10, 0x0c, 0x00, 0x00, 0x10, 0x08, 0x08, 0x00,
    0x10, 0x08, 0x08, 0x00, 0x10, 0x0c, 0x00, 0x00, 0x10, 0x08, 0x08, 0x00,
    0x08, 0x0c, 0x08, 0x00, 0x10, 0x0c, 0x08, 0x00, 0x10, 0x08, 0x08, 0x00,
    0x08, 0x0c, 0x08, 0x00, 0x10, 0x08, 0x08, 0x00, 0x10, 0x0c, 0x08, 0x00,
    0x08, 0x0c, 0x08, 0x00, 0x10, 0x08, 0x00, 0x00, 0x10, 0x0c, 0x08, 0x00,
    0x08, 0x08, 0x08, 0x00, 0x10, 0x08, 0x00, 0x00, 0x10, 0x0c, 0x08, 0x00,
    0x10, 0x08, 0x08, 0x00, 0x08, 0x08, 0x08, 0x00, 0x10, 0x0c, 0x00, 0x00,
    0x10, 0x0c, 0x08, 0x00, 0x10, 0x08, 0x08, 0x00, 0x10, 0x0c, 0x08, 0x00,
    0x10, 0x08, 0x08, 0x00, 0x10, 0x08, 0x08, 0x00, 0x10, 0x0c, 0x08, 0x00,
    0x08, 0x08, 0x08, 0x00, 0x10, 0x0c, 0x08, 0x00, 0x10, 0x08, 0x08, 0x00,
    0x08, 0x0c, 0x08, 0x00, 0x10, 0x0c, 0x08, 0x00, 0x10, 0x08, 0x08, 0x00,
    0x10, 0x08, 0x08, 0x00, 0x10, 0x0c, 0x08, 0x00, 0x10, 0x08, 0x08, 0x00,
    0x10, 0x0c, 0x08, 0x00, 0x10, 0x08, 0x08, 0x00, 0x10, 0x0c, 0x08, 0x00,
    0x10, 0x08, 0x08, 0x00, 0x08, 0x0c, 0x08, 0x00, 0x10, 0x0c, 0x00, 0x00,
    0x10, 0x08, 0x08, 0x00, 0x10, 0x08, 0x08, 0x00, 0x10, 0x0c, 0x08, 0x00,
    0x10, 0x08, 0x08, 0x00, 0x10, 0x08, 0x08, 0x00, 0x10, 0x08, 0x08, 0x00,
    0x10, 0x0c, 0x00, 0x00, 0x10, 0x08, 0x08, 0x00, 0x10, 0x08, 0x08, 0x00,
    0x10, 0x0c, 0x08, 0x00, 0x10, 0x08, 0x08, 0x00, 0x08, 0x0c, 0x08, 0x00,
    0x10, 0x08, 0x08, 0x00, 0x10, 0x08, 0x08, 0x00, 0x08, 0x0c, 0x00, 0x00,
    0x10, 0x08, 0x08, 0x00, 0x10, 0x0c, 0x08, 0x00, 0x08, 0x08, 0x08, 0x00,
    0x10, 0x0c, 0x08, 0x00, 0x10, 0x0c, 0x00, 0x00, 0x08, 0x08, 0x08, 0x00,
    0x10, 0x0c, 0x08, 0x00, 0x10, 0x08, 0x08, 0x00, 0x08, 0x0c, 0x08, 0x00,
    0x10, 0x08, 0x08, 0x00, 0x10, 0x08, 0x08, 0x00, 0x10, 0x0c, 0x08, 0x00,
    0x10, 0x0c, 0x08, 0x00, 0x10, 0x08, 0x08, 0x00, 0x10, 0x0c, 0x00, 0x00,
    0x10, 0x08, 0x08, 0x00, 0x10, 0x08, 0x08, 0x00, 0x08, 0x0c, 0x00, 0x00,
    0x10, 0x08, 0x08, 0x00, 0x10, 0x0c, 0x08, 0x00, 0x08, 0x0c, 0x08, 0x00,
    0x10, 0x08, 0x08, 0x00, 0x10, 0x0c, 0x00, 0x00, 0x08, 0x08, 0x08, 0x00,
    0x10, 0x08, 0x08, 0x00, 0x10, 0x0c, 0x00, 0x00, 0x10, 0x08, 0x08, 0x00,
    0x10, 0x08, 0x08, 0x00, 0x10, 0x0c, 0x08, 0x00, 0x10, 0x08, 0x08, 0x00,
    0x10, 0x08, 0x08, 0x00, 0x10, 0x0c, 0x08, 0x00, 0x10, 0x08, 0x08, 0x00,
    0x10, 0x08, 0x08, 0x00, 0x10, 0x0c, 0x00, 0x00, 0x10, 0x08, 0x08, 0x00,
    0x10, 0x0c, 0x08, 0x00, 0x10, 0x0c, 0x08, 0x00, 0x10, 0x08, 0x08, 0x00,
    0x10, 0x0c, 0x08, 0x00, 0x10, 0x08, 0x00, 0x00, 0x10, 0x0c, 0x08, 0x00,
    0x10, 0x08, 0x08, 0x00, 0x10, 0x0c, 0x08, 0x00, 0x10, 0x0c, 0x08, 0x00,
    0x10, 0x08, 0x00, 0x00, 0x10, 0x0c, 0x08, 0x00, 0x08, 0x08, 0x08, 0x00,
    0x10, 0x0c, 0x08, 0x00, 0x10, 0x08, 0x08, 0x00, 0x10, 0x08, 0x08, 0x00,
    0x10, 0x08, 0x08, 0x00, 0x10, 0x08, 0x08, 0x00, 0x10, 0x0c, 0x08, 0x00,
    0x10, 0x08, 0x08, 0x00, 0x10, 0x0c, 0x08, 0x00, 0x08, 0x0c, 0x08, 0x00,
    0x10, 0x08, 0x08, 0x00, 0x10, 0x0c, 0x00, 0x00, 0x10, 0x0c, 0x08, 0x00,
    0x10, 0x08, 0x08, 0x00, 0x08, 0x0c, 0x00, 0x00, 0x10, 0x08, 0x08, 0x00,
    0x10, 0x0c, 0x08, 0x00, 0x10, 0x08, 0x08, 0x00, 0x08, 0x0c, 0x08, 0x00,
    0x10, 0x0c, 0x08, 0x00, 0x10, 0x08, 0x08, 0x00, 0x10, 0x0c, 0x08, 0x00,
    0x10, 0x0c, 0x08, 0x00, 0x10, 0x08, 0x08, 0x00, 0x10, 0x0c, 0x08, 0x00,
    0x10, 0x0c, 0x08, 0x00, 0x08, 0x08, 0x08, 0x00, 0x10, 0x0c, 0x08, 0x00,
    0x10, 0x08, 0x00, 0x00, 0x10, 0x08, 0x08, 0x00, 0x10, 0x0c, 0x08, 0x00,
    0x08, 0x08, 0x08, 0x00, 0x10, 0x08, 0x08, 0x00, 0x10, 0x0c, 0x08, 0x00,
    0x08, 0x0c, 0x08, 0x00, 0x10, 0x08, 0x08, 0x00, 0x10, 0x08, 0x08, 0x00,
    0x10, 0x0c, 0x08, 0x00, 0x10, 0x08, 0x08, 0x00, 0x10, 0x0c, 0x08, 0x00,
    0x08, 0x08, 0x08, 0x00, 0x10, 0x08, 0x08, 0x00, 0x10, 0x0c, 0x08, 0x00,
    0x10, 0x08, 0x08, 0x00, 0x10, 0x08, 0x08, 0x00, 0x10, 0x0c, 0x08, 0x00,
    0x10, 0x08, 0x08, 0x00, 0x10, 0x0c, 0x08, 0x00, 0x10, 0x08, 0x08, 0x00,
    0x10, 0x08, 0x08, 0x00, 0x10, 0x0c, 0x00, 0x00, 0x10, 0x08, 0x08, 0x00,
    0x10, 0x08, 0x08, 0x00, 0x10, 0x0c, 0x00, 0x00, 0x10, 0x08, 0x08, 0x00,
    0x10, 0x08, 0x08, 0x00, 0x10, 0x0c, 0x08, 0x00, 0x10, 0x08, 0x08, 0x00,
    0x10, 0x0c, 0x08, 0x00, 0x10, 0x08, 0x08, 0x00, 0x10, 0x0c, 0x08, 0x00,
    0x10, 0x0c, 0x08, 0x00, 0x10, 0x08, 0x08, 0x00, 0x10, 0x0c, 0x08, 0x00,
    0x10, 0x08, 0x08, 0x00, 0x10, 0x08, 0x08, 0x00, 0x08, 0x0c, 0x08, 0x00,
    0x10, 0x0c, 0x00, 0x00, 0x10, 0x08, 0x08, 0x00, 0x08, 0x0c, 0x08, 0x00,
    0x10, 0x08, 0x00, 0x00, 0x10, 0x08, 0x08, 0x00, 0x10, 0x0c, 0x08, 0x00,
    0x10, 0x08, 0x00, 0x00, 0x10, 0x0c, 0x08, 0x00, 0x10, 0x08, 0x08, 0x00,
    0x10, 0x08, 0x00, 0x00, 0x10, 0x0c, 0x08, 0x00, 0x10, 0x08, 0x08, 0x00,
    0x10, 0x0c, 0x08, 0x00, 0x10, 0x08, 0x08, 0x00, 0x10, 0x0c, 0x08, 0x00,
    0x10, 0x0c, 0x08, 0x00, 0x10, 0x08, 0x08, 0x00, 0x10, 0x08, 0x08, 0x00,
    0x10, 0x0c, 0x08, 0x00, 0x10, 0x0c, 0x08, 0x00, 0x08, 0x08, 0x08, 0x00,
    0x10, 0x0c, 0x00, 0x00, 0x10, 0x0c, 0x08, 0x00, 0x08, 0x0c, 0x08, 0x00,
    0x10, 0x08, 0x08, 0x00, 0x10, 0x0c, 0x08, 0x00, 0x08, 0x0c, 0x08, 0x00,
    0x10, 0x08, 0x08, 0x00, 0x10, 0x08, 0x08, 0x00, 0x10, 0x0c, 0x08, 0x00,
    0x10, 0x08, 0x00, 0x00, 0x10, 0x0c, 0x08, 0x00, 0x10, 0x0c, 0x08, 0x00,
    0x10, 0x08, 0x08, 0x00, 0x10, 0x08, 0x08, 0x00, 0x10, 0x0c, 0x00, 0x00,
    0x10, 0x08, 0x08, 0x00, 0x10, 0x08, 0x08, 0x00, 0x10, 0x0c, 0x08, 0x00,
    0x10, 0x0c, 0x08, 0x00, 0x10, 0x08, 0x08, 0x00, 0x10, 0x0c, 0x00, 0x00,
    0x10, 0x0c, 0x08, 0x00, 0x10, 0x08, 0x08, 0x00, 0x10, 0x08, 0x08, 0x00,
    0x08, 0x0c, 0x08, 0x00, 0x10, 0x08, 0x08, 0x00, 0x10, 0x0c, 0x08, 0x00,
    0x10, 0x0c, 0x08, 0x00, 0x10, 0x08, 0x08, 0x00, 0x10, 0x0c, 0x08, 0x00,
    0x10, 0x08, 0x08, 0x00, 0x10, 0x08, 0x08, 0x00, 0x10, 0x0c, 0x08, 0x00,
    0x10, 0x08, 0x08, 0x00, 0x10, 0x0c, 0x08, 0x00, 0x10, 0x0c, 0x08, 0x00,
    0x10, 0x08, 0x08, 0x00, 0x10, 0x0c, 0x08, 0x00, 0x08, 0x0c, 0x08, 0x00,
    0x10, 0x08, 0x08, 0x00, 0x10, 0x0c, 0x08, 0x00, 0x08, 0x0c, 0x08, 0x00,
    0x10, 0x08, 0x08, 0x00, 0x10, 0x0c, 0x08, 0x00, 0x08, 0x08, 0x08, 0x00,
    0x10, 0x0c, 0x08, 0x00, 0x10, 0x08, 0x08, 0x00, 0x08, 0x08, 0x08, 0x00,
    0x10, 0x0c, 0x08, 0x00, 0x10, 0x08, 0x08, 0x00, 0x10, 0x08, 0x08, 0x00,
    0x10, 0x0c, 0x08, 0x00, 0x08, 0x0c, 0x08, 0x00, 0x10, 0x08, 0x08, 0x00,
    0x10, 0x08, 0x08, 0x00, 0x10, 0x0c, 0x00, 0x00, 0x10, 0x08, 0x08, 0x00,
    0x10, 0x08, 0x08, 0x00, 0x10, 0x0c, 0x08, 0x00, 0x10, 0x0c, 0x08, 0x00,
    0x10, 0x08, 0x08, 0x00, 0x10, 0x0c, 0x00, 0x00, 0x08, 0x0c, 0x08, 0x00,
    0x10, 0x08, 0x08, 0x00, 0x10, 0x08, 0x08, 0x00, 0x10, 0x0c, 0x08, 0x00,
    0x10, 0x08, 0x08, 0x00, 0x10, 0x08, 0x08, 0x00, 0x10, 0x0c, 0x08, 0x00,
    0x10, 0x08, 0x08, 0x00, 0x10, 0x08, 0x08, 0x00, 0x08, 0x0c, 0x08, 0x00,
    0x10, 0x08, 0x08, 0x00, 0x10, 0x0c, 0x08, 0x00, 0x10, 0x08, 0x08, 0x00,
    0x10, 0x08, 0x08, 0x00, 0x10, 0x0c, 0x08, 0x00, 0x10, 0x08, 0x00, 0x00,
    0x10, 0x08, 0x08, 0x00, 0x10, 0x0c, 0x08, 0x00, 0x08, 0x08, 0x08, 0x00,
    0x10, 0x08, 0x08, 0x00, 0x10, 0x0c, 0x08, 0x00, 0x08, 0x08, 0x08, 0x00,
    0x10, 0x08, 0x08, 0x00, 0x10, 0x0c, 0x08, 0x00, 0x10, 0x0c, 0x08, 0x00,
    0x10, 0x08, 0x08, 0x00, 0x10, 0x0c, 0x08, 0x00, 0x08, 0x0c, 0x08, 0x00,
    0x10, 0x08, 0x08, 0x00, 0x10, 0x0c, 0x00, 0x00, 0x10, 0x08, 0x08, 0x00,
    0x10, 0x0c, 0x08, 0x00, 0x10, 0x0c, 0x08, 0x00, 0x10, 0x08, 0x00, 0x00,
    0x08, 0x0c, 0x08, 0x00, 0x10, 0x08, 0x08, 0x00, 0x10, 0x0c, 0x08, 0x00,
    0x10, 0x08, 0x00, 0x00, 0x10, 0x0c, 0x08, 0x00, 0x10, 0x0c, 0x08, 0x00,
    0x08, 0x08, 0x08, 0x00, 0x10, 0x0c, 0x08, 0x00, 0x10, 0x0c, 0x08, 0x00,
    0x08, 0x08, 0x08, 0x00, 0x10, 0x0c, 0x08, 0x00, 0x10, 0x0c, 0x08, 0x00,
    0x08, 0x08, 0x08, 0x00, 0x10, 0x0c, 0x08, 0x00, 0x10, 0x0c, 0x08, 0x00,
    0x10, 0x08, 0x08, 0x00, 0x10, 0x0c, 0x08, 0x00, 0x10, 0x0c, 0x08, 0x00,
    0x10, 0x08, 0x08, 0x00, 0x10, 0x0c, 0x00, 0x00, 0x10, 0x08, 0x08, 0x00,
    0x10, 0x0c, 0x08, 0x00, 0x10, 0x08, 0x08, 0x00, 0x10, 0x0c, 0x08, 0x00,
    0x10, 0x08, 0x08, 0x00, 0x08, 0x08, 0x08, 0x00, 0x10, 0x0c, 0x00, 0x00,
    0x10, 0x0c, 0x08, 0x00, 0x10, 0x08, 0x08, 0x00, 0x10, 0x08, 0x08, 0x00,
    0x10, 0x0c, 0x08, 0x00, 0x10, 0x08, 0x08, 0x00, 0x10, 0x0c, 0x08, 0x00,
    0x10, 0x0c, 0x08, 0x00, 0x10, 0x08, 0x08, 0x00, 0x10, 0x0c, 0x08, 0x00,
    0x10, 0x0c, 0x08, 0x00, 0x10, 0x08, 0x08, 0x00, 0x10, 0x08, 0x08, 0x00,
    0x08, 0x0c, 0x08, 0x00, 0x10, 0x0c, 0x08, 0x00, 0x10, 0x08, 0x08, 0x00,
    0x08, 0x0c, 0x00, 0x00, 0x10, 0x08, 0x08, 0x00, 0x10, 0x08, 0x08, 0x00,
    0x08, 0x0c, 0x00, 0x00, 0x10, 0x08, 0x08, 0x00, 0x10, 0x0c, 0x08, 0x00,
    0x10, 0x08, 0x00, 0x00, 0x10, 0x08, 0x08, 0x00, 0x10, 0x0c, 0x08, 0x00,
    0x10, 0x08, 0x08, 0x00, 0x10, 0x08, 0x08, 0x00, 0x10, 0x0c, 0x08, 0x00,
    0x10, 0x08, 0x08, 0x00, 0x10, 0x0c, 0x00, 0x00, 0x10, 0x08, 0x08, 0x00,
    0x10, 0x0c, 0x08, 0x00, 0x10, 0x0c, 0x08, 0x00, 0x08, 0x08, 0x08, 0x00,
    0x10, 0x0c, 0x08, 0x00, 0x10, 0x08, 0x08, 0x00, 0x10, 0x0c, 0x08, 0x00,
    0x10, 0x0c, 0x08, 0x00, 0x10, 0x08, 0x08, 0x00, 0x08, 0x0c, 0x08, 0x00,
    0x10, 0x0c, 0x08, 0x00, 0x10, 0x08, 0x08, 0x00, 0x10, 0x08, 0x08, 0x00,
    0x10, 0x0c, 0x08, 0x00, 0x10, 0x08, 0x08, 0x00, 0x10, 0x08, 0x08, 0x00,
    0x10, 0x0c, 0x08, 0x00, 0x10, 0x08, 0x08, 0x00, 0x10, 0x0c, 0x08, 0x00,
    0x10, 0x0c, 0x00, 0x00, 0x10, 0x08, 0x08, 0x00, 0x10, 0x08, 0x08, 0x00,
    0x10, 0x0c, 0x00, 0x00, 0x08, 0x08, 0x08, 0x00, 0x10, 0x0c, 0x08, 0x00,
    0x10, 0x0c, 0x08, 0x00, 0x10, 0x08, 0x08, 0x00, 0x10, 0x0c, 0x00, 0x00,
    0x10, 0x08, 0x08, 0x00, 0x10, 0x08, 0x08, 0x00, 0x10, 0x0c, 0x00, 0x00,
    0x10, 0x08, 0x08, 0x00, 0x10, 0x08, 0x08, 0x00, 0x10, 0x0c, 0x08, 0x00,
    0x10, 0x08, 0x08, 0x00, 0x10, 0x08, 0x08, 0x00, 0x10, 0x0c, 0x08, 0x00,
    0x10, 0x08, 0x00, 0x00, 0x10, 0x0c, 0x08, 0x00, 0x10, 0x08, 0x08, 0x00,
    0x10, 0x0c, 0x00, 0x00, 0x10, 0x0c, 0x08, 0x00, 0x10, 0x0c, 0x08, 0x00,
    0x10, 0x08, 0x08, 0x00, 0x10, 0x0c, 0x08, 0x00, 0x08, 0x0c, 0x00, 0x00,
    0x10, 0x08, 0x08, 0x00, 0x10, 0x08, 0x08, 0x00, 0x10, 0x0c, 0x00, 0x00,
    0x10, 0x0c, 0x08, 0x00, 0x10, 0x08, 0x08, 0x00, 0x08, 0x0c, 0x08, 0x00,
    0x10, 0x0c, 0x08, 0x00, 0x10, 0x08, 0x08, 0x00, 0x08, 0x0c, 0x08, 0x00,
    0x10, 0x08, 0x08, 0x00, 0x10, 0x08, 0x08, 0x00, 0x10, 0x0c, 0x08, 0x00,
    0x10, 0x08, 0x08, 0x00, 0x10, 0x0c, 0x08, 0x00, 0x10, 0x0c, 0x08, 0x00,
    0x10, 0x0c, 0x08, 0x00, 0x08, 0x08, 0x00, 0x00, 0x10, 0x0c, 0x08, 0x00,
    0x10, 0x0c, 0x08, 0x00, 0x10, 0x08, 0x00, 0x00, 0x10, 0x0c, 0x08, 0x00,
    0x10, 0x08, 0x08, 0x00, 0x10, 0x08, 0x08, 0x00, 0x10, 0x0c, 0x08, 0x00,
    0x10, 0x0c, 0x08, 0x00, 0x08, 0x08, 0x08, 0x00, 0x10, 0x0c, 0x08, 0x00,
    0x10, 0x0c, 0x08, 0x00, 0x10, 0x08, 0x08, 0x00, 0x10, 0x0c, 0x08, 0x00,
    0x10, 0x08, 0x00, 0x00, 0x10, 0x0c, 0x08, 0x00, 0x10, 0x0c, 0x08, 0x00,
    0x10, 0x08, 0x00, 0x00, 0x10, 0x08, 0x08, 0x00, 0x10, 0x0c, 0x08, 0x00,
    0x10, 0x08, 0x00, 0x00, 0x10, 0x08, 0x08, 0x00, 0x10, 0x0c, 0x08, 0x00,
    0x10, 0x08, 0x08, 0x00, 0x10, 0x0c, 0x08, 0x00, 0x10, 0x0c, 0x08, 0x00,
    0x10, 0x08, 0x08, 0x00, 0x10, 0x08, 0x08, 0x00, 0x10, 0x0c, 0x08, 0x00,
    0x10, 0x08, 0x08, 0x00, 0x10, 0x0c, 0x08, 0x00, 0x10, 0x0c, 0x08, 0x00,
    0x10, 0x08, 0x08, 0x00, 0x08, 0x08, 0x08, 0x00, 0x10, 0x0c, 0x08, 0x00,
    0x10, 0x08, 0x00, 0x00, 0x10, 0x08, 0x08, 0x00, 0x10, 0x0c, 0x08, 0x00,
    0x10, 0x08, 0x00, 0x00, 0x10, 0x08, 0x08, 0x00, 0x10, 0x0c, 0x08, 0x00,
    0x10, 0x08, 0x00, 0x00, 0x10, 0x0c, 0x08, 0x00, 0x10, 0x08, 0x08, 0x00,
    0x08, 0x08, 0x08, 0x00, 0x10, 0x0c, 0x08, 0x00, 0x10, 0x08, 0x08, 0x00,
    0x08, 0x08, 0x08, 0x00, 0x10, 0x0c, 0x08, 0x00, 0x10, 0x0c, 0x08, 0x00,
    0x08, 0x08, 0x08, 0x00, 0x10, 0x08, 0x08, 0x00, 0x10, 0x0c, 0x00, 0x00,
    0x08, 0x0c, 0x08, 0x00, 0x10, 0x08, 0x08, 0x00, 0x10, 0x08, 0x08, 0x00,
    0x10, 0x0c, 0x08, 0x00, 0x10, 0x08, 0x08, 0x00, 0x08, 0x0c, 0x08, 0x00,
    0x10, 0x0c, 0x00, 0x00, 0x10, 0x08, 0x08, 0x00, 0x10, 0x08, 0x08, 0x00,
    0x10, 0x0c, 0x08, 0x00, 0x10, 0x08, 0x08, 0x00, 0x10, 0x08, 0x08, 0x00,
    0x08, 0x0c, 0x08, 0x00, 0x10, 0x0c, 0x08, 0x00, 0x10, 0x08, 0x08, 0x00,
    0x10, 0x0c, 0x00, 0x00, 0x10, 0x0c, 0x08, 0x00, 0x10, 0x08, 0x08, 0x00,
    0x10, 0x0c, 0x08, 0x00, 0x10, 0x0c, 0x08, 0x00, 0x10, 0x08, 0x08, 0x00,
    0x10, 0x0c, 0x08, 0x00, 0x10, 0x08, 0x08, 0x00, 0x10, 0x0c, 0x08, 0x00,
    0x08, 0x0c, 0x08, 0x00, 0x10, 0x08, 0x08, 0x00, 0x10, 0x0c, 0x08, 0x00,
    0x10, 0x0c, 0x08, 0x00, 0x10, 0x08, 0x08, 0x00, 0x10, 0x0c, 0x08, 0x00,
    0x10, 0x08, 0x08, 0x00, 0x10, 0x08, 0x08, 0x00, 0x10, 0x0c, 0x08, 0x00,
    0x10, 0x08, 0x08, 0x00, 0x10, 0x08, 0x08, 0x00, 0x10, 0x0c, 0x00, 0x00,
    0x10, 0x0c, 0x08, 0x00, 0x10, 0x08, 0x08, 0x00, 0x10, 0x08, 0x08, 0x00,
    0x08, 0x08, 0x08, 0x00, 0x10, 0x0c, 0x00, 0x00, 0x10, 0x08, 0x08, 0x00,
    0x10, 0x08, 0x08, 0x00, 0x10, 0x0c, 0x08, 0x00, 0x10, 0x0c, 0x08, 0x00,
    0x08, 0x08, 0x00, 0x00, 0x10, 0x0c, 0x08, 0x00, 0x10, 0x08, 0x08, 0x00,
    0x08, 0x0c, 0x00, 0x00, 0x10, 0x08, 0x08, 0x00, 0x10, 0x08, 0x08, 0x00,
    0x08, 0x0c, 0x08, 0x00, 0x10, 0x0c, 0x08, 0x00, 0x10, 0x08, 0x08, 0x00,
    0x10, 0x0c, 0x08, 0x00, 0x10, 0x08, 0x08, 0x00, 0x10, 0x08, 0x08, 0x00,
    0x10, 0x0c, 0x08, 0x00, 0x10, 0x08, 0x00, 0x00, 0x08, 0x0c, 0x08, 0x00,
    0x10, 0x0c, 0x08, 0x00, 0x10, 0x08, 0x08, 0x00, 0x08, 0x0c, 0x08, 0x00,
    0x10, 0x0c, 0x08, 0x00, 0x10, 0x08, 0x08, 0x00, 0x08, 0x0c, 0x08, 0x00,
    0x10, 0x0c, 0x00, 0x00, 0x10, 0x08, 0x08, 0x00, 0x10, 0x0c, 0x08, 0x00,
    0x10, 0x08, 0x08, 0x00, 0x10, 0x08, 0x08, 0x00, 0x08, 0x0c, 0x08, 0x00,
    0x10, 0x08, 0x08, 0x00, 0x10, 0x08, 0x08, 0x00, 0x10, 0x0c, 0x08, 0x00,
    0x10, 0x08, 0x00, 0x00, 0x10, 0x08, 0x08, 0x00, 0x10, 0x0c, 0x08, 0x00,
    0x10, 0x0c, 0x08, 0x00, 0x10, 0x08, 0x08, 0x00, 0x10, 0x08, 0x08, 0x00,
    0x10, 0x0c, 0x08, 0x00, 0x10, 0x08, 0x08, 0x00, 0x10, 0x08, 0x08, 0x00,
    0x10, 0x0c, 0x08, 0x00, 0x10, 0x08, 0x08, 0x00, 0x10, 0x0c, 0x00, 0x00,
    0x10, 0x08, 0x08, 0x00, 0x10, 0x0c, 0x08, 0x00, 0x10, 0x0c, 0x00, 0x00,
    0x10, 0x08, 0x08, 0x00, 0x10, 0x08, 0x08, 0x00, 0x10, 0x0c, 0x08, 0x00,
    0x10, 0x08, 0x08, 0x00, 0x10, 0x08, 0x08, 0x00, 0x10, 0x0c, 0x08, 0x00,
    0x10, 0x08, 0x08, 0x00, 0x10, 0x08, 0x08, 0x00, 0x08, 0x0c, 0x08, 0x00,
    0x10, 0x0c, 0x08, 0x00, 0x10, 0x08, 0x08, 0x00, 0x10, 0x0c, 0x00, 0x00,
    0x10, 0x08, 0x08, 0x00, 0x10, 0x0c, 0x08, 0x00, 0x10, 0x08, 0x00, 0x00,
    0x10, 0x08, 0x08, 0x00, 0x08, 0x0c, 0x08, 0x00, 0x10, 0x08, 0x08, 0x00,
    0x10, 0x0c, 0x08, 0x00, 0x10, 0x08, 0x08, 0x00, 0x10, 0x08, 0x08, 0x00,
    0x10, 0x0c, 0x08, 0x00, 0x10, 0x0c, 0x08, 0x00, 0x08, 0x08, 0x08, 0x00,
    0x10, 0x0c, 0x08, 0x00, 0x10, 0x0c, 0x08, 0x00, 0x08, 0x08, 0x08, 0x00,
    0x10, 0x0c, 0x08, 0x00, 0x10, 0x08, 0x00, 0x00, 0x10, 0x08, 0x08, 0x00,
    0x10, 0x0c, 0x08, 0x00, 0x08, 0x08, 0x08, 0x00, 0x10, 0x0c, 0x00, 0x00,
    0x10, 0x08, 0x08, 0x00, 0x10, 0x08, 0x08, 0x00, 0x10, 0x0c, 0x00, 0x00,
    0x10, 0x08, 0x08, 0x00, 0x10, 0x08, 0x08, 0x00, 0x10, 0x0c, 0x08, 0x00,
    0x10, 0x0c, 0x08, 0x00, 0x10, 0x08, 0x08, 0x00, 0x10, 0x0c, 0x08, 0x00,
    0x10, 0x0c, 0x08, 0x00, 0x10, 0x08, 0x08, 0x00, 0x10, 0x0c, 0x08, 0x00,
    0x08, 0x08, 0x08, 0x00, 0x10, 0x0c, 0x08, 0x00, 0x10, 0x08, 0x08, 0x00,
    0x10, 0x0c, 0x08, 0x00, 0x10, 0x0c, 0x00, 0x00, 0x10, 0x08, 0x08, 0x00,
    0x10, 0x0c, 0x08, 0x00, 0x10, 0x08, 0x00, 0x00, 0x10, 0x0c, 0x08, 0x00,
    0x10, 0x08, 0x08, 0x00, 0x10, 0x0c, 0x08, 0x00, 0x10, 0x08, 0x08, 0x00,
    0x10, 0x0c, 0x08, 0x00, 0x10, 0x08, 0x08, 0x00, 0x10, 0x0c, 0x08, 0x00,
    0x10, 0x0c, 0x00, 0x00, 0x10, 0x08, 0x08, 0x00, 0x10, 0x08, 0x08, 0x00,
    0x10, 0x0c, 0x08, 0x00, 0x10, 0x0c, 0x08, 0x00, 0x10, 0x08, 0x08, 0x00,
    0x08, 0x0c, 0x08, 0x00, 0x10, 0x0c, 0x00, 0x00, 0x10, 0x08, 0x08, 0x00,
    0x10, 0x08, 0x08, 0x00, 0x10, 0x0c, 0x00, 0x00, 0x10, 0x08, 0x08, 0x00,
    0x10, 0x08, 0x08, 0x00, 0x08, 0x0c, 0x08, 0x00, 0x10, 0x08, 0x08, 0x00,
    0x10, 0x08, 0x08, 0x00, 0x10, 0x0c, 0x08, 0x00, 0x10, 0x08, 0x08, 0x00,
    0x08, 0x0c, 0x08, 0x00, 0x10, 0x0c, 0x08, 0x00, 0x10, 0x08, 0x08, 0x00,
    0x10, 0x08, 0x00, 0x00, 0x10, 0x0c, 0x08, 0x00, 0x10, 0x08, 0x08, 0x00,
    0x08, 0x0c, 0x08, 0x00, 0x10, 0x08, 0x00, 0x00, 0x10, 0x0c, 0x08, 0x00,
    0x08, 0x0c, 0x08, 0x00, 0x10, 0x08, 0x00, 0x00, 0x10, 0x0c, 0x08, 0x00,
    0x08, 0x0c, 0x08, 0x00, 0x10, 0x08, 0x08, 0x00, 0x10, 0x08, 0x08, 0x00,
    0x08, 0x0c, 0x08, 0x00, 0x10, 0x08, 0x08, 0x00, 0x10, 0x0c, 0x00, 0x00,
    0x10, 0x0c, 0x08, 0x00, 0x10, 0x08, 0x08, 0x00, 0x10, 0x0c, 0x08, 0x00,
    0x10, 0x0c, 0x08, 0x00, 0x10, 0x08, 0x08, 0x00, 0x10, 0x08, 0x08, 0x00,
    0x10, 0x0c, 0x08, 0x00, 0x10, 0x0c, 0x08, 0x00, 0x10, 0x08, 0x08, 0x00,
    0x10, 0x0c, 0x08, 0x00, 0x10, 0x0c, 0x08, 0x00, 0x10, 0x08, 0x08, 0x00,
    0x10, 0x0c, 0x08, 0x00, 0x10, 0x08, 0x08, 0x00, 0x10, 0x08, 0x08, 0x00,
    0x10, 0x0c, 0x08, 0x00, 0x08, 0x0c, 0x08, 0x00, 0x10, 0x08, 0x08, 0x00,
    0x10, 0x0c, 0x08, 0x00, 0x10, 0x08, 0x08, 0x00, 0x10, 0x08, 0x08, 0x00,
    0x10, 0x0c, 0x08, 0x00, 0x10, 0x08, 0x08, 0x00, 0x10, 0x08, 0x08, 0x00,
    0x10, 0x0c, 0x08, 0x00, 0x10, 0x08, 0x08, 0x00, 0x10, 0x08, 0x08, 0x00,
    0x10, 0x0c, 0x08, 0x00, 0x10, 0x08, 0x08, 0x00, 0x10, 0x0c, 0x08, 0x00,
    0x08, 0x0c, 0x08, 0x00, 0x10, 0x08, 0x00, 0x00, 0x10, 0x0c, 0x08, 0x00,
    0x10, 0x0c, 0x08, 0x00, 0x10, 0x08, 0x08, 0x00, 0x10, 0x0c, 0x08, 0x00,
    0x08, 0x08, 0x08, 0x00, 0x10, 0x0c, 0x08, 0x00, 0x10, 0x08, 0x08, 0x00,
    0x08, 0x08, 0x08, 0x00, 0x10, 0x0c, 0x08, 0x00, 0x10, 0x0c, 0x08, 0x00,
    0x08, 0x08, 0x08, 0x00, 0x10, 0x0c, 0x08, 0x00, 0x10, 0x0c, 0x08, 0x00,
    0x08, 0x08, 0x00, 0x00, 0x10, 0x0c, 0x08, 0x00, 0x10, 0x08, 0x08, 0x00,
    0x10, 0x08, 0x08, 0x00, 0x10, 0x0c, 0x08, 0x00, 0x08, 0x08, 0x08, 0x00,
    0x10, 0x0c, 0x08, 0x00, 0x10, 0x08, 0x08, 0x00, 0x08, 0x0c, 0x08, 0x00,
    0x10, 0x08, 0x08, 0x00
};
