// 4.26.0 0x56c1030f D2 R0 FRGB565 U565 N0 SIntFlashSection
// Generated by imageconverter. Please, do not edit!

#include <touchgfx/hal/Config.hpp>

LOCATION_PRAGMA("IntFlashSection")
KEEP extern const unsigned char image_a1_pulse_peak[] LOCATION_ATTRIBUTE("IntFlashSection") = { // 230x208 RGB565 pixels.
    0x00, 0x00, 0x00, 0x00, 0x00, 0x00, 0x00, 0x00, 0x00, 0x00, 0x00, 0x00,
    0x00, 0x00, 0x00, 0x00, 0x00, 0x00, 0x00, 0x00, 0x00, 0x00, 0x00, 0x00,
    0x00, 0x00, 0x00, 0x00, 0x00, 0x00, 0x00, 0x00, 0x00, 0x00, 0x00, 0x00,
    0x00, 0x00, 0x00, 0x00, 0x00, 0x00, 0x00, 0x00, 0x00, 0x00, 0x00, 0x00,
    0x00, 0x00, 0x00, 0x00, 0x00, 0x00, 0x00, 0x00, 0x00, 0x00, 0x00, 0x00,
    0x00, 0x00, 0x00, 0x00, 0x00, 0x00, 0x00, 0x00, 0x00, 0x00, 0x00, 0x00,
    0x00, 0x00, 0x00, 0x00, 0x00, 0x00, 0x00, 0x00, 0x00, 0x00, 0x00, 0x00,
    0x00, 0x00, 0x00, 0x00, 0x00, 0x00, 0x00, 0x00, 0x00, 0x00, 0x00, 0x00,
    0x00, 0x00, 0x00, 0x00, 0x00, 0x00, 0x00, 0x00, 0x00, 0x00, 0x00, 0x00,
    0x00, 0x00, 0x00, 0x00, 0x00, 0x00, 0x00, 0x00, 0x00, 0x00, 0x00, 0x00,
    0x00, 0x00, 0x00, 0x00, 0x00, 0x00, 0x00, 0x00, 0x00, 0x00, 0x00, 0x00,
    0x00, 0x00, 0x00, 0x00, 0x00, 0x00, 0x00, 0x00, 0x00, 0x00, 0x00, 0x00,
    0x00, 0x00, 0x00, 0x00, 0x00, 0x00, 0x00, 0x00, 0x00, 0x00, 0x00, 0x00,
    0x00, 0x00, 0x00, 0x00, 0x00, 0x00, 0x00, 0x00, 0x00, 0x00, 0x00, 0x00,
    0x00, 0x00, 0x00, 0x00, 0x00, 0x00, 0x00, 0x00, 0x00, 0x00, 0x00, 0x00,
    0x00, 0x00, 0x00, 0x00, 0x00, 0x00, 0x00, 0x00, 0x00, 0x00, 0x00, 0x00,
    0x00, 0x00, 0x00, 0x00, 0x00, 0x00, 0x00, 0x00, 0x00, 0x00, 0x00, 0x00,
    0x00, 0x00, 0x00, 0x00, 0x00, 0x00, 0x00, 0x00, 0x00, 0x00, 0x00, 0x00,
    0x00, 0x00, 0x00, 0x00, 0x00, 0x00, 0x00, 0x00, 0x00, 0x00, 0x00, 0x00,
    0x00, 0x00, 0x00, 0x00, 0x00, 0x00, 0x00, 0x00, 0x00, 0x00, 0x00, 0x00,
    0x00, 0x00, 0x00, 0x00, 0x00, 0x00, 0x00, 0x00, 0x00, 0x00, 0x00, 0x00,
    0x00, 0x00, 0x00, 0x00, 0x00, 0x00, 0x00, 0x00, 0x00, 0x00, 0x00, 0x00,
    0x00, 0x00, 0x00, 0x00, 0x00, 0x00, 0x00, 0x00, 0x00, 0x00, 0x00, 0x00,
    0x00, 0x00, 0x00, 0x00, 0x00, 0x00, 0x00, 0x00, 0x00, 0x00, 0x00, 0x00,
    0x00, 0x00, 0x00, 0x00, 0x01, 0x00, 0x21, 0x00, 0x42, 0x00, 0x63, 0x00,
    0x84, 0x00, 0xa5, 0x00, 0xa5, 0x00, 0xc6, 0x00, 0xe7, 0x00, 0xe7, 0x00,
    0xe7, 0x00, 0x08, 0x01, 0x29, 0x01, 0x2a, 0x01, 0x4a, 0x01, 0x29, 0x01,
    0x08, 0x01, 0xe7, 0x00, 0xe7, 0x00, 0xa5, 0x00, 0xa5, 0x00, 0x84, 0x00,
    0x42, 0x00, 0x21, 0x00, 0x00, 0x00, 0x00, 0x00, 0x00, 0x00, 0x00, 0x00,
    0x00, 0x00, 0x00, 0x00, 0x00, 0x00, 0x00, 0x00, 0x00, 0x00, 0x00, 0x00,
    0x00, 0x00, 0x00, 0x00, 0x00, 0x00, 0x00, 0x00, 0x00, 0x00, 0x00, 0x00,
    0x00, 0x00, 0x00, 0x00, 0x00, 0x00, 0x00, 0x00, 0x00, 0x00, 0x00, 0x00,
    0x00, 0x00, 0x00, 0x00, 0x00, 0x00, 0x00, 0x00, 0x00, 0x00, 0x00, 0x00,
    0x00, 0x00, 0x00, 0x00, 0x00, 0x00, 0x00, 0x00, 0x00, 0x00, 0x00, 0x00,
    0x00, 0x00, 0x00, 0x00, 0x00, 0x00, 0x00, 0x00, 0x00, 0x00, 0x00, 0x00,
    0x00, 0x00, 0x00, 0x00, 0x00, 0x00, 0x00, 0x00, 0x00, 0x00, 0x00, 0x00,
    0x00, 0x00, 0x00, 0x00, 0x00, 0x00, 0x00, 0x00, 0x00, 0x00, 0x00, 0x00,
    0x00, 0x00, 0x00, 0x00, 0x00, 0x00, 0x00, 0x00, 0x00, 0x00, 0x00, 0x00,
    0x00, 0x00, 0x00, 0x00, 0x00, 0x00, 0x00, 0x00, 0x00, 0x00, 0x00, 0x00,
    0x00, 0x00, 0x00, 0x00, 0x00, 0x00, 0x00, 0x00, 0x00, 0x00, 0x00, 0x00,
    0x00, 0x00, 0x00, 0x00, 0x00, 0x00, 0x00, 0x00, 0x00, 0x00, 0x00, 0x00,
    0x00, 0x00, 0x00, 0x00, 0x00, 0x00, 0x00, 0x00, 0x00, 0x00, 0x00, 0x00,
    0x00, 0x00, 0x00, 0x00, 0x00, 0x00, 0x00, 0x00, 0x00, 0x00, 0x00, 0x00,
    0x00, 0x00, 0x00, 0x00, 0x00, 0x00, 0x00, 0x00, 0x00, 0x00, 0x00, 0x00,
    0x00, 0x00, 0x00, 0x00, 0x00, 0x00, 0x00, 0x00, 0x00, 0x00, 0x00, 0x00,
    0x00, 0x00, 0x00, 0x00, 0x00, 0x00, 0x00, 0x00, 0x00, 0x00, 0x00, 0x00,
    0x00, 0x00, 0x00, 0x00, 0x00, 0x00, 0x00, 0x00, 0x00, 0x00, 0x00, 0x00,
    0x00, 0x00, 0x00, 0x00, 0x00, 0x00, 0x00, 0x00, 0x00, 0x00, 0x00, 0x00,
    0x00, 0x00, 0x00, 0x00, 0x00, 0x00, 0x00, 0x00, 0x00, 0x00, 0x00, 0x00,
    0x00, 0x00, 0x00, 0x00, 0x00, 0x00, 0x00, 0x00, 0x00, 0x00, 0x00, 0x00,
    0x00, 0x00, 0x00, 0x00, 0x00, 0x00, 0x00, 0x00, 0x00, 0x00, 0x00, 0x00,
    0x00, 0x00, 0x00, 0x00, 0x00, 0x00, 0x00, 0x00, 0x00, 0x00, 0x00, 0x00,
    0x00, 0x00, 0x00, 0x00, 0x00, 0x00, 0x00, 0x00, 0x00, 0x00, 0x00, 0x00,
    0x00, 0x00, 0x00, 0x00, 0x00, 0x00, 0x00, 0x00, 0x00, 0x00, 0x00, 0x00,
    0x00, 0x00, 0x00, 0x00, 0x00, 0x00, 0x00, 0x00, 0x00, 0x00, 0x00, 0x00,
    0x00, 0x00, 0x00, 0x00, 0x00, 0x00, 0x00, 0x00, 0x00, 0x00, 0x00, 0x00,
    0x00, 0x00, 0x00, 0x00, 0x00, 0x00, 0x00, 0x00, 0x00, 0x00, 0x00, 0x00,
    0x00, 0x00, 0x00, 0x00, 0x00, 0x00, 0x00, 0x00, 0x00, 0x00, 0x00, 0x00,
    0x00, 0x00, 0x00, 0x00, 0x00, 0x00, 0x00, 0x00, 0x00, 0x00, 0x00, 0x00,
    0x00, 0x00, 0x00, 0x00, 0x00, 0x00, 0x00, 0x00, 0x00, 0x00, 0x00, 0x00,
    0x00, 0x00, 0x00, 0x00, 0x00, 0x00, 0x00, 0x00, 0x00, 0x00, 0x00, 0x00,
    0x00, 0x00, 0x00, 0x00, 0x00, 0x00, 0x00, 0x00, 0x01, 0x00, 0x21, 0x00,
    0x42, 0x00, 0x84, 0x00, 0xc6, 0x00, 0x07, 0x01, 0x29, 0x01, 0x4a, 0x01,
    0x6b, 0x01, 0x8c, 0x01, 0x8c, 0x01, 0xad, 0x01, 0xce, 0x01, 0xce, 0x01,
    0xee, 0x01, 0xef, 0x01, 0xef, 0x01, 0xef, 0x01, 0xef, 0x01, 0xef, 0x01,
    0xef, 0x01, 0xef, 0x01, 0xce, 0x01, 0xce, 0x01, 0xee, 0x01, 0xce, 0x01,
    0xad, 0x01, 0x8c, 0x01, 0x6b, 0x01, 0x4a, 0x01, 0xe8, 0x00, 0xc6, 0x00,
    0x83, 0x00, 0x21, 0x00, 0x00, 0x00, 0x00, 0x00, 0x00, 0x00, 0x00, 0x00,
    0x00, 0x00, 0x00, 0x00, 0x00, 0x00, 0x00, 0x00, 0x00, 0x00, 0x00, 0x00,
    0x00, 0x00, 0x00, 0x00, 0x00, 0x00, 0x00, 0x00, 0x00, 0x00, 0x00, 0x00,
    0x00, 0x00, 0x00, 0x00, 0x00, 0x00, 0x00, 0x00, 0x00, 0x00, 0x00, 0x00,
    0x00, 0x00, 0x00, 0x00, 0x00, 0x00, 0x00, 0x00, 0x00, 0x00, 0x00, 0x00,
    0x00, 0x00, 0x00, 0x00, 0x00, 0x00, 0x00, 0x00, 0x00, 0x00, 0x00, 0x00,
    0x00, 0x00, 0x00, 0x00, 0x00, 0x00, 0x00, 0x00, 0x00, 0x00, 0x00, 0x00,
    0x00, 0x00, 0x00, 0x00, 0x00, 0x00, 0x00, 0x00, 0x00, 0x00, 0x00, 0x00,
    0x00, 0x00, 0x00, 0x00, 0x00, 0x00, 0x00, 0x00, 0x00, 0x00, 0x00, 0x00,
    0x00, 0x00, 0x00, 0x00, 0x00, 0x00, 0x00, 0x00, 0x00, 0x00, 0x00, 0x00,
    0x00, 0x00, 0x00, 0x00, 0x00, 0x00, 0x00, 0x00, 0x00, 0x00, 0x00, 0x00,
    0x00, 0x00, 0x00, 0x00, 0x00, 0x00, 0x00, 0x00, 0x00, 0x00, 0x00, 0x00,
    0x00, 0x00, 0x00, 0x00, 0x00, 0x00, 0x00, 0x00, 0x00, 0x00, 0x00, 0x00,
    0x00, 0x00, 0x00, 0x00, 0x00, 0x00, 0x00, 0x00, 0x00, 0x00, 0x00, 0x00,
    0x00, 0x00, 0x00, 0x00, 0x00, 0x00, 0x00, 0x00, 0x00, 0x00, 0x00, 0x00,
    0x00, 0x00, 0x00, 0x00, 0x00, 0x00, 0x00, 0x00, 0x00, 0x00, 0x00, 0x00,
    0x00, 0x00, 0x00, 0x00, 0x00, 0x00, 0x00, 0x00, 0x00, 0x00, 0x00, 0x00,
    0x00, 0x00, 0x00, 0x00, 0x00, 0x00, 0x00, 0x00, 0x00, 0x00, 0x00, 0x00,
    0x00, 0x00, 0x00, 0x00, 0x00, 0x00, 0x00, 0x00, 0x00, 0x00, 0x00, 0x00,
    0x00, 0x00, 0x00, 0x00, 0x00, 0x00, 0x00, 0x00, 0x00, 0x00, 0x00, 0x00,
    0x00, 0x00, 0x00, 0x00, 0x00, 0x00, 0x00, 0x00, 0x00, 0x00, 0x00, 0x00,
    0x00, 0x00, 0x00, 0x00, 0x00, 0x00, 0x00, 0x00, 0x00, 0x00, 0x00, 0x00,
    0x00, 0x00, 0x00, 0x00, 0x00, 0x00, 0x00, 0x00, 0x00, 0x00, 0x00, 0x00,
    0x00, 0x00, 0x00, 0x00, 0x00, 0x00, 0x00, 0x00, 0x00, 0x00, 0x00, 0x00,
    0x00, 0x00, 0x00, 0x00, 0x00, 0x00, 0x00, 0x00, 0x00, 0x00, 0x00, 0x00,
    0x00, 0x00, 0x00, 0x00, 0x00, 0x00, 0x00, 0x00, 0x00, 0x00, 0x00, 0x00,
    0x00, 0x00, 0x00, 0x00, 0x00, 0x00, 0x00, 0x00, 0x00, 0x00, 0x00, 0x00,
    0x00, 0x00, 0x00, 0x00, 0x00, 0x00, 0x00, 0x00, 0x00, 0x00, 0x00, 0x00,
    0x00, 0x00, 0x00, 0x00, 0x00, 0x00, 0x00, 0x00, 0x00, 0x00, 0x00, 0x00,
    0x00, 0x00, 0x00, 0x00, 0x00, 0x00, 0x00, 0x00, 0x00, 0x00, 0x00, 0x00,
    0x00, 0x00, 0x00, 0x00, 0x00, 0x00, 0x00, 0x00, 0x00, 0x00, 0x00, 0x00,
    0x00, 0x00, 0x00, 0x00, 0x00, 0x00, 0x00, 0x00, 0x00, 0x00, 0x00, 0x00,
    0x00, 0x00, 0x21, 0x00, 0x42, 0x00, 0x63, 0x00, 0xa5, 0x00, 0xe7, 0x00,
    0x29, 0x01, 0x6b, 0x01, 0x8c, 0x01, 0xad, 0x01, 0xce, 0x01, 0xce, 0x01,
    0xcf, 0x01, 0xef, 0x01, 0xef, 0x01, 0xef, 0x01, 0xef, 0x01, 0xef, 0x01,
    0x10, 0x02, 0xef, 0x01, 0xef, 0x01, 0xef, 0x01, 0xef, 0x01, 0xef, 0x01,
    0xef, 0x01, 0xef, 0x01, 0xef, 0x01, 0xef, 0x01, 0xef, 0x01, 0xef, 0x01,
    0xf0, 0x01, 0x0f, 0x02, 0xef, 0x01, 0xef, 0x01, 0xef, 0x01, 0xef, 0x01,
    0xef, 0x01, 0xce, 0x01, 0x8c, 0x01, 0x4b, 0x01, 0x08, 0x01, 0xa5, 0x00,
    0x42, 0x00, 0x00, 0x00, 0x00, 0x00, 0x00, 0x00, 0x00, 0x00, 0x00, 0x00,
    0x00, 0x00, 0x00, 0x00, 0x00, 0x00, 0x00, 0x00, 0x00, 0x00, 0x00, 0x00,
    0x00, 0x00, 0x00, 0x00, 0x00, 0x00, 0x00, 0x00, 0x00, 0x00, 0x00, 0x00,
    0x00, 0x00, 0x00, 0x00, 0x00, 0x00, 0x00, 0x00, 0x00, 0x00, 0x00, 0x00,
    0x00, 0x00, 0x00, 0x00, 0x00, 0x00, 0x00, 0x00, 0x00, 0x00, 0x00, 0x00,
    0x00, 0x00, 0x00, 0x00, 0x00, 0x00, 0x00, 0x00, 0x00, 0x00, 0x00, 0x00,
    0x00, 0x00, 0x00, 0x00, 0x00, 0x00, 0x00, 0x00, 0x00, 0x00, 0x00, 0x00,
    0x00, 0x00, 0x00, 0x00, 0x00, 0x00, 0x00, 0x00, 0x00, 0x00, 0x00, 0x00,
    0x00, 0x00, 0x00, 0x00, 0x00, 0x00, 0x00, 0x00, 0x00, 0x00, 0x00, 0x00,
    0x00, 0x00, 0x00, 0x00, 0x00, 0x00, 0x00, 0x00, 0x00, 0x00, 0x00, 0x00,
    0x00, 0x00, 0x00, 0x00, 0x00, 0x00, 0x00, 0x00, 0x00, 0x00, 0x00, 0x00,
    0x00, 0x00, 0x00, 0x00, 0x00, 0x00, 0x00, 0x00, 0x00, 0x00, 0x00, 0x00,
    0x00, 0x00, 0x00, 0x00, 0x00, 0x00, 0x00, 0x00, 0x00, 0x00, 0x00, 0x00,
    0x00, 0x00, 0x00, 0x00, 0x00, 0x00, 0x00, 0x00, 0x00, 0x00, 0x00, 0x00,
    0x00, 0x00, 0x00, 0x00, 0x00, 0x00, 0x00, 0x00, 0x00, 0x00, 0x00, 0x00,
    0x00, 0x00, 0x00, 0x00, 0x00, 0x00, 0x00, 0x00, 0x00, 0x00, 0x00, 0x00,
    0x00, 0x00, 0x00, 0x00, 0x00, 0x00, 0x00, 0x00, 0x00, 0x00, 0x00, 0x00,
    0x00, 0x00, 0x00, 0x00, 0x00, 0x00, 0x00, 0x00, 0x00, 0x00, 0x00, 0x00,
    0x00, 0x00, 0x00, 0x00, 0x00, 0x00, 0x00, 0x00, 0x00, 0x00, 0x00, 0x00,
    0x00, 0x00, 0x00, 0x00, 0x00, 0x00, 0x00, 0x00, 0x00, 0x00, 0x00, 0x00,
    0x00, 0x00, 0x00, 0x00, 0x00, 0x00, 0x00, 0x00, 0x00, 0x00, 0x00, 0x00,
    0x00, 0x00, 0x00, 0x00, 0x00, 0x00, 0x00, 0x00, 0x00, 0x00, 0x00, 0x00,
    0x00, 0x00, 0x00, 0x00, 0x00, 0x00, 0x00, 0x00, 0x00, 0x00, 0x00, 0x00,
    0x00, 0x00, 0x00, 0x00, 0x00, 0x00, 0x00, 0x00, 0x00, 0x00, 0x00, 0x00,
    0x00, 0x00, 0x00, 0x00, 0x00, 0x00, 0x00, 0x00, 0x00, 0x00, 0x00, 0x00,
    0x00, 0x00, 0x00, 0x00, 0x00, 0x00, 0x00, 0x00, 0x00, 0x00, 0x00, 0x00,
    0x00, 0x00, 0x00, 0x00, 0x00, 0x00, 0x00, 0x00, 0x00, 0x00, 0x00, 0x00,
    0x00, 0x00, 0x00, 0x00, 0x00, 0x00, 0x00, 0x00, 0x00, 0x00, 0x00, 0x00,
    0x00, 0x00, 0x00, 0x00, 0x00, 0x00, 0x00, 0x00, 0x00, 0x00, 0x00, 0x00,
    0x00, 0x00, 0x00, 0x00, 0x00, 0x00, 0x00, 0x00, 0x00, 0x00, 0x00, 0x00,
    0x00, 0x00, 0x00, 0x00, 0x00, 0x00, 0x00, 0x00, 0x00, 0x00, 0x00, 0x00,
    0x42, 0x00, 0x84, 0x00, 0xc6, 0x00, 0x08, 0x01, 0x6a, 0x01, 0x8c, 0x01,
    0xae, 0x01, 0xce, 0x01, 0xee, 0x01, 0xef, 0x01, 0xef, 0x01, 0xef, 0x01,
    0xef, 0x01, 0xef, 0x01, 0xef, 0x01, 0xef, 0x01, 0xef, 0x01, 0xef, 0x01,
    0xef, 0x01, 0xef, 0x01, 0xef, 0x01, 0xef, 0x01, 0xef, 0x01, 0xef, 0x01,
    0xef, 0x01, 0xef, 0x01, 0xef, 0x01, 0xef, 0x01, 0xef, 0x01, 0xef, 0x01,
    0xef, 0x01, 0xef, 0x01, 0xef, 0x01, 0xef, 0x01, 0xef, 0x01, 0xef, 0x01,
    0xef, 0x01, 0xef, 0x01, 0xef, 0x01, 0xef, 0x01, 0xef, 0x01, 0xef, 0x01,
    0xee, 0x01, 0xad, 0x01, 0x6b, 0x01, 0x08, 0x01, 0x84, 0x00, 0x21, 0x00,
    0x00, 0x00, 0x00, 0x00, 0x00, 0x00, 0x00, 0x00, 0x00, 0x00, 0x00, 0x00,
    0x00, 0x00, 0x00, 0x00, 0x00, 0x00, 0x00, 0x00, 0x00, 0x00, 0x00, 0x00,
    0x00, 0x00, 0x00, 0x00, 0x00, 0x00, 0x00, 0x00, 0x00, 0x00, 0x00, 0x00,
    0x00, 0x00, 0x00, 0x00, 0x00, 0x00, 0x00, 0x00, 0x00, 0x00, 0x00, 0x00,
    0x00, 0x00, 0x00, 0x00, 0x00, 0x00, 0x00, 0x00, 0x00, 0x00, 0x00, 0x00,
    0x00, 0x00, 0x00, 0x00, 0x00, 0x00, 0x00, 0x00, 0x00, 0x00, 0x00, 0x00,
    0x00, 0x00, 0x00, 0x00, 0x00, 0x00, 0x00, 0x00, 0x00, 0x00, 0x00, 0x00,
    0x00, 0x00, 0x00, 0x00, 0x00, 0x00, 0x00, 0x00, 0x00, 0x00, 0x00, 0x00,
    0x00, 0x00, 0x00, 0x00, 0x00, 0x00, 0x00, 0x00, 0x00, 0x00, 0x00, 0x00,
    0x00, 0x00, 0x00, 0x00, 0x00, 0x00, 0x00, 0x00, 0x00, 0x00, 0x00, 0x00,
    0x00, 0x00, 0x00, 0x00, 0x00, 0x00, 0x00, 0x00, 0x00, 0x00, 0x00, 0x00,
    0x00, 0x00, 0x00, 0x00, 0x00, 0x00, 0x00, 0x00, 0x00, 0x00, 0x00, 0x00,
    0x00, 0x00, 0x00, 0x00, 0x00, 0x00, 0x00, 0x00, 0x00, 0x00, 0x00, 0x00,
    0x00, 0x00, 0x00, 0x00, 0x00, 0x00, 0x00, 0x00, 0x00, 0x00, 0x00, 0x00,
    0x00, 0x00, 0x00, 0x00, 0x00, 0x00, 0x00, 0x00, 0x00, 0x00, 0x00, 0x00,
    0x00, 0x00, 0x00, 0x00, 0x00, 0x00, 0x00, 0x00, 0x00, 0x00, 0x00, 0x00,
    0x00, 0x00, 0x00, 0x00, 0x00, 0x00, 0x00, 0x00, 0x00, 0x00, 0x00, 0x00,
    0x00, 0x00, 0x00, 0x00, 0x00, 0x00, 0x00, 0x00, 0x00, 0x00, 0x00, 0x00,
    0x00, 0x00, 0x00, 0x00, 0x00, 0x00, 0x00, 0x00, 0x00, 0x00, 0x00, 0x00,
    0x00, 0x00, 0x00, 0x00, 0x00, 0x00, 0x00, 0x00, 0x00, 0x00, 0x00, 0x00,
    0x00, 0x00, 0x00, 0x00, 0x00, 0x00, 0x00, 0x00, 0x00, 0x00, 0x00, 0x00,
    0x00, 0x00, 0x00, 0x00, 0x00, 0x00, 0x00, 0x00, 0x00, 0x00, 0x00, 0x00,
    0x00, 0x00, 0x00, 0x00, 0x00, 0x00, 0x00, 0x00, 0x00, 0x00, 0x00, 0x00,
    0x00, 0x00, 0x00, 0x00, 0x00, 0x00, 0x00, 0x00, 0x00, 0x00, 0x00, 0x00,
    0x00, 0x00, 0x00, 0x00, 0x00, 0x00, 0x00, 0x00, 0x00, 0x00, 0x00, 0x00,
    0x00, 0x00, 0x00, 0x00, 0x00, 0x00, 0x00, 0x00, 0x00, 0x00, 0x00, 0x00,
    0x00, 0x00, 0x00, 0x00, 0x00, 0x00, 0x00, 0x00, 0x00, 0x00, 0x00, 0x00,
    0x00, 0x00, 0x00, 0x00, 0x00, 0x00, 0x00, 0x00, 0x00, 0x00, 0x00, 0x00,
    0x00, 0x00, 0x00, 0x00, 0x00, 0x00, 0x00, 0x00, 0x00, 0x00, 0x00, 0x00,
    0x00, 0x00, 0x00, 0x00, 0x00, 0x00, 0x00, 0x00, 0x21, 0x00, 0x63, 0x00,
    0xc6, 0x00, 0x29, 0x01, 0x6b, 0x01, 0x8c, 0x01, 0xce, 0x01, 0xce, 0x01,
    0xef, 0x01, 0xef, 0x01, 0xf0, 0x01, 0xef, 0x01, 0xef, 0x01, 0xef, 0x01,
    0xef, 0x01, 0xef, 0x01, 0xef, 0x01, 0xef, 0x01, 0xef, 0x01, 0xef, 0x01,
    0xef, 0x01, 0xef, 0x01, 0xef, 0x01, 0xef, 0x01, 0xef, 0x01, 0xef, 0x01,
    0xef, 0x01, 0xef, 0x01, 0xef, 0x01, 0xef, 0x01, 0xef, 0x01, 0xef, 0x01,
    0xef, 0x01, 0xef, 0x01, 0xef, 0x01, 0xef, 0x01, 0xef, 0x01, 0xef, 0x01,
    0xef, 0x01, 0xef, 0x01, 0xef, 0x01, 0xef, 0x01, 0xef, 0x01, 0xef, 0x01,
    0xef, 0x01, 0xef, 0x01, 0xef, 0x01, 0xf0, 0x01, 0xef, 0x01, 0xce, 0x01,
    0xad, 0x01, 0x4a, 0x01, 0xc5, 0x00, 0x42, 0x00, 0x00, 0x00, 0x00, 0x00,
    0x00, 0x00, 0x00, 0x00, 0x00, 0x00, 0x00, 0x00, 0x00, 0x00, 0x00, 0x00,
    0x00, 0x00, 0x00, 0x00, 0x00, 0x00, 0x00, 0x00, 0x00, 0x00, 0x00, 0x00,
    0x00, 0x00, 0x00, 0x00, 0x00, 0x00, 0x00, 0x00, 0x00, 0x00, 0x00, 0x00,
    0x00, 0x00, 0x00, 0x00, 0x00, 0x00, 0x00, 0x00, 0x00, 0x00, 0x00, 0x00,
    0x00, 0x00, 0x00, 0x00, 0x00, 0x00, 0x00, 0x00, 0x00, 0x00, 0x00, 0x00,
    0x00, 0x00, 0x00, 0x00, 0x00, 0x00, 0x00, 0x00, 0x00, 0x00, 0x00, 0x00,
    0x00, 0x00, 0x00, 0x00, 0x00, 0x00, 0x00, 0x00, 0x00, 0x00, 0x00, 0x00,
    0x00, 0x00, 0x00, 0x00, 0x00, 0x00, 0x00, 0x00, 0x00, 0x00, 0x00, 0x00,
    0x00, 0x00, 0x00, 0x00, 0x00, 0x00, 0x00, 0x00, 0x00, 0x00, 0x00, 0x00,
    0x00, 0x00, 0x00, 0x00, 0x00, 0x00, 0x00, 0x00, 0x00, 0x00, 0x00, 0x00,
    0x00, 0x00, 0x00, 0x00, 0x00, 0x00, 0x00, 0x00, 0x00, 0x00, 0x00, 0x00,
    0x00, 0x00, 0x00, 0x00, 0x00, 0x00, 0x00, 0x00, 0x00, 0x00, 0x00, 0x00,
    0x00, 0x00, 0x00, 0x00, 0x00, 0x00, 0x00, 0x00, 0x00, 0x00, 0x00, 0x00,
    0x00, 0x00, 0x00, 0x00, 0x00, 0x00, 0x00, 0x00, 0x00, 0x00, 0x00, 0x00,
    0x00, 0x00, 0x00, 0x00, 0x00, 0x00, 0x00, 0x00, 0x00, 0x00, 0x00, 0x00,
    0x00, 0x00, 0x00, 0x00, 0x00, 0x00, 0x00, 0x00, 0x00, 0x00, 0x00, 0x00,
    0x00, 0x00, 0x00, 0x00, 0x00, 0x00, 0x00, 0x00, 0x00, 0x00, 0x00, 0x00,
    0x00, 0x00, 0x00, 0x00, 0x00, 0x00, 0x00, 0x00, 0x00, 0x00, 0x00, 0x00,
    0x00, 0x00, 0x00, 0x00, 0x00, 0x00, 0x00, 0x00, 0x00, 0x00, 0x00, 0x00,
    0x00, 0x00, 0x00, 0x00, 0x00, 0x00, 0x00, 0x00, 0x00, 0x00, 0x00, 0x00,
    0x00, 0x00, 0x00, 0x00, 0x00, 0x00, 0x00, 0x00, 0x00, 0x00, 0x00, 0x00,
    0x00, 0x00, 0x00, 0x00, 0x00, 0x00, 0x00, 0x00, 0x00, 0x00, 0x00, 0x00,
    0x00, 0x00, 0x00, 0x00, 0x00, 0x00, 0x00, 0x00, 0x00, 0x00, 0x00, 0x00,
    0x00, 0x00, 0x00, 0x00, 0x00, 0x00, 0x00, 0x00, 0x00, 0x00, 0x00, 0x00,
    0x00, 0x00, 0x00, 0x00, 0x00, 0x00, 0x00, 0x00, 0x00, 0x00, 0x00, 0x00,
    0x00, 0x00, 0x00, 0x00, 0x00, 0x00, 0x00, 0x00, 0x00, 0x00, 0x00, 0x00,
    0x00, 0x00, 0x00, 0x00, 0x00, 0x00, 0x00, 0x00, 0x00, 0x00, 0x00, 0x00,
    0x00, 0x00, 0x00, 0x00, 0x00, 0x00, 0x00, 0x00, 0x00, 0x00, 0x00, 0x00,
    0x00, 0x00, 0x00, 0x00, 0x21, 0x00, 0x63, 0x00, 0xa5, 0x00, 0x08, 0x01,
    0x6b, 0x01, 0x8d, 0x01, 0xce, 0x01, 0xef, 0x01, 0xef, 0x01, 0xef, 0x01,
    0xf0, 0x01, 0xef, 0x01, 0xef, 0x01, 0xef, 0x01, 0xef, 0x01, 0xef, 0x01,
    0xef, 0x01, 0xef, 0x01, 0xef, 0x01, 0xef, 0x01, 0xef, 0x01, 0xef, 0x01,
    0xef, 0x01, 0xef, 0x01, 0xef, 0x01, 0xef, 0x01, 0xef, 0x01, 0xef, 0x01,
    0xef, 0x01, 0xef, 0x01, 0xef, 0x01, 0xef, 0x01, 0xef, 0x01, 0xef, 0x01,
    0xef, 0x01, 0xef, 0x01, 0xef, 0x01, 0xef, 0x01, 0xef, 0x01, 0xef, 0x01,
    0xef, 0x01, 0xef, 0x01, 0xef, 0x01, 0xef, 0x01, 0xef, 0x01, 0xef, 0x01,
    0xef, 0x01, 0xef, 0x01, 0xef, 0x01, 0xef, 0x01, 0xef, 0x01, 0xef, 0x01,
    0xef, 0x01, 0xef, 0x01, 0xef, 0x01, 0xef, 0x01, 0xce, 0x01, 0x4b, 0x01,
    0xc6, 0x00, 0x42, 0x00, 0x00, 0x00, 0x00, 0x00, 0x00, 0x00, 0x00, 0x00,
    0x00, 0x00, 0x00, 0x00, 0x00, 0x00, 0x00, 0x00, 0x00, 0x00, 0x00, 0x00,
    0x00, 0x00, 0x00, 0x00, 0x00, 0x00, 0x00, 0x00, 0x00, 0x00, 0x00, 0x00,
    0x00, 0x00, 0x00, 0x00, 0x00, 0x00, 0x00, 0x00, 0x00, 0x00, 0x00, 0x00,
    0x00, 0x00, 0x00, 0x00, 0x00, 0x00, 0x00, 0x00, 0x00, 0x00, 0x00, 0x00,
    0x00, 0x00, 0x00, 0x00, 0x00, 0x00, 0x00, 0x00, 0x00, 0x00, 0x00, 0x00,
    0x00, 0x00, 0x00, 0x00, 0x00, 0x00, 0x00, 0x00, 0x00, 0x00, 0x00, 0x00,
    0x00, 0x00, 0x00, 0x00, 0x00, 0x00, 0x00, 0x00, 0x00, 0x00, 0x00, 0x00,
    0x00, 0x00, 0x00, 0x00, 0x00, 0x00, 0x00, 0x00, 0x00, 0x00, 0x00, 0x00,
    0x00, 0x00, 0x00, 0x00, 0x00, 0x00, 0x00, 0x00, 0x00, 0x00, 0x00, 0x00,
    0x00, 0x00, 0x00, 0x00, 0x00, 0x00, 0x00, 0x00, 0x00, 0x00, 0x00, 0x00,
    0x00, 0x00, 0x00, 0x00, 0x00, 0x00, 0x00, 0x00, 0x00, 0x00, 0x00, 0x00,
    0x00, 0x00, 0x00, 0x00, 0x00, 0x00, 0x00, 0x00, 0x00, 0x00, 0x00, 0x00,
    0x00, 0x00, 0x00, 0x00, 0x00, 0x00, 0x00, 0x00, 0x00, 0x00, 0x00, 0x00,
    0x00, 0x00, 0x00, 0x00, 0x00, 0x00, 0x00, 0x00, 0x00, 0x00, 0x00, 0x00,
    0x00, 0x00, 0x00, 0x00, 0x00, 0x00, 0x00, 0x00, 0x00, 0x00, 0x00, 0x00,
    0x00, 0x00, 0x00, 0x00, 0x00, 0x00, 0x00, 0x00, 0x00, 0x00, 0x00, 0x00,
    0x00, 0x00, 0x00, 0x00, 0x00, 0x00, 0x00, 0x00, 0x00, 0x00, 0x00, 0x00,
    0x00, 0x00, 0x00, 0x00, 0x00, 0x00, 0x00, 0x00, 0x00, 0x00, 0x00, 0x00,
    0x00, 0x00, 0x00, 0x00, 0x00, 0x00, 0x00, 0x00, 0x00, 0x00, 0x00, 0x00,
    0x00, 0x00, 0x00, 0x00, 0x00, 0x00, 0x00, 0x00, 0x00, 0x00, 0x00, 0x00,
    0x00, 0x00, 0x00, 0x00, 0x00, 0x00, 0x00, 0x00, 0x00, 0x00, 0x00, 0x00,
    0x00, 0x00, 0x00, 0x00, 0x00, 0x00, 0x00, 0x00, 0x00, 0x00, 0x00, 0x00,
    0x00, 0x00, 0x00, 0x00, 0x00, 0x00, 0x00, 0x00, 0x00, 0x00, 0x00, 0x00,
    0x00, 0x00, 0x00, 0x00, 0x00, 0x00, 0x00, 0x00, 0x00, 0x00, 0x00, 0x00,
    0x00, 0x00, 0x00, 0x00, 0x00, 0x00, 0x00, 0x00, 0x00, 0x00, 0x00, 0x00,
    0x00, 0x00, 0x00, 0x00, 0x00, 0x00, 0x00, 0x00, 0x00, 0x00, 0x00, 0x00,
    0x00, 0x00, 0x00, 0x00, 0x00, 0x00, 0x00, 0x00, 0x00, 0x00, 0x00, 0x00,
    0x00, 0x00, 0x21, 0x00, 0x63, 0x00, 0xc6, 0x00, 0x29, 0x01, 0x6b, 0x01,
    0xad, 0x01, 0xce, 0x01, 0xef, 0x01, 0x10, 0x02, 0xef, 0x01, 0xef, 0x01,
    0xef, 0x01, 0xef, 0x01, 0xef, 0x01, 0xef, 0x01, 0xef, 0x01, 0xef, 0x01,
    0xef, 0x01, 0xef, 0x01, 0xef, 0x01, 0xef, 0x01, 0xef, 0x01, 0xef, 0x01,
    0xef, 0x01, 0xef, 0x01, 0xef, 0x01, 0xef, 0x01, 0xef, 0x01, 0xef, 0x01,
    0xef, 0x01, 0xef, 0x01, 0xef, 0x01, 0xef, 0x01, 0xef, 0x01, 0xef, 0x01,
    0xef, 0x01, 0xef, 0x01, 0xef, 0x01, 0xef, 0x01, 0xef, 0x01, 0xef, 0x01,
    0xef, 0x01, 0xef, 0x01, 0xef, 0x01, 0xef, 0x01, 0xef, 0x01, 0xef, 0x01,
    0xef, 0x01, 0xef, 0x01, 0xef, 0x01, 0xef, 0x01, 0xef, 0x01, 0xef, 0x01,
    0xef, 0x01, 0xef, 0x01, 0xef, 0x01, 0xef, 0x01, 0xef, 0x01, 0xef, 0x01,
    0xef, 0x01, 0xef, 0x01, 0xce, 0x01, 0x4a, 0x01, 0xa6, 0x00, 0x21, 0x00,
    0x00, 0x00, 0x00, 0x00, 0x00, 0x00, 0x00, 0x00, 0x00, 0x00, 0x00, 0x00,
    0x00, 0x00, 0x00, 0x00, 0x00, 0x00, 0x00, 0x00, 0x00, 0x00, 0x00, 0x00,
    0x00, 0x00, 0x00, 0x00, 0x00, 0x00, 0x00, 0x00, 0x00, 0x00, 0x00, 0x00,
    0x00, 0x00, 0x00, 0x00, 0x00, 0x00, 0x00, 0x00, 0x00, 0x00, 0x00, 0x00,
    0x00, 0x00, 0x00, 0x00, 0x00, 0x00, 0x00, 0x00, 0x00, 0x00, 0x00, 0x00,
    0x00, 0x00, 0x00, 0x00, 0x00, 0x00, 0x00, 0x00, 0x00, 0x00, 0x00, 0x00,
    0x00, 0x00, 0x00, 0x00, 0x00, 0x00, 0x00, 0x00, 0x00, 0x00, 0x00, 0x00,
    0x00, 0x00, 0x00, 0x00, 0x00, 0x00, 0x00, 0x00, 0x00, 0x00, 0x00, 0x00,
    0x00, 0x00, 0x00, 0x00, 0x00, 0x00, 0x00, 0x00, 0x00, 0x00, 0x00, 0x00,
    0x00, 0x00, 0x00, 0x00, 0x00, 0x00, 0x00, 0x00, 0x00, 0x00, 0x00, 0x00,
    0x00, 0x00, 0x00, 0x00, 0x00, 0x00, 0x00, 0x00, 0x00, 0x00, 0x00, 0x00,
    0x00, 0x00, 0x00, 0x00, 0x00, 0x00, 0x00, 0x00, 0x00, 0x00, 0x00, 0x00,
    0x00, 0x00, 0x00, 0x00, 0x00, 0x00, 0x00, 0x00, 0x00, 0x00, 0x00, 0x00,
    0x00, 0x00, 0x00, 0x00, 0x00, 0x00, 0x00, 0x00, 0x00, 0x00, 0x00, 0x00,
    0x00, 0x00, 0x00, 0x00, 0x00, 0x00, 0x00, 0x00, 0x00, 0x00, 0x00, 0x00,
    0x00, 0x00, 0x00, 0x00, 0x00, 0x00, 0x00, 0x00, 0x00, 0x00, 0x00, 0x00,
    0x00, 0x00, 0x00, 0x00, 0x00, 0x00, 0x00, 0x00, 0x00, 0x00, 0x00, 0x00,
    0x00, 0x00, 0x00, 0x00, 0x00, 0x00, 0x00, 0x00, 0x00, 0x00, 0x00, 0x00,
    0x00, 0x00, 0x00, 0x00, 0x00, 0x00, 0x00, 0x00, 0x00, 0x00, 0x00, 0x00,
    0x00, 0x00, 0x00, 0x00, 0x00, 0x00, 0x00, 0x00, 0x00, 0x00, 0x00, 0x00,
    0x00, 0x00, 0x00, 0x00, 0x00, 0x00, 0x00, 0x00, 0x00, 0x00, 0x00, 0x00,
    0x00, 0x00, 0x00, 0x00, 0x00, 0x00, 0x00, 0x00, 0x00, 0x00, 0x00, 0x00,
    0x00, 0x00, 0x00, 0x00, 0x00, 0x00, 0x00, 0x00, 0x00, 0x00, 0x00, 0x00,
    0x00, 0x00, 0x00, 0x00, 0x00, 0x00, 0x00, 0x00, 0x00, 0x00, 0x00, 0x00,
    0x00, 0x00, 0x00, 0x00, 0x00, 0x00, 0x00, 0x00, 0x00, 0x00, 0x00, 0x00,
    0x00, 0x00, 0x00, 0x00, 0x00, 0x00, 0x00, 0x00, 0x00, 0x00, 0x00, 0x00,
    0x00, 0x00, 0x00, 0x00, 0x00, 0x00, 0x00, 0x00, 0x00, 0x00, 0x00, 0x00,
    0x21, 0x00, 0x63, 0x00, 0xc7, 0x00, 0x4a, 0x01, 0x8c, 0x01, 0xce, 0x01,
    0xef, 0x01, 0xef, 0x01, 0x10, 0x02, 0xef, 0x01, 0xef, 0x01, 0xef, 0x01,
    0xef, 0x01, 0xef, 0x01, 0xef, 0x01, 0xef, 0x01, 0xef, 0x01, 0xef, 0x01,
    0xef, 0x01, 0xef, 0x01, 0xef, 0x01, 0xef, 0x01, 0xef, 0x01, 0xef, 0x01,
    0xef, 0x01, 0xef, 0x01, 0xef, 0x01, 0xef, 0x01, 0xef, 0x01, 0xef, 0x01,
    0xef, 0x01, 0xef, 0x01, 0xef, 0x01, 0xef, 0x01, 0xef, 0x01, 0xef, 0x01,
    0xef, 0x01, 0xef, 0x01, 0xef, 0x01, 0xef, 0x01, 0xef, 0x01, 0xef, 0x01,
    0xef, 0x01, 0xef, 0x01, 0xef, 0x01, 0xef, 0x01, 0xef, 0x01, 0xef, 0x01,
    0xef, 0x01, 0xef, 0x01, 0xef, 0x01, 0xef, 0x01, 0xef, 0x01, 0xef, 0x01,
    0xef, 0x01, 0xef, 0x01, 0xef, 0x01, 0xef, 0x01, 0xef, 0x01, 0xef, 0x01,
    0xef, 0x01, 0xef, 0x01, 0xef, 0x01, 0xef, 0x01, 0x0f, 0x02, 0xef, 0x01,
    0xad, 0x01, 0x4a, 0x01, 0x84, 0x00, 0x00, 0x00, 0x00, 0x00, 0x00, 0x00,
    0x00, 0x00, 0x00, 0x00, 0x00, 0x00, 0x00, 0x00, 0x00, 0x00, 0x00, 0x00,
    0x00, 0x00, 0x00, 0x00, 0x00, 0x00, 0x00, 0x00, 0x00, 0x00, 0x00, 0x00,
    0x00, 0x00, 0x00, 0x00, 0x00, 0x00, 0x00, 0x00, 0x00, 0x00, 0x00, 0x00,
    0x00, 0x00, 0x00, 0x00, 0x00, 0x00, 0x00, 0x00, 0x00, 0x00, 0x00, 0x00,
    0x00, 0x00, 0x00, 0x00, 0x00, 0x00, 0x00, 0x00, 0x00, 0x00, 0x00, 0x00,
    0x00, 0x00, 0x00, 0x00, 0x00, 0x00, 0x00, 0x00, 0x00, 0x00, 0x00, 0x00,
    0x00, 0x00, 0x00, 0x00, 0x00, 0x00, 0x00, 0x00, 0x00, 0x00, 0x00, 0x00,
    0x00, 0x00, 0x00, 0x00, 0x00, 0x00, 0x00, 0x00, 0x00, 0x00, 0x00, 0x00,
    0x00, 0x00, 0x00, 0x00, 0x00, 0x00, 0x00, 0x00, 0x00, 0x00, 0x00, 0x00,
    0x00, 0x00, 0x00, 0x00, 0x00, 0x00, 0x00, 0x00, 0x00, 0x00, 0x00, 0x00,
    0x00, 0x00, 0x00, 0x00, 0x00, 0x00, 0x00, 0x00, 0x00, 0x00, 0x00, 0x00,
    0x00, 0x00, 0x00, 0x00, 0x00, 0x00, 0x00, 0x00, 0x00, 0x00, 0x00, 0x00,
    0x00, 0x00, 0x00, 0x00, 0x00, 0x00, 0x00, 0x00, 0x00, 0x00, 0x00, 0x00,
    0x00, 0x00, 0x00, 0x00, 0x00, 0x00, 0x00, 0x00, 0x00, 0x00, 0x00, 0x00,
    0x00, 0x00, 0x00, 0x00, 0x00, 0x00, 0x00, 0x00, 0x00, 0x00, 0x00, 0x00,
    0x00, 0x00, 0x00, 0x00, 0x00, 0x00, 0x00, 0x00, 0x00, 0x00, 0x00, 0x00,
    0x00, 0x00, 0x00, 0x00, 0x00, 0x00, 0x00, 0x00, 0x00, 0x00, 0x00, 0x00,
    0x00, 0x00, 0x00, 0x00, 0x00, 0x00, 0x00, 0x00, 0x00, 0x00, 0x00, 0x00,
    0x00, 0x00, 0x00, 0x00, 0x00, 0x00, 0x00, 0x00, 0x00, 0x00, 0x00, 0x00,
    0x00, 0x00, 0x00, 0x00, 0x00, 0x00, 0x00, 0x00, 0x00, 0x00, 0x00, 0x00,
    0x00, 0x00, 0x00, 0x00, 0x00, 0x00, 0x00, 0x00, 0x00, 0x00, 0x00, 0x00,
    0x00, 0x00, 0x00, 0x00, 0x00, 0x00, 0x00, 0x00, 0x00, 0x00, 0x00, 0x00,
    0x00, 0x00, 0x00, 0x00, 0x00, 0x00, 0x00, 0x00, 0x00, 0x00, 0x00, 0x00,
    0x00, 0x00, 0x00, 0x00, 0x00, 0x00, 0x00, 0x00, 0x00, 0x00, 0x00, 0x00,
    0x00, 0x00, 0x00, 0x00, 0x00, 0x00, 0x00, 0x00, 0x00, 0x00, 0x00, 0x00,
    0x00, 0x00, 0x00, 0x00, 0x00, 0x00, 0x00, 0x00, 0x00, 0x00, 0x21, 0x00,
    0x84, 0x00, 0xc7, 0x00, 0x49, 0x01, 0x8c, 0x01, 0xce, 0x01, 0xef, 0x01,
    0xef, 0x01, 0x0f, 0x02, 0xef, 0x01, 0xef, 0x01, 0xef, 0x01, 0xef, 0x01,
    0xef, 0x01, 0xef, 0x01, 0xef, 0x01, 0xef, 0x01, 0xef, 0x01, 0xef, 0x01,
    0xef, 0x01, 0xef, 0x01, 0xef, 0x01, 0xef, 0x01, 0xef, 0x01, 0xef, 0x01,
    0xef, 0x01, 0xef, 0x01, 0xef, 0x01, 0xef, 0x01, 0xef, 0x01, 0xef, 0x01,
    0xef, 0x01, 0xef, 0x01, 0xef, 0x01, 0xef, 0x01, 0xef, 0x01, 0xef, 0x01,
    0xef, 0x01, 0xef, 0x01, 0xef, 0x01, 0xef, 0x01, 0xef, 0x01, 0xef, 0x01,
    0xef, 0x01, 0xef, 0x01, 0xef, 0x01, 0xef, 0x01, 0xef, 0x01, 0xef, 0x01,
    0xef, 0x01, 0xef, 0x01, 0xef, 0x01, 0xef, 0x01, 0xef, 0x01, 0xef, 0x01,
    0xef, 0x01, 0xef, 0x01, 0xef, 0x01, 0xef, 0x01, 0xef, 0x01, 0xef, 0x01,
    0xef, 0x01, 0xef, 0x01, 0xef, 0x01, 0xef, 0x01, 0xef, 0x01, 0xef, 0x01,
    0xef, 0x01, 0xef, 0x01, 0x10, 0x02, 0xef, 0x01, 0x8c, 0x01, 0xe7, 0x00,
    0x42, 0x00, 0x00, 0x00, 0x00, 0x00, 0x00, 0x00, 0x00, 0x00, 0x00, 0x00,
    0x00, 0x00, 0x00, 0x00, 0x00, 0x00, 0x00, 0x00, 0x00, 0x00, 0x00, 0x00,
    0x00, 0x00, 0x00, 0x00, 0x00, 0x00, 0x00, 0x00, 0x00, 0x00, 0x00, 0x00,
    0x00, 0x00, 0x00, 0x00, 0x00, 0x00, 0x00, 0x00, 0x00, 0x00, 0x00, 0x00,
    0x00, 0x00, 0x00, 0x00, 0x00, 0x00, 0x00, 0x00, 0x00, 0x00, 0x00, 0x00,
    0x00, 0x00, 0x00, 0x00, 0x00, 0x00, 0x00, 0x00, 0x00, 0x00, 0x00, 0x00,
    0x00, 0x00, 0x00, 0x00, 0x00, 0x00, 0x00, 0x00, 0x00, 0x00, 0x00, 0x00,
    0x00, 0x00, 0x00, 0x00, 0x00, 0x00, 0x00, 0x00, 0x00, 0x00, 0x00, 0x00,
    0x00, 0x00, 0x00, 0x00, 0x00, 0x00, 0x00, 0x00, 0x00, 0x00, 0x00, 0x00,
    0x00, 0x00, 0x00, 0x00, 0x00, 0x00, 0x00, 0x00, 0x00, 0x00, 0x00, 0x00,
    0x00, 0x00, 0x00, 0x00, 0x00, 0x00, 0x00, 0x00, 0x00, 0x00, 0x00, 0x00,
    0x00, 0x00, 0x00, 0x00, 0x00, 0x00, 0x00, 0x00, 0x00, 0x00, 0x00, 0x00,
    0x00, 0x00, 0x00, 0x00, 0x00, 0x00, 0x00, 0x00, 0x00, 0x00, 0x00, 0x00,
    0x00, 0x00, 0x00, 0x00, 0x00, 0x00, 0x00, 0x00, 0x00, 0x00, 0x00, 0x00,
    0x00, 0x00, 0x00, 0x00, 0x00, 0x00, 0x00, 0x00, 0x00, 0x00, 0x00, 0x00,
    0x00, 0x00, 0x00, 0x00, 0x00, 0x00, 0x00, 0x00, 0x00, 0x00, 0x00, 0x00,
    0x00, 0x00, 0x00, 0x00, 0x00, 0x00, 0x00, 0x00, 0x00, 0x00, 0x00, 0x00,
    0x00, 0x00, 0x00, 0x00, 0x00, 0x00, 0x00, 0x00, 0x00, 0x00, 0x00, 0x00,
    0x00, 0x00, 0x00, 0x00, 0x00, 0x00, 0x00, 0x00, 0x00, 0x00, 0x00, 0x00,
    0x00, 0x00, 0x00, 0x00, 0x00, 0x00, 0x00, 0x00, 0x00, 0x00, 0x00, 0x00,
    0x00, 0x00, 0x00, 0x00, 0x00, 0x00, 0x00, 0x00, 0x00, 0x00, 0x00, 0x00,
    0x00, 0x00, 0x00, 0x00, 0x00, 0x00, 0x00, 0x00, 0x00, 0x00, 0x00, 0x00,
    0x00, 0x00, 0x00, 0x00, 0x00, 0x00, 0x00, 0x00, 0x00, 0x00, 0x00, 0x00,
    0x00, 0x00, 0x00, 0x00, 0x00, 0x00, 0x00, 0x00, 0x00, 0x00, 0x00, 0x00,
    0x00, 0x00, 0x00, 0x00, 0x00, 0x00, 0x00, 0x00, 0x00, 0x00, 0x00, 0x00,
    0x00, 0x00, 0x00, 0x00, 0x00, 0x00, 0x00, 0x00, 0x21, 0x00, 0x63, 0x00,
    0xc6, 0x00, 0x29, 0x01, 0x8c, 0x01, 0xce, 0x01, 0xef, 0x01, 0x10, 0x02,
    0x10, 0x02, 0xef, 0x01, 0xef, 0x01, 0xef, 0x01, 0xef, 0x01, 0xef, 0x01,
    0xef, 0x01, 0xef, 0x01, 0xef, 0x01, 0xef, 0x01, 0xef, 0x01, 0xef, 0x01,
    0xef, 0x01, 0xef, 0x01, 0xef, 0x01, 0xef, 0x01, 0xef, 0x01, 0xef, 0x01,
    0xef, 0x01, 0xef, 0x01, 0xef, 0x01, 0xef, 0x01, 0xef, 0x01, 0xef, 0x01,
    0xef, 0x01, 0xef, 0x01, 0xef, 0x01, 0xef, 0x01, 0xef, 0x01, 0xef, 0x01,
    0xef, 0x01, 0xef, 0x01, 0xef, 0x01, 0xef, 0x01, 0xef, 0x01, 0xef, 0x01,
    0xef, 0x01, 0xef, 0x01, 0xef, 0x01, 0xef, 0x01, 0xef, 0x01, 0xef, 0x01,
    0xef, 0x01, 0xef, 0x01, 0xef, 0x01, 0xef, 0x01, 0xef, 0x01, 0xef, 0x01,
    0xef, 0x01, 0xef, 0x01, 0xef, 0x01, 0xef, 0x01, 0xef, 0x01, 0xef, 0x01,
    0xef, 0x01, 0xef, 0x01, 0xef, 0x01, 0xef, 0x01, 0xef, 0x01, 0xef, 0x01,
    0xef, 0x01, 0xef, 0x01, 0xef, 0x01, 0xef, 0x01, 0xef, 0x01, 0xef, 0x01,
    0x0f, 0x02, 0xce, 0x01, 0x4a, 0x01, 0x84, 0x00, 0x00, 0x00, 0x00, 0x00,
    0x00, 0x00, 0x00, 0x00, 0x00, 0x00, 0x00, 0x00, 0x00, 0x00, 0x00, 0x00,
    0x00, 0x00, 0x00, 0x00, 0x00, 0x00, 0x00, 0x00, 0x00, 0x00, 0x00, 0x00,
    0x00, 0x00, 0x00, 0x00, 0x00, 0x00, 0x00, 0x00, 0x00, 0x00, 0x00, 0x00,
    0x00, 0x00, 0x00, 0x00, 0x00, 0x00, 0x00, 0x00, 0x00, 0x00, 0x00, 0x00,
    0x00, 0x00, 0x00, 0x00, 0x00, 0x00, 0x00, 0x00, 0x00, 0x00, 0x00, 0x00,
    0x00, 0x00, 0x00, 0x00, 0x00, 0x00, 0x00, 0x00, 0x00, 0x00, 0x00, 0x00,
    0x00, 0x00, 0x00, 0x00, 0x00, 0x00, 0x00, 0x00, 0x00, 0x00, 0x00, 0x00,
    0x00, 0x00, 0x00, 0x00, 0x00, 0x00, 0x00, 0x00, 0x00, 0x00, 0x00, 0x00,
    0x00, 0x00, 0x00, 0x00, 0x00, 0x00, 0x00, 0x00, 0x00, 0x00, 0x00, 0x00,
    0x00, 0x00, 0x00, 0x00, 0x00, 0x00, 0x00, 0x00, 0x00, 0x00, 0x00, 0x00,
    0x00, 0x00, 0x00, 0x00, 0x00, 0x00, 0x00, 0x00, 0x00, 0x00, 0x00, 0x00,
    0x00, 0x00, 0x00, 0x00, 0x00, 0x00, 0x00, 0x00, 0x00, 0x00, 0x00, 0x00,
    0x00, 0x00, 0x00, 0x00, 0x00, 0x00, 0x00, 0x00, 0x00, 0x00, 0x00, 0x00,
    0x00, 0x00, 0x00, 0x00, 0x00, 0x00, 0x00, 0x00, 0x00, 0x00, 0x00, 0x00,
    0x00, 0x00, 0x00, 0x00, 0x00, 0x00, 0x00, 0x00, 0x00, 0x00, 0x00, 0x00,
    0x00, 0x00, 0x00, 0x00, 0x00, 0x00, 0x00, 0x00, 0x00, 0x00, 0x00, 0x00,
    0x00, 0x00, 0x00, 0x00, 0x00, 0x00, 0x00, 0x00, 0x00, 0x00, 0x00, 0x00,
    0x00, 0x00, 0x00, 0x00, 0x00, 0x00, 0x00, 0x00, 0x00, 0x00, 0x00, 0x00,
    0x00, 0x00, 0x00, 0x00, 0x00, 0x00, 0x00, 0x00, 0x00, 0x00, 0x00, 0x00,
    0x00, 0x00, 0x00, 0x00, 0x00, 0x00, 0x00, 0x00, 0x00, 0x00, 0x00, 0x00,
    0x00, 0x00, 0x00, 0x00, 0x00, 0x00, 0x00, 0x00, 0x00, 0x00, 0x00, 0x00,
    0x00, 0x00, 0x00, 0x00, 0x00, 0x00, 0x00, 0x00, 0x00, 0x00, 0x00, 0x00,
    0x00, 0x00, 0x00, 0x00, 0x00, 0x00, 0x00, 0x00, 0x00, 0x00, 0x00, 0x00,
    0x00, 0x00, 0x00, 0x00, 0x00, 0x00, 0x00, 0x00, 0x00, 0x00, 0x00, 0x00,
    0x00, 0x00, 0x00, 0x00, 0x00, 0x00, 0x00, 0x00, 0x42, 0x00, 0xa5, 0x00,
    0x08, 0x01, 0x6b, 0x01, 0xce, 0x01, 0xef, 0x01, 0xef, 0x01, 0xef, 0x01,
    0xef, 0x01, 0xef, 0x01, 0xef, 0x01, 0xef, 0x01, 0xef, 0x01, 0xef, 0x01,
    0xef, 0x01, 0xef, 0x01, 0xef, 0x01, 0xef, 0x01, 0xef, 0x01, 0xef, 0x01,
    0xef, 0x01, 0xef, 0x01, 0xef, 0x01, 0xef, 0x01, 0xef, 0x01, 0xef, 0x01,
    0xef, 0x01, 0xef, 0x01, 0xef, 0x01, 0xef, 0x01, 0xef, 0x01, 0xef, 0x01,
    0xef, 0x01, 0xef, 0x01, 0xef, 0x01, 0xef, 0x01, 0xef, 0x01, 0xef, 0x01,
    0xef, 0x01, 0xef, 0x01, 0xef, 0x01, 0xef, 0x01, 0xef, 0x01, 0xef, 0x01,
    0xef, 0x01, 0xef, 0x01, 0xef, 0x01, 0xef, 0x01, 0xef, 0x01, 0xef, 0x01,
    0xef, 0x01, 0xef, 0x01, 0xef, 0x01, 0xef, 0x01, 0xef, 0x01, 0xef, 0x01,
    0xef, 0x01, 0xef, 0x01, 0xef, 0x01, 0xef, 0x01, 0xef, 0x01, 0xef, 0x01,
    0xef, 0x01, 0xef, 0x01, 0xef, 0x01, 0xef, 0x01, 0xef, 0x01, 0xef, 0x01,
    0xef, 0x01, 0xef, 0x01, 0xef, 0x01, 0xef, 0x01, 0xef, 0x01, 0xef, 0x01,
    0xef, 0x01, 0xef, 0x01, 0xef, 0x01, 0x10, 0x02, 0xef, 0x01, 0x8c, 0x01,
    0xc6, 0x00, 0x21, 0x00, 0x00, 0x00, 0x00, 0x00, 0x00, 0x00, 0x00, 0x00,
    0x00, 0x00, 0x00, 0x00, 0x00, 0x00, 0x00, 0x00, 0x00, 0x00, 0x00, 0x00,
    0x00, 0x00, 0x00, 0x00, 0x00, 0x00, 0x00, 0x00, 0x00, 0x00, 0x00, 0x00,
    0x00, 0x00, 0x00, 0x00, 0x00, 0x00, 0x00, 0x00, 0x00, 0x00, 0x00, 0x00,
    0x00, 0x00, 0x00, 0x00, 0x00, 0x00, 0x00, 0x00, 0x00, 0x00, 0x00, 0x00,
    0x00, 0x00, 0x00, 0x00, 0x00, 0x00, 0x00, 0x00, 0x00, 0x00, 0x00, 0x00,
    0x00, 0x00, 0x00, 0x00, 0x00, 0x00, 0x00, 0x00, 0x00, 0x00, 0x00, 0x00,
    0x00, 0x00, 0x00, 0x00, 0x00, 0x00, 0x00, 0x00, 0x00, 0x00, 0x00, 0x00,
    0x00, 0x00, 0x00, 0x00, 0x00, 0x00, 0x00, 0x00, 0x00, 0x00, 0x00, 0x00,
    0x00, 0x00, 0x00, 0x00, 0x00, 0x00, 0x00, 0x00, 0x00, 0x00, 0x00, 0x00,
    0x00, 0x00, 0x00, 0x00, 0x00, 0x00, 0x00, 0x00, 0x00, 0x00, 0x00, 0x00,
    0x00, 0x00, 0x00, 0x00, 0x00, 0x00, 0x00, 0x00, 0x00, 0x00, 0x00, 0x00,
    0x00, 0x00, 0x00, 0x00, 0x00, 0x00, 0x00, 0x00, 0x00, 0x00, 0x00, 0x00,
    0x00, 0x00, 0x00, 0x00, 0x00, 0x00, 0x00, 0x00, 0x00, 0x00, 0x00, 0x00,
    0x00, 0x00, 0x00, 0x00, 0x00, 0x00, 0x00, 0x00, 0x00, 0x00, 0x00, 0x00,
    0x00, 0x00, 0x00, 0x00, 0x00, 0x00, 0x00, 0x00, 0x00, 0x00, 0x00, 0x00,
    0x00, 0x00, 0x00, 0x00, 0x00, 0x00, 0x00, 0x00, 0x00, 0x00, 0x00, 0x00,
    0x00, 0x00, 0x00, 0x00, 0x00, 0x00, 0x00, 0x00, 0x00, 0x00, 0x00, 0x00,
    0x00, 0x00, 0x00, 0x00, 0x00, 0x00, 0x00, 0x00, 0x00, 0x00, 0x00, 0x00,
    0x00, 0x00, 0x00, 0x00, 0x00, 0x00, 0x00, 0x00, 0x00, 0x00, 0x00, 0x00,
    0x00, 0x00, 0x00, 0x00, 0x00, 0x00, 0x00, 0x00, 0x00, 0x00, 0x00, 0x00,
    0x00, 0x00, 0x00, 0x00, 0x00, 0x00, 0x00, 0x00, 0x00, 0x00, 0x00, 0x00,
    0x00, 0x00, 0x00, 0x00, 0x00, 0x00, 0x00, 0x00, 0x00, 0x00, 0x00, 0x00,
    0x00, 0x00, 0x00, 0x00, 0x00, 0x00, 0x00, 0x00, 0x00, 0x00, 0x00, 0x00,
    0x00, 0x00, 0x00, 0x00, 0x00, 0x00, 0x21, 0x00, 0x63, 0x00, 0xe7, 0x00,
    0x4a, 0x01, 0xad, 0x01, 0xef, 0x01, 0xef, 0x01, 0xef, 0x01, 0xef, 0x01,
    0xef, 0x01, 0xef, 0x01, 0xef, 0x01, 0xef, 0x01, 0xef, 0x01, 0xef, 0x01,
    0xef, 0x01, 0xef, 0x01, 0xef, 0x01, 0xef, 0x01, 0xef, 0x01, 0xef, 0x01,
    0xef, 0x01, 0xef, 0x01, 0xef, 0x01, 0xef, 0x01, 0xef, 0x01, 0xef, 0x01,
    0xef, 0x01, 0xef, 0x01, 0xef, 0x01, 0xef, 0x01, 0xef, 0x01, 0xef, 0x01,
    0xef, 0x01, 0xef, 0x01, 0xef, 0x01, 0xef, 0x01, 0xef, 0x01, 0xef, 0x01,
    0xef, 0x01, 0xef, 0x01, 0xef, 0x01, 0xef, 0x01, 0xef, 0x01, 0xef, 0x01,
    0xef, 0x01, 0xef, 0x01, 0xef, 0x01, 0xef, 0x01, 0xef, 0x01, 0xef, 0x01,
    0xef, 0x01, 0xef, 0x01, 0xef, 0x01, 0xef, 0x01, 0xef, 0x01, 0xef, 0x01,
    0xef, 0x01, 0xef, 0x01, 0xef, 0x01, 0xef, 0x01, 0xef, 0x01, 0xef, 0x01,
    0xef, 0x01, 0xef, 0x01, 0xef, 0x01, 0xef, 0x01, 0xef, 0x01, 0xef, 0x01,
    0xef, 0x01, 0xef, 0x01, 0xef, 0x01, 0xef, 0x01, 0xef, 0x01, 0xef, 0x01,
    0xef, 0x01, 0xef, 0x01, 0xef, 0x01, 0xef, 0x01, 0xef, 0x01, 0xef, 0x01,
    0xef, 0x01, 0xf0, 0x01, 0xce, 0x01, 0x08, 0x01, 0x42, 0x00, 0x00, 0x00,
    0x00, 0x00, 0x00, 0x00, 0x00, 0x00, 0x00, 0x00, 0x00, 0x00, 0x00, 0x00,
    0x00, 0x00, 0x00, 0x00, 0x00, 0x00, 0x00, 0x00, 0x00, 0x00, 0x00, 0x00,
    0x00, 0x00, 0x00, 0x00, 0x00, 0x00, 0x00, 0x00, 0x00, 0x00, 0x00, 0x00,
    0x00, 0x00, 0x00, 0x00, 0x00, 0x00, 0x00, 0x00, 0x00, 0x00, 0x00, 0x00,
    0x00, 0x00, 0x00, 0x00, 0x00, 0x00, 0x00, 0x00, 0x00, 0x00, 0x00, 0x00,
    0x00, 0x00, 0x00, 0x00, 0x00, 0x00, 0x00, 0x00, 0x00, 0x00, 0x00, 0x00,
    0x00, 0x00, 0x00, 0x00, 0x00, 0x00, 0x00, 0x00, 0x00, 0x00, 0x00, 0x00,
    0x00, 0x00, 0x00, 0x00, 0x00, 0x00, 0x00, 0x00, 0x00, 0x00, 0x00, 0x00,
    0x00, 0x00, 0x00, 0x00, 0x00, 0x00, 0x00, 0x00, 0x00, 0x00, 0x00, 0x00,
    0x00, 0x00, 0x00, 0x00, 0x00, 0x00, 0x00, 0x00, 0x00, 0x00, 0x00, 0x00,
    0x00, 0x00, 0x00, 0x00, 0x00, 0x00, 0x00, 0x00, 0x00, 0x00, 0x00, 0x00,
    0x00, 0x00, 0x00, 0x00, 0x00, 0x00, 0x00, 0x00, 0x00, 0x00, 0x00, 0x00,
    0x00, 0x00, 0x00, 0x00, 0x00, 0x00, 0x00, 0x00, 0x00, 0x00, 0x00, 0x00,
    0x00, 0x00, 0x00, 0x00, 0x00, 0x00, 0x00, 0x00, 0x00, 0x00, 0x00, 0x00,
    0x00, 0x00, 0x00, 0x00, 0x00, 0x00, 0x00, 0x00, 0x00, 0x00, 0x00, 0x00,
    0x00, 0x00, 0x00, 0x00, 0x00, 0x00, 0x00, 0x00, 0x00, 0x00, 0x00, 0x00,
    0x00, 0x00, 0x00, 0x00, 0x00, 0x00, 0x00, 0x00, 0x00, 0x00, 0x00, 0x00,
    0x00, 0x00, 0x00, 0x00, 0x00, 0x00, 0x00, 0x00, 0x00, 0x00, 0x00, 0x00,
    0x00, 0x00, 0x00, 0x00, 0x00, 0x00, 0x00, 0x00, 0x00, 0x00, 0x00, 0x00,
    0x00, 0x00, 0x00, 0x00, 0x00, 0x00, 0x00, 0x00, 0x00, 0x00, 0x00, 0x00,
    0x00, 0x00, 0x00, 0x00, 0x00, 0x00, 0x00, 0x00, 0x00, 0x00, 0x00, 0x00,
    0x00, 0x00, 0x00, 0x00, 0x00, 0x00, 0x00, 0x00, 0x00, 0x00, 0x00, 0x00,
    0x00, 0x00, 0x00, 0x00, 0x00, 0x00, 0x00, 0x00, 0x00, 0x00, 0x00, 0x00,
    0x00, 0x00, 0x00, 0x00, 0x00, 0x00, 0x42, 0x00, 0xa5, 0x00, 0x08, 0x01,
    0x8c, 0x01, 0xce, 0x01, 0xef, 0x01, 0xef, 0x01, 0xef, 0x01, 0xef, 0x01,
    0xef, 0x01, 0xef, 0x01, 0xef, 0x01, 0xef, 0x01, 0xef, 0x01, 0xef, 0x01,
    0xef, 0x01, 0xef, 0x01, 0xef, 0x01, 0xef, 0x01, 0xef, 0x01, 0xef, 0x01,
    0xef, 0x01, 0xef, 0x01, 0xef, 0x01, 0xef, 0x01, 0xef, 0x01, 0xef, 0x01,
    0xef, 0x01, 0xef, 0x01, 0xef, 0x01, 0xef, 0x01, 0xef, 0x01, 0xef, 0x01,
    0xef, 0x01, 0xef, 0x01, 0xef, 0x01, 0xef, 0x01, 0xef, 0x01, 0xef, 0x01,
    0xef, 0x01, 0xef, 0x01, 0xef, 0x01, 0xef, 0x01, 0xef, 0x01, 0xef, 0x01,
    0xef, 0x01, 0xef, 0x01, 0xef, 0x01, 0xef, 0x01, 0xef, 0x01, 0xef, 0x01,
    0xef, 0x01, 0xef, 0x01, 0xef, 0x01, 0xef, 0x01, 0xef, 0x01, 0xef, 0x01,
    0xef, 0x01, 0xef, 0x01, 0xef, 0x01, 0xef, 0x01, 0xef, 0x01, 0xef, 0x01,
    0xef, 0x01, 0xef, 0x01, 0xef, 0x01, 0xef, 0x01, 0xef, 0x01, 0xef, 0x01,
    0xef, 0x01, 0xef, 0x01, 0xef, 0x01, 0xef, 0x01, 0xef, 0x01, 0xef, 0x01,
    0xef, 0x01, 0xef, 0x01, 0xef, 0x01, 0xef, 0x01, 0xef, 0x01, 0xef, 0x01,
    0xef, 0x01, 0xef, 0x01, 0xef, 0x01, 0xef, 0x01, 0x0f, 0x02, 0xce, 0x01,
    0x2a, 0x01, 0x63, 0x00, 0x00, 0x00, 0x00, 0x00, 0x00, 0x00, 0x00, 0x00,
    0x00, 0x00, 0x00, 0x00, 0x00, 0x00, 0x00, 0x00, 0x00, 0x00, 0x00, 0x00,
    0x00, 0x00, 0x00, 0x00, 0x00, 0x00, 0x00, 0x00, 0x00, 0x00, 0x00, 0x00,
    0x00, 0x00, 0x00, 0x00, 0x00, 0x00, 0x00, 0x00, 0x00, 0x00, 0x00, 0x00,
    0x00, 0x00, 0x00, 0x00, 0x00, 0x00, 0x00, 0x00, 0x00, 0x00, 0x00, 0x00,
    0x00, 0x00, 0x00, 0x00, 0x00, 0x00, 0x00, 0x00, 0x00, 0x00, 0x00, 0x00,
    0x00, 0x00, 0x00, 0x00, 0x00, 0x00, 0x00, 0x00, 0x00, 0x00, 0x00, 0x00,
    0x00, 0x00, 0x00, 0x00, 0x00, 0x00, 0x00, 0x00, 0x00, 0x00, 0x00, 0x00,
    0x00, 0x00, 0x00, 0x00, 0x00, 0x00, 0x00, 0x00, 0x00, 0x00, 0x00, 0x00,
    0x00, 0x00, 0x00, 0x00, 0x00, 0x00, 0x00, 0x00, 0x00, 0x00, 0x00, 0x00,
    0x00, 0x00, 0x00, 0x00, 0x00, 0x00, 0x00, 0x00, 0x00, 0x00, 0x00, 0x00,
    0x00, 0x00, 0x00, 0x00, 0x00, 0x00, 0x00, 0x00, 0x00, 0x00, 0x00, 0x00,
    0x00, 0x00, 0x00, 0x00, 0x00, 0x00, 0x00, 0x00, 0x00, 0x00, 0x00, 0x00,
    0x00, 0x00, 0x00, 0x00, 0x00, 0x00, 0x00, 0x00, 0x00, 0x00, 0x00, 0x00,
    0x00, 0x00, 0x00, 0x00, 0x00, 0x00, 0x00, 0x00, 0x00, 0x00, 0x00, 0x00,
    0x00, 0x00, 0x00, 0x00, 0x00, 0x00, 0x00, 0x00, 0x00, 0x00, 0x00, 0x00,
    0x00, 0x00, 0x00, 0x00, 0x00, 0x00, 0x00, 0x00, 0x00, 0x00, 0x00, 0x00,
    0x00, 0x00, 0x00, 0x00, 0x00, 0x00, 0x00, 0x00, 0x00, 0x00, 0x00, 0x00,
    0x00, 0x00, 0x00, 0x00, 0x00, 0x00, 0x00, 0x00, 0x00, 0x00, 0x00, 0x00,
    0x00, 0x00, 0x00, 0x00, 0x00, 0x00, 0x00, 0x00, 0x00, 0x00, 0x00, 0x00,
    0x00, 0x00, 0x00, 0x00, 0x00, 0x00, 0x00, 0x00, 0x00, 0x00, 0x00, 0x00,
    0x00, 0x00, 0x00, 0x00, 0x00, 0x00, 0x00, 0x00, 0x00, 0x00, 0x00, 0x00,
    0x00, 0x00, 0x00, 0x00, 0x00, 0x00, 0x00, 0x00, 0x00, 0x00, 0x00, 0x00,
    0x00, 0x00, 0x00, 0x00, 0x00, 0x00, 0x63, 0x00, 0xc7, 0x00, 0x4a, 0x01,
    0xad, 0x01, 0xef, 0x01, 0x10, 0x02, 0xef, 0x01, 0xef, 0x01, 0xef, 0x01,
    0xef, 0x01, 0xef, 0x01, 0xef, 0x01, 0xef, 0x01, 0xef, 0x01, 0xef, 0x01,
    0xef, 0x01, 0xef, 0x01, 0xef, 0x01, 0xef, 0x01, 0xef, 0x01, 0xef, 0x01,
    0xef, 0x01, 0xef, 0x01, 0xef, 0x01, 0xef, 0x01, 0xef, 0x01, 0xef, 0x01,
    0xef, 0x01, 0xef, 0x01, 0xef, 0x01, 0xef, 0x01, 0xef, 0x01, 0xef, 0x01,
    0xef, 0x01, 0xef, 0x01, 0xef, 0x01, 0xef, 0x01, 0xef, 0x01, 0xef, 0x01,
    0xef, 0x01, 0xef, 0x01, 0xef, 0x01, 0xef, 0x01, 0xef, 0x01, 0xef, 0x01,
    0xef, 0x01, 0xef, 0x01, 0xef, 0x01, 0xef, 0x01, 0xef, 0x01, 0xef, 0x01,
    0xef, 0x01, 0xef, 0x01, 0xef, 0x01, 0xef, 0x01, 0xef, 0x01, 0xef, 0x01,
    0xef, 0x01, 0xef, 0x01, 0xef, 0x01, 0xef, 0x01, 0xef, 0x01, 0xef, 0x01,
    0xef, 0x01, 0xef, 0x01, 0xef, 0x01, 0xef, 0x01, 0xef, 0x01, 0xef, 0x01,
    0xef, 0x01, 0xef, 0x01, 0xef, 0x01, 0xef, 0x01, 0xef, 0x01, 0xef, 0x01,
    0xef, 0x01, 0xef, 0x01, 0xef, 0x01, 0xef, 0x01, 0xef, 0x01, 0xef, 0x01,
    0xef, 0x01, 0xef, 0x01, 0xef, 0x01, 0xef, 0x01, 0xef, 0x01, 0xef, 0x01,
    0xef, 0x01, 0x0f, 0x02, 0xef, 0x01, 0x6b, 0x01, 0x84, 0x00, 0x00, 0x00,
    0x00, 0x00, 0x00, 0x00, 0x00, 0x00, 0x00, 0x00, 0x00, 0x00, 0x00, 0x00,
    0x00, 0x00, 0x00, 0x00, 0x00, 0x00, 0x00, 0x00, 0x00, 0x00, 0x00, 0x00,
    0x00, 0x00, 0x00, 0x00, 0x00, 0x00, 0x00, 0x00, 0x00, 0x00, 0x00, 0x00,
    0x00, 0x00, 0x00, 0x00, 0x00, 0x00, 0x00, 0x00, 0x00, 0x00, 0x00, 0x00,
    0x00, 0x00, 0x00, 0x00, 0x00, 0x00, 0x00, 0x00, 0x00, 0x00, 0x00, 0x00,
    0x00, 0x00, 0x00, 0x00, 0x00, 0x00, 0x00, 0x00, 0x00, 0x00, 0x00, 0x00,
    0x00, 0x00, 0x00, 0x00, 0x00, 0x00, 0x00, 0x00, 0x00, 0x00, 0x00, 0x00,
    0x00, 0x00, 0x00, 0x00, 0x00, 0x00, 0x00, 0x00, 0x00, 0x00, 0x00, 0x00,
    0x00, 0x00, 0x00, 0x00, 0x00, 0x00, 0x00, 0x00, 0x00, 0x00, 0x00, 0x00,
    0x00, 0x00, 0x00, 0x00, 0x00, 0x00, 0x00, 0x00, 0x00, 0x00, 0x00, 0x00,
    0x00, 0x00, 0x00, 0x00, 0x00, 0x00, 0x00, 0x00, 0x00, 0x00, 0x00, 0x00,
    0x00, 0x00, 0x00, 0x00, 0x00, 0x00, 0x00, 0x00, 0x00, 0x00, 0x00, 0x00,
    0x00, 0x00, 0x00, 0x00, 0x00, 0x00, 0x00, 0x00, 0x00, 0x00, 0x00, 0x00,
    0x00, 0x00, 0x00, 0x00, 0x00, 0x00, 0x00, 0x00, 0x00, 0x00, 0x00, 0x00,
    0x00, 0x00, 0x00, 0x00, 0x00, 0x00, 0x00, 0x00, 0x00, 0x00, 0x00, 0x00,
    0x00, 0x00, 0x00, 0x00, 0x00, 0x00, 0x00, 0x00, 0x00, 0x00, 0x00, 0x00,
    0x00, 0x00, 0x00, 0x00, 0x00, 0x00, 0x00, 0x00, 0x00, 0x00, 0x00, 0x00,
    0x00, 0x00, 0x00, 0x00, 0x00, 0x00, 0x00, 0x00, 0x00, 0x00, 0x00, 0x00,
    0x00, 0x00, 0x00, 0x00, 0x00, 0x00, 0x00, 0x00, 0x00, 0x00, 0x00, 0x00,
    0x00, 0x00, 0x00, 0x00, 0x00, 0x00, 0x00, 0x00, 0x00, 0x00, 0x00, 0x00,
    0x00, 0x00, 0x00, 0x00, 0x00, 0x00, 0x00, 0x00, 0x00, 0x00, 0x00, 0x00,
    0x00, 0x00, 0x00, 0x00, 0x00, 0x00, 0x00, 0x00, 0x00, 0x00, 0x00, 0x00,
    0x00, 0x00, 0x00, 0x00, 0x21, 0x00, 0x84, 0x00, 0x08, 0x01, 0x6b, 0x01,
    0xce, 0x01, 0x0f, 0x02, 0xf0, 0x01, 0xef, 0x01, 0xef, 0x01, 0xef, 0x01,
    0xef, 0x01, 0xef, 0x01, 0xef, 0x01, 0xef, 0x01, 0xef, 0x01, 0xef, 0x01,
    0xef, 0x01, 0xef, 0x01, 0xef, 0x01, 0xef, 0x01, 0xef, 0x01, 0xef, 0x01,
    0xef, 0x01, 0xef, 0x01, 0xef, 0x01, 0xef, 0x01, 0xef, 0x01, 0xef, 0x01,
    0xef, 0x01, 0xef, 0x01, 0xef, 0x01, 0xef, 0x01, 0xef, 0x01, 0xef, 0x01,
    0xef, 0x01, 0xef, 0x01, 0xef, 0x01, 0xef, 0x01, 0xef, 0x01, 0xef, 0x01,
    0xef, 0x01, 0xef, 0x01, 0xef, 0x01, 0xef, 0x01, 0xef, 0x01, 0xef, 0x01,
    0xef, 0x01, 0xef, 0x01, 0xef, 0x01, 0xef, 0x01, 0xef, 0x01, 0xef, 0x01,
    0xef, 0x01, 0xef, 0x01, 0xef, 0x01, 0xef, 0x01, 0xef, 0x01, 0xef, 0x01,
    0xef, 0x01, 0xef, 0x01, 0xef, 0x01, 0xef, 0x01, 0xef, 0x01, 0xef, 0x01,
    0xef, 0x01, 0xef, 0x01, 0xef, 0x01, 0xef, 0x01, 0xef, 0x01, 0xef, 0x01,
    0xef, 0x01, 0xef, 0x01, 0xef, 0x01, 0xef, 0x01, 0xef, 0x01, 0xef, 0x01,
    0xef, 0x01, 0xef, 0x01, 0xef, 0x01, 0xef, 0x01, 0xef, 0x01, 0xef, 0x01,
    0xef, 0x01, 0xef, 0x01, 0xef, 0x01, 0xef, 0x01, 0xef, 0x01, 0xef, 0x01,
    0xef, 0x01, 0xef, 0x01, 0xef, 0x01, 0xef, 0x01, 0xef, 0x01, 0xef, 0x01,
    0x8c, 0x01, 0xa5, 0x00, 0x00, 0x00, 0x00, 0x00, 0x00, 0x00, 0x00, 0x00,
    0x00, 0x00, 0x00, 0x00, 0x00, 0x00, 0x00, 0x00, 0x00, 0x00, 0x00, 0x00,
    0x00, 0x00, 0x00, 0x00, 0x00, 0x00, 0x00, 0x00, 0x00, 0x00, 0x00, 0x00,
    0x00, 0x00, 0x00, 0x00, 0x00, 0x00, 0x00, 0x00, 0x00, 0x00, 0x00, 0x00,
    0x00, 0x00, 0x00, 0x00, 0x00, 0x00, 0x00, 0x00, 0x00, 0x00, 0x00, 0x00,
    0x00, 0x00, 0x00, 0x00, 0x00, 0x00, 0x00, 0x00, 0x00, 0x00, 0x00, 0x00,
    0x00, 0x00, 0x00, 0x00, 0x00, 0x00, 0x00, 0x00, 0x00, 0x00, 0x00, 0x00,
    0x00, 0x00, 0x00, 0x00, 0x00, 0x00, 0x00, 0x00, 0x00, 0x00, 0x00, 0x00,
    0x00, 0x00, 0x00, 0x00, 0x00, 0x00, 0x00, 0x00, 0x00, 0x00, 0x00, 0x00,
    0x00, 0x00, 0x00, 0x00, 0x00, 0x00, 0x00, 0x00, 0x00, 0x00, 0x00, 0x00,
    0x00, 0x00, 0x00, 0x00, 0x00, 0x00, 0x00, 0x00, 0x00, 0x00, 0x00, 0x00,
    0x00, 0x00, 0x00, 0x00, 0x00, 0x00, 0x00, 0x00, 0x00, 0x00, 0x00, 0x00,
    0x00, 0x00, 0x00, 0x00, 0x00, 0x00, 0x00, 0x00, 0x00, 0x00, 0x00, 0x00,
    0x00, 0x00, 0x00, 0x00, 0x00, 0x00, 0x00, 0x00, 0x00, 0x00, 0x00, 0x00,
    0x00, 0x00, 0x00, 0x00, 0x00, 0x00, 0x00, 0x00, 0x00, 0x00, 0x00, 0x00,
    0x00, 0x00, 0x00, 0x00, 0x00, 0x00, 0x00, 0x00, 0x00, 0x00, 0x00, 0x00,
    0x00, 0x00, 0x00, 0x00, 0x00, 0x00, 0x00, 0x00, 0x00, 0x00, 0x00, 0x00,
    0x00, 0x00, 0x00, 0x00, 0x00, 0x00, 0x00, 0x00, 0x00, 0x00, 0x00, 0x00,
    0x00, 0x00, 0x00, 0x00, 0x00, 0x00, 0x00, 0x00, 0x00, 0x00, 0x00, 0x00,
    0x00, 0x00, 0x00, 0x00, 0x00, 0x00, 0x00, 0x00, 0x00, 0x00, 0x00, 0x00,
    0x00, 0x00, 0x00, 0x00, 0x00, 0x00, 0x00, 0x00, 0x00, 0x00, 0x00, 0x00,
    0x00, 0x00, 0x00, 0x00, 0x00, 0x00, 0x00, 0x00, 0x00, 0x00, 0x00, 0x00,
    0x00, 0x00, 0x00, 0x00, 0x42, 0x00, 0xa5, 0x00, 0x29, 0x01, 0xac, 0x01,
    0xef, 0x01, 0x0f, 0x02, 0xef, 0x01, 0xef, 0x01, 0xef, 0x01, 0xef, 0x01,
    0xef, 0x01, 0xef, 0x01, 0xef, 0x01, 0xef, 0x01, 0xef, 0x01, 0xef, 0x01,
    0xef, 0x01, 0xef, 0x01, 0xef, 0x01, 0xef, 0x01, 0xef, 0x01, 0xef, 0x01,
    0xef, 0x01, 0xef, 0x01, 0xef, 0x01, 0xef, 0x01, 0xef, 0x01, 0xef, 0x01,
    0xef, 0x01, 0xef, 0x01, 0xef, 0x01, 0xef, 0x01, 0xef, 0x01, 0xef, 0x01,
    0xef, 0x01, 0xef, 0x01, 0xef, 0x01, 0xef, 0x01, 0xef, 0x01, 0xef, 0x01,
    0xef, 0x01, 0xef, 0x01, 0xef, 0x01, 0xef, 0x01, 0xef, 0x01, 0xef, 0x01,
    0xef, 0x01, 0xef, 0x01, 0xef, 0x01, 0xef, 0x01, 0xef, 0x01, 0xef, 0x01,
    0xef, 0x01, 0xef, 0x01, 0xef, 0x01, 0xef, 0x01, 0xef, 0x01, 0xef, 0x01,
    0xef, 0x01, 0xef, 0x01, 0xef, 0x01, 0xef, 0x01, 0xef, 0x01, 0xef, 0x01,
    0xef, 0x01, 0xef, 0x01, 0xef, 0x01, 0xef, 0x01, 0xef, 0x01, 0xef, 0x01,
    0xef, 0x01, 0xef, 0x01, 0xef, 0x01, 0xef, 0x01, 0xef, 0x01, 0xef, 0x01,
    0xef, 0x01, 0xef, 0x01, 0xef, 0x01, 0xef, 0x01, 0xef, 0x01, 0xef, 0x01,
    0xef, 0x01, 0xef, 0x01, 0xef, 0x01, 0xef, 0x01, 0xef, 0x01, 0xef, 0x01,
    0xef, 0x01, 0xef, 0x01, 0xef, 0x01, 0xef, 0x01, 0xef, 0x01, 0xef, 0x01,
    0xef, 0x01, 0xef, 0x01, 0xef, 0x01, 0x8c, 0x01, 0xa5, 0x00, 0x00, 0x00,
    0x00, 0x00, 0x00, 0x00, 0x00, 0x00, 0x00, 0x00, 0x00, 0x00, 0x00, 0x00,
    0x00, 0x00, 0x00, 0x00, 0x00, 0x00, 0x00, 0x00, 0x00, 0x00, 0x00, 0x00,
    0x00, 0x00, 0x00, 0x00, 0x00, 0x00, 0x00, 0x00, 0x00, 0x00, 0x00, 0x00,
    0x00, 0x00, 0x00, 0x00, 0x00, 0x00, 0x00, 0x00, 0x00, 0x00, 0x00, 0x00,
    0x00, 0x00, 0x00, 0x00, 0x00, 0x00, 0x00, 0x00, 0x00, 0x00, 0x00, 0x00,
    0x00, 0x00, 0x00, 0x00, 0x00, 0x00, 0x00, 0x00, 0x00, 0x00, 0x00, 0x00,
    0x00, 0x00, 0x00, 0x00, 0x00, 0x00, 0x00, 0x00, 0x00, 0x00, 0x00, 0x00,
    0x00, 0x00, 0x00, 0x00, 0x00, 0x00, 0x00, 0x00, 0x00, 0x00, 0x00, 0x00,
    0x00, 0x00, 0x00, 0x00, 0x00, 0x00, 0x00, 0x00, 0x00, 0x00, 0x00, 0x00,
    0x00, 0x00, 0x00, 0x00, 0x00, 0x00, 0x00, 0x00, 0x00, 0x00, 0x00, 0x00,
    0x00, 0x00, 0x00, 0x00, 0x00, 0x00, 0x00, 0x00, 0x00, 0x00, 0x00, 0x00,
    0x00, 0x00, 0x00, 0x00, 0x00, 0x00, 0x00, 0x00, 0x00, 0x00, 0x00, 0x00,
    0x00, 0x00, 0x00, 0x00, 0x00, 0x00, 0x00, 0x00, 0x00, 0x00, 0x00, 0x00,
    0x00, 0x00, 0x00, 0x00, 0x00, 0x00, 0x00, 0x00, 0x00, 0x00, 0x00, 0x00,
    0x00, 0x00, 0x00, 0x00, 0x00, 0x00, 0x00, 0x00, 0x00, 0x00, 0x00, 0x00,
    0x00, 0x00, 0x00, 0x00, 0x00, 0x00, 0x00, 0x00, 0x00, 0x00, 0x00, 0x00,
    0x00, 0x00, 0x00, 0x00, 0x00, 0x00, 0x00, 0x00, 0x00, 0x00, 0x00, 0x00,
    0x00, 0x00, 0x00, 0x00, 0x00, 0x00, 0x00, 0x00, 0x00, 0x00, 0x00, 0x00,
    0x00, 0x00, 0x00, 0x00, 0x00, 0x00, 0x00, 0x00, 0x00, 0x00, 0x00, 0x00,
    0x00, 0x00, 0x00, 0x00, 0x00, 0x00, 0x00, 0x00, 0x00, 0x00, 0x00, 0x00,
    0x00, 0x00, 0x00, 0x00, 0x00, 0x00, 0x00, 0x00, 0x00, 0x00, 0x00, 0x00,
    0x00, 0x00, 0x00, 0x00, 0x42, 0x00, 0xa5, 0x00, 0x4a, 0x01, 0xad, 0x01,
    0xef, 0x01, 0x10, 0x02, 0xef, 0x01, 0xef, 0x01, 0xef, 0x01, 0xef, 0x01,
    0xef, 0x01, 0xef, 0x01, 0xef, 0x01, 0xef, 0x01, 0xef, 0x01, 0xef, 0x01,
    0xef, 0x01, 0xef, 0x01, 0xef, 0x01, 0xef, 0x01, 0xef, 0x01, 0xef, 0x01,
    0xef, 0x01, 0xef, 0x01, 0xef, 0x01, 0xef, 0x01, 0xef, 0x01, 0xef, 0x01,
    0xef, 0x01, 0xef, 0x01, 0xef, 0x01, 0xef, 0x01, 0xef, 0x01, 0xef, 0x01,
    0xef, 0x01, 0xef, 0x01, 0xef, 0x01, 0xef, 0x01, 0xef, 0x01, 0xef, 0x01,
    0xef, 0x01, 0xef, 0x01, 0xef, 0x01, 0xef, 0x01, 0xef, 0x01, 0xef, 0x01,
    0xef, 0x01, 0xef, 0x01, 0xef, 0x01, 0xef, 0x01, 0xef, 0x01, 0xef, 0x01,
    0xef, 0x01, 0xef, 0x01, 0xef, 0x01, 0xef, 0x01, 0xef, 0x01, 0xef, 0x01,
    0xef, 0x01, 0xef, 0x01, 0xef, 0x01, 0xef, 0x01, 0xef, 0x01, 0xef, 0x01,
    0xef, 0x01, 0xef, 0x01, 0xef, 0x01, 0xef, 0x01, 0xef, 0x01, 0xef, 0x01,
    0xef, 0x01, 0xef, 0x01, 0xef, 0x01, 0xef, 0x01, 0xef, 0x01, 0xef, 0x01,
    0xef, 0x01, 0xef, 0x01, 0xef, 0x01, 0xef, 0x01, 0xef, 0x01, 0xef, 0x01,
    0xef, 0x01, 0xef, 0x01, 0xef, 0x01, 0xef, 0x01, 0xef, 0x01, 0xef, 0x01,
    0xef, 0x01, 0xef, 0x01, 0xef, 0x01, 0xef, 0x01, 0xef, 0x01, 0xef, 0x01,
    0xef, 0x01, 0xef, 0x01, 0xef, 0x01, 0xef, 0x01, 0xef, 0x01, 0xef, 0x01,
    0x8c, 0x01, 0xa5, 0x00, 0x00, 0x00, 0x00, 0x00, 0x00, 0x00, 0x00, 0x00,
    0x00, 0x00, 0x00, 0x00, 0x00, 0x00, 0x00, 0x00, 0x00, 0x00, 0x00, 0x00,
    0x00, 0x00, 0x00, 0x00, 0x00, 0x00, 0x00, 0x00, 0x00, 0x00, 0x00, 0x00,
    0x00, 0x00, 0x00, 0x00, 0x00, 0x00, 0x00, 0x00, 0x00, 0x00, 0x00, 0x00,
    0x00, 0x00, 0x00, 0x00, 0x00, 0x00, 0x00, 0x00, 0x00, 0x00, 0x00, 0x00,
    0x00, 0x00, 0x00, 0x00, 0x00, 0x00, 0x00, 0x00, 0x00, 0x00, 0x00, 0x00,
    0x00, 0x00, 0x00, 0x00, 0x00, 0x00, 0x00, 0x00, 0x00, 0x00, 0x00, 0x00,
    0x00, 0x00, 0x00, 0x00, 0x00, 0x00, 0x00, 0x00, 0x00, 0x00, 0x00, 0x00,
    0x00, 0x00, 0x00, 0x00, 0x00, 0x00, 0x00, 0x00, 0x00, 0x00, 0x00, 0x00,
    0x00, 0x00, 0x00, 0x00, 0x00, 0x00, 0x00, 0x00, 0x00, 0x00, 0x00, 0x00,
    0x00, 0x00, 0x00, 0x00, 0x00, 0x00, 0x00, 0x00, 0x00, 0x00, 0x00, 0x00,
    0x00, 0x00, 0x00, 0x00, 0x00, 0x00, 0x00, 0x00, 0x00, 0x00, 0x00, 0x00,
    0x00, 0x00, 0x00, 0x00, 0x00, 0x00, 0x00, 0x00, 0x00, 0x00, 0x00, 0x00,
    0x00, 0x00, 0x00, 0x00, 0x00, 0x00, 0x00, 0x00, 0x00, 0x00, 0x00, 0x00,
    0x00, 0x00, 0x00, 0x00, 0x00, 0x00, 0x00, 0x00, 0x00, 0x00, 0x00, 0x00,
    0x00, 0x00, 0x00, 0x00, 0x00, 0x00, 0x00, 0x00, 0x00, 0x00, 0x00, 0x00,
    0x00, 0x00, 0x00, 0x00, 0x00, 0x00, 0x00, 0x00, 0x00, 0x00, 0x00, 0x00,
    0x00, 0x00, 0x00, 0x00, 0x00, 0x00, 0x00, 0x00, 0x00, 0x00, 0x00, 0x00,
    0x00, 0x00, 0x00, 0x00, 0x00, 0x00, 0x00, 0x00, 0x00, 0x00, 0x00, 0x00,
    0x00, 0x00, 0x00, 0x00, 0x00, 0x00, 0x00, 0x00, 0x00, 0x00, 0x00, 0x00,
    0x00, 0x00, 0x00, 0x00, 0x00, 0x00, 0x00, 0x00, 0x00, 0x00, 0x00, 0x00,
    0x00, 0x00, 0x00, 0x00, 0x63, 0x00, 0xc6, 0x00, 0x6b, 0x01, 0xce, 0x01,
    0xef, 0x01, 0xef, 0x01, 0xef, 0x01, 0xef, 0x01, 0xef, 0x01, 0xef, 0x01,
    0xef, 0x01, 0xef, 0x01, 0xef, 0x01, 0xef, 0x01, 0xef, 0x01, 0xef, 0x01,
    0xef, 0x01, 0xef, 0x01, 0xef, 0x01, 0xef, 0x01, 0xef, 0x01, 0xef, 0x01,
    0xef, 0x01, 0xef, 0x01, 0xef, 0x01, 0xef, 0x01, 0xef, 0x01, 0xef, 0x01,
    0xef, 0x01, 0xef, 0x01, 0xef, 0x01, 0xef, 0x01, 0xef, 0x01, 0xef, 0x01,
    0xef, 0x01, 0xef, 0x01, 0xef, 0x01, 0xef, 0x01, 0xef, 0x01, 0xef, 0x01,
    0xef, 0x01, 0xef, 0x01, 0xef, 0x01, 0xef, 0x01, 0xef, 0x01, 0xef, 0x01,
    0xef, 0x01, 0xef, 0x01, 0xef, 0x01, 0xef, 0x01, 0xef, 0x01, 0xef, 0x01,
    0xef, 0x01, 0xef, 0x01, 0xef, 0x01, 0xef, 0x01, 0xef, 0x01, 0xef, 0x01,
    0xef, 0x01, 0xef, 0x01, 0xef, 0x01, 0xef, 0x01, 0xef, 0x01, 0xef, 0x01,
    0xef, 0x01, 0xef, 0x01, 0xef, 0x01, 0xef, 0x01, 0xef, 0x01, 0xef, 0x01,
    0xef, 0x01, 0xef, 0x01, 0xef, 0x01, 0xef, 0x01, 0xef, 0x01, 0xef, 0x01,
    0xef, 0x01, 0xef, 0x01, 0xef, 0x01, 0xef, 0x01, 0xef, 0x01, 0xef, 0x01,
    0xef, 0x01, 0xef, 0x01, 0xef, 0x01, 0xef, 0x01, 0xef, 0x01, 0xef, 0x01,
    0xef, 0x01, 0xef, 0x01, 0xef, 0x01, 0xef, 0x01, 0xef, 0x01, 0xef, 0x01,
    0xef, 0x01, 0xef, 0x01, 0xef, 0x01, 0xef, 0x01, 0xef, 0x01, 0xef, 0x01,
    0xef, 0x01, 0xf0, 0x01, 0xef, 0x01, 0x8c, 0x01, 0xa5, 0x00, 0x00, 0x00,
    0x00, 0x00, 0x00, 0x00, 0x00, 0x00, 0x00, 0x00, 0x00, 0x00, 0x00, 0x00,
    0x00, 0x00, 0x00, 0x00, 0x00, 0x00, 0x00, 0x00, 0x00, 0x00, 0x00, 0x00,
    0x00, 0x00, 0x00, 0x00, 0x00, 0x00, 0x00, 0x00, 0x00, 0x00, 0x00, 0x00,
    0x00, 0x00, 0x00, 0x00, 0x00, 0x00, 0x00, 0x00, 0x00, 0x00, 0x00, 0x00,
    0x00, 0x00, 0x00, 0x00, 0x00, 0x00, 0x00, 0x00, 0x00, 0x00, 0x00, 0x00,
    0x00, 0x00, 0x00, 0x00, 0x00, 0x00, 0x00, 0x00, 0x00, 0x00, 0x00, 0x00,
    0x00, 0x00, 0x00, 0x00, 0x00, 0x00, 0x00, 0x00, 0x00, 0x00, 0x00, 0x00,
    0x00, 0x00, 0x00, 0x00, 0x00, 0x00, 0x00, 0x00, 0x00, 0x00, 0x00, 0x00,
    0x00, 0x00, 0x00, 0x00, 0x00, 0x00, 0x00, 0x00, 0x00, 0x00, 0x00, 0x00,
    0x00, 0x00, 0x00, 0x00, 0x00, 0x00, 0x00, 0x00, 0x00, 0x00, 0x00, 0x00,
    0x00, 0x00, 0x00, 0x00, 0x00, 0x00, 0x00, 0x00, 0x00, 0x00, 0x00, 0x00,
    0x00, 0x00, 0x00, 0x00, 0x00, 0x00, 0x00, 0x00, 0x00, 0x00, 0x00, 0x00,
    0x00, 0x00, 0x00, 0x00, 0x00, 0x00, 0x00, 0x00, 0x00, 0x00, 0x00, 0x00,
    0x00, 0x00, 0x00, 0x00, 0x00, 0x00, 0x00, 0x00, 0x00, 0x00, 0x00, 0x00,
    0x00, 0x00, 0x00, 0x00, 0x00, 0x00, 0x00, 0x00, 0x00, 0x00, 0x00, 0x00,
    0x00, 0x00, 0x00, 0x00, 0x00, 0x00, 0x00, 0x00, 0x00, 0x00, 0x00, 0x00,
    0x00, 0x00, 0x00, 0x00, 0x00, 0x00, 0x00, 0x00, 0x00, 0x00, 0x00, 0x00,
    0x00, 0x00, 0x00, 0x00, 0x00, 0x00, 0x00, 0x00, 0x00, 0x00, 0x00, 0x00,
    0x00, 0x00, 0x00, 0x00, 0x00, 0x00, 0x00, 0x00, 0x00, 0x00, 0x00, 0x00,
    0x00, 0x00, 0x00, 0x00, 0x00, 0x00, 0x00, 0x00, 0x00, 0x00, 0x00, 0x00,
    0x00, 0x00, 0x00, 0x00, 0x63, 0x00, 0xe7, 0x00, 0x6b, 0x01, 0xce, 0x01,
    0x0f, 0x02, 0xef, 0x01, 0xef, 0x01, 0xef, 0x01, 0xef, 0x01, 0xef, 0x01,
    0xef, 0x01, 0xef, 0x01, 0xef, 0x01, 0xef, 0x01, 0xef, 0x01, 0xef, 0x01,
    0xef, 0x01, 0xef, 0x01, 0xef, 0x01, 0xef, 0x01, 0xef, 0x01, 0xef, 0x01,
    0xef, 0x01, 0xef, 0x01, 0xef, 0x01, 0xef, 0x01, 0xef, 0x01, 0xef, 0x01,
    0xef, 0x01, 0xef, 0x01, 0xef, 0x01, 0xef, 0x01, 0xef, 0x01, 0xef, 0x01,
    0xef, 0x01, 0xef, 0x01, 0xef, 0x01, 0xef, 0x01, 0xef, 0x01, 0xef, 0x01,
    0xef, 0x01, 0xef, 0x01, 0xef, 0x01, 0xef, 0x01, 0xef, 0x01, 0xef, 0x01,
    0xef, 0x01, 0xef, 0x01, 0xef, 0x01, 0xef, 0x01, 0xef, 0x01, 0xef, 0x01,
    0xef, 0x01, 0xef, 0x01, 0xef, 0x01, 0xef, 0x01, 0xef, 0x01, 0xef, 0x01,
    0xef, 0x01, 0xef, 0x01, 0xef, 0x01, 0xef, 0x01, 0xef, 0x01, 0xef, 0x01,
    0xef, 0x01, 0xef, 0x01, 0xef, 0x01, 0xef, 0x01, 0xef, 0x01, 0xef, 0x01,
    0xef, 0x01, 0xef, 0x01, 0xef, 0x01, 0xef, 0x01, 0xef, 0x01, 0xef, 0x01,
    0xef, 0x01, 0xef, 0x01, 0xef, 0x01, 0xef, 0x01, 0xef, 0x01, 0xef, 0x01,
    0xef, 0x01, 0xef, 0x01, 0xef, 0x01, 0xef, 0x01, 0xef, 0x01, 0xef, 0x01,
    0xef, 0x01, 0xef, 0x01, 0xef, 0x01, 0xef, 0x01, 0xef, 0x01, 0xef, 0x01,
    0xef, 0x01, 0xef, 0x01, 0xef, 0x01, 0xef, 0x01, 0xef, 0x01, 0xef, 0x01,
    0xef, 0x01, 0xef, 0x01, 0xef, 0x01, 0xef, 0x01, 0xef, 0x01, 0x0f, 0x02,
    0x8c, 0x01, 0x84, 0x00, 0x00, 0x00, 0x00, 0x00, 0x00, 0x00, 0x00, 0x00,
    0x00, 0x00, 0x00, 0x00, 0x00, 0x00, 0x00, 0x00, 0x00, 0x00, 0x00, 0x00,
    0x00, 0x00, 0x00, 0x00, 0x00, 0x00, 0x00, 0x00, 0x00, 0x00, 0x00, 0x00,
    0x00, 0x00, 0x00, 0x00, 0x00, 0x00, 0x00, 0x00, 0x00, 0x00, 0x00, 0x00,
    0x00, 0x00, 0x00, 0x00, 0x00, 0x00, 0x00, 0x00, 0x00, 0x00, 0x00, 0x00,
    0x00, 0x00, 0x00, 0x00, 0x00, 0x00, 0x00, 0x00, 0x00, 0x00, 0x00, 0x00,
    0x00, 0x00, 0x00, 0x00, 0x00, 0x00, 0x00, 0x00, 0x00, 0x00, 0x00, 0x00,
    0x00, 0x00, 0x00, 0x00, 0x00, 0x00, 0x00, 0x00, 0x00, 0x00, 0x00, 0x00,
    0x00, 0x00, 0x00, 0x00, 0x00, 0x00, 0x00, 0x00, 0x00, 0x00, 0x00, 0x00,
    0x00, 0x00, 0x00, 0x00, 0x00, 0x00, 0x00, 0x00, 0x00, 0x00, 0x00, 0x00,
    0x00, 0x00, 0x00, 0x00, 0x00, 0x00, 0x00, 0x00, 0x00, 0x00, 0x00, 0x00,
    0x00, 0x00, 0x00, 0x00, 0x00, 0x00, 0x00, 0x00, 0x00, 0x00, 0x00, 0x00,
    0x00, 0x00, 0x00, 0x00, 0x00, 0x00, 0x00, 0x00, 0x00, 0x00, 0x00, 0x00,
    0x00, 0x00, 0x00, 0x00, 0x00, 0x00, 0x00, 0x00, 0x00, 0x00, 0x00, 0x00,
    0x00, 0x00, 0x00, 0x00, 0x00, 0x00, 0x00, 0x00, 0x00, 0x00, 0x00, 0x00,
    0x00, 0x00, 0x00, 0x00, 0x00, 0x00, 0x00, 0x00, 0x00, 0x00, 0x00, 0x00,
    0x00, 0x00, 0x00, 0x00, 0x00, 0x00, 0x00, 0x00, 0x00, 0x00, 0x00, 0x00,
    0x00, 0x00, 0x00, 0x00, 0x00, 0x00, 0x00, 0x00, 0x00, 0x00, 0x00, 0x00,
    0x00, 0x00, 0x00, 0x00, 0x00, 0x00, 0x00, 0x00, 0x00, 0x00, 0x00, 0x00,
    0x00, 0x00, 0x00, 0x00, 0x00, 0x00, 0x00, 0x00, 0x00, 0x00, 0x00, 0x00,
    0x00, 0x00, 0x00, 0x00, 0x63, 0x00, 0xc7, 0x00, 0x6b, 0x01, 0xce, 0x01,
    0xef, 0x01, 0xef, 0x01, 0xef, 0x01, 0xef, 0x01, 0xef, 0x01, 0xef, 0x01,
    0xef, 0x01, 0xef, 0x01, 0xef, 0x01, 0xef, 0x01, 0xef, 0x01, 0xef, 0x01,
    0xef, 0x01, 0xef, 0x01, 0xef, 0x01, 0xef, 0x01, 0xef, 0x01, 0xef, 0x01,
    0xef, 0x01, 0xef, 0x01, 0xef, 0x01, 0xef, 0x01, 0xef, 0x01, 0xef, 0x01,
    0xef, 0x01, 0xef, 0x01, 0xef, 0x01, 0xef, 0x01, 0xef, 0x01, 0xef, 0x01,
    0xef, 0x01, 0xef, 0x01, 0xef, 0x01, 0xef, 0x01, 0xef, 0x01, 0xef, 0x01,
    0xef, 0x01, 0xef, 0x01, 0xef, 0x01, 0xef, 0x01, 0xef, 0x01, 0xef, 0x01,
    0xef, 0x01, 0xef, 0x01, 0xef, 0x01, 0xef, 0x01, 0xef, 0x01, 0xef, 0x01,
    0xef, 0x01, 0xef, 0x01, 0xef, 0x01, 0xef, 0x01, 0xef, 0x01, 0xef, 0x01,
    0xef, 0x01, 0xef, 0x01, 0xef, 0x01, 0xef, 0x01, 0xef, 0x01, 0xef, 0x01,
    0xef, 0x01, 0xef, 0x01, 0xef, 0x01, 0xef, 0x01, 0xef, 0x01, 0xef, 0x01,
    0xef, 0x01, 0xef, 0x01, 0xef, 0x01, 0xef, 0x01, 0xef, 0x01, 0xef, 0x01,
    0xef, 0x01, 0xef, 0x01, 0xef, 0x01, 0xef, 0x01, 0xef, 0x01, 0xef, 0x01,
    0xef, 0x01, 0xef, 0x01, 0xef, 0x01, 0xef, 0x01, 0xef, 0x01, 0xef, 0x01,
    0xef, 0x01, 0xef, 0x01, 0xef, 0x01, 0xef, 0x01, 0xef, 0x01, 0xef, 0x01,
    0xef, 0x01, 0xef, 0x01, 0xef, 0x01, 0xef, 0x01, 0xef, 0x01, 0xef, 0x01,
    0xef, 0x01, 0xef, 0x01, 0xef, 0x01, 0xef, 0x01, 0xef, 0x01, 0xef, 0x01,
    0xef, 0x01, 0xf0, 0x01, 0xef, 0x01, 0x6b, 0x01, 0x84, 0x00, 0x00, 0x00,
    0x00, 0x00, 0x00, 0x00, 0x00, 0x00, 0x00, 0x00, 0x00, 0x00, 0x00, 0x00,
    0x00, 0x00, 0x00, 0x00, 0x00, 0x00, 0x00, 0x00, 0x00, 0x00, 0x00, 0x00,
    0x00, 0x00, 0x00, 0x00, 0x00, 0x00, 0x00, 0x00, 0x00, 0x00, 0x00, 0x00,
    0x00, 0x00, 0x00, 0x00, 0x00, 0x00, 0x00, 0x00, 0x00, 0x00, 0x00, 0x00,
    0x00, 0x00, 0x00, 0x00, 0x00, 0x00, 0x00, 0x00, 0x00, 0x00, 0x00, 0x00,
    0x00, 0x00, 0x00, 0x00, 0x00, 0x00, 0x00, 0x00, 0x00, 0x00, 0x00, 0x00,
    0x00, 0x00, 0x00, 0x00, 0x00, 0x00, 0x00, 0x00, 0x00, 0x00, 0x00, 0x00,
    0x00, 0x00, 0x00, 0x00, 0x00, 0x00, 0x00, 0x00, 0x00, 0x00, 0x00, 0x00,
    0x00, 0x00, 0x00, 0x00, 0x00, 0x00, 0x00, 0x00, 0x00, 0x00, 0x00, 0x00,
    0x00, 0x00, 0x00, 0x00, 0x00, 0x00, 0x00, 0x00, 0x00, 0x00, 0x00, 0x00,
    0x00, 0x00, 0x00, 0x00, 0x00, 0x00, 0x00, 0x00, 0x00, 0x00, 0x00, 0x00,
    0x00, 0x00, 0x00, 0x00, 0x00, 0x00, 0x00, 0x00, 0x00, 0x00, 0x00, 0x00,
    0x00, 0x00, 0x00, 0x00, 0x00, 0x00, 0x00, 0x00, 0x00, 0x00, 0x00, 0x00,
    0x00, 0x00, 0x00, 0x00, 0x00, 0x00, 0x00, 0x00, 0x00, 0x00, 0x00, 0x00,
    0x00, 0x00, 0x00, 0x00, 0x00, 0x00, 0x00, 0x00, 0x00, 0x00, 0x00, 0x00,
    0x00, 0x00, 0x00, 0x00, 0x00, 0x00, 0x00, 0x00, 0x00, 0x00, 0x00, 0x00,
    0x00, 0x00, 0x00, 0x00, 0x00, 0x00, 0x00, 0x00, 0x00, 0x00, 0x00, 0x00,
    0x00, 0x00, 0x00, 0x00, 0x00, 0x00, 0x00, 0x00, 0x00, 0x00, 0x00, 0x00,
    0x00, 0x00, 0x00, 0x00, 0x00, 0x00, 0x00, 0x00, 0x00, 0x00, 0x00, 0x00,
    0x00, 0x00, 0x01, 0x00, 0x63, 0x00, 0xe7, 0x00, 0x8b, 0x01, 0xee, 0x01,
    0xef, 0x01, 0xef, 0x01, 0xef, 0x01, 0xef, 0x01, 0xef, 0x01, 0xef, 0x01,
    0xef, 0x01, 0xef, 0x01, 0xef, 0x01, 0xef, 0x01, 0xef, 0x01, 0xef, 0x01,
    0xef, 0x01, 0xef, 0x01, 0xef, 0x01, 0xef, 0x01, 0xef, 0x01, 0xef, 0x01,
    0xef, 0x01, 0xef, 0x01, 0xef, 0x01, 0xef, 0x01, 0xef, 0x01, 0xef, 0x01,
    0xef, 0x01, 0xef, 0x01, 0xef, 0x01, 0xef, 0x01, 0xef, 0x01, 0xef, 0x01,
    0xef, 0x01, 0xef, 0x01, 0xef, 0x01, 0xef, 0x01, 0xef, 0x01, 0xef, 0x01,
    0xef, 0x01, 0xef, 0x01, 0xef, 0x01, 0xef, 0x01, 0xef, 0x01, 0xef, 0x01,
    0xef, 0x01, 0xef, 0x01, 0xef, 0x01, 0xef, 0x01, 0xef, 0x01, 0xef, 0x01,
    0xef, 0x01, 0xef, 0x01, 0xef, 0x01, 0xef, 0x01, 0xef, 0x01, 0xef, 0x01,
    0xef, 0x01, 0xef, 0x01, 0xef, 0x01, 0xef, 0x01, 0xef, 0x01, 0xef, 0x01,
    0xef, 0x01, 0xef, 0x01, 0xef, 0x01, 0xef, 0x01, 0xef, 0x01, 0xef, 0x01,
    0xef, 0x01, 0xef, 0x01, 0xef, 0x01, 0xef, 0x01, 0xef, 0x01, 0xef, 0x01,
    0xef, 0x01, 0xef, 0x01, 0xef, 0x01, 0xef, 0x01, 0xef, 0x01, 0xef, 0x01,
    0xef, 0x01, 0xef, 0x01, 0xef, 0x01, 0xef, 0x01, 0xef, 0x01, 0xef, 0x01,
    0xef, 0x01, 0xef, 0x01, 0xef, 0x01, 0xef, 0x01, 0xef, 0x01, 0xef, 0x01,
    0xef, 0x01, 0xef, 0x01, 0xef, 0x01, 0xef, 0x01, 0xef, 0x01, 0xef, 0x01,
    0xef, 0x01, 0xef, 0x01, 0xef, 0x01, 0xef, 0x01, 0xef, 0x01, 0xef, 0x01,
    0xef, 0x01, 0xef, 0x01, 0xef, 0x01, 0xef, 0x01, 0xef, 0x01, 0xef, 0x01,
    0x6b, 0x01, 0x43, 0x00, 0x00, 0x00, 0x00, 0x00, 0x00, 0x00, 0x00, 0x00,
    0x00, 0x00, 0x00, 0x00, 0x00, 0x00, 0x00, 0x00, 0x00, 0x00, 0x00, 0x00,
    0x00, 0x00, 0x00, 0x00, 0x00, 0x00, 0x00, 0x00, 0x00, 0x00, 0x00, 0x00,
    0x00, 0x00, 0x00, 0x00, 0x00, 0x00, 0x00, 0x00, 0x00, 0x00, 0x00, 0x00,
    0x00, 0x00, 0x00, 0x00, 0x00, 0x00, 0x00, 0x00, 0x00, 0x00, 0x00, 0x00,
    0x00, 0x00, 0x00, 0x00, 0x00, 0x00, 0x00, 0x00, 0x00, 0x00, 0x00, 0x00,
    0x00, 0x00, 0x00, 0x00, 0x00, 0x00, 0x00, 0x00, 0x00, 0x00, 0x00, 0x00,
    0x00, 0x00, 0x00, 0x00, 0x00, 0x00, 0x00, 0x00, 0x00, 0x00, 0x00, 0x00,
    0x00, 0x00, 0x00, 0x00, 0x00, 0x00, 0x00, 0x00, 0x00, 0x00, 0x00, 0x00,
    0x00, 0x00, 0x00, 0x00, 0x00, 0x00, 0x00, 0x00, 0x00, 0x00, 0x00, 0x00,
    0x00, 0x00, 0x00, 0x00, 0x00, 0x00, 0x00, 0x00, 0x00, 0x00, 0x00, 0x00,
    0x00, 0x00, 0x00, 0x00, 0x00, 0x00, 0x00, 0x00, 0x00, 0x00, 0x00, 0x00,
    0x00, 0x00, 0x00, 0x00, 0x00, 0x00, 0x00, 0x00, 0x00, 0x00, 0x00, 0x00,
    0x00, 0x00, 0x00, 0x00, 0x00, 0x00, 0x00, 0x00, 0x00, 0x00, 0x00, 0x00,
    0x00, 0x00, 0x00, 0x00, 0x00, 0x00, 0x00, 0x00, 0x00, 0x00, 0x00, 0x00,
    0x00, 0x00, 0x00, 0x00, 0x00, 0x00, 0x00, 0x00, 0x00, 0x00, 0x00, 0x00,
    0x00, 0x00, 0x00, 0x00, 0x00, 0x00, 0x00, 0x00, 0x00, 0x00, 0x00, 0x00,
    0x00, 0x00, 0x00, 0x00, 0x00, 0x00, 0x00, 0x00, 0x00, 0x00, 0x00, 0x00,
    0x00, 0x00, 0x00, 0x00, 0x00, 0x00, 0x00, 0x00, 0x00, 0x00, 0x00, 0x00,
    0x00, 0x00, 0x00, 0x00, 0x62, 0x00, 0xc7, 0x00, 0x6b, 0x01, 0xce, 0x01,
    0xef, 0x01, 0xef, 0x01, 0xef, 0x01, 0xef, 0x01, 0xef, 0x01, 0xef, 0x01,
    0xef, 0x01, 0xef, 0x01, 0xef, 0x01, 0xef, 0x01, 0xef, 0x01, 0xef, 0x01,
    0xef, 0x01, 0xef, 0x01, 0xef, 0x01, 0xef, 0x01, 0xef, 0x01, 0xef, 0x01,
    0xef, 0x01, 0xef, 0x01, 0xef, 0x01, 0xef, 0x01, 0xef, 0x01, 0xef, 0x01,
    0xef, 0x01, 0xef, 0x01, 0xef, 0x01, 0xef, 0x01, 0xef, 0x01, 0xef, 0x01,
    0xef, 0x01, 0xef, 0x01, 0xef, 0x01, 0xef, 0x01, 0xef, 0x01, 0xef, 0x01,
    0xef, 0x01, 0xef, 0x01, 0xef, 0x01, 0xef, 0x01, 0xef, 0x01, 0xef, 0x01,
    0xef, 0x01, 0xef, 0x01, 0xef, 0x01, 0xef, 0x01, 0xef, 0x01, 0xef, 0x01,
    0xef, 0x01, 0xef, 0x01, 0xef, 0x01, 0xef, 0x01, 0xef, 0x01, 0xef, 0x01,
    0xef, 0x01, 0xef, 0x01, 0xef, 0x01, 0xef, 0x01, 0xef, 0x01, 0xef, 0x01,
    0xef, 0x01, 0xef, 0x01, 0xef, 0x01, 0xef, 0x01, 0xef, 0x01, 0xef, 0x01,
    0xef, 0x01, 0xef, 0x01, 0xef, 0x01, 0xef, 0x01, 0xef, 0x01, 0xef, 0x01,
    0xef, 0x01, 0xef, 0x01, 0xef, 0x01, 0xef, 0x01, 0xef, 0x01, 0xef, 0x01,
    0xef, 0x01, 0xef, 0x01, 0xef, 0x01, 0xef, 0x01, 0xef, 0x01, 0xef, 0x01,
    0xef, 0x01, 0xef, 0x01, 0xef, 0x01, 0xef, 0x01, 0xef, 0x01, 0xef, 0x01,
    0xef, 0x01, 0xef, 0x01, 0xef, 0x01, 0xef, 0x01, 0xef, 0x01, 0xef, 0x01,
    0xef, 0x01, 0xef, 0x01, 0xef, 0x01, 0xef, 0x01, 0xef, 0x01, 0xef, 0x01,
    0xef, 0x01, 0xef, 0x01, 0xef, 0x01, 0xef, 0x01, 0xef, 0x01, 0xef, 0x01,
    0xef, 0x01, 0xef, 0x01, 0xef, 0x01, 0x29, 0x01, 0x21, 0x00, 0x00, 0x00,
    0x00, 0x00, 0x00, 0x00, 0x00, 0x00, 0x00, 0x00, 0x00, 0x00, 0x00, 0x00,
    0x00, 0x00, 0x00, 0x00, 0x00, 0x00, 0x00, 0x00, 0x00, 0x00, 0x00, 0x00,
    0x00, 0x00, 0x00, 0x00, 0x00, 0x00, 0x00, 0x00, 0x00, 0x00, 0x00, 0x00,
    0x00, 0x00, 0x00, 0x00, 0x00, 0x00, 0x00, 0x00, 0x00, 0x00, 0x00, 0x00,
    0x00, 0x00, 0x00, 0x00, 0x00, 0x00, 0x00, 0x00, 0x00, 0x00, 0x00, 0x00,
    0x00, 0x00, 0x00, 0x00, 0x00, 0x00, 0x00, 0x00, 0x00, 0x00, 0x00, 0x00,
    0x00, 0x00, 0x00, 0x00, 0x00, 0x00, 0x00, 0x00, 0x00, 0x00, 0x00, 0x00,
    0x00, 0x00, 0x00, 0x00, 0x00, 0x00, 0x00, 0x00, 0x00, 0x00, 0x00, 0x00,
    0x00, 0x00, 0x00, 0x00, 0x00, 0x00, 0x00, 0x00, 0x00, 0x00, 0x00, 0x00,
    0x00, 0x00, 0x00, 0x00, 0x00, 0x00, 0x00, 0x00, 0x00, 0x00, 0x00, 0x00,
    0x00, 0x00, 0x00, 0x00, 0x00, 0x00, 0x00, 0x00, 0x00, 0x00, 0x00, 0x00,
    0x00, 0x00, 0x00, 0x00, 0x00, 0x00, 0x00, 0x00, 0x00, 0x00, 0x00, 0x00,
    0x00, 0x00, 0x00, 0x00, 0x00, 0x00, 0x00, 0x00, 0x00, 0x00, 0x00, 0x00,
    0x00, 0x00, 0x00, 0x00, 0x00, 0x00, 0x00, 0x00, 0x00, 0x00, 0x00, 0x00,
    0x00, 0x00, 0x00, 0x00, 0x00, 0x00, 0x00, 0x00, 0x00, 0x00, 0x00, 0x00,
    0x00, 0x00, 0x00, 0x00, 0x00, 0x00, 0x00, 0x00, 0x00, 0x00, 0x00, 0x00,
    0x00, 0x00, 0x00, 0x00, 0x00, 0x00, 0x00, 0x00, 0x00, 0x00, 0x00, 0x00,
    0x00, 0x00, 0x00, 0x00, 0x00, 0x00, 0x00, 0x00, 0x00, 0x00, 0x00, 0x00,
    0x00, 0x00, 0x00, 0x00, 0x43, 0x00, 0xe7, 0x00, 0x6b, 0x01, 0xce, 0x01,
    0xef, 0x01, 0xef, 0x01, 0xef, 0x01, 0xef, 0x01, 0xef, 0x01, 0xef, 0x01,
    0xef, 0x01, 0xef, 0x01, 0xef, 0x01, 0xef, 0x01, 0xef, 0x01, 0xef, 0x01,
    0xef, 0x01, 0xef, 0x01, 0xef, 0x01, 0xef, 0x01, 0xef, 0x01, 0xef, 0x01,
    0xef, 0x01, 0xef, 0x01, 0xef, 0x01, 0xef, 0x01, 0xef, 0x01, 0xef, 0x01,
    0xef, 0x01, 0xef, 0x01, 0xef, 0x01, 0xef, 0x01, 0xef, 0x01, 0xef, 0x01,
    0xef, 0x01, 0xef, 0x01, 0xef, 0x01, 0xef, 0x01, 0xef, 0x01, 0xef, 0x01,
    0xef, 0x01, 0xef, 0x01, 0xef, 0x01, 0xef, 0x01, 0xef, 0x01, 0xef, 0x01,
    0xef, 0x01, 0xef, 0x01, 0xef, 0x01, 0xef, 0x01, 0xef, 0x01, 0xef, 0x01,
    0xef, 0x01, 0xef, 0x01, 0xef, 0x01, 0xef, 0x01, 0xef, 0x01, 0xef, 0x01,
    0xef, 0x01, 0xef, 0x01, 0xef, 0x01, 0xef, 0x01, 0xef, 0x01, 0xef, 0x01,
    0xef, 0x01, 0xef, 0x01, 0xef, 0x01, 0xef, 0x01, 0xef, 0x01, 0xef, 0x01,
    0xef, 0x01, 0xef, 0x01, 0xef, 0x01, 0xef, 0x01, 0xef, 0x01, 0xef, 0x01,
    0xef, 0x01, 0xef, 0x01, 0xef, 0x01, 0xef, 0x01, 0xef, 0x01, 0xef, 0x01,
    0xef, 0x01, 0xef, 0x01, 0xef, 0x01, 0xef, 0x01, 0xef, 0x01, 0xef, 0x01,
    0xef, 0x01, 0xef, 0x01, 0xef, 0x01, 0xef, 0x01, 0xef, 0x01, 0xef, 0x01,
    0xef, 0x01, 0xef, 0x01, 0xef, 0x01, 0xef, 0x01, 0xef, 0x01, 0xef, 0x01,
    0xef, 0x01, 0xef, 0x01, 0xef, 0x01, 0xef, 0x01, 0xef, 0x01, 0xef, 0x01,
    0xef, 0x01, 0xef, 0x01, 0xef, 0x01, 0xef, 0x01, 0xef, 0x01, 0xef, 0x01,
    0xef, 0x01, 0xef, 0x01, 0xef, 0x01, 0xef, 0x01, 0xef, 0x01, 0xce, 0x01,
    0x07, 0x01, 0x21, 0x00, 0x00, 0x00, 0x00, 0x00, 0x00, 0x00, 0x00, 0x00,
    0x00, 0x00, 0x00, 0x00, 0x00, 0x00, 0x00, 0x00, 0x00, 0x00, 0x00, 0x00,
    0x00, 0x00, 0x00, 0x00, 0x00, 0x00, 0x00, 0x00, 0x00, 0x00, 0x00, 0x00,
    0x00, 0x00, 0x00, 0x00, 0x00, 0x00, 0x00, 0x00, 0x00, 0x00, 0x00, 0x00,
    0x00, 0x00, 0x00, 0x00, 0x00, 0x00, 0x00, 0x00, 0x00, 0x00, 0x00, 0x00,
    0x00, 0x00, 0x00, 0x00, 0x00, 0x00, 0x00, 0x00, 0x00, 0x00, 0x00, 0x00,
    0x00, 0x00, 0x00, 0x00, 0x00, 0x00, 0x00, 0x00, 0x00, 0x00, 0x00, 0x00,
    0x00, 0x00, 0x00, 0x00, 0x00, 0x00, 0x00, 0x00, 0x00, 0x00, 0x00, 0x00,
    0x00, 0x00, 0x00, 0x00, 0x00, 0x00, 0x00, 0x00, 0x00, 0x00, 0x00, 0x00,
    0x00, 0x00, 0x00, 0x00, 0x00, 0x00, 0x00, 0x00, 0x00, 0x00, 0x00, 0x00,
    0x00, 0x00, 0x00, 0x00, 0x00, 0x00, 0x00, 0x00, 0x00, 0x00, 0x00, 0x00,
    0x00, 0x00, 0x00, 0x00, 0x00, 0x00, 0x00, 0x00, 0x00, 0x00, 0x00, 0x00,
    0x00, 0x00, 0x00, 0x00, 0x00, 0x00, 0x00, 0x00, 0x00, 0x00, 0x00, 0x00,
    0x00, 0x00, 0x00, 0x00, 0x00, 0x00, 0x00, 0x00, 0x00, 0x00, 0x00, 0x00,
    0x00, 0x00, 0x00, 0x00, 0x00, 0x00, 0x00, 0x00, 0x00, 0x00, 0x00, 0x00,
    0x00, 0x00, 0x00, 0x00, 0x00, 0x00, 0x00, 0x00, 0x00, 0x00, 0x00, 0x00,
    0x00, 0x00, 0x00, 0x00, 0x00, 0x00, 0x00, 0x00, 0x00, 0x00, 0x00, 0x00,
    0x00, 0x00, 0x00, 0x00, 0x00, 0x00, 0x00, 0x00, 0x00, 0x00, 0x00, 0x00,
    0x00, 0x00, 0x00, 0x00, 0x42, 0x00, 0xc6, 0x00, 0x6b, 0x01, 0xce, 0x01,
    0xef, 0x01, 0xef, 0x01, 0xef, 0x01, 0xef, 0x01, 0xef, 0x01, 0xef, 0x01,
    0xef, 0x01, 0xef, 0x01, 0xef, 0x01, 0xef, 0x01, 0xef, 0x01, 0xef, 0x01,
    0xef, 0x01, 0xef, 0x01, 0xef, 0x01, 0xef, 0x01, 0xef, 0x01, 0xef, 0x01,
    0xef, 0x01, 0xef, 0x01, 0xef, 0x01, 0xef, 0x01, 0xef, 0x01, 0xef, 0x01,
    0xef, 0x01, 0xef, 0x01, 0xef, 0x01, 0xef, 0x01, 0xef, 0x01, 0xef, 0x01,
    0xef, 0x01, 0xef, 0x01, 0xef, 0x01, 0xef, 0x01, 0xef, 0x01, 0xef, 0x01,
    0xef, 0x01, 0xef, 0x01, 0xef, 0x01, 0xef, 0x01, 0xef, 0x01, 0xef, 0x01,
    0xef, 0x01, 0xef, 0x01, 0xef, 0x01, 0xef, 0x01, 0xef, 0x01, 0xef, 0x01,
    0xef, 0x01, 0xef, 0x01, 0xef, 0x01, 0xef, 0x01, 0xef, 0x01, 0xef, 0x01,
    0xef, 0x01, 0xef, 0x01, 0xef, 0x01, 0xef, 0x01, 0xef, 0x01, 0xef, 0x01,
    0xef, 0x01, 0xef, 0x01, 0xef, 0x01, 0xef, 0x01, 0xef, 0x01, 0xef, 0x01,
    0xef, 0x01, 0xef, 0x01, 0xef, 0x01, 0xef, 0x01, 0xef, 0x01, 0xef, 0x01,
    0xef, 0x01, 0xef, 0x01, 0xef, 0x01, 0xef, 0x01, 0xef, 0x01, 0xef, 0x01,
    0xef, 0x01, 0xef, 0x01, 0xef, 0x01, 0xef, 0x01, 0xef, 0x01, 0xef, 0x01,
    0xef, 0x01, 0xef, 0x01, 0xef, 0x01, 0xef, 0x01, 0xef, 0x01, 0xef, 0x01,
    0xef, 0x01, 0xef, 0x01, 0xef, 0x01, 0xef, 0x01, 0xef, 0x01, 0xef, 0x01,
    0xef, 0x01, 0xef, 0x01, 0xef, 0x01, 0xef, 0x01, 0xef, 0x01, 0xef, 0x01,
    0xef, 0x01, 0xef, 0x01, 0xef, 0x01, 0xef, 0x01, 0xef, 0x01, 0xef, 0x01,
    0xef, 0x01, 0xef, 0x01, 0xef, 0x01, 0xef, 0x01, 0xef, 0x01, 0xef, 0x01,
    0xef, 0x01, 0xef, 0x01, 0xad, 0x01, 0xc5, 0x00, 0x00, 0x00, 0x00, 0x00,
    0x00, 0x00, 0x00, 0x00, 0x00, 0x00, 0x00, 0x00, 0x00, 0x00, 0x00, 0x00,
    0x00, 0x00, 0x00, 0x00, 0x00, 0x00, 0x00, 0x00, 0x00, 0x00, 0x00, 0x00,
    0x00, 0x00, 0x00, 0x00, 0x00, 0x00, 0x00, 0x00, 0x00, 0x00, 0x00, 0x00,
    0x00, 0x00, 0x00, 0x00, 0x00, 0x00, 0x00, 0x00, 0x00, 0x00, 0x00, 0x00,
    0x00, 0x00, 0x00, 0x00, 0x00, 0x00, 0x00, 0x00, 0x00, 0x00, 0x00, 0x00,
    0x00, 0x00, 0x00, 0x00, 0x00, 0x00, 0x00, 0x00, 0x00, 0x00, 0x00, 0x00,
    0x00, 0x00, 0x00, 0x00, 0x00, 0x00, 0x00, 0x00, 0x00, 0x00, 0x00, 0x00,
    0x00, 0x00, 0x00, 0x00, 0x00, 0x00, 0x00, 0x00, 0x00, 0x00, 0x00, 0x00,
    0x00, 0x00, 0x00, 0x00, 0x00, 0x00, 0x00, 0x00, 0x00, 0x00, 0x00, 0x00,
    0x00, 0x00, 0x00, 0x00, 0x00, 0x00, 0x00, 0x00, 0x00, 0x00, 0x00, 0x00,
    0x00, 0x00, 0x00, 0x00, 0x00, 0x00, 0x00, 0x00, 0x00, 0x00, 0x00, 0x00,
    0x00, 0x00, 0x00, 0x00, 0x00, 0x00, 0x00, 0x00, 0x00, 0x00, 0x00, 0x00,
    0x00, 0x00, 0x00, 0x00, 0x00, 0x00, 0x00, 0x00, 0x00, 0x00, 0x00, 0x00,
    0x00, 0x00, 0x00, 0x00, 0x00, 0x00, 0x00, 0x00, 0x00, 0x00, 0x00, 0x00,
    0x00, 0x00, 0x00, 0x00, 0x00, 0x00, 0x00, 0x00, 0x00, 0x00, 0x00, 0x00,
    0x00, 0x00, 0x00, 0x00, 0x00, 0x00, 0x00, 0x00, 0x00, 0x00, 0x00, 0x00,
    0x00, 0x00, 0x00, 0x00, 0x00, 0x00, 0x00, 0x00, 0x00, 0x00, 0x00, 0x00,
    0x00, 0x00, 0x00, 0x00, 0x21, 0x00, 0xa5, 0x00, 0x6b, 0x01, 0xce, 0x01,
    0xef, 0x01, 0xef, 0x01, 0xef, 0x01, 0xef, 0x01, 0xef, 0x01, 0xef, 0x01,
    0xef, 0x01, 0xef, 0x01, 0xef, 0x01, 0xef, 0x01, 0xef, 0x01, 0xef, 0x01,
    0xef, 0x01, 0xef, 0x01, 0xef, 0x01, 0xef, 0x01, 0xef, 0x01, 0xef, 0x01,
    0xef, 0x01, 0xef, 0x01, 0xef, 0x01, 0xef, 0x01, 0xef, 0x01, 0xef, 0x01,
    0xef, 0x01, 0xef, 0x01, 0xef, 0x01, 0xef, 0x01, 0xef, 0x01, 0xef, 0x01,
    0xef, 0x01, 0xef, 0x01, 0xef, 0x01, 0xef, 0x01, 0xef, 0x01, 0xef, 0x01,
    0xef, 0x01, 0xef, 0x01, 0xef, 0x01, 0xef, 0x01, 0xef, 0x01, 0xef, 0x01,
    0xef, 0x01, 0xef, 0x01, 0xef, 0x01, 0xef, 0x01, 0xef, 0x01, 0xef, 0x01,
    0xef, 0x01, 0xef, 0x01, 0xef, 0x01, 0xef, 0x01, 0xef, 0x01, 0xef, 0x01,
    0xef, 0x01, 0xef, 0x01, 0xef, 0x01, 0xef, 0x01, 0xef, 0x01, 0xef, 0x01,
    0xef, 0x01, 0xef, 0x01, 0xef, 0x01, 0xef, 0x01, 0xef, 0x01, 0xef, 0x01,
    0xef, 0x01, 0xef, 0x01, 0xef, 0x01, 0xef, 0x01, 0xef, 0x01, 0xef, 0x01,
    0xef, 0x01, 0xef, 0x01, 0xef, 0x01, 0xef, 0x01, 0xef, 0x01, 0xef, 0x01,
    0xef, 0x01, 0xef, 0x01, 0xef, 0x01, 0xef, 0x01, 0xef, 0x01, 0xef, 0x01,
    0xef, 0x01, 0xef, 0x01, 0xef, 0x01, 0xef, 0x01, 0xef, 0x01, 0xef, 0x01,
    0xef, 0x01, 0xef, 0x01, 0xef, 0x01, 0xef, 0x01, 0xef, 0x01, 0xef, 0x01,
    0xef, 0x01, 0xef, 0x01, 0xef, 0x01, 0xef, 0x01, 0xef, 0x01, 0xef, 0x01,
    0xef, 0x01, 0xef, 0x01, 0xef, 0x01, 0xef, 0x01, 0xef, 0x01, 0xef, 0x01,
    0xef, 0x01, 0xef, 0x01, 0xef, 0x01, 0xef, 0x01, 0xef, 0x01, 0xef, 0x01,
    0xef, 0x01, 0xef, 0x01, 0xef, 0x01, 0xef, 0x01, 0xef, 0x01, 0x6c, 0x01,
    0x84, 0x00, 0x00, 0x00, 0x00, 0x00, 0x00, 0x00, 0x00, 0x00, 0x00, 0x00,
    0x00, 0x00, 0x00, 0x00, 0x00, 0x00, 0x00, 0x00, 0x00, 0x00, 0x00, 0x00,
    0x00, 0x00, 0x00, 0x00, 0x00, 0x00, 0x00, 0x00, 0x00, 0x00, 0x00, 0x00,
    0x00, 0x00, 0x00, 0x00, 0x00, 0x00, 0x00, 0x00, 0x00, 0x00, 0x00, 0x00,
    0x00, 0x00, 0x00, 0x00, 0x00, 0x00, 0x00, 0x00, 0x00, 0x00, 0x00, 0x00,
    0x00, 0x00, 0x00, 0x00, 0x00, 0x00, 0x00, 0x00, 0x00, 0x00, 0x00, 0x00,
    0x00, 0x00, 0x00, 0x00, 0x00, 0x00, 0x00, 0x00, 0x00, 0x00, 0x00, 0x00,
    0x00, 0x00, 0x00, 0x00, 0x00, 0x00, 0x00, 0x00, 0x00, 0x00, 0x00, 0x00,
    0x00, 0x00, 0x00, 0x00, 0x00, 0x00, 0x00, 0x00, 0x00, 0x00, 0x00, 0x00,
    0x00, 0x00, 0x00, 0x00, 0x00, 0x00, 0x00, 0x00, 0x00, 0x00, 0x00, 0x00,
    0x00, 0x00, 0x00, 0x00, 0x00, 0x00, 0x00, 0x00, 0x00, 0x00, 0x00, 0x00,
    0x00, 0x00, 0x00, 0x00, 0x00, 0x00, 0x00, 0x00, 0x00, 0x00, 0x00, 0x00,
    0x00, 0x00, 0x00, 0x00, 0x00, 0x00, 0x00, 0x00, 0x00, 0x00, 0x00, 0x00,
    0x00, 0x00, 0x00, 0x00, 0x00, 0x00, 0x00, 0x00, 0x00, 0x00, 0x00, 0x00,
    0x00, 0x00, 0x00, 0x00, 0x00, 0x00, 0x00, 0x00, 0x00, 0x00, 0x00, 0x00,
    0x00, 0x00, 0x00, 0x00, 0x00, 0x00, 0x00, 0x00, 0x00, 0x00, 0x00, 0x00,
    0x00, 0x00, 0x00, 0x00, 0x00, 0x00, 0x00, 0x00, 0x00, 0x00, 0x00, 0x00,
    0x00, 0x00, 0x00, 0x00, 0x21, 0x00, 0x85, 0x00, 0x4a, 0x01, 0xcd, 0x01,
    0xef, 0x01, 0xef, 0x01, 0xef, 0x01, 0xef, 0x01, 0xef, 0x01, 0xef, 0x01,
    0xef, 0x01, 0xef, 0x01, 0xef, 0x01, 0xef, 0x01, 0xef, 0x01, 0xef, 0x01,
    0xef, 0x01, 0xef, 0x01, 0xef, 0x01, 0xef, 0x01, 0xef, 0x01, 0xef, 0x01,
    0xef, 0x01, 0xef, 0x01, 0xef, 0x01, 0xef, 0x01, 0xef, 0x01, 0xef, 0x01,
    0xef, 0x01, 0xef, 0x01, 0xef, 0x01, 0xef, 0x01, 0xef, 0x01, 0xef, 0x01,
    0xef, 0x01, 0xef, 0x01, 0xef, 0x01, 0xef, 0x01, 0xef, 0x01, 0xef, 0x01,
    0xef, 0x01, 0xef, 0x01, 0xef, 0x01, 0xef, 0x01, 0xef, 0x01, 0xef, 0x01,
    0xef, 0x01, 0xef, 0x01, 0xef, 0x01, 0xef, 0x01, 0xef, 0x01, 0xef, 0x01,
    0xef, 0x01, 0xef, 0x01, 0xef, 0x01, 0xef, 0x01, 0xef, 0x01, 0xef, 0x01,
    0xef, 0x01, 0xef, 0x01, 0xef, 0x01, 0xef, 0x01, 0xef, 0x01, 0xef, 0x01,
    0xef, 0x01, 0xef, 0x01, 0xef, 0x01, 0xef, 0x01, 0xef, 0x01, 0xef, 0x01,
    0xef, 0x01, 0xef, 0x01, 0xef, 0x01, 0xef, 0x01, 0xef, 0x01, 0xef, 0x01,
    0xef, 0x01, 0xef, 0x01, 0xef, 0x01, 0xef, 0x01, 0xef, 0x01, 0xef, 0x01,
    0xef, 0x01, 0xef, 0x01, 0xef, 0x01, 0xef, 0x01, 0xef, 0x01, 0xef, 0x01,
    0xef, 0x01, 0xef, 0x01, 0xef, 0x01, 0xef, 0x01, 0xef, 0x01, 0xef, 0x01,
    0xef, 0x01, 0xef, 0x01, 0xef, 0x01, 0xef, 0x01, 0xef, 0x01, 0xef, 0x01,
    0xef, 0x01, 0xef, 0x01, 0xef, 0x01, 0xef, 0x01, 0xef, 0x01, 0xef, 0x01,
    0xef, 0x01, 0xef, 0x01, 0xef, 0x01, 0xef, 0x01, 0xef, 0x01, 0xef, 0x01,
    0xef, 0x01, 0xef, 0x01, 0xef, 0x01, 0xef, 0x01, 0xef, 0x01, 0xef, 0x01,
    0xef, 0x01, 0xef, 0x01, 0xef, 0x01, 0xef, 0x01, 0xef, 0x01, 0xef, 0x01,
    0xef, 0x01, 0xef, 0x01, 0x2a, 0x01, 0x42, 0x00, 0x00, 0x00, 0x00, 0x00,
    0x00, 0x00, 0x00, 0x00, 0x00, 0x00, 0x00, 0x00, 0x00, 0x00, 0x00, 0x00,
    0x00, 0x00, 0x00, 0x00, 0x00, 0x00, 0x00, 0x00, 0x00, 0x00, 0x00, 0x00,
    0x00, 0x00, 0x00, 0x00, 0x00, 0x00, 0x00, 0x00, 0x00, 0x00, 0x00, 0x00,
    0x00, 0x00, 0x00, 0x00, 0x00, 0x00, 0x00, 0x00, 0x00, 0x00, 0x00, 0x00,
    0x00, 0x00, 0x00, 0x00, 0x00, 0x00, 0x00, 0x00, 0x00, 0x00, 0x00, 0x00,
    0x00, 0x00, 0x00, 0x00, 0x00, 0x00, 0x00, 0x00, 0x00, 0x00, 0x00, 0x00,
    0x00, 0x00, 0x00, 0x00, 0x00, 0x00, 0x00, 0x00, 0x00, 0x00, 0x00, 0x00,
    0x00, 0x00, 0x00, 0x00, 0x00, 0x00, 0x00, 0x00, 0x00, 0x00, 0x00, 0x00,
    0x00, 0x00, 0x00, 0x00, 0x00, 0x00, 0x00, 0x00, 0x00, 0x00, 0x00, 0x00,
    0x00, 0x00, 0x00, 0x00, 0x00, 0x00, 0x00, 0x00, 0x00, 0x00, 0x00, 0x00,
    0x00, 0x00, 0x00, 0x00, 0x00, 0x00, 0x00, 0x00, 0x00, 0x00, 0x00, 0x00,
    0x00, 0x00, 0x00, 0x00, 0x00, 0x00, 0x00, 0x00, 0x00, 0x00, 0x00, 0x00,
    0x00, 0x00, 0x00, 0x00, 0x00, 0x00, 0x00, 0x00, 0x00, 0x00, 0x00, 0x00,
    0x00, 0x00, 0x00, 0x00, 0x00, 0x00, 0x00, 0x00, 0x00, 0x00, 0x00, 0x00,
    0x00, 0x00, 0x00, 0x00, 0x00, 0x00, 0x00, 0x00, 0x00, 0x00, 0x00, 0x00,
    0x00, 0x00, 0x00, 0x00, 0x00, 0x00, 0x00, 0x00, 0x00, 0x00, 0x00, 0x00,
    0x00, 0x00, 0x00, 0x00, 0x00, 0x00, 0x63, 0x00, 0x29, 0x01, 0xad, 0x01,
    0xef, 0x01, 0xef, 0x01, 0xef, 0x01, 0xef, 0x01, 0xef, 0x01, 0xef, 0x01,
    0xef, 0x01, 0xef, 0x01, 0xef, 0x01, 0xef, 0x01, 0xef, 0x01, 0xef, 0x01,
    0xef, 0x01, 0xef, 0x01, 0xef, 0x01, 0xef, 0x01, 0xef, 0x01, 0xef, 0x01,
    0xef, 0x01, 0xef, 0x01, 0xef, 0x01, 0xef, 0x01, 0xef, 0x01, 0xef, 0x01,
    0xef, 0x01, 0xef, 0x01, 0xef, 0x01, 0xef, 0x01, 0xef, 0x01, 0xef, 0x01,
    0xef, 0x01, 0xef, 0x01, 0xef, 0x01, 0xef, 0x01, 0xef, 0x01, 0xef, 0x01,
    0xef, 0x01, 0xef, 0x01, 0xef, 0x01, 0xef, 0x01, 0xef, 0x01, 0xef, 0x01,
    0xef, 0x01, 0xef, 0x01, 0xef, 0x01, 0xef, 0x01, 0xef, 0x01, 0xef, 0x01,
    0xef, 0x01, 0xef, 0x01, 0xef, 0x01, 0xef, 0x01, 0xef, 0x01, 0xef, 0x01,
    0xef, 0x01, 0xef, 0x01, 0xef, 0x01, 0xef, 0x01, 0xef, 0x01, 0xef, 0x01,
    0xef, 0x01, 0xef, 0x01, 0xef, 0x01, 0xef, 0x01, 0xef, 0x01, 0xef, 0x01,
    0xef, 0x01, 0xef, 0x01, 0xef, 0x01, 0xef, 0x01, 0xef, 0x01, 0xef, 0x01,
    0xef, 0x01, 0xef, 0x01, 0xef, 0x01, 0xef, 0x01, 0xef, 0x01, 0xef, 0x01,
    0xef, 0x01, 0xef, 0x01, 0xef, 0x01, 0xef, 0x01, 0xef, 0x01, 0xef, 0x01,
    0xef, 0x01, 0xef, 0x01, 0xef, 0x01, 0xef, 0x01, 0xef, 0x01, 0xef, 0x01,
    0xef, 0x01, 0xef, 0x01, 0xef, 0x01, 0xef, 0x01, 0xef, 0x01, 0xef, 0x01,
    0xef, 0x01, 0xef, 0x01, 0xef, 0x01, 0xef, 0x01, 0xef, 0x01, 0xef, 0x01,
    0xef, 0x01, 0xef, 0x01, 0xef, 0x01, 0xef, 0x01, 0xef, 0x01, 0xef, 0x01,
    0xef, 0x01, 0xef, 0x01, 0xef, 0x01, 0xef, 0x01, 0xef, 0x01, 0xef, 0x01,
    0xef, 0x01, 0xef, 0x01, 0xef, 0x01, 0xef, 0x01, 0xef, 0x01, 0xef, 0x01,
    0xef, 0x01, 0xef, 0x01, 0xef, 0x01, 0xef, 0x01, 0xce, 0x01, 0xe7, 0x00,
    0x21, 0x00, 0x00, 0x00, 0x00, 0x00, 0x00, 0x00, 0x00, 0x00, 0x00, 0x00,
    0x00, 0x00, 0x00, 0x00, 0x00, 0x00, 0x00, 0x00, 0x00, 0x00, 0x00, 0x00,
    0x00, 0x00, 0x00, 0x00, 0x00, 0x00, 0x00, 0x00, 0x00, 0x00, 0x00, 0x00,
    0x00, 0x00, 0x00, 0x00, 0x00, 0x00, 0x00, 0x00, 0x00, 0x00, 0x00, 0x00,
    0x00, 0x00, 0x00, 0x00, 0x00, 0x00, 0x00, 0x00, 0x00, 0x00, 0x00, 0x00,
    0x00, 0x00, 0x00, 0x00, 0x00, 0x00, 0x00, 0x00, 0x00, 0x00, 0x00, 0x00,
    0x00, 0x00, 0x00, 0x00, 0x00, 0x00, 0x00, 0x00, 0x00, 0x00, 0x00, 0x00,
    0x00, 0x00, 0x00, 0x00, 0x00, 0x00, 0x00, 0x00, 0x00, 0x00, 0x00, 0x00,
    0x00, 0x00, 0x00, 0x00, 0x00, 0x00, 0x00, 0x00, 0x00, 0x00, 0x00, 0x00,
    0x00, 0x00, 0x00, 0x00, 0x00, 0x00, 0x00, 0x00, 0x00, 0x00, 0x00, 0x00,
    0x00, 0x00, 0x00, 0x00, 0x00, 0x00, 0x00, 0x00, 0x00, 0x00, 0x00, 0x00,
    0x00, 0x00, 0x00, 0x00, 0x00, 0x00, 0x00, 0x00, 0x00, 0x00, 0x00, 0x00,
    0x00, 0x00, 0x00, 0x00, 0x00, 0x00, 0x00, 0x00, 0x00, 0x00, 0x00, 0x00,
    0x00, 0x00, 0x00, 0x00, 0x00, 0x00, 0x00, 0x00, 0x00, 0x00, 0x00, 0x00,
    0x00, 0x00, 0x00, 0x00, 0x00, 0x00, 0x00, 0x00, 0x00, 0x00, 0x00, 0x00,
    0x00, 0x00, 0x00, 0x00, 0x00, 0x00, 0x00, 0x00, 0x00, 0x00, 0x00, 0x00,
    0x00, 0x00, 0x00, 0x00, 0x00, 0x00, 0x63, 0x00, 0xe7, 0x00, 0x8c, 0x01,
    0xef, 0x01, 0xef, 0x01, 0xef, 0x01, 0xef, 0x01, 0xef, 0x01, 0xef, 0x01,
    0xef, 0x01, 0xef, 0x01, 0xef, 0x01, 0xef, 0x01, 0xef, 0x01, 0xef, 0x01,
    0xef, 0x01, 0xef, 0x01, 0xef, 0x01, 0xef, 0x01, 0xef, 0x01, 0xef, 0x01,
    0xef, 0x01, 0xef, 0x01, 0xef, 0x01, 0xef, 0x01, 0xef, 0x01, 0xef, 0x01,
    0xef, 0x01, 0xef, 0x01, 0xef, 0x01, 0xef, 0x01, 0xef, 0x01, 0xef, 0x01,
    0xef, 0x01, 0xef, 0x01, 0xef, 0x01, 0xef, 0x01, 0xef, 0x01, 0xef, 0x01,
    0xef, 0x01, 0xef, 0x01, 0xef, 0x01, 0xef, 0x01, 0xef, 0x01, 0xef, 0x01,
    0xef, 0x01, 0xef, 0x01, 0xef, 0x01, 0xef, 0x01, 0xef, 0x01, 0xef, 0x01,
    0xef, 0x01, 0xef, 0x01, 0xef, 0x01, 0xef, 0x01, 0xef, 0x01, 0xef, 0x01,
    0xef, 0x01, 0xef, 0x01, 0xef, 0x01, 0xef, 0x01, 0xef, 0x01, 0xef, 0x01,
    0xef, 0x01, 0xef, 0x01, 0xef, 0x01, 0xef, 0x01, 0xef, 0x01, 0xef, 0x01,
    0xef, 0x01, 0xef, 0x01, 0xef, 0x01, 0xef, 0x01, 0xef, 0x01, 0xef, 0x01,
    0xef, 0x01, 0xef, 0x01, 0xef, 0x01, 0xef, 0x01, 0xef, 0x01, 0xef, 0x01,
    0xef, 0x01, 0xef, 0x01, 0xef, 0x01, 0xef, 0x01, 0xef, 0x01, 0xef, 0x01,
    0xef, 0x01, 0xef, 0x01, 0xef, 0x01, 0xef, 0x01, 0xef, 0x01, 0xef, 0x01,
    0xef, 0x01, 0xef, 0x01, 0xef, 0x01, 0xef, 0x01, 0xef, 0x01, 0xef, 0x01,
    0xef, 0x01, 0xef, 0x01, 0xef, 0x01, 0xef, 0x01, 0xef, 0x01, 0xef, 0x01,
    0xef, 0x01, 0xef, 0x01, 0xef, 0x01, 0xef, 0x01, 0xef, 0x01, 0xef, 0x01,
    0xef, 0x01, 0xef, 0x01, 0xef, 0x01, 0xef, 0x01, 0xef, 0x01, 0xef, 0x01,
    0xef, 0x01, 0xef, 0x01, 0xef, 0x01, 0xef, 0x01, 0xef, 0x01, 0xef, 0x01,
    0xef, 0x01, 0xef, 0x01, 0xef, 0x01, 0xef, 0x01, 0xef, 0x01, 0xef, 0x01,
    0xef, 0x01, 0xad, 0x01, 0x84, 0x00, 0x00, 0x00, 0x00, 0x00, 0x00, 0x00,
    0x00, 0x00, 0x00, 0x00, 0x00, 0x00, 0x00, 0x00, 0x00, 0x00, 0x00, 0x00,
    0x00, 0x00, 0x00, 0x00, 0x00, 0x00, 0x00, 0x00, 0x00, 0x00, 0x00, 0x00,
    0x00, 0x00, 0x00, 0x00, 0x00, 0x00, 0x00, 0x00, 0x00, 0x00, 0x00, 0x00,
    0x00, 0x00, 0x00, 0x00, 0x00, 0x00, 0x00, 0x00, 0x00, 0x00, 0x00, 0x00,
    0x00, 0x00, 0x00, 0x00, 0x00, 0x00, 0x00, 0x00, 0x00, 0x00, 0x00, 0x00,
    0x00, 0x00, 0x00, 0x00, 0x00, 0x00, 0x00, 0x00, 0x00, 0x00, 0x00, 0x00,
    0x00, 0x00, 0x00, 0x00, 0x00, 0x00, 0x00, 0x00, 0x00, 0x00, 0x00, 0x00,
    0x00, 0x00, 0x00, 0x00, 0x00, 0x00, 0x00, 0x00, 0x00, 0x00, 0x00, 0x00,
    0x00, 0x00, 0x00, 0x00, 0x00, 0x00, 0x00, 0x00, 0x00, 0x00, 0x00, 0x00,
    0x00, 0x00, 0x00, 0x00, 0x00, 0x00, 0x00, 0x00, 0x00, 0x00, 0x00, 0x00,
    0x00, 0x00, 0x00, 0x00, 0x00, 0x00, 0x00, 0x00, 0x00, 0x00, 0x00, 0x00,
    0x00, 0x00, 0x00, 0x00, 0x00, 0x00, 0x00, 0x00, 0x00, 0x00, 0x00, 0x00,
    0x00, 0x00, 0x00, 0x00, 0x00, 0x00, 0x00, 0x00, 0x00, 0x00, 0x00, 0x00,
    0x00, 0x00, 0x00, 0x00, 0x00, 0x00, 0x00, 0x00, 0x00, 0x00, 0x00, 0x00,
    0x00, 0x00, 0x00, 0x00, 0x00, 0x00, 0x00, 0x00, 0x00, 0x00, 0x00, 0x00,
    0x00, 0x00, 0x00, 0x00, 0x00, 0x00, 0x21, 0x00, 0xc6, 0x00, 0x6b, 0x01,
    0xce, 0x01, 0xef, 0x01, 0xef, 0x01, 0xef, 0x01, 0xef, 0x01, 0xef, 0x01,
    0xef, 0x01, 0xef, 0x01, 0xef, 0x01, 0xef, 0x01, 0xef, 0x01, 0xef, 0x01,
    0xef, 0x01, 0xef, 0x01, 0xef, 0x01, 0xef, 0x01, 0xef, 0x01, 0xef, 0x01,
    0xef, 0x01, 0xef, 0x01, 0xef, 0x01, 0xef, 0x01, 0xef, 0x01, 0xef, 0x01,
    0xef, 0x01, 0xef, 0x01, 0xef, 0x01, 0xef, 0x01, 0xef, 0x01, 0xef, 0x01,
    0xef, 0x01, 0xef, 0x01, 0xef, 0x01, 0xef, 0x01, 0xef, 0x01, 0xef, 0x01,
    0xef, 0x01, 0xef, 0x01, 0xef, 0x01, 0xef, 0x01, 0xef, 0x01, 0xef, 0x01,
    0xef, 0x01, 0xef, 0x01, 0xef, 0x01, 0xef, 0x01, 0xef, 0x01, 0xef, 0x01,
    0xef, 0x01, 0xef, 0x01, 0xef, 0x01, 0xef, 0x01, 0xef, 0x01, 0xef, 0x01,
    0xef, 0x01, 0xef, 0x01, 0xef, 0x01, 0xef, 0x01, 0xef, 0x01, 0xef, 0x01,
    0xef, 0x01, 0xef, 0x01, 0xef, 0x01, 0xef, 0x01, 0xef, 0x01, 0xef, 0x01,
    0xef, 0x01, 0xef, 0x01, 0xef, 0x01, 0xef, 0x01, 0xef, 0x01, 0xef, 0x01,
    0xef, 0x01, 0xef, 0x01, 0xef, 0x01, 0xef, 0x01, 0xef, 0x01, 0xef, 0x01,
    0xef, 0x01, 0xef, 0x01, 0xef, 0x01, 0xef, 0x01, 0xef, 0x01, 0xef, 0x01,
    0xef, 0x01, 0xef, 0x01, 0xef, 0x01, 0xef, 0x01, 0xef, 0x01, 0xef, 0x01,
    0xef, 0x01, 0xef, 0x01, 0xef, 0x01, 0xef, 0x01, 0xef, 0x01, 0xef, 0x01,
    0xef, 0x01, 0xef, 0x01, 0xef, 0x01, 0xef, 0x01, 0xef, 0x01, 0xef, 0x01,
    0xef, 0x01, 0xef, 0x01, 0xef, 0x01, 0xef, 0x01, 0xef, 0x01, 0xef, 0x01,
    0xef, 0x01, 0xef, 0x01, 0xef, 0x01, 0xef, 0x01, 0xef, 0x01, 0xef, 0x01,
    0xef, 0x01, 0xef, 0x01, 0xef, 0x01, 0xef, 0x01, 0xef, 0x01, 0xef, 0x01,
    0xef, 0x01, 0xef, 0x01, 0xef, 0x01, 0xef, 0x01, 0xef, 0x01, 0xef, 0x01,
    0xef, 0x01, 0xef, 0x01, 0xef, 0x01, 0xef, 0x01, 0x4a, 0x01, 0x42, 0x00,
    0x00, 0x00, 0x00, 0x00, 0x00, 0x00, 0x00, 0x00, 0x00, 0x00, 0x00, 0x00,
    0x00, 0x00, 0x00, 0x00, 0x00, 0x00, 0x00, 0x00, 0x00, 0x00, 0x00, 0x00,
    0x00, 0x00, 0x00, 0x00, 0x00, 0x00, 0x00, 0x00, 0x00, 0x00, 0x00, 0x00,
    0x00, 0x00, 0x00, 0x00, 0x00, 0x00, 0x00, 0x00, 0x00, 0x00, 0x00, 0x00,
    0x00, 0x00, 0x00, 0x00, 0x00, 0x00, 0x00, 0x00, 0x00, 0x00, 0x00, 0x00,
    0x00, 0x00, 0x00, 0x00, 0x00, 0x00, 0x00, 0x00, 0x00, 0x00, 0x00, 0x00,
    0x00, 0x00, 0x00, 0x00, 0x00, 0x00, 0x00, 0x00, 0x00, 0x00, 0x00, 0x00,
    0x00, 0x00, 0x00, 0x00, 0x00, 0x00, 0x00, 0x00, 0x00, 0x00, 0x00, 0x00,
    0x00, 0x00, 0x00, 0x00, 0x00, 0x00, 0x00, 0x00, 0x00, 0x00, 0x00, 0x00,
    0x00, 0x00, 0x00, 0x00, 0x00, 0x00, 0x00, 0x00, 0x00, 0x00, 0x00, 0x00,
    0x00, 0x00, 0x00, 0x00, 0x00, 0x00, 0x00, 0x00, 0x00, 0x00, 0x00, 0x00,
    0x00, 0x00, 0x00, 0x00, 0x00, 0x00, 0x00, 0x00, 0x00, 0x00, 0x00, 0x00,
    0x00, 0x00, 0x00, 0x00, 0x00, 0x00, 0x00, 0x00, 0x00, 0x00, 0x00, 0x00,
    0x00, 0x00, 0x00, 0x00, 0x00, 0x00, 0x00, 0x00, 0x00, 0x00, 0x00, 0x00,
    0x00, 0x00, 0x00, 0x00, 0x00, 0x00, 0x00, 0x00, 0x00, 0x00, 0x00, 0x00,
    0x00, 0x00, 0x00, 0x00, 0x00, 0x00, 0x01, 0x00, 0x84, 0x00, 0x4a, 0x01,
    0xce, 0x01, 0xef, 0x01, 0xef, 0x01, 0xef, 0x01, 0xef, 0x01, 0xef, 0x01,
    0xef, 0x01, 0xef, 0x01, 0xef, 0x01, 0xef, 0x01, 0xef, 0x01, 0xef, 0x01,
    0xef, 0x01, 0xef, 0x01, 0xef, 0x01, 0xef, 0x01, 0xef, 0x01, 0xef, 0x01,
    0xef, 0x01, 0xef, 0x01, 0xef, 0x01, 0xef, 0x01, 0xef, 0x01, 0xef, 0x01,
    0xef, 0x01, 0xef, 0x01, 0xef, 0x01, 0xef, 0x01, 0xef, 0x01, 0xef, 0x01,
    0xef, 0x01, 0xef, 0x01, 0xef, 0x01, 0xef, 0x01, 0xef, 0x01, 0xef, 0x01,
    0xef, 0x01, 0xef, 0x01, 0xef, 0x01, 0xef, 0x01, 0xef, 0x01, 0xef, 0x01,
    0xef, 0x01, 0xef, 0x01, 0xef, 0x01, 0xef, 0x01, 0xef, 0x01, 0xef, 0x01,
    0xef, 0x01, 0xef, 0x01, 0xef, 0x01, 0xef, 0x01, 0xef, 0x01, 0xef, 0x01,
    0xef, 0x01, 0xef, 0x01, 0xef, 0x01, 0xef, 0x01, 0xef, 0x01, 0xef, 0x01,
    0xef, 0x01, 0xef, 0x01, 0xef, 0x01, 0xef, 0x01, 0xef, 0x01, 0xef, 0x01,
    0xef, 0x01, 0xef, 0x01, 0xef, 0x01, 0xef, 0x01, 0xef, 0x01, 0xef, 0x01,
    0xef, 0x01, 0xef, 0x01, 0xef, 0x01, 0xef, 0x01, 0xef, 0x01, 0xef, 0x01,
    0xef, 0x01, 0xef, 0x01, 0xef, 0x01, 0xef, 0x01, 0xef, 0x01, 0xef, 0x01,
    0xef, 0x01, 0xef, 0x01, 0xef, 0x01, 0xef, 0x01, 0xef, 0x01, 0xef, 0x01,
    0xef, 0x01, 0xef, 0x01, 0xef, 0x01, 0xef, 0x01, 0xef, 0x01, 0xef, 0x01,
    0xef, 0x01, 0xef, 0x01, 0xef, 0x01, 0xef, 0x01, 0xef, 0x01, 0xef, 0x01,
    0xef, 0x01, 0xef, 0x01, 0xef, 0x01, 0xef, 0x01, 0xef, 0x01, 0xef, 0x01,
    0xef, 0x01, 0xef, 0x01, 0xef, 0x01, 0xef, 0x01, 0xef, 0x01, 0xef, 0x01,
    0xef, 0x01, 0xef, 0x01, 0xef, 0x01, 0xef, 0x01, 0xef, 0x01, 0xef, 0x01,
    0xef, 0x01, 0xef, 0x01, 0xef, 0x01, 0xef, 0x01, 0xef, 0x01, 0xef, 0x01,
    0xef, 0x01, 0xef, 0x01, 0xef, 0x01, 0xef, 0x01, 0xef, 0x01, 0xef, 0x01,
    0xce, 0x01, 0xe7, 0x00, 0x21, 0x00, 0x00, 0x00, 0x00, 0x00, 0x00, 0x00,
    0x00, 0x00, 0x00, 0x00, 0x00, 0x00, 0x00, 0x00, 0x00, 0x00, 0x00, 0x00,
    0x00, 0x00, 0x00, 0x00, 0x00, 0x00, 0x00, 0x00, 0x00, 0x00, 0x00, 0x00,
    0x00, 0x00, 0x00, 0x00, 0x00, 0x00, 0x00, 0x00, 0x00, 0x00, 0x00, 0x00,
    0x00, 0x00, 0x00, 0x00, 0x00, 0x00, 0x00, 0x00, 0x00, 0x00, 0x00, 0x00,
    0x00, 0x00, 0x00, 0x00, 0x00, 0x00, 0x00, 0x00, 0x00, 0x00, 0x00, 0x00,
    0x00, 0x00, 0x00, 0x00, 0x00, 0x00, 0x00, 0x00, 0x00, 0x00, 0x00, 0x00,
    0x00, 0x00, 0x00, 0x00, 0x00, 0x00, 0x00, 0x00, 0x00, 0x00, 0x00, 0x00,
    0x00, 0x00, 0x00, 0x00, 0x00, 0x00, 0x00, 0x00, 0x00, 0x00, 0x00, 0x00,
    0x00, 0x00, 0x00, 0x00, 0x00, 0x00, 0x00, 0x00, 0x00, 0x00, 0x00, 0x00,
    0x00, 0x00, 0x00, 0x00, 0x00, 0x00, 0x00, 0x00, 0x00, 0x00, 0x00, 0x00,
    0x00, 0x00, 0x00, 0x00, 0x00, 0x00, 0x00, 0x00, 0x00, 0x00, 0x00, 0x00,
    0x00, 0x00, 0x00, 0x00, 0x00, 0x00, 0x00, 0x00, 0x00, 0x00, 0x00, 0x00,
    0x00, 0x00, 0x00, 0x00, 0x00, 0x00, 0x00, 0x00, 0x00, 0x00, 0x00, 0x00,
    0x00, 0x00, 0x00, 0x00, 0x00, 0x00, 0x00, 0x00, 0x00, 0x00, 0x00, 0x00,
    0x00, 0x00, 0x00, 0x00, 0x00, 0x00, 0x00, 0x00, 0x43, 0x00, 0x08, 0x01,
    0xac, 0x01, 0xef, 0x01, 0xef, 0x01, 0xef, 0x01, 0xef, 0x01, 0xef, 0x01,
    0xef, 0x01, 0xef, 0x01, 0xef, 0x01, 0xef, 0x01, 0xef, 0x01, 0xef, 0x01,
    0xef, 0x01, 0xef, 0x01, 0xef, 0x01, 0xef, 0x01, 0xef, 0x01, 0xef, 0x01,
    0xef, 0x01, 0xef, 0x01, 0xef, 0x01, 0xef, 0x01, 0xef, 0x01, 0xef, 0x01,
    0xef, 0x01, 0xef, 0x01, 0xef, 0x01, 0xef, 0x01, 0xef, 0x01, 0xef, 0x01,
    0xef, 0x01, 0xef, 0x01, 0xef, 0x01, 0xef, 0x01, 0xef, 0x01, 0xef, 0x01,
    0xef, 0x01, 0xef, 0x01, 0xef, 0x01, 0xef, 0x01, 0xef, 0x01, 0xef, 0x01,
    0xef, 0x01, 0xef, 0x01, 0xef, 0x01, 0xef, 0x01, 0xef, 0x01, 0xef, 0x01,
    0xef, 0x01, 0xef, 0x01, 0xef, 0x01, 0xef, 0x01, 0xef, 0x01, 0xef, 0x01,
    0xef, 0x01, 0xef, 0x01, 0xef, 0x01, 0xef, 0x01, 0xef, 0x01, 0xef, 0x01,
    0xef, 0x01, 0xef, 0x01, 0xef, 0x01, 0xef, 0x01, 0xef, 0x01, 0xef, 0x01,
    0xef, 0x01, 0xef, 0x01, 0xef, 0x01, 0xef, 0x01, 0xef, 0x01, 0xef, 0x01,
    0xef, 0x01, 0xef, 0x01, 0xef, 0x01, 0xef, 0x01, 0xef, 0x01, 0xef, 0x01,
    0xef, 0x01, 0xef, 0x01, 0xef, 0x01, 0xef, 0x01, 0xef, 0x01, 0xef, 0x01,
    0xef, 0x01, 0xef, 0x01, 0xef, 0x01, 0xef, 0x01, 0xef, 0x01, 0xef, 0x01,
    0xef, 0x01, 0xef, 0x01, 0xef, 0x01, 0xef, 0x01, 0xef, 0x01, 0xef, 0x01,
    0xef, 0x01, 0xef, 0x01, 0xef, 0x01, 0xef, 0x01, 0xef, 0x01, 0xef, 0x01,
    0xef, 0x01, 0xef, 0x01, 0xef, 0x01, 0xef, 0x01, 0xef, 0x01, 0xef, 0x01,
    0xef, 0x01, 0xef, 0x01, 0xef, 0x01, 0xef, 0x01, 0xef, 0x01, 0xef, 0x01,
    0xef, 0x01, 0xef, 0x01, 0xef, 0x01, 0xef, 0x01, 0xef, 0x01, 0xef, 0x01,
    0xef, 0x01, 0xef, 0x01, 0xef, 0x01, 0xef, 0x01, 0xef, 0x01, 0xef, 0x01,
    0xef, 0x01, 0xef, 0x01, 0xef, 0x01, 0xef, 0x01, 0xef, 0x01, 0xef, 0x01,
    0xef, 0x01, 0xef, 0x01, 0x0f, 0x02, 0xad, 0x01, 0x84, 0x00, 0x00, 0x00,
    0x00, 0x00, 0x00, 0x00, 0x00, 0x00, 0x00, 0x00, 0x00, 0x00, 0x00, 0x00,
    0x00, 0x00, 0x00, 0x00, 0x00, 0x00, 0x00, 0x00, 0x00, 0x00, 0x00, 0x00,
    0x00, 0x00, 0x00, 0x00, 0x00, 0x00, 0x00, 0x00, 0x00, 0x00, 0x00, 0x00,
    0x00, 0x00, 0x00, 0x00, 0x00, 0x00, 0x00, 0x00, 0x00, 0x00, 0x00, 0x00,
    0x00, 0x00, 0x00, 0x00, 0x00, 0x00, 0x00, 0x00, 0x00, 0x00, 0x00, 0x00,
    0x00, 0x00, 0x00, 0x00, 0x00, 0x00, 0x00, 0x00, 0x00, 0x00, 0x00, 0x00,
    0x00, 0x00, 0x00, 0x00, 0x00, 0x00, 0x00, 0x00, 0x00, 0x00, 0x00, 0x00,
    0x00, 0x00, 0x00, 0x00, 0x00, 0x00, 0x00, 0x00, 0x00, 0x00, 0x00, 0x00,
    0x00, 0x00, 0x00, 0x00, 0x00, 0x00, 0x00, 0x00, 0x00, 0x00, 0x00, 0x00,
    0x00, 0x00, 0x00, 0x00, 0x00, 0x00, 0x00, 0x00, 0x00, 0x00, 0x00, 0x00,
    0x00, 0x00, 0x00, 0x00, 0x00, 0x00, 0x00, 0x00, 0x00, 0x00, 0x00, 0x00,
    0x00, 0x00, 0x00, 0x00, 0x00, 0x00, 0x00, 0x00, 0x00, 0x00, 0x00, 0x00,
    0x00, 0x00, 0x00, 0x00, 0x00, 0x00, 0x00, 0x00, 0x00, 0x00, 0x00, 0x00,
    0x00, 0x00, 0x00, 0x00, 0x00, 0x00, 0x00, 0x00, 0x00, 0x00, 0x00, 0x00,
    0x00, 0x00, 0x00, 0x00, 0x00, 0x00, 0x00, 0x00, 0x21, 0x00, 0xc6, 0x00,
    0x6b, 0x01, 0xce, 0x01, 0xef, 0x01, 0xef, 0x01, 0xef, 0x01, 0xef, 0x01,
    0xef, 0x01, 0xef, 0x01, 0xef, 0x01, 0xef, 0x01, 0xef, 0x01, 0xef, 0x01,
    0xef, 0x01, 0xef, 0x01, 0xef, 0x01, 0xef, 0x01, 0xef, 0x01, 0xef, 0x01,
    0xef, 0x01, 0xef, 0x01, 0xef, 0x01, 0xef, 0x01, 0xef, 0x01, 0xef, 0x01,
    0xef, 0x01, 0xef, 0x01, 0xef, 0x01, 0xef, 0x01, 0xef, 0x01, 0xef, 0x01,
    0xef, 0x01, 0xef, 0x01, 0xef, 0x01, 0xef, 0x01, 0xef, 0x01, 0xef, 0x01,
    0xef, 0x01, 0xef, 0x01, 0xef, 0x01, 0xef, 0x01, 0xef, 0x01, 0xef, 0x01,
    0xef, 0x01, 0xef, 0x01, 0xef, 0x01, 0xef, 0x01, 0xef, 0x01, 0xef, 0x01,
    0xef, 0x01, 0xef, 0x01, 0xef, 0x01, 0xef, 0x01, 0xef, 0x01, 0xef, 0x01,
    0xef, 0x01, 0xef, 0x01, 0xef, 0x01, 0xef, 0x01, 0xef, 0x01, 0xef, 0x01,
    0xef, 0x01, 0xef, 0x01, 0xef, 0x01, 0xef, 0x01, 0xef, 0x01, 0xef, 0x01,
    0xef, 0x01, 0xef, 0x01, 0xef, 0x01, 0xef, 0x01, 0xef, 0x01, 0xef, 0x01,
    0xef, 0x01, 0xef, 0x01, 0xef, 0x01, 0xef, 0x01, 0xef, 0x01, 0xef, 0x01,
    0xef, 0x01, 0xef, 0x01, 0xef, 0x01, 0xef, 0x01, 0xef, 0x01, 0xef, 0x01,
    0xef, 0x01, 0xef, 0x01, 0xef, 0x01, 0xef, 0x01, 0xef, 0x01, 0xef, 0x01,
    0xef, 0x01, 0xef, 0x01, 0xef, 0x01, 0xef, 0x01, 0xef, 0x01, 0xef, 0x01,
    0xef, 0x01, 0xef, 0x01, 0xef, 0x01, 0xef, 0x01, 0xef, 0x01, 0xef, 0x01,
    0xef, 0x01, 0xef, 0x01, 0xef, 0x01, 0xef, 0x01, 0xef, 0x01, 0xef, 0x01,
    0xef, 0x01, 0xef, 0x01, 0xef, 0x01, 0xef, 0x01, 0xef, 0x01, 0xef, 0x01,
    0xef, 0x01, 0xef, 0x01, 0xef, 0x01, 0xef, 0x01, 0xef, 0x01, 0xef, 0x01,
    0xef, 0x01, 0xef, 0x01, 0xef, 0x01, 0xef, 0x01, 0xef, 0x01, 0xef, 0x01,
    0xef, 0x01, 0xef, 0x01, 0xef, 0x01, 0xef, 0x01, 0xef, 0x01, 0xef, 0x01,
    0xef, 0x01, 0xef, 0x01, 0xef, 0x01, 0xef, 0x01, 0xef, 0x01, 0xef, 0x01,
    0x29, 0x01, 0x42, 0x00, 0x00, 0x00, 0x00, 0x00, 0x00, 0x00, 0x00, 0x00,
    0x00, 0x00, 0x00, 0x00, 0x00, 0x00, 0x00, 0x00, 0x00, 0x00, 0x00, 0x00,
    0x00, 0x00, 0x00, 0x00, 0x00, 0x00, 0x00, 0x00, 0x00, 0x00, 0x00, 0x00,
    0x00, 0x00, 0x00, 0x00, 0x00, 0x00, 0x00, 0x00, 0x00, 0x00, 0x00, 0x00,
    0x00, 0x00, 0x00, 0x00, 0x00, 0x00, 0x00, 0x00, 0x00, 0x00, 0x00, 0x00,
    0x00, 0x00, 0x00, 0x00, 0x00, 0x00, 0x00, 0x00, 0x00, 0x00, 0x00, 0x00,
    0x00, 0x00, 0x00, 0x00, 0x00, 0x00, 0x00, 0x00, 0x00, 0x00, 0x00, 0x00,
    0x00, 0x00, 0x00, 0x00, 0x00, 0x00, 0x00, 0x00, 0x00, 0x00, 0x00, 0x00,
    0x00, 0x00, 0x00, 0x00, 0x00, 0x00, 0x00, 0x00, 0x00, 0x00, 0x00, 0x00,
    0x00, 0x00, 0x00, 0x00, 0x00, 0x00, 0x00, 0x00, 0x00, 0x00, 0x00, 0x00,
    0x00, 0x00, 0x00, 0x00, 0x00, 0x00, 0x00, 0x00, 0x00, 0x00, 0x00, 0x00,
    0x00, 0x00, 0x00, 0x00, 0x00, 0x00, 0x00, 0x00, 0x00, 0x00, 0x00, 0x00,
    0x00, 0x00, 0x00, 0x00, 0x00, 0x00, 0x00, 0x00, 0x00, 0x00, 0x00, 0x00,
    0x00, 0x00, 0x00, 0x00, 0x00, 0x00, 0x00, 0x00, 0x00, 0x00, 0x00, 0x00,
    0x00, 0x00, 0x00, 0x00, 0x00, 0x00, 0x00, 0x00, 0x00, 0x00, 0x84, 0x00,
    0x4a, 0x01, 0xce, 0x01, 0xef, 0x01, 0xef, 0x01, 0xef, 0x01, 0xef, 0x01,
    0xef, 0x01, 0xef, 0x01, 0xef, 0x01, 0xef, 0x01, 0xef, 0x01, 0xef, 0x01,
    0xef, 0x01, 0xef, 0x01, 0xef, 0x01, 0xef, 0x01, 0xef, 0x01, 0xef, 0x01,
    0xef, 0x01, 0xef, 0x01, 0xef, 0x01, 0xef, 0x01, 0xef, 0x01, 0xef, 0x01,
    0xef, 0x01, 0xef, 0x01, 0xef, 0x01, 0xef, 0x01, 0xef, 0x01, 0xef, 0x01,
    0xef, 0x01, 0xef, 0x01, 0xef, 0x01, 0xef, 0x01, 0xef, 0x01, 0xef, 0x01,
    0xef, 0x01, 0xef, 0x01, 0xef, 0x01, 0xef, 0x01, 0xef, 0x01, 0xef, 0x01,
    0xef, 0x01, 0xef, 0x01, 0xef, 0x01, 0xef, 0x01, 0xef, 0x01, 0xef, 0x01,
    0xef, 0x01, 0xef, 0x01, 0xef, 0x01, 0xef, 0x01, 0xef, 0x01, 0xef, 0x01,
    0xef, 0x01, 0xef, 0x01, 0xef, 0x01, 0xef, 0x01, 0xef, 0x01, 0xef, 0x01,
    0xef, 0x01, 0xef, 0x01, 0xef, 0x01, 0xef, 0x01, 0xef, 0x01, 0xef, 0x01,
    0xef, 0x01, 0xef, 0x01, 0xef, 0x01, 0xef, 0x01, 0xef, 0x01, 0xef, 0x01,
    0xef, 0x01, 0xef, 0x01, 0xef, 0x01, 0xef, 0x01, 0xef, 0x01, 0xef, 0x01,
    0xef, 0x01, 0xef, 0x01, 0xef, 0x01, 0xef, 0x01, 0xef, 0x01, 0xef, 0x01,
    0xef, 0x01, 0xef, 0x01, 0xef, 0x01, 0xef, 0x01, 0xef, 0x01, 0xef, 0x01,
    0xef, 0x01, 0xef, 0x01, 0xef, 0x01, 0xef, 0x01, 0xef, 0x01, 0xef, 0x01,
    0xef, 0x01, 0xef, 0x01, 0xef, 0x01, 0xef, 0x01, 0xef, 0x01, 0xef, 0x01,
    0xef, 0x01, 0xef, 0x01, 0xef, 0x01, 0xef, 0x01, 0xef, 0x01, 0xef, 0x01,
    0xef, 0x01, 0xef, 0x01, 0xef, 0x01, 0xef, 0x01, 0xef, 0x01, 0xef, 0x01,
    0xef, 0x01, 0xef, 0x01, 0xef, 0x01, 0xef, 0x01, 0xef, 0x01, 0xef, 0x01,
    0xef, 0x01, 0xef, 0x01, 0xef, 0x01, 0xef, 0x01, 0xef, 0x01, 0xef, 0x01,
    0xef, 0x01, 0xef, 0x01, 0xef, 0x01, 0xef, 0x01, 0xef, 0x01, 0xef, 0x01,
    0xef, 0x01, 0xef, 0x01, 0xef, 0x01, 0xef, 0x01, 0xef, 0x01, 0xef, 0x01,
    0xef, 0x01, 0xef, 0x01, 0xce, 0x01, 0xc6, 0x00, 0x00, 0x00, 0x00, 0x00,
    0x00, 0x00, 0x00, 0x00, 0x00, 0x00, 0x00, 0x00, 0x00, 0x00, 0x00, 0x00,
    0x00, 0x00, 0x00, 0x00, 0x00, 0x00, 0x00, 0x00, 0x00, 0x00, 0x00, 0x00,
    0x00, 0x00, 0x00, 0x00, 0x00, 0x00, 0x00, 0x00, 0x00, 0x00, 0x00, 0x00,
    0x00, 0x00, 0x00, 0x00, 0x00, 0x00, 0x00, 0x00, 0x00, 0x00, 0x00, 0x00,
    0x00, 0x00, 0x00, 0x00, 0x00, 0x00, 0x00, 0x00, 0x00, 0x00, 0x00, 0x00,
    0x00, 0x00, 0x00, 0x00, 0x00, 0x00, 0x00, 0x00, 0x00, 0x00, 0x00, 0x00,
    0x00, 0x00, 0x00, 0x00, 0x00, 0x00, 0x00, 0x00, 0x00, 0x00, 0x00, 0x00,
    0x00, 0x00, 0x00, 0x00, 0x00, 0x00, 0x00, 0x00, 0x00, 0x00, 0x00, 0x00,
    0x00, 0x00, 0x00, 0x00, 0x00, 0x00, 0x00, 0x00, 0x00, 0x00, 0x00, 0x00,
    0x00, 0x00, 0x00, 0x00, 0x00, 0x00, 0x00, 0x00, 0x00, 0x00, 0x00, 0x00,
    0x00, 0x00, 0x00, 0x00, 0x00, 0x00, 0x00, 0x00, 0x00, 0x00, 0x00, 0x00,
    0x00, 0x00, 0x00, 0x00, 0x00, 0x00, 0x00, 0x00, 0x00, 0x00, 0x00, 0x00,
    0x00, 0x00, 0x00, 0x00, 0x00, 0x00, 0x00, 0x00, 0x00, 0x00, 0x00, 0x00,
    0x00, 0x00, 0x00, 0x00, 0x00, 0x00, 0x00, 0x00, 0x00, 0x00, 0x42, 0x00,
    0xe7, 0x00, 0x8c, 0x01, 0xef, 0x01, 0x0f, 0x02, 0xef, 0x01, 0xef, 0x01,
    0xef, 0x01, 0xef, 0x01, 0xef, 0x01, 0xef, 0x01, 0xef, 0x01, 0xef, 0x01,
    0xef, 0x01, 0xef, 0x01, 0xef, 0x01, 0xef, 0x01, 0xef, 0x01, 0xef, 0x01,
    0xef, 0x01, 0xef, 0x01, 0xef, 0x01, 0xef, 0x01, 0xef, 0x01, 0xef, 0x01,
    0xef, 0x01, 0xef, 0x01, 0xef, 0x01, 0xef, 0x01, 0xef, 0x01, 0xef, 0x01,
    0xef, 0x01, 0xef, 0x01, 0xef, 0x01, 0xef, 0x01, 0xef, 0x01, 0xef, 0x01,
    0xef, 0x01, 0xef, 0x01, 0xef, 0x01, 0xef, 0x01, 0xef, 0x01, 0xef, 0x01,
    0xef, 0x01, 0xef, 0x01, 0xef, 0x01, 0xef, 0x01, 0xef, 0x01, 0xef, 0x01,
    0xef, 0x01, 0xef, 0x01, 0xef, 0x01, 0xef, 0x01, 0xef, 0x01, 0xef, 0x01,
    0xef, 0x01, 0xef, 0x01, 0xef, 0x01, 0xef, 0x01, 0xef, 0x01, 0xef, 0x01,
    0xef, 0x01, 0xef, 0x01, 0xef, 0x01, 0xef, 0x01, 0xef, 0x01, 0xef, 0x01,
    0xef, 0x01, 0xef, 0x01, 0xef, 0x01, 0xef, 0x01, 0xef, 0x01, 0xef, 0x01,
    0xef, 0x01, 0xef, 0x01, 0xef, 0x01, 0xef, 0x01, 0xef, 0x01, 0xef, 0x01,
    0xef, 0x01, 0xef, 0x01, 0xef, 0x01, 0xef, 0x01, 0xef, 0x01, 0xef, 0x01,
    0xef, 0x01, 0xef, 0x01, 0xef, 0x01, 0xef, 0x01, 0xef, 0x01, 0xef, 0x01,
    0xef, 0x01, 0xef, 0x01, 0xef, 0x01, 0xef, 0x01, 0xef, 0x01, 0xef, 0x01,
    0xef, 0x01, 0xef, 0x01, 0xef, 0x01, 0xef, 0x01, 0xef, 0x01, 0xef, 0x01,
    0xef, 0x01, 0xef, 0x01, 0xef, 0x01, 0xef, 0x01, 0xef, 0x01, 0xef, 0x01,
    0xef, 0x01, 0xef, 0x01, 0xef, 0x01, 0xef, 0x01, 0xef, 0x01, 0xef, 0x01,
    0xef, 0x01, 0xef, 0x01, 0xef, 0x01, 0xef, 0x01, 0xef, 0x01, 0xef, 0x01,
    0xef, 0x01, 0xef, 0x01, 0xef, 0x01, 0xef, 0x01, 0xef, 0x01, 0xef, 0x01,
    0xef, 0x01, 0xef, 0x01, 0xef, 0x01, 0xef, 0x01, 0xef, 0x01, 0xef, 0x01,
    0xef, 0x01, 0xef, 0x01, 0xef, 0x01, 0xef, 0x01, 0xef, 0x01, 0xef, 0x01,
    0xef, 0x01, 0xef, 0x01, 0xef, 0x01, 0xef, 0x01, 0xef, 0x01, 0x6b, 0x01,
    0x63, 0x00, 0x00, 0x00, 0x00, 0x00, 0x00, 0x00, 0x00, 0x00, 0x00, 0x00,
    0x00, 0x00, 0x00, 0x00, 0x00, 0x00, 0x00, 0x00, 0x00, 0x00, 0x00, 0x00,
    0x00, 0x00, 0x00, 0x00, 0x00, 0x00, 0x00, 0x00, 0x00, 0x00, 0x00, 0x00,
    0x00, 0x00, 0x00, 0x00, 0x00, 0x00, 0x00, 0x00, 0x00, 0x00, 0x00, 0x00,
    0x00, 0x00, 0x00, 0x00, 0x00, 0x00, 0x00, 0x00, 0x00, 0x00, 0x00, 0x00,
    0x00, 0x00, 0x00, 0x00, 0x00, 0x00, 0x00, 0x00, 0x00, 0x00, 0x00, 0x00,
    0x00, 0x00, 0x00, 0x00, 0x00, 0x00, 0x00, 0x00, 0x00, 0x00, 0x00, 0x00,
    0x00, 0x00, 0x00, 0x00, 0x00, 0x00, 0x00, 0x00, 0x00, 0x00, 0x00, 0x00,
    0x00, 0x00, 0x00, 0x00, 0x00, 0x00, 0x00, 0x00, 0x00, 0x00, 0x00, 0x00,
    0x00, 0x00, 0x00, 0x00, 0x00, 0x00, 0x00, 0x00, 0x00, 0x00, 0x00, 0x00,
    0x00, 0x00, 0x00, 0x00, 0x00, 0x00, 0x00, 0x00, 0x00, 0x00, 0x00, 0x00,
    0x00, 0x00, 0x00, 0x00, 0x00, 0x00, 0x00, 0x00, 0x00, 0x00, 0x00, 0x00,
    0x00, 0x00, 0x00, 0x00, 0x00, 0x00, 0x00, 0x00, 0x00, 0x00, 0x00, 0x00,
    0x00, 0x00, 0x00, 0x00, 0x00, 0x00, 0x00, 0x00, 0x00, 0x00, 0x21, 0x00,
    0xa5, 0x00, 0x4a, 0x01, 0xce, 0x01, 0xef, 0x01, 0xef, 0x01, 0xef, 0x01,
    0xef, 0x01, 0xef, 0x01, 0xef, 0x01, 0xef, 0x01, 0xef, 0x01, 0xef, 0x01,
    0xef, 0x01, 0xef, 0x01, 0xef, 0x01, 0xef, 0x01, 0xef, 0x01, 0xef, 0x01,
    0xef, 0x01, 0xef, 0x01, 0xef, 0x01, 0xef, 0x01, 0xef, 0x01, 0xef, 0x01,
    0xef, 0x01, 0xef, 0x01, 0xef, 0x01, 0xef, 0x01, 0xef, 0x01, 0xef, 0x01,
    0xef, 0x01, 0xef, 0x01, 0xef, 0x01, 0xef, 0x01, 0xef, 0x01, 0xef, 0x01,
    0xef, 0x01, 0xef, 0x01, 0xef, 0x01, 0xef, 0x01, 0xef, 0x01, 0xef, 0x01,
    0xef, 0x01, 0xef, 0x01, 0xef, 0x01, 0xef, 0x01, 0xef, 0x01, 0xef, 0x01,
    0xef, 0x01, 0xef, 0x01, 0xef, 0x01, 0xef, 0x01, 0xef, 0x01, 0xef, 0x01,
    0xef, 0x01, 0xef, 0x01, 0xef, 0x01, 0xef, 0x01, 0xef, 0x01, 0xef, 0x01,
    0xef, 0x01, 0xef, 0x01, 0xef, 0x01, 0xef, 0x01, 0xef, 0x01, 0xef, 0x01,
    0xef, 0x01, 0xef, 0x01, 0xef, 0x01, 0xef, 0x01, 0xef, 0x01, 0xef, 0x01,
    0xef, 0x01, 0xef, 0x01, 0xef, 0x01, 0xef, 0x01, 0xef, 0x01, 0xef, 0x01,
    0xef, 0x01, 0xef, 0x01, 0xef, 0x01, 0xef, 0x01, 0xef, 0x01, 0xef, 0x01,
    0xef, 0x01, 0xef, 0x01, 0xef, 0x01, 0xef, 0x01, 0xef, 0x01, 0xef, 0x01,
    0xef, 0x01, 0xef, 0x01, 0xef, 0x01, 0xef, 0x01, 0xef, 0x01, 0xef, 0x01,
    0xef, 0x01, 0xef, 0x01, 0xef, 0x01, 0xef, 0x01, 0xef, 0x01, 0xef, 0x01,
    0xef, 0x01, 0xef, 0x01, 0xef, 0x01, 0xef, 0x01, 0xef, 0x01, 0xef, 0x01,
    0xef, 0x01, 0xef, 0x01, 0xef, 0x01, 0xef, 0x01, 0xef, 0x01, 0xef, 0x01,
    0xef, 0x01, 0xef, 0x01, 0xef, 0x01, 0xef, 0x01, 0xef, 0x01, 0xef, 0x01,
    0xef, 0x01, 0xef, 0x01, 0xef, 0x01, 0xef, 0x01, 0xef, 0x01, 0xef, 0x01,
    0xef, 0x01, 0xef, 0x01, 0xef, 0x01, 0xef, 0x01, 0xef, 0x01, 0xef, 0x01,
    0xef, 0x01, 0xef, 0x01, 0xef, 0x01, 0xef, 0x01, 0xef, 0x01, 0xef, 0x01,
    0xef, 0x01, 0xef, 0x01, 0xef, 0x01, 0xef, 0x01, 0xef, 0x01, 0xef, 0x01,
    0xef, 0x01, 0xcf, 0x01, 0xe7, 0x00, 0x21, 0x00, 0x00, 0x00, 0x00, 0x00,
    0x00, 0x00, 0x00, 0x00, 0x00, 0x00, 0x00, 0x00, 0x00, 0x00, 0x00, 0x00,
    0x00, 0x00, 0x00, 0x00, 0x00, 0x00, 0x00, 0x00, 0x00, 0x00, 0x00, 0x00,
    0x00, 0x00, 0x00, 0x00, 0x00, 0x00, 0x00, 0x00, 0x00, 0x00, 0x00, 0x00,
    0x00, 0x00, 0x00, 0x00, 0x00, 0x00, 0x00, 0x00, 0x00, 0x00, 0x00, 0x00,
    0x00, 0x00, 0x00, 0x00, 0x00, 0x00, 0x00, 0x00, 0x00, 0x00, 0x00, 0x00,
    0x00, 0x00, 0x00, 0x00, 0x00, 0x00, 0x00, 0x00, 0x00, 0x00, 0x00, 0x00,
    0x00, 0x00, 0x00, 0x00, 0x00, 0x00, 0x00, 0x00, 0x00, 0x00, 0x00, 0x00,
    0x00, 0x00, 0x00, 0x00, 0x00, 0x00, 0x00, 0x00, 0x00, 0x00, 0x00, 0x00,
    0x00, 0x00, 0x00, 0x00, 0x00, 0x00, 0x00, 0x00, 0x00, 0x00, 0x00, 0x00,
    0x00, 0x00, 0x00, 0x00, 0x00, 0x00, 0x00, 0x00, 0x00, 0x00, 0x00, 0x00,
    0x00, 0x00, 0x00, 0x00, 0x00, 0x00, 0x00, 0x00, 0x00, 0x00, 0x00, 0x00,
    0x00, 0x00, 0x00, 0x00, 0x00, 0x00, 0x00, 0x00, 0x00, 0x00, 0x00, 0x00,
    0x00, 0x00, 0x00, 0x00, 0x00, 0x00, 0x00, 0x00, 0x00, 0x00, 0x00, 0x00,
    0x43, 0x00, 0x08, 0x01, 0xad, 0x01, 0xef, 0x01, 0x10, 0x02, 0xef, 0x01,
    0xef, 0x01, 0xef, 0x01, 0xef, 0x01, 0xef, 0x01, 0xef, 0x01, 0xef, 0x01,
    0xef, 0x01, 0xef, 0x01, 0xef, 0x01, 0xef, 0x01, 0xef, 0x01, 0xef, 0x01,
    0xef, 0x01, 0xef, 0x01, 0xef, 0x01, 0xef, 0x01, 0xef, 0x01, 0xef, 0x01,
    0xef, 0x01, 0xef, 0x01, 0xef, 0x01, 0xef, 0x01, 0xef, 0x01, 0xef, 0x01,
    0xef, 0x01, 0xef, 0x01, 0xef, 0x01, 0xef, 0x01, 0xef, 0x01, 0xef, 0x01,
    0xef, 0x01, 0xef, 0x01, 0xef, 0x01, 0xef, 0x01, 0xef, 0x01, 0xef, 0x01,
    0xef, 0x01, 0xef, 0x01, 0xef, 0x01, 0xef, 0x01, 0xef, 0x01, 0xef, 0x01,
    0xef, 0x01, 0xef, 0x01, 0xef, 0x01, 0xef, 0x01, 0xef, 0x01, 0xef, 0x01,
    0xef, 0x01, 0xef, 0x01, 0xef, 0x01, 0xef, 0x01, 0xef, 0x01, 0xef, 0x01,
    0xef, 0x01, 0xef, 0x01, 0xef, 0x01, 0xef, 0x01, 0xef, 0x01, 0xef, 0x01,
    0xef, 0x01, 0xef, 0x01, 0xef, 0x01, 0xef, 0x01, 0xef, 0x01, 0xef, 0x01,
    0xef, 0x01, 0xef, 0x01, 0xef, 0x01, 0xef, 0x01, 0xef, 0x01, 0xef, 0x01,
    0xef, 0x01, 0xef, 0x01, 0xef, 0x01, 0xef, 0x01, 0xef, 0x01, 0xef, 0x01,
    0xef, 0x01, 0xef, 0x01, 0xef, 0x01, 0xef, 0x01, 0xef, 0x01, 0xef, 0x01,
    0xef, 0x01, 0xef, 0x01, 0xef, 0x01, 0xef, 0x01, 0xef, 0x01, 0xef, 0x01,
    0xef, 0x01, 0xef, 0x01, 0xef, 0x01, 0xef, 0x01, 0xef, 0x01, 0xef, 0x01,
    0xef, 0x01, 0xef, 0x01, 0xef, 0x01, 0xef, 0x01, 0xef, 0x01, 0xef, 0x01,
    0xef, 0x01, 0xef, 0x01, 0xef, 0x01, 0xef, 0x01, 0xef, 0x01, 0xef, 0x01,
    0xef, 0x01, 0xef, 0x01, 0xef, 0x01, 0xef, 0x01, 0xef, 0x01, 0xef, 0x01,
    0xef, 0x01, 0xef, 0x01, 0xef, 0x01, 0xef, 0x01, 0xef, 0x01, 0xef, 0x01,
    0xef, 0x01, 0xef, 0x01, 0xef, 0x01, 0xef, 0x01, 0xef, 0x01, 0xef, 0x01,
    0xef, 0x01, 0xef, 0x01, 0xef, 0x01, 0xef, 0x01, 0xef, 0x01, 0xef, 0x01,
    0xef, 0x01, 0xef, 0x01, 0xef, 0x01, 0xef, 0x01, 0xef, 0x01, 0xef, 0x01,
    0xef, 0x01, 0xef, 0x01, 0xef, 0x01, 0x10, 0x02, 0x8c, 0x01, 0x83, 0x00,
    0x00, 0x00, 0x00, 0x00, 0x00, 0x00, 0x00, 0x00, 0x00, 0x00, 0x00, 0x00,
    0x00, 0x00, 0x00, 0x00, 0x00, 0x00, 0x00, 0x00, 0x00, 0x00, 0x00, 0x00,
    0x00, 0x00, 0x00, 0x00, 0x00, 0x00, 0x00, 0x00, 0x00, 0x00, 0x00, 0x00,
    0x00, 0x00, 0x00, 0x00, 0x00, 0x00, 0x00, 0x00, 0x00, 0x00, 0x00, 0x00,
    0x00, 0x00, 0x00, 0x00, 0x00, 0x00, 0x00, 0x00, 0x00, 0x00, 0x00, 0x00,
    0x00, 0x00, 0x00, 0x00, 0x00, 0x00, 0x00, 0x00, 0x00, 0x00, 0x00, 0x00,
    0x00, 0x00, 0x00, 0x00, 0x00, 0x00, 0x00, 0x00, 0x00, 0x00, 0x00, 0x00,
    0x00, 0x00, 0x00, 0x00, 0x00, 0x00, 0x00, 0x00, 0x00, 0x00, 0x00, 0x00,
    0x00, 0x00, 0x00, 0x00, 0x00, 0x00, 0x00, 0x00, 0x00, 0x00, 0x00, 0x00,
    0x00, 0x00, 0x00, 0x00, 0x00, 0x00, 0x00, 0x00, 0x00, 0x00, 0x00, 0x00,
    0x00, 0x00, 0x00, 0x00, 0x00, 0x00, 0x00, 0x00, 0x00, 0x00, 0x00, 0x00,
    0x00, 0x00, 0x00, 0x00, 0x00, 0x00, 0x00, 0x00, 0x00, 0x00, 0x00, 0x00,
    0x00, 0x00, 0x00, 0x00, 0x00, 0x00, 0x00, 0x00, 0x00, 0x00, 0x00, 0x00,
    0x21, 0x00, 0xa5, 0x00, 0x4a, 0x01, 0xce, 0x01, 0xef, 0x01, 0xef, 0x01,
    0xef, 0x01, 0xef, 0x01, 0xef, 0x01, 0xef, 0x01, 0xef, 0x01, 0xef, 0x01,
    0xef, 0x01, 0xef, 0x01, 0xef, 0x01, 0xef, 0x01, 0xef, 0x01, 0xef, 0x01,
    0xef, 0x01, 0xef, 0x01, 0xef, 0x01, 0xef, 0x01, 0xef, 0x01, 0xef, 0x01,
    0xef, 0x01, 0xef, 0x01, 0xef, 0x01, 0xef, 0x01, 0xef, 0x01, 0xef, 0x01,
    0xef, 0x01, 0xef, 0x01, 0xef, 0x01, 0xef, 0x01, 0xef, 0x01, 0xef, 0x01,
    0xef, 0x01, 0xef, 0x01, 0xef, 0x01, 0xef, 0x01, 0xef, 0x01, 0xef, 0x01,
    0xef, 0x01, 0xef, 0x01, 0xef, 0x01, 0xef, 0x01, 0xef, 0x01, 0xef, 0x01,
    0xef, 0x01, 0xef, 0x01, 0xef, 0x01, 0xef, 0x01, 0xef, 0x01, 0xef, 0x01,
    0xef, 0x01, 0xef, 0x01, 0xef, 0x01, 0xef, 0x01, 0xef, 0x01, 0xef, 0x01,
    0xef, 0x01, 0xef, 0x01, 0xef, 0x01, 0xef, 0x01, 0xef, 0x01, 0xef, 0x01,
    0xef, 0x01, 0xef, 0x01, 0xef, 0x01, 0xef, 0x01, 0xef, 0x01, 0xef, 0x01,
    0xef, 0x01, 0xef, 0x01, 0xef, 0x01, 0xef, 0x01, 0xef, 0x01, 0xef, 0x01,
    0xef, 0x01, 0xef, 0x01, 0xef, 0x01, 0xef, 0x01, 0xef, 0x01, 0xef, 0x01,
    0xef, 0x01, 0xef, 0x01, 0xef, 0x01, 0xef, 0x01, 0xef, 0x01, 0xef, 0x01,
    0xef, 0x01, 0xef, 0x01, 0xef, 0x01, 0xef, 0x01, 0xef, 0x01, 0xef, 0x01,
    0xef, 0x01, 0xef, 0x01, 0xef, 0x01, 0xef, 0x01, 0xef, 0x01, 0xef, 0x01,
    0xef, 0x01, 0xef, 0x01, 0xef, 0x01, 0xef, 0x01, 0xef, 0x01, 0xef, 0x01,
    0xef, 0x01, 0xef, 0x01, 0xef, 0x01, 0xef, 0x01, 0xef, 0x01, 0xef, 0x01,
    0xef, 0x01, 0xef, 0x01, 0xef, 0x01, 0xef, 0x01, 0xef, 0x01, 0xef, 0x01,
    0xef, 0x01, 0xef, 0x01, 0xef, 0x01, 0xef, 0x01, 0xef, 0x01, 0xef, 0x01,
    0xef, 0x01, 0xef, 0x01, 0xef, 0x01, 0xef, 0x01, 0xef, 0x01, 0xef, 0x01,
    0xef, 0x01, 0xef, 0x01, 0xef, 0x01, 0xef, 0x01, 0xef, 0x01, 0xef, 0x01,
    0xef, 0x01, 0xef, 0x01, 0xef, 0x01, 0xef, 0x01, 0xef, 0x01, 0xef, 0x01,
    0xef, 0x01, 0xef, 0x01, 0xef, 0x01, 0xef, 0x01, 0xef, 0x01, 0xef, 0x01,
    0xef, 0x01, 0x08, 0x01, 0x21, 0x00, 0x00, 0x00, 0x00, 0x00, 0x00, 0x00,
    0x00, 0x00, 0x00, 0x00, 0x00, 0x00, 0x00, 0x00, 0x00, 0x00, 0x00, 0x00,
    0x00, 0x00, 0x00, 0x00, 0x00, 0x00, 0x00, 0x00, 0x00, 0x00, 0x00, 0x00,
    0x00, 0x00, 0x00, 0x00, 0x00, 0x00, 0x00, 0x00, 0x00, 0x00, 0x00, 0x00,
    0x00, 0x00, 0x00, 0x00, 0x00, 0x00, 0x00, 0x00, 0x00, 0x00, 0x00, 0x00,
    0x00, 0x00, 0x00, 0x00, 0x00, 0x00, 0x00, 0x00, 0x00, 0x00, 0x00, 0x00,
    0x00, 0x00, 0x00, 0x00, 0x00, 0x00, 0x00, 0x00, 0x00, 0x00, 0x00, 0x00,
    0x00, 0x00, 0x00, 0x00, 0x00, 0x00, 0x00, 0x00, 0x00, 0x00, 0x00, 0x00,
    0x00, 0x00, 0x00, 0x00, 0x00, 0x00, 0x00, 0x00, 0x00, 0x00, 0x00, 0x00,
    0x00, 0x00, 0x00, 0x00, 0x00, 0x00, 0x00, 0x00, 0x00, 0x00, 0x00, 0x00,
    0x00, 0x00, 0x00, 0x00, 0x00, 0x00, 0x00, 0x00, 0x00, 0x00, 0x00, 0x00,
    0x00, 0x00, 0x00, 0x00, 0x00, 0x00, 0x00, 0x00, 0x00, 0x00, 0x00, 0x00,
    0x00, 0x00, 0x00, 0x00, 0x00, 0x00, 0x00, 0x00, 0x00, 0x00, 0x00, 0x00,
    0x00, 0x00, 0x43, 0x00, 0x08, 0x01, 0xad, 0x01, 0xef, 0x01, 0xef, 0x01,
    0xef, 0x01, 0xef, 0x01, 0xef, 0x01, 0xef, 0x01, 0xef, 0x01, 0xef, 0x01,
    0xef, 0x01, 0xef, 0x01, 0xef, 0x01, 0xef, 0x01, 0xef, 0x01, 0xef, 0x01,
    0xef, 0x01, 0xef, 0x01, 0xef, 0x01, 0xef, 0x01, 0xef, 0x01, 0xef, 0x01,
    0xef, 0x01, 0xef, 0x01, 0xef, 0x01, 0xef, 0x01, 0xef, 0x01, 0xef, 0x01,
    0xef, 0x01, 0xef, 0x01, 0xef, 0x01, 0xef, 0x01, 0xef, 0x01, 0xef, 0x01,
    0xef, 0x01, 0xef, 0x01, 0xef, 0x01, 0xef, 0x01, 0xef, 0x01, 0xef, 0x01,
    0xef, 0x01, 0xef, 0x01, 0xef, 0x01, 0xef, 0x01, 0xef, 0x01, 0xef, 0x01,
    0xef, 0x01, 0xef, 0x01, 0xef, 0x01, 0xef, 0x01, 0xef, 0x01, 0xef, 0x01,
    0xef, 0x01, 0xef, 0x01, 0xef, 0x01, 0xef, 0x01, 0xef, 0x01, 0xef, 0x01,
    0xef, 0x01, 0xef, 0x01, 0xef, 0x01, 0xef, 0x01, 0xef, 0x01, 0xef, 0x01,
    0xef, 0x01, 0xef, 0x01, 0xef, 0x01, 0xef, 0x01, 0xef, 0x01, 0xef, 0x01,
    0xef, 0x01, 0xef, 0x01, 0xef, 0x01, 0xef, 0x01, 0xef, 0x01, 0xef, 0x01,
    0xef, 0x01, 0xef, 0x01, 0xef, 0x01, 0xef, 0x01, 0xef, 0x01, 0xef, 0x01,
    0xef, 0x01, 0xef, 0x01, 0xef, 0x01, 0xef, 0x01, 0xef, 0x01, 0xef, 0x01,
    0xef, 0x01, 0xef, 0x01, 0xef, 0x01, 0xef, 0x01, 0xef, 0x01, 0xef, 0x01,
    0xef, 0x01, 0xef, 0x01, 0xef, 0x01, 0xef, 0x01, 0xef, 0x01, 0xef, 0x01,
    0xef, 0x01, 0xef, 0x01, 0xef, 0x01, 0xef, 0x01, 0xef, 0x01, 0xef, 0x01,
    0xef, 0x01, 0xef, 0x01, 0xef, 0x01, 0xef, 0x01, 0xef, 0x01, 0xef, 0x01,
    0xef, 0x01, 0xef, 0x01, 0xef, 0x01, 0xef, 0x01, 0xef, 0x01, 0xef, 0x01,
    0xef, 0x01, 0xef, 0x01, 0xef, 0x01, 0xef, 0x01, 0xef, 0x01, 0xef, 0x01,
    0xef, 0x01, 0xef, 0x01, 0xef, 0x01, 0xef, 0x01, 0xef, 0x01, 0xef, 0x01,
    0xef, 0x01, 0xef, 0x01, 0xef, 0x01, 0xef, 0x01, 0xef, 0x01, 0xef, 0x01,
    0xef, 0x01, 0xef, 0x01, 0xef, 0x01, 0xef, 0x01, 0xef, 0x01, 0xef, 0x01,
    0xef, 0x01, 0xef, 0x01, 0xef, 0x01, 0xef, 0x01, 0xef, 0x01, 0xef, 0x01,
    0xef, 0x01, 0xef, 0x01, 0xf0, 0x01, 0x8d, 0x01, 0x84, 0x00, 0x00, 0x00,
    0x00, 0x00, 0x00, 0x00, 0x00, 0x00, 0x00, 0x00, 0x00, 0x00, 0x00, 0x00,
    0x00, 0x00, 0x00, 0x00, 0x00, 0x00, 0x00, 0x00, 0x00, 0x00, 0x00, 0x00,
    0x00, 0x00, 0x00, 0x00, 0x00, 0x00, 0x00, 0x00, 0x00, 0x00, 0x00, 0x00,
    0x00, 0x00, 0x00, 0x00, 0x00, 0x00, 0x00, 0x00, 0x00, 0x00, 0x00, 0x00,
    0x00, 0x00, 0x00, 0x00, 0x00, 0x00, 0x00, 0x00, 0x00, 0x00, 0x00, 0x00,
    0x00, 0x00, 0x00, 0x00, 0x00, 0x00, 0x00, 0x00, 0x00, 0x00, 0x00, 0x00,
    0x00, 0x00, 0x00, 0x00, 0x00, 0x00, 0x00, 0x00, 0x00, 0x00, 0x00, 0x00,
    0x00, 0x00, 0x00, 0x00, 0x00, 0x00, 0x00, 0x00, 0x00, 0x00, 0x00, 0x00,
    0x00, 0x00, 0x00, 0x00, 0x00, 0x00, 0x00, 0x00, 0x00, 0x00, 0x00, 0x00,
    0x00, 0x00, 0x00, 0x00, 0x00, 0x00, 0x00, 0x00, 0x00, 0x00, 0x00, 0x00,
    0x00, 0x00, 0x00, 0x00, 0x00, 0x00, 0x00, 0x00, 0x00, 0x00, 0x00, 0x00,
    0x00, 0x00, 0x00, 0x00, 0x00, 0x00, 0x00, 0x00, 0x00, 0x00, 0x00, 0x00,
    0x00, 0x00, 0x21, 0x00, 0xa5, 0x00, 0x4a, 0x01, 0xce, 0x01, 0x10, 0x02,
    0xef, 0x01, 0xef, 0x01, 0xef, 0x01, 0xef, 0x01, 0xef, 0x01, 0xef, 0x01,
    0xef, 0x01, 0xef, 0x01, 0xef, 0x01, 0xef, 0x01, 0xef, 0x01, 0xef, 0x01,
    0xef, 0x01, 0xef, 0x01, 0xef, 0x01, 0xef, 0x01, 0xef, 0x01, 0xef, 0x01,
    0xef, 0x01, 0xef, 0x01, 0xef, 0x01, 0xef, 0x01, 0xef, 0x01, 0xef, 0x01,
    0xef, 0x01, 0xef, 0x01, 0xef, 0x01, 0xef, 0x01, 0xef, 0x01, 0xef, 0x01,
    0xef, 0x01, 0xef, 0x01, 0xef, 0x01, 0xef, 0x01, 0xef, 0x01, 0xef, 0x01,
    0xef, 0x01, 0xef, 0x01, 0xef, 0x01, 0xef, 0x01, 0xef, 0x01, 0xef, 0x01,
    0xef, 0x01, 0xef, 0x01, 0xef, 0x01, 0xef, 0x01, 0xef, 0x01, 0xef, 0x01,
    0xef, 0x01, 0xef, 0x01, 0xef, 0x01, 0xef, 0x01, 0xef, 0x01, 0xef, 0x01,
    0xef, 0x01, 0xef, 0x01, 0xef, 0x01, 0xef, 0x01, 0xef, 0x01, 0xef, 0x01,
    0xef, 0x01, 0xef, 0x01, 0xef, 0x01, 0xef, 0x01, 0xef, 0x01, 0xef, 0x01,
    0xef, 0x01, 0xef, 0x01, 0xef, 0x01, 0xef, 0x01, 0xef, 0x01, 0xef, 0x01,
    0xef, 0x01, 0xef, 0x01, 0xef, 0x01, 0xef, 0x01, 0xef, 0x01, 0xef, 0x01,
    0xef, 0x01, 0xef, 0x01, 0xef, 0x01, 0xef, 0x01, 0xef, 0x01, 0xef, 0x01,
    0xef, 0x01, 0xef, 0x01, 0xef, 0x01, 0xef, 0x01, 0xef, 0x01, 0xef, 0x01,
    0xef, 0x01, 0xef, 0x01, 0xef, 0x01, 0xef, 0x01, 0xef, 0x01, 0xef, 0x01,
    0xef, 0x01, 0xef, 0x01, 0xef, 0x01, 0xef, 0x01, 0xef, 0x01, 0xef, 0x01,
    0xef, 0x01, 0xef, 0x01, 0xef, 0x01, 0xef, 0x01, 0xef, 0x01, 0xef, 0x01,
    0xef, 0x01, 0xef, 0x01, 0xef, 0x01, 0xef, 0x01, 0xef, 0x01, 0xef, 0x01,
    0xef, 0x01, 0xef, 0x01, 0xef, 0x01, 0xef, 0x01, 0xef, 0x01, 0xef, 0x01,
    0xef, 0x01, 0xef, 0x01, 0xef, 0x01, 0xef, 0x01, 0xef, 0x01, 0xef, 0x01,
    0xef, 0x01, 0xef, 0x01, 0xef, 0x01, 0xef, 0x01, 0xef, 0x01, 0xef, 0x01,
    0xef, 0x01, 0xef, 0x01, 0xef, 0x01, 0xef, 0x01, 0xef, 0x01, 0xef, 0x01,
    0xef, 0x01, 0xef, 0x01, 0xef, 0x01, 0xef, 0x01, 0xef, 0x01, 0xef, 0x01,
    0xef, 0x01, 0xef, 0x01, 0xef, 0x01, 0xef, 0x01, 0xef, 0x01, 0xef, 0x01,
    0x29, 0x01, 0x21, 0x00, 0x00, 0x00, 0x00, 0x00, 0x00, 0x00, 0x00, 0x00,
    0x00, 0x00, 0x00, 0x00, 0x00, 0x00, 0x00, 0x00, 0x00, 0x00, 0x00, 0x00,
    0x00, 0x00, 0x00, 0x00, 0x00, 0x00, 0x00, 0x00, 0x00, 0x00, 0x00, 0x00,
    0x00, 0x00, 0x00, 0x00, 0x00, 0x00, 0x00, 0x00, 0x00, 0x00, 0x00, 0x00,
    0x00, 0x00, 0x00, 0x00, 0x00, 0x00, 0x00, 0x00, 0x00, 0x00, 0x00, 0x00,
    0x00, 0x00, 0x00, 0x00, 0x00, 0x00, 0x00, 0x00, 0x00, 0x00, 0x00, 0x00,
    0x00, 0x00, 0x00, 0x00, 0x00, 0x00, 0x00, 0x00, 0x00, 0x00, 0x00, 0x00,
    0x00, 0x00, 0x00, 0x00, 0x00, 0x00, 0x00, 0x00, 0x00, 0x00, 0x00, 0x00,
    0x00, 0x00, 0x00, 0x00, 0x00, 0x00, 0x00, 0x00, 0x00, 0x00, 0x00, 0x00,
    0x00, 0x00, 0x00, 0x00, 0x00, 0x00, 0x00, 0x00, 0x00, 0x00, 0x00, 0x00,
    0x00, 0x00, 0x00, 0x00, 0x00, 0x00, 0x00, 0x00, 0x00, 0x00, 0x00, 0x00,
    0x00, 0x00, 0x00, 0x00, 0x00, 0x00, 0x00, 0x00, 0x00, 0x00, 0x00, 0x00,
    0x00, 0x00, 0x00, 0x00, 0x43, 0x00, 0x08, 0x01, 0xad, 0x01, 0xef, 0x01,
    0xef, 0x01, 0xef, 0x01, 0xef, 0x01, 0xef, 0x01, 0xef, 0x01, 0xef, 0x01,
    0xef, 0x01, 0xef, 0x01, 0xef, 0x01, 0xef, 0x01, 0xef, 0x01, 0xef, 0x01,
    0xef, 0x01, 0xef, 0x01, 0xef, 0x01, 0xef, 0x01, 0xef, 0x01, 0xef, 0x01,
    0xef, 0x01, 0xef, 0x01, 0xef, 0x01, 0xef, 0x01, 0xef, 0x01, 0xef, 0x01,
    0xef, 0x01, 0xef, 0x01, 0xef, 0x01, 0xef, 0x01, 0xef, 0x01, 0xef, 0x01,
    0xef, 0x01, 0xef, 0x01, 0xef, 0x01, 0xef, 0x01, 0xef, 0x01, 0xef, 0x01,
    0xef, 0x01, 0xef, 0x01, 0xef, 0x01, 0xef, 0x01, 0xef, 0x01, 0xef, 0x01,
    0xef, 0x01, 0xef, 0x01, 0xef, 0x01, 0xef, 0x01, 0xef, 0x01, 0xef, 0x01,
    0xef, 0x01, 0xef, 0x01, 0xef, 0x01, 0xef, 0x01, 0xef, 0x01, 0xef, 0x01,
    0xef, 0x01, 0xef, 0x01, 0xef, 0x01, 0xef, 0x01, 0xef, 0x01, 0xef, 0x01,
    0xef, 0x01, 0xef, 0x01, 0xef, 0x01, 0xef, 0x01, 0xef, 0x01, 0xef, 0x01,
    0xef, 0x01, 0xef, 0x01, 0xef, 0x01, 0xef, 0x01, 0xef, 0x01, 0xef, 0x01,
    0xef, 0x01, 0xef, 0x01, 0xef, 0x01, 0xef, 0x01, 0xef, 0x01, 0xef, 0x01,
    0xef, 0x01, 0xef, 0x01, 0xef, 0x01, 0xef, 0x01, 0xef, 0x01, 0xef, 0x01,
    0xef, 0x01, 0xef, 0x01, 0xef, 0x01, 0xef, 0x01, 0xef, 0x01, 0xef, 0x01,
    0xef, 0x01, 0xef, 0x01, 0xef, 0x01, 0xef, 0x01, 0xef, 0x01, 0xef, 0x01,
    0xef, 0x01, 0xef, 0x01, 0xef, 0x01, 0xef, 0x01, 0xef, 0x01, 0xef, 0x01,
    0xef, 0x01, 0xef, 0x01, 0xef, 0x01, 0xef, 0x01, 0xef, 0x01, 0xef, 0x01,
    0xef, 0x01, 0xef, 0x01, 0xef, 0x01, 0xef, 0x01, 0xef, 0x01, 0xef, 0x01,
    0xef, 0x01, 0xef, 0x01, 0xef, 0x01, 0xef, 0x01, 0xef, 0x01, 0xef, 0x01,
    0xef, 0x01, 0xef, 0x01, 0xef, 0x01, 0xef, 0x01, 0xef, 0x01, 0xef, 0x01,
    0xef, 0x01, 0xef, 0x01, 0xef, 0x01, 0xef, 0x01, 0xef, 0x01, 0xef, 0x01,
    0xef, 0x01, 0xef, 0x01, 0xef, 0x01, 0xef, 0x01, 0xef, 0x01, 0xef, 0x01,
    0xef, 0x01, 0xef, 0x01, 0xef, 0x01, 0xef, 0x01, 0xef, 0x01, 0xef, 0x01,
    0xef, 0x01, 0xef, 0x01, 0xef, 0x01, 0xef, 0x01, 0xef, 0x01, 0xef, 0x01,
    0xef, 0x01, 0x0f, 0x02, 0xad, 0x01, 0xa5, 0x00, 0x00, 0x00, 0x00, 0x00,
    0x00, 0x00, 0x00, 0x00, 0x00, 0x00, 0x00, 0x00, 0x00, 0x00, 0x00, 0x00,
    0x00, 0x00, 0x00, 0x00, 0x00, 0x00, 0x00, 0x00, 0x00, 0x00, 0x00, 0x00,
    0x00, 0x00, 0x00, 0x00, 0x00, 0x00, 0x00, 0x00, 0x00, 0x00, 0x00, 0x00,
    0x00, 0x00, 0x00, 0x00, 0x00, 0x00, 0x00, 0x00, 0x00, 0x00, 0x00, 0x00,
    0x00, 0x00, 0x00, 0x00, 0x00, 0x00, 0x00, 0x00, 0x00, 0x00, 0x00, 0x00,
    0x00, 0x00, 0x00, 0x00, 0x00, 0x00, 0x00, 0x00, 0x00, 0x00, 0x00, 0x00,
    0x00, 0x00, 0x00, 0x00, 0x00, 0x00, 0x00, 0x00, 0x00, 0x00, 0x00, 0x00,
    0x00, 0x00, 0x00, 0x00, 0x00, 0x00, 0x00, 0x00, 0x00, 0x00, 0x00, 0x00,
    0x00, 0x00, 0x00, 0x00, 0x00, 0x00, 0x00, 0x00, 0x00, 0x00, 0x00, 0x00,
    0x00, 0x00, 0x00, 0x00, 0x00, 0x00, 0x00, 0x00, 0x00, 0x00, 0x00, 0x00,
    0x00, 0x00, 0x00, 0x00, 0x00, 0x00, 0x00, 0x00, 0x00, 0x00, 0x00, 0x00,
    0x00, 0x00, 0x00, 0x00, 0x01, 0x00, 0xa4, 0x00, 0x4a, 0x01, 0xce, 0x01,
    0x10, 0x02, 0xef, 0x01, 0xef, 0x01, 0xef, 0x01, 0xef, 0x01, 0xef, 0x01,
    0xef, 0x01, 0xef, 0x01, 0xef, 0x01, 0xef, 0x01, 0xef, 0x01, 0xef, 0x01,
    0xef, 0x01, 0xef, 0x01, 0xef, 0x01, 0xef, 0x01, 0xef, 0x01, 0xef, 0x01,
    0xef, 0x01, 0xef, 0x01, 0xef, 0x01, 0xef, 0x01, 0xef, 0x01, 0xef, 0x01,
    0xef, 0x01, 0xef, 0x01, 0xef, 0x01, 0xef, 0x01, 0xef, 0x01, 0xef, 0x01,
    0xef, 0x01, 0xef, 0x01, 0xef, 0x01, 0xef, 0x01, 0xef, 0x01, 0xef, 0x01,
    0xef, 0x01, 0xef, 0x01, 0xef, 0x01, 0xef, 0x01, 0xef, 0x01, 0xef, 0x01,
    0xef, 0x01, 0xef, 0x01, 0xef, 0x01, 0xef, 0x01, 0xef, 0x01, 0xef, 0x01,
    0xef, 0x01, 0xef, 0x01, 0xef, 0x01, 0xef, 0x01, 0xef, 0x01, 0xef, 0x01,
    0xef, 0x01, 0xef, 0x01, 0xef, 0x01, 0xef, 0x01, 0xef, 0x01, 0xef, 0x01,
    0xef, 0x01, 0xef, 0x01, 0xef, 0x01, 0xef, 0x01, 0xef, 0x01, 0xef, 0x01,
    0xef, 0x01, 0xef, 0x01, 0xef, 0x01, 0xef, 0x01, 0xef, 0x01, 0xef, 0x01,
    0xef, 0x01, 0xef, 0x01, 0xef, 0x01, 0xef, 0x01, 0xef, 0x01, 0xef, 0x01,
    0xef, 0x01, 0xef, 0x01, 0xef, 0x01, 0xef, 0x01, 0xef, 0x01, 0xef, 0x01,
    0xef, 0x01, 0xef, 0x01, 0xef, 0x01, 0xef, 0x01, 0xef, 0x01, 0xef, 0x01,
    0xef, 0x01, 0xef, 0x01, 0xef, 0x01, 0xef, 0x01, 0xef, 0x01, 0xef, 0x01,
    0xef, 0x01, 0xef, 0x01, 0xef, 0x01, 0xef, 0x01, 0xef, 0x01, 0xef, 0x01,
    0xef, 0x01, 0xef, 0x01, 0xef, 0x01, 0xef, 0x01, 0xef, 0x01, 0xef, 0x01,
    0xef, 0x01, 0xef, 0x01, 0xef, 0x01, 0xef, 0x01, 0xef, 0x01, 0xef, 0x01,
    0xef, 0x01, 0xef, 0x01, 0xef, 0x01, 0xef, 0x01, 0xef, 0x01, 0xef, 0x01,
    0xef, 0x01, 0xef, 0x01, 0xef, 0x01, 0xef, 0x01, 0xef, 0x01, 0xef, 0x01,
    0xef, 0x01, 0xef, 0x01, 0xef, 0x01, 0xef, 0x01, 0xef, 0x01, 0xef, 0x01,
    0xef, 0x01, 0xef, 0x01, 0xef, 0x01, 0xef, 0x01, 0xef, 0x01, 0xef, 0x01,
    0xef, 0x01, 0xef, 0x01, 0xef, 0x01, 0xef, 0x01, 0xef, 0x01, 0xef, 0x01,
    0xef, 0x01, 0xef, 0x01, 0xef, 0x01, 0xef, 0x01, 0xef, 0x01, 0xef, 0x01,
    0xef, 0x01, 0xef, 0x01, 0xef, 0x01, 0xef, 0x01, 0xef, 0x01, 0x29, 0x01,
    0x21, 0x00, 0x00, 0x00, 0x00, 0x00, 0x00, 0x00, 0x00, 0x00, 0x00, 0x00,
    0x00, 0x00, 0x00, 0x00, 0x00, 0x00, 0x00, 0x00, 0x00, 0x00, 0x00, 0x00,
    0x00, 0x00, 0x00, 0x00, 0x00, 0x00, 0x00, 0x00, 0x00, 0x00, 0x00, 0x00,
    0x00, 0x00, 0x00, 0x00, 0x00, 0x00, 0x00, 0x00, 0x00, 0x00, 0x00, 0x00,
    0x00, 0x00, 0x00, 0x00, 0x00, 0x00, 0x00, 0x00, 0x00, 0x00, 0x00, 0x00,
    0x00, 0x00, 0x00, 0x00, 0x00, 0x00, 0x00, 0x00, 0x00, 0x00, 0x00, 0x00,
    0x00, 0x00, 0x00, 0x00, 0x00, 0x00, 0x00, 0x00, 0x00, 0x00, 0x00, 0x00,
    0x00, 0x00, 0x00, 0x00, 0x00, 0x00, 0x00, 0x00, 0x00, 0x00, 0x00, 0x00,
    0x00, 0x00, 0x00, 0x00, 0x00, 0x00, 0x00, 0x00, 0x00, 0x00, 0x00, 0x00,
    0x00, 0x00, 0x00, 0x00, 0x00, 0x00, 0x00, 0x00, 0x00, 0x00, 0x00, 0x00,
    0x00, 0x00, 0x00, 0x00, 0x00, 0x00, 0x00, 0x00, 0x00, 0x00, 0x00, 0x00,
    0x00, 0x00, 0x00, 0x00, 0x00, 0x00, 0x42, 0x00, 0xe7, 0x00, 0x8c, 0x01,
    0xef, 0x01, 0xef, 0x01, 0xef, 0x01, 0xef, 0x01, 0xef, 0x01, 0xef, 0x01,
    0xef, 0x01, 0xef, 0x01, 0xef, 0x01, 0xef, 0x01, 0xef, 0x01, 0xef, 0x01,
    0xef, 0x01, 0xef, 0x01, 0xef, 0x01, 0xef, 0x01, 0xef, 0x01, 0xef, 0x01,
    0xef, 0x01, 0xef, 0x01, 0xef, 0x01, 0xef, 0x01, 0xef, 0x01, 0xef, 0x01,
    0xef, 0x01, 0xef, 0x01, 0xef, 0x01, 0xef, 0x01, 0xef, 0x01, 0xef, 0x01,
    0xef, 0x01, 0xef, 0x01, 0xef, 0x01, 0xef, 0x01, 0xef, 0x01, 0xef, 0x01,
    0xef, 0x01, 0xef, 0x01, 0xef, 0x01, 0xef, 0x01, 0xef, 0x01, 0xef, 0x01,
    0xef, 0x01, 0xef, 0x01, 0xef, 0x01, 0xef, 0x01, 0xef, 0x01, 0xef, 0x01,
    0xef, 0x01, 0xef, 0x01, 0xef, 0x01, 0xef, 0x01, 0xef, 0x01, 0xef, 0x01,
    0xef, 0x01, 0xef, 0x01, 0xef, 0x01, 0xef, 0x01, 0xef, 0x01, 0xef, 0x01,
    0xef, 0x01, 0xef, 0x01, 0xef, 0x01, 0xef, 0x01, 0xef, 0x01, 0xef, 0x01,
    0xef, 0x01, 0xef, 0x01, 0xef, 0x01, 0xef, 0x01, 0xef, 0x01, 0xef, 0x01,
    0xef, 0x01, 0xef, 0x01, 0xef, 0x01, 0xef, 0x01, 0xef, 0x01, 0xef, 0x01,
    0xef, 0x01, 0xef, 0x01, 0xef, 0x01, 0xef, 0x01, 0xef, 0x01, 0xef, 0x01,
    0xef, 0x01, 0xef, 0x01, 0xef, 0x01, 0xef, 0x01, 0xef, 0x01, 0xef, 0x01,
    0xef, 0x01, 0xef, 0x01, 0xef, 0x01, 0xef, 0x01, 0xef, 0x01, 0xef, 0x01,
    0xef, 0x01, 0xef, 0x01, 0xef, 0x01, 0xef, 0x01, 0xef, 0x01, 0xef, 0x01,
    0xef, 0x01, 0xef, 0x01, 0xef, 0x01, 0xef, 0x01, 0xef, 0x01, 0xef, 0x01,
    0xef, 0x01, 0xef, 0x01, 0xef, 0x01, 0xef, 0x01, 0xef, 0x01, 0xef, 0x01,
    0xef, 0x01, 0xef, 0x01, 0xef, 0x01, 0xef, 0x01, 0xef, 0x01, 0xef, 0x01,
    0xef, 0x01, 0xef, 0x01, 0xef, 0x01, 0xef, 0x01, 0xef, 0x01, 0xef, 0x01,
    0xef, 0x01, 0xef, 0x01, 0xef, 0x01, 0xef, 0x01, 0xef, 0x01, 0xef, 0x01,
    0xef, 0x01, 0xef, 0x01, 0xef, 0x01, 0xef, 0x01, 0xef, 0x01, 0xef, 0x01,
    0xef, 0x01, 0xef, 0x01, 0xef, 0x01, 0xef, 0x01, 0xef, 0x01, 0xef, 0x01,
    0xef, 0x01, 0xef, 0x01, 0xef, 0x01, 0xef, 0x01, 0xef, 0x01, 0xef, 0x01,
    0xef, 0x01, 0xef, 0x01, 0xef, 0x01, 0xef, 0x01, 0xef, 0x01, 0xef, 0x01,
    0x10, 0x02, 0xad, 0x01, 0x84, 0x00, 0x00, 0x00, 0x00, 0x00, 0x00, 0x00,
    0x00, 0x00, 0x00, 0x00, 0x00, 0x00, 0x00, 0x00, 0x00, 0x00, 0x00, 0x00,
    0x00, 0x00, 0x00, 0x00, 0x00, 0x00, 0x00, 0x00, 0x00, 0x00, 0x00, 0x00,
    0x00, 0x00, 0x00, 0x00, 0x00, 0x00, 0x00, 0x00, 0x00, 0x00, 0x00, 0x00,
    0x00, 0x00, 0x00, 0x00, 0x00, 0x00, 0x00, 0x00, 0x00, 0x00, 0x00, 0x00,
    0x00, 0x00, 0x00, 0x00, 0x00, 0x00, 0x00, 0x00, 0x00, 0x00, 0x00, 0x00,
    0x00, 0x00, 0x00, 0x00, 0x00, 0x00, 0x00, 0x00, 0x00, 0x00, 0x00, 0x00,
    0x00, 0x00, 0x00, 0x00, 0x00, 0x00, 0x00, 0x00, 0x00, 0x00, 0x00, 0x00,
    0x00, 0x00, 0x00, 0x00, 0x00, 0x00, 0x00, 0x00, 0x00, 0x00, 0x00, 0x00,
    0x00, 0x00, 0x00, 0x00, 0x00, 0x00, 0x00, 0x00, 0x00, 0x00, 0x00, 0x00,
    0x00, 0x00, 0x00, 0x00, 0x00, 0x00, 0x00, 0x00, 0x00, 0x00, 0x00, 0x00,
    0x00, 0x00, 0x00, 0x00, 0x00, 0x00, 0x00, 0x00, 0x64, 0x00, 0x29, 0x01,
    0xce, 0x01, 0x10, 0x02, 0xef, 0x01, 0xef, 0x01, 0xef, 0x01, 0xef, 0x01,
    0xef, 0x01, 0xef, 0x01, 0xef, 0x01, 0xef, 0x01, 0xef, 0x01, 0xef, 0x01,
    0xef, 0x01, 0xef, 0x01, 0xef, 0x01, 0xef, 0x01, 0xef, 0x01, 0xef, 0x01,
    0xef, 0x01, 0xef, 0x01, 0xef, 0x01, 0xef, 0x01, 0xef, 0x01, 0xef, 0x01,
    0xef, 0x01, 0xef, 0x01, 0xef, 0x01, 0xef, 0x01, 0xef, 0x01, 0xef, 0x01,
    0xef, 0x01, 0xef, 0x01, 0xef, 0x01, 0xef, 0x01, 0xef, 0x01, 0xef, 0x01,
    0xef, 0x01, 0xef, 0x01, 0xef, 0x01, 0xef, 0x01, 0xef, 0x01, 0xef, 0x01,
    0xef, 0x01, 0xef, 0x01, 0xef, 0x01, 0xef, 0x01, 0xef, 0x01, 0xef, 0x01,
    0xef, 0x01, 0xef, 0x01, 0xef, 0x01, 0xef, 0x01, 0xef, 0x01, 0xef, 0x01,
    0xef, 0x01, 0xef, 0x01, 0xef, 0x01, 0xef, 0x01, 0xef, 0x01, 0xef, 0x01,
    0xef, 0x01, 0xef, 0x01, 0xef, 0x01, 0xef, 0x01, 0xef, 0x01, 0xef, 0x01,
    0xef, 0x01, 0xef, 0x01, 0xef, 0x01, 0xef, 0x01, 0xef, 0x01, 0xef, 0x01,
    0xef, 0x01, 0xef, 0x01, 0xef, 0x01, 0xef, 0x01, 0xef, 0x01, 0xef, 0x01,
    0xef, 0x01, 0xef, 0x01, 0xef, 0x01, 0xef, 0x01, 0xef, 0x01, 0xef, 0x01,
    0xef, 0x01, 0xef, 0x01, 0xef, 0x01, 0xef, 0x01, 0xef, 0x01, 0xef, 0x01,
    0xef, 0x01, 0xef, 0x01, 0xef, 0x01, 0xef, 0x01, 0xef, 0x01, 0xef, 0x01,
    0xef, 0x01, 0xef, 0x01, 0xef, 0x01, 0xef, 0x01, 0xef, 0x01, 0xef, 0x01,
    0xef, 0x01, 0xef, 0x01, 0xef, 0x01, 0xef, 0x01, 0xef, 0x01, 0xef, 0x01,
    0xef, 0x01, 0xef, 0x01, 0xef, 0x01, 0xef, 0x01, 0xef, 0x01, 0xef, 0x01,
    0xef, 0x01, 0xef, 0x01, 0xef, 0x01, 0xef, 0x01, 0xef, 0x01, 0xef, 0x01,
    0xef, 0x01, 0xef, 0x01, 0xef, 0x01, 0xef, 0x01, 0xef, 0x01, 0xef, 0x01,
    0xef, 0x01, 0xef, 0x01, 0xef, 0x01, 0xef, 0x01, 0xef, 0x01, 0xef, 0x01,
    0xef, 0x01, 0xef, 0x01, 0xef, 0x01, 0xef, 0x01, 0xef, 0x01, 0xef, 0x01,
    0xef, 0x01, 0xef, 0x01, 0xef, 0x01, 0xef, 0x01, 0xef, 0x01, 0xef, 0x01,
    0xef, 0x01, 0xef, 0x01, 0xef, 0x01, 0xef, 0x01, 0xef, 0x01, 0xef, 0x01,
    0xef, 0x01, 0xef, 0x01, 0xef, 0x01, 0xef, 0x01, 0xef, 0x01, 0xef, 0x01,
    0xef, 0x01, 0xef, 0x01, 0xef, 0x01, 0xef, 0x01, 0x08, 0x01, 0x21, 0x00,
    0x00, 0x00, 0x00, 0x00, 0x00, 0x00, 0x00, 0x00, 0x00, 0x00, 0x00, 0x00,
    0x00, 0x00, 0x00, 0x00, 0x00, 0x00, 0x00, 0x00, 0x00, 0x00, 0x00, 0x00,
    0x00, 0x00, 0x00, 0x00, 0x00, 0x00, 0x00, 0x00, 0x00, 0x00, 0x00, 0x00,
    0x00, 0x00, 0x00, 0x00, 0x00, 0x00, 0x00, 0x00, 0x00, 0x00, 0x00, 0x00,
    0x00, 0x00, 0x00, 0x00, 0x00, 0x00, 0x00, 0x00, 0x00, 0x00, 0x00, 0x00,
    0x00, 0x00, 0x00, 0x00, 0x00, 0x00, 0x00, 0x00, 0x00, 0x00, 0x00, 0x00,
    0x00, 0x00, 0x00, 0x00, 0x00, 0x00, 0x00, 0x00, 0x00, 0x00, 0x00, 0x00,
    0x00, 0x00, 0x00, 0x00, 0x00, 0x00, 0x00, 0x00, 0x00, 0x00, 0x00, 0x00,
    0x00, 0x00, 0x00, 0x00, 0x00, 0x00, 0x00, 0x00, 0x00, 0x00, 0x00, 0x00,
    0x00, 0x00, 0x00, 0x00, 0x00, 0x00, 0x00, 0x00, 0x00, 0x00, 0x00, 0x00,
    0x00, 0x00, 0x00, 0x00, 0x00, 0x00, 0x00, 0x00, 0x21, 0x00, 0xc6, 0x00,
    0x8c, 0x01, 0xef, 0x01, 0xef, 0x01, 0xef, 0x01, 0xef, 0x01, 0xef, 0x01,
    0xef, 0x01, 0xef, 0x01, 0xef, 0x01, 0xef, 0x01, 0xef, 0x01, 0xef, 0x01,
    0xef, 0x01, 0xef, 0x01, 0xef, 0x01, 0xef, 0x01, 0xef, 0x01, 0xef, 0x01,
    0xef, 0x01, 0xef, 0x01, 0xef, 0x01, 0xef, 0x01, 0xef, 0x01, 0xef, 0x01,
    0xef, 0x01, 0xef, 0x01, 0xef, 0x01, 0xef, 0x01, 0xef, 0x01, 0xef, 0x01,
    0xef, 0x01, 0xef, 0x01, 0xef, 0x01, 0xef, 0x01, 0xef, 0x01, 0xef, 0x01,
    0xef, 0x01, 0xef, 0x01, 0xef, 0x01, 0xef, 0x01, 0xef, 0x01, 0xef, 0x01,
    0xef, 0x01, 0xef, 0x01, 0xef, 0x01, 0xef, 0x01, 0xef, 0x01, 0xef, 0x01,
    0xef, 0x01, 0xef, 0x01, 0xef, 0x01, 0xef, 0x01, 0xef, 0x01, 0xef, 0x01,
    0xef, 0x01, 0xef, 0x01, 0xef, 0x01, 0xef, 0x01, 0xef, 0x01, 0xef, 0x01,
    0xef, 0x01, 0xef, 0x01, 0xef, 0x01, 0xef, 0x01, 0xef, 0x01, 0xef, 0x01,
    0xef, 0x01, 0xef, 0x01, 0xef, 0x01, 0xef, 0x01, 0xef, 0x01, 0xef, 0x01,
    0xef, 0x01, 0xef, 0x01, 0xef, 0x01, 0xef, 0x01, 0xef, 0x01, 0xef, 0x01,
    0xef, 0x01, 0xef, 0x01, 0xef, 0x01, 0xef, 0x01, 0xef, 0x01, 0xef, 0x01,
    0xef, 0x01, 0xef, 0x01, 0xef, 0x01, 0xef, 0x01, 0xef, 0x01, 0xef, 0x01,
    0xef, 0x01, 0xef, 0x01, 0xef, 0x01, 0xef, 0x01, 0xef, 0x01, 0xef, 0x01,
    0xef, 0x01, 0xef, 0x01, 0xef, 0x01, 0xef, 0x01, 0xef, 0x01, 0xef, 0x01,
    0xef, 0x01, 0xef, 0x01, 0xef, 0x01, 0xef, 0x01, 0xef, 0x01, 0xef, 0x01,
    0xef, 0x01, 0xef, 0x01, 0xef, 0x01, 0xef, 0x01, 0xef, 0x01, 0xef, 0x01,
    0xef, 0x01, 0xef, 0x01, 0xef, 0x01, 0xef, 0x01, 0xef, 0x01, 0xef, 0x01,
    0xef, 0x01, 0xef, 0x01, 0xef, 0x01, 0xef, 0x01, 0xef, 0x01, 0xef, 0x01,
    0xef, 0x01, 0xef, 0x01, 0xef, 0x01, 0xef, 0x01, 0xef, 0x01, 0xef, 0x01,
    0xef, 0x01, 0xef, 0x01, 0xef, 0x01, 0xef, 0x01, 0xef, 0x01, 0xef, 0x01,
    0xef, 0x01, 0xef, 0x01, 0xef, 0x01, 0xef, 0x01, 0xef, 0x01, 0xef, 0x01,
    0xef, 0x01, 0xef, 0x01, 0xef, 0x01, 0xef, 0x01, 0xef, 0x01, 0xef, 0x01,
    0xef, 0x01, 0xef, 0x01, 0xef, 0x01, 0xef, 0x01, 0xef, 0x01, 0xef, 0x01,
    0xef, 0x01, 0xef, 0x01, 0xef, 0x01, 0xef, 0x01, 0xef, 0x01, 0xef, 0x01,
    0x8c, 0x01, 0x84, 0x00, 0x00, 0x00, 0x00, 0x00, 0x00, 0x00, 0x00, 0x00,
    0x00, 0x00, 0x00, 0x00, 0x00, 0x00, 0x00, 0x00, 0x00, 0x00, 0x00, 0x00,
    0x00, 0x00, 0x00, 0x00, 0x00, 0x00, 0x00, 0x00, 0x00, 0x00, 0x00, 0x00,
    0x00, 0x00, 0x00, 0x00, 0x00, 0x00, 0x00, 0x00, 0x00, 0x00, 0x00, 0x00,
    0x00, 0x00, 0x00, 0x00, 0x00, 0x00, 0x00, 0x00, 0x00, 0x00, 0x00, 0x00,
    0x00, 0x00, 0x00, 0x00, 0x00, 0x00, 0x00, 0x00, 0x00, 0x00, 0x00, 0x00,
    0x00, 0x00, 0x00, 0x00, 0x00, 0x00, 0x00, 0x00, 0x00, 0x00, 0x00, 0x00,
    0x00, 0x00, 0x00, 0x00, 0x00, 0x00, 0x00, 0x00, 0x00, 0x00, 0x00, 0x00,
    0x00, 0x00, 0x00, 0x00, 0x00, 0x00, 0x00, 0x00, 0x00, 0x00, 0x00, 0x00,
    0x00, 0x00, 0x00, 0x00, 0x00, 0x00, 0x00, 0x00, 0x00, 0x00, 0x00, 0x00,
    0x00, 0x00, 0x00, 0x00, 0x00, 0x00, 0x00, 0x00, 0x00, 0x00, 0x42, 0x00,
    0x08, 0x01, 0xad, 0x01, 0xef, 0x01, 0xef, 0x01, 0xef, 0x01, 0xef, 0x01,
    0xef, 0x01, 0xef, 0x01, 0xef, 0x01, 0xef, 0x01, 0xef, 0x01, 0xef, 0x01,
    0xef, 0x01, 0xef, 0x01, 0xef, 0x01, 0xef, 0x01, 0xef, 0x01, 0xef, 0x01,
    0xef, 0x01, 0xef, 0x01, 0xef, 0x01, 0xef, 0x01, 0xef, 0x01, 0xef, 0x01,
    0xef, 0x01, 0xef, 0x01, 0xef, 0x01, 0xef, 0x01, 0xef, 0x01, 0xef, 0x01,
    0xef, 0x01, 0xef, 0x01, 0xef, 0x01, 0xef, 0x01, 0xef, 0x01, 0xef, 0x01,
    0xef, 0x01, 0xef, 0x01, 0xef, 0x01, 0xef, 0x01, 0xef, 0x01, 0xef, 0x01,
    0xef, 0x01, 0xef, 0x01, 0xef, 0x01, 0xef, 0x01, 0xef, 0x01, 0xef, 0x01,
    0xef, 0x01, 0xef, 0x01, 0xef, 0x01, 0xef, 0x01, 0xef, 0x01, 0xef, 0x01,
    0xef, 0x01, 0xef, 0x01, 0xef, 0x01, 0xef, 0x01, 0xef, 0x01, 0xef, 0x01,
    0xef, 0x01, 0xef, 0x01, 0xef, 0x01, 0xef, 0x01, 0xef, 0x01, 0xef, 0x01,
    0xef, 0x01, 0xef, 0x01, 0xef, 0x01, 0xef, 0x01, 0xef, 0x01, 0xef, 0x01,
    0xef, 0x01, 0xef, 0x01, 0xef, 0x01, 0xef, 0x01, 0xef, 0x01, 0xef, 0x01,
    0xef, 0x01, 0xef, 0x01, 0xef, 0x01, 0xef, 0x01, 0xef, 0x01, 0xef, 0x01,
    0xef, 0x01, 0xef, 0x01, 0xef, 0x01, 0xef, 0x01, 0xef, 0x01, 0xef, 0x01,
    0xef, 0x01, 0xef, 0x01, 0xef, 0x01, 0xef, 0x01, 0xef, 0x01, 0xef, 0x01,
    0xef, 0x01, 0xef, 0x01, 0xef, 0x01, 0xef, 0x01, 0xef, 0x01, 0xef, 0x01,
    0xef, 0x01, 0xef, 0x01, 0xef, 0x01, 0xef, 0x01, 0xef, 0x01, 0xef, 0x01,
    0xef, 0x01, 0xef, 0x01, 0xef, 0x01, 0xef, 0x01, 0xef, 0x01, 0xef, 0x01,
    0xef, 0x01, 0xef, 0x01, 0xef, 0x01, 0xef, 0x01, 0xef, 0x01, 0xef, 0x01,
    0xef, 0x01, 0xef, 0x01, 0xef, 0x01, 0xef, 0x01, 0xef, 0x01, 0xef, 0x01,
    0xef, 0x01, 0xef, 0x01, 0xef, 0x01, 0xef, 0x01, 0xef, 0x01, 0xef, 0x01,
    0xef, 0x01, 0xef, 0x01, 0xef, 0x01, 0xef, 0x01, 0xef, 0x01, 0xef, 0x01,
    0xef, 0x01, 0xef, 0x01, 0xef, 0x01, 0xef, 0x01, 0xef, 0x01, 0xef, 0x01,
    0xef, 0x01, 0xef, 0x01, 0xef, 0x01, 0xef, 0x01, 0xef, 0x01, 0xef, 0x01,
    0xef, 0x01, 0xef, 0x01, 0xef, 0x01, 0xef, 0x01, 0xef, 0x01, 0xef, 0x01,
    0xef, 0x01, 0xef, 0x01, 0xef, 0x01, 0xef, 0x01, 0xef, 0x01, 0xef, 0x01,
    0xef, 0x01, 0xef, 0x01, 0xef, 0x01, 0x08, 0x01, 0x20, 0x00, 0x00, 0x00,
    0x00, 0x00, 0x00, 0x00, 0x00, 0x00, 0x00, 0x00, 0x00, 0x00, 0x00, 0x00,
    0x00, 0x00, 0x00, 0x00, 0x00, 0x00, 0x00, 0x00, 0x00, 0x00, 0x00, 0x00,
    0x00, 0x00, 0x00, 0x00, 0x00, 0x00, 0x00, 0x00, 0x00, 0x00, 0x00, 0x00,
    0x00, 0x00, 0x00, 0x00, 0x00, 0x00, 0x00, 0x00, 0x00, 0x00, 0x00, 0x00,
    0x00, 0x00, 0x00, 0x00, 0x00, 0x00, 0x00, 0x00, 0x00, 0x00, 0x00, 0x00,
    0x00, 0x00, 0x00, 0x00, 0x00, 0x00, 0x00, 0x00, 0x00, 0x00, 0x00, 0x00,
    0x00, 0x00, 0x00, 0x00, 0x00, 0x00, 0x00, 0x00, 0x00, 0x00, 0x00, 0x00,
    0x00, 0x00, 0x00, 0x00, 0x00, 0x00, 0x00, 0x00, 0x00, 0x00, 0x00, 0x00,
    0x00, 0x00, 0x00, 0x00, 0x00, 0x00, 0x00, 0x00, 0x00, 0x00, 0x00, 0x00,
    0x00, 0x00, 0x00, 0x00, 0x00, 0x00, 0x00, 0x00, 0x00, 0x00, 0x00, 0x00,
    0x84, 0x00, 0x4a, 0x01, 0xce, 0x01, 0xef, 0x01, 0xef, 0x01, 0xef, 0x01,
    0xef, 0x01, 0xef, 0x01, 0xef, 0x01, 0xef, 0x01, 0xef, 0x01, 0xef, 0x01,
    0xef, 0x01, 0xef, 0x01, 0xef, 0x01, 0xef, 0x01, 0xef, 0x01, 0xef, 0x01,
    0xef, 0x01, 0xef, 0x01, 0xef, 0x01, 0xef, 0x01, 0xef, 0x01, 0xef, 0x01,
    0xef, 0x01, 0xef, 0x01, 0xef, 0x01, 0xef, 0x01, 0xef, 0x01, 0xef, 0x01,
    0xef, 0x01, 0xef, 0x01, 0xef, 0x01, 0xef, 0x01, 0xef, 0x01, 0xef, 0x01,
    0xef, 0x01, 0xef, 0x01, 0xef, 0x01, 0xef, 0x01, 0xef, 0x01, 0xef, 0x01,
    0xef, 0x01, 0xef, 0x01, 0xef, 0x01, 0xef, 0x01, 0xef, 0x01, 0xef, 0x01,
    0xef, 0x01, 0xef, 0x01, 0xef, 0x01, 0xef, 0x01, 0xef, 0x01, 0xef, 0x01,
    0xef, 0x01, 0xef, 0x01, 0xef, 0x01, 0xef, 0x01, 0xef, 0x01, 0xef, 0x01,
    0xef, 0x01, 0xef, 0x01, 0xef, 0x01, 0xef, 0x01, 0xef, 0x01, 0xef, 0x01,
    0xef, 0x01, 0xef, 0x01, 0xef, 0x01, 0xef, 0x01, 0xef, 0x01, 0xef, 0x01,
    0xef, 0x01, 0xef, 0x01, 0xef, 0x01, 0xef, 0x01, 0xef, 0x01, 0xef, 0x01,
    0xef, 0x01, 0xef, 0x01, 0xef, 0x01, 0xef, 0x01, 0xef, 0x01, 0xef, 0x01,
    0xef, 0x01, 0xef, 0x01, 0xef, 0x01, 0xef, 0x01, 0xef, 0x01, 0xef, 0x01,
    0xef, 0x01, 0xef, 0x01, 0xef, 0x01, 0xef, 0x01, 0xef, 0x01, 0xef, 0x01,
    0xef, 0x01, 0xef, 0x01, 0xef, 0x01, 0xef, 0x01, 0xef, 0x01, 0xef, 0x01,
    0xef, 0x01, 0xef, 0x01, 0xef, 0x01, 0xef, 0x01, 0xef, 0x01, 0xef, 0x01,
    0xef, 0x01, 0xef, 0x01, 0xef, 0x01, 0xef, 0x01, 0xef, 0x01, 0xef, 0x01,
    0xef, 0x01, 0xef, 0x01, 0xef, 0x01, 0xef, 0x01, 0xef, 0x01, 0xef, 0x01,
    0xef, 0x01, 0xef, 0x01, 0xef, 0x01, 0xef, 0x01, 0xef, 0x01, 0xef, 0x01,
    0xef, 0x01, 0xef, 0x01, 0xef, 0x01, 0xef, 0x01, 0xef, 0x01, 0xef, 0x01,
    0xef, 0x01, 0xef, 0x01, 0xef, 0x01, 0xef, 0x01, 0xef, 0x01, 0xef, 0x01,
    0xef, 0x01, 0xef, 0x01, 0xef, 0x01, 0xef, 0x01, 0xef, 0x01, 0xef, 0x01,
    0xef, 0x01, 0xef, 0x01, 0xef, 0x01, 0xef, 0x01, 0xef, 0x01, 0xef, 0x01,
    0xef, 0x01, 0xef, 0x01, 0xef, 0x01, 0xef, 0x01, 0xef, 0x01, 0xef, 0x01,
    0xef, 0x01, 0xef, 0x01, 0xef, 0x01, 0xef, 0x01, 0xef, 0x01, 0xef, 0x01,
    0xef, 0x01, 0xef, 0x01, 0xef, 0x01, 0xef, 0x01, 0x10, 0x02, 0x6b, 0x01,
    0x63, 0x00, 0x00, 0x00, 0x00, 0x00, 0x00, 0x00, 0x00, 0x00, 0x00, 0x00,
    0x00, 0x00, 0x00, 0x00, 0x00, 0x00, 0x00, 0x00, 0x00, 0x00, 0x00, 0x00,
    0x00, 0x00, 0x00, 0x00, 0x00, 0x00, 0x00, 0x00, 0x00, 0x00, 0x00, 0x00,
    0x00, 0x00, 0x00, 0x00, 0x00, 0x00, 0x00, 0x00, 0x00, 0x00, 0x00, 0x00,
    0x00, 0x00, 0x00, 0x00, 0x00, 0x00, 0x00, 0x00, 0x00, 0x00, 0x00, 0x00,
    0x00, 0x00, 0x00, 0x00, 0x00, 0x00, 0x00, 0x00, 0x00, 0x00, 0x00, 0x00,
    0x00, 0x00, 0x00, 0x00, 0x00, 0x00, 0x00, 0x00, 0x00, 0x00, 0x00, 0x00,
    0x00, 0x00, 0x00, 0x00, 0x00, 0x00, 0x00, 0x00, 0x00, 0x00, 0x00, 0x00,
    0x00, 0x00, 0x00, 0x00, 0x00, 0x00, 0x00, 0x00, 0x00, 0x00, 0x00, 0x00,
    0x00, 0x00, 0x00, 0x00, 0x00, 0x00, 0x00, 0x00, 0x00, 0x00, 0x00, 0x00,
    0x21, 0x00, 0xc6, 0x00, 0x8c, 0x01, 0xef, 0x01, 0xef, 0x01, 0xef, 0x01,
    0xef, 0x01, 0xef, 0x01, 0xef, 0x01, 0xef, 0x01, 0xef, 0x01, 0xef, 0x01,
    0xef, 0x01, 0xef, 0x01, 0xef, 0x01, 0xef, 0x01, 0xef, 0x01, 0xef, 0x01,
    0xef, 0x01, 0xef, 0x01, 0xef, 0x01, 0xef, 0x01, 0xef, 0x01, 0xef, 0x01,
    0xef, 0x01, 0xef, 0x01, 0xef, 0x01, 0xef, 0x01, 0xef, 0x01, 0xef, 0x01,
    0xef, 0x01, 0xef, 0x01, 0xef, 0x01, 0xef, 0x01, 0xef, 0x01, 0xef, 0x01,
    0xef, 0x01, 0xef, 0x01, 0xef, 0x01, 0xef, 0x01, 0xef, 0x01, 0xef, 0x01,
    0xef, 0x01, 0xef, 0x01, 0xef, 0x01, 0xef, 0x01, 0xef, 0x01, 0xef, 0x01,
    0xef, 0x01, 0xef, 0x01, 0xef, 0x01, 0xef, 0x01, 0xef, 0x01, 0xef, 0x01,
    0xef, 0x01, 0xef, 0x01, 0xef, 0x01, 0xef, 0x01, 0xef, 0x01, 0xef, 0x01,
    0xef, 0x01, 0xef, 0x01, 0xef, 0x01, 0xef, 0x01, 0xef, 0x01, 0xef, 0x01,
    0xef, 0x01, 0xef, 0x01, 0xef, 0x01, 0xef, 0x01, 0xef, 0x01, 0xef, 0x01,
    0xef, 0x01, 0xef, 0x01, 0xef, 0x01, 0xef, 0x01, 0xef, 0x01, 0xef, 0x01,
    0xef, 0x01, 0xef, 0x01, 0xef, 0x01, 0xef, 0x01, 0xef, 0x01, 0xef, 0x01,
    0xef, 0x01, 0xef, 0x01, 0xef, 0x01, 0xef, 0x01, 0xef, 0x01, 0xef, 0x01,
    0xef, 0x01, 0xef, 0x01, 0xef, 0x01, 0xef, 0x01, 0xef, 0x01, 0xef, 0x01,
    0xef, 0x01, 0xef, 0x01, 0xef, 0x01, 0xef, 0x01, 0xef, 0x01, 0xef, 0x01,
    0xef, 0x01, 0xef, 0x01, 0xef, 0x01, 0xef, 0x01, 0xef, 0x01, 0xef, 0x01,
    0xef, 0x01, 0xef, 0x01, 0xef, 0x01, 0xef, 0x01, 0xef, 0x01, 0xef, 0x01,
    0xef, 0x01, 0xef, 0x01, 0xef, 0x01, 0xef, 0x01, 0xef, 0x01, 0xef, 0x01,
    0xef, 0x01, 0xef, 0x01, 0xef, 0x01, 0xef, 0x01, 0xef, 0x01, 0xef, 0x01,
    0xef, 0x01, 0xef, 0x01, 0xef, 0x01, 0xef, 0x01, 0xef, 0x01, 0xef, 0x01,
    0xef, 0x01, 0xef, 0x01, 0xef, 0x01, 0xef, 0x01, 0xef, 0x01, 0xef, 0x01,
    0xef, 0x01, 0xef, 0x01, 0xef, 0x01, 0xef, 0x01, 0xef, 0x01, 0xef, 0x01,
    0xef, 0x01, 0xef, 0x01, 0xef, 0x01, 0xef, 0x01, 0xef, 0x01, 0xef, 0x01,
    0xef, 0x01, 0xef, 0x01, 0xef, 0x01, 0xef, 0x01, 0xef, 0x01, 0xef, 0x01,
    0xef, 0x01, 0xef, 0x01, 0xef, 0x01, 0xef, 0x01, 0xef, 0x01, 0xef, 0x01,
    0xef, 0x01, 0xef, 0x01, 0xef, 0x01, 0xef, 0x01, 0xef, 0x01, 0xef, 0x01,
    0xef, 0x01, 0xce, 0x01, 0xe7, 0x00, 0x00, 0x00, 0x00, 0x00, 0x00, 0x00,
    0x00, 0x00, 0x00, 0x00, 0x00, 0x00, 0x00, 0x00, 0x00, 0x00, 0x00, 0x00,
    0x00, 0x00, 0x00, 0x00, 0x00, 0x00, 0x00, 0x00, 0x00, 0x00, 0x00, 0x00,
    0x00, 0x00, 0x00, 0x00, 0x00, 0x00, 0x00, 0x00, 0x00, 0x00, 0x00, 0x00,
    0x00, 0x00, 0x00, 0x00, 0x00, 0x00, 0x00, 0x00, 0x00, 0x00, 0x00, 0x00,
    0x00, 0x00, 0x00, 0x00, 0x00, 0x00, 0x00, 0x00, 0x00, 0x00, 0x00, 0x00,
    0x00, 0x00, 0x00, 0x00, 0x00, 0x00, 0x00, 0x00, 0x00, 0x00, 0x00, 0x00,
    0x00, 0x00, 0x00, 0x00, 0x00, 0x00, 0x00, 0x00, 0x00, 0x00, 0x00, 0x00,
    0x00, 0x00, 0x00, 0x00, 0x00, 0x00, 0x00, 0x00, 0x00, 0x00, 0x00, 0x00,
    0x00, 0x00, 0x00, 0x00, 0x00, 0x00, 0x00, 0x00, 0x00, 0x00, 0x00, 0x00,
    0x00, 0x00, 0x42, 0x00, 0x08, 0x01, 0xce, 0x01, 0xef, 0x01, 0xef, 0x01,
    0xef, 0x01, 0xef, 0x01, 0xef, 0x01, 0xef, 0x01, 0xef, 0x01, 0xef, 0x01,
    0xef, 0x01, 0xef, 0x01, 0xef, 0x01, 0xef, 0x01, 0xef, 0x01, 0xef, 0x01,
    0xef, 0x01, 0xef, 0x01, 0xef, 0x01, 0xef, 0x01, 0xef, 0x01, 0xef, 0x01,
    0xef, 0x01, 0xef, 0x01, 0xef, 0x01, 0xef, 0x01, 0xef, 0x01, 0xef, 0x01,
    0xef, 0x01, 0xef, 0x01, 0xef, 0x01, 0xef, 0x01, 0xef, 0x01, 0xef, 0x01,
    0xef, 0x01, 0xef, 0x01, 0xef, 0x01, 0xef, 0x01, 0xef, 0x01, 0xef, 0x01,
    0xef, 0x01, 0xef, 0x01, 0xef, 0x01, 0xef, 0x01, 0xef, 0x01, 0xef, 0x01,
    0xef, 0x01, 0xef, 0x01, 0xef, 0x01, 0xef, 0x01, 0xef, 0x01, 0xef, 0x01,
    0xef, 0x01, 0xef, 0x01, 0xef, 0x01, 0xef, 0x01, 0xef, 0x01, 0xef, 0x01,
    0xef, 0x01, 0xef, 0x01, 0xef, 0x01, 0xef, 0x01, 0xef, 0x01, 0xef, 0x01,
    0xef, 0x01, 0xef, 0x01, 0xef, 0x01, 0xef, 0x01, 0xef, 0x01, 0xef, 0x01,
    0xef, 0x01, 0xef, 0x01, 0xef, 0x01, 0xef, 0x01, 0xef, 0x01, 0xef, 0x01,
    0xef, 0x01, 0xef, 0x01, 0xef, 0x01, 0xef, 0x01, 0xef, 0x01, 0xef, 0x01,
    0xef, 0x01, 0xef, 0x01, 0xef, 0x01, 0xef, 0x01, 0xef, 0x01, 0xef, 0x01,
    0xef, 0x01, 0xef, 0x01, 0xef, 0x01, 0xef, 0x01, 0xef, 0x01, 0xef, 0x01,
    0xef, 0x01, 0xef, 0x01, 0xef, 0x01, 0xef, 0x01, 0xef, 0x01, 0xef, 0x01,
    0xef, 0x01, 0xef, 0x01, 0xef, 0x01, 0xef, 0x01, 0xef, 0x01, 0xef, 0x01,
    0xef, 0x01, 0xef, 0x01, 0xef, 0x01, 0xef, 0x01, 0xef, 0x01, 0xef, 0x01,
    0xef, 0x01, 0xef, 0x01, 0xef, 0x01, 0xef, 0x01, 0xef, 0x01, 0xef, 0x01,
    0xef, 0x01, 0xef, 0x01, 0xef, 0x01, 0xef, 0x01, 0xef, 0x01, 0xef, 0x01,
    0xef, 0x01, 0xef, 0x01, 0xef, 0x01, 0xef, 0x01, 0xef, 0x01, 0xef, 0x01,
    0xef, 0x01, 0xef, 0x01, 0xef, 0x01, 0xef, 0x01, 0xef, 0x01, 0xef, 0x01,
    0xef, 0x01, 0xef, 0x01, 0xef, 0x01, 0xef, 0x01, 0xef, 0x01, 0xef, 0x01,
    0xef, 0x01, 0xef, 0x01, 0xef, 0x01, 0xef, 0x01, 0xef, 0x01, 0xef, 0x01,
    0xef, 0x01, 0xef, 0x01, 0xef, 0x01, 0xef, 0x01, 0xef, 0x01, 0xef, 0x01,
    0xef, 0x01, 0xef, 0x01, 0xef, 0x01, 0xef, 0x01, 0xef, 0x01, 0xef, 0x01,
    0xef, 0x01, 0xef, 0x01, 0xef, 0x01, 0xef, 0x01, 0xef, 0x01, 0xef, 0x01,
    0xef, 0x01, 0xef, 0x01, 0xef, 0x01, 0x0f, 0x02, 0x4a, 0x01, 0x42, 0x00,
    0x00, 0x00, 0x00, 0x00, 0x00, 0x00, 0x00, 0x00, 0x00, 0x00, 0x00, 0x00,
    0x00, 0x00, 0x00, 0x00, 0x00, 0x00, 0x00, 0x00, 0x00, 0x00, 0x00, 0x00,
    0x00, 0x00, 0x00, 0x00, 0x00, 0x00, 0x00, 0x00, 0x00, 0x00, 0x00, 0x00,
    0x00, 0x00, 0x00, 0x00, 0x00, 0x00, 0x00, 0x00, 0x00, 0x00, 0x00, 0x00,
    0x00, 0x00, 0x00, 0x00, 0x00, 0x00, 0x00, 0x00, 0x00, 0x00, 0x00, 0x00,
    0x00, 0x00, 0x00, 0x00, 0x00, 0x00, 0x00, 0x00, 0x00, 0x00, 0x00, 0x00,
    0x00, 0x00, 0x00, 0x00, 0x00, 0x00, 0x00, 0x00, 0x00, 0x00, 0x00, 0x00,
    0x00, 0x00, 0x00, 0x00, 0x00, 0x00, 0x00, 0x00, 0x00, 0x00, 0x00, 0x00,
    0x00, 0x00, 0x00, 0x00, 0x00, 0x00, 0x00, 0x00, 0x00, 0x00, 0x00, 0x00,
    0x00, 0x00, 0x00, 0x00, 0x63, 0x00, 0x2a, 0x01, 0xce, 0x01, 0xef, 0x01,
    0xef, 0x01, 0xef, 0x01, 0xef, 0x01, 0xef, 0x01, 0xef, 0x01, 0xef, 0x01,
    0xef, 0x01, 0xef, 0x01, 0xef, 0x01, 0xef, 0x01, 0xef, 0x01, 0xef, 0x01,
    0xef, 0x01, 0xef, 0x01, 0xef, 0x01, 0xef, 0x01, 0xef, 0x01, 0xef, 0x01,
    0xef, 0x01, 0xef, 0x01, 0xef, 0x01, 0xef, 0x01, 0xef, 0x01, 0xef, 0x01,
    0xef, 0x01, 0xef, 0x01, 0xef, 0x01, 0xef, 0x01, 0xef, 0x01, 0xef, 0x01,
    0xef, 0x01, 0xef, 0x01, 0xef, 0x01, 0xef, 0x01, 0xef, 0x01, 0xef, 0x01,
    0xef, 0x01, 0xef, 0x01, 0xef, 0x01, 0xef, 0x01, 0xef, 0x01, 0xef, 0x01,
    0xef, 0x01, 0xef, 0x01, 0xef, 0x01, 0xef, 0x01, 0xef, 0x01, 0xef, 0x01,
    0xef, 0x01, 0xef, 0x01, 0xef, 0x01, 0xef, 0x01, 0xef, 0x01, 0xef, 0x01,
    0xef, 0x01, 0xef, 0x01, 0xef, 0x01, 0xef, 0x01, 0xef, 0x01, 0xef, 0x01,
    0xef, 0x01, 0xef, 0x01, 0xef, 0x01, 0xef, 0x01, 0xef, 0x01, 0xef, 0x01,
    0xef, 0x01, 0xef, 0x01, 0xef, 0x01, 0xef, 0x01, 0xef, 0x01, 0xef, 0x01,
    0xef, 0x01, 0xef, 0x01, 0xef, 0x01, 0xef, 0x01, 0xef, 0x01, 0xef, 0x01,
    0xef, 0x01, 0xef, 0x01, 0xef, 0x01, 0xef, 0x01, 0xef, 0x01, 0xef, 0x01,
    0xef, 0x01, 0xef, 0x01, 0xef, 0x01, 0xef, 0x01, 0xef, 0x01, 0xef, 0x01,
    0xef, 0x01, 0xef, 0x01, 0xef, 0x01, 0xef, 0x01, 0xef, 0x01, 0xef, 0x01,
    0xef, 0x01, 0xef, 0x01, 0xef, 0x01, 0xef, 0x01, 0xef, 0x01, 0xef, 0x01,
    0xef, 0x01, 0xef, 0x01, 0xef, 0x01, 0xef, 0x01, 0xef, 0x01, 0xef, 0x01,
    0xef, 0x01, 0xef, 0x01, 0xef, 0x01, 0xef, 0x01, 0xef, 0x01, 0xef, 0x01,
    0xef, 0x01, 0xef, 0x01, 0xef, 0x01, 0xef, 0x01, 0xef, 0x01, 0xef, 0x01,
    0xef, 0x01, 0xef, 0x01, 0xef, 0x01, 0xef, 0x01, 0xef, 0x01, 0xef, 0x01,
    0xef, 0x01, 0xef, 0x01, 0xef, 0x01, 0xef, 0x01, 0xef, 0x01, 0xef, 0x01,
    0xef, 0x01, 0xef, 0x01, 0xef, 0x01, 0xef, 0x01, 0xef, 0x01, 0xef, 0x01,
    0xef, 0x01, 0xef, 0x01, 0xef, 0x01, 0xef, 0x01, 0xef, 0x01, 0xef, 0x01,
    0xef, 0x01, 0xef, 0x01, 0xef, 0x01, 0xef, 0x01, 0xef, 0x01, 0xef, 0x01,
    0xef, 0x01, 0xef, 0x01, 0xef, 0x01, 0xef, 0x01, 0xef, 0x01, 0xef, 0x01,
    0xef, 0x01, 0xef, 0x01, 0xef, 0x01, 0xef, 0x01, 0xef, 0x01, 0xef, 0x01,
    0xef, 0x01, 0xef, 0x01, 0xef, 0x01, 0xef, 0x01, 0xef, 0x01, 0x10, 0x02,
    0xad, 0x01, 0xa5, 0x00, 0x00, 0x00, 0x00, 0x00, 0x00, 0x00, 0x00, 0x00,
    0x00, 0x00, 0x00, 0x00, 0x00, 0x00, 0x00, 0x00, 0x00, 0x00, 0x00, 0x00,
    0x00, 0x00, 0x00, 0x00, 0x00, 0x00, 0x00, 0x00, 0x00, 0x00, 0x00, 0x00,
    0x00, 0x00, 0x00, 0x00, 0x00, 0x00, 0x00, 0x00, 0x00, 0x00, 0x00, 0x00,
    0x00, 0x00, 0x00, 0x00, 0x00, 0x00, 0x00, 0x00, 0x00, 0x00, 0x00, 0x00,
    0x00, 0x00, 0x00, 0x00, 0x00, 0x00, 0x00, 0x00, 0x00, 0x00, 0x00, 0x00,
    0x00, 0x00, 0x00, 0x00, 0x00, 0x00, 0x00, 0x00, 0x00, 0x00, 0x00, 0x00,
    0x00, 0x00, 0x00, 0x00, 0x00, 0x00, 0x00, 0x00, 0x00, 0x00, 0x00, 0x00,
    0x00, 0x00, 0x00, 0x00, 0x00, 0x00, 0x00, 0x00, 0x00, 0x00, 0x00, 0x00,
    0x00, 0x00, 0x00, 0x00, 0x00, 0x00, 0xa5, 0x00, 0x8c, 0x01, 0xef, 0x01,
    0xef, 0x01, 0xef, 0x01, 0xef, 0x01, 0xef, 0x01, 0xef, 0x01, 0xef, 0x01,
    0xef, 0x01, 0xef, 0x01, 0xef, 0x01, 0xef, 0x01, 0xef, 0x01, 0xef, 0x01,
    0xef, 0x01, 0xef, 0x01, 0xef, 0x01, 0xef, 0x01, 0xef, 0x01, 0xef, 0x01,
    0xef, 0x01, 0xef, 0x01, 0xef, 0x01, 0xef, 0x01, 0xef, 0x01, 0xef, 0x01,
    0xef, 0x01, 0xef, 0x01, 0xef, 0x01, 0xef, 0x01, 0xef, 0x01, 0xef, 0x01,
    0xef, 0x01, 0xef, 0x01, 0xef, 0x01, 0xef, 0x01, 0xef, 0x01, 0xef, 0x01,
    0xef, 0x01, 0xef, 0x01, 0xef, 0x01, 0xef, 0x01, 0xef, 0x01, 0xef, 0x01,
    0xef, 0x01, 0xef, 0x01, 0xef, 0x01, 0xef, 0x01, 0xef, 0x01, 0xef, 0x01,
    0xef, 0x01, 0xef, 0x01, 0xef, 0x01, 0xef, 0x01, 0xef, 0x01, 0xef, 0x01,
    0xef, 0x01, 0xef, 0x01, 0xef, 0x01, 0xef, 0x01, 0xef, 0x01, 0xef, 0x01,
    0xef, 0x01, 0xef, 0x01, 0xef, 0x01, 0xef, 0x01, 0xef, 0x01, 0xef, 0x01,
    0xef, 0x01, 0xef, 0x01, 0xef, 0x01, 0xef, 0x01, 0xef, 0x01, 0xef, 0x01,
    0xef, 0x01, 0xef, 0x01, 0xef, 0x01, 0xef, 0x01, 0xef, 0x01, 0xef, 0x01,
    0xef, 0x01, 0xef, 0x01, 0xef, 0x01, 0xef, 0x01, 0xef, 0x01, 0xef, 0x01,
    0xef, 0x01, 0xef, 0x01, 0xef, 0x01, 0xef, 0x01, 0xef, 0x01, 0xef, 0x01,
    0xef, 0x01, 0xef, 0x01, 0xef, 0x01, 0xef, 0x01, 0xef, 0x01, 0xef, 0x01,
    0xef, 0x01, 0xef, 0x01, 0xef, 0x01, 0xef, 0x01, 0xef, 0x01, 0xef, 0x01,
    0xef, 0x01, 0xef, 0x01, 0xef, 0x01, 0xef, 0x01, 0xef, 0x01, 0xef, 0x01,
    0xef, 0x01, 0xef, 0x01, 0xef, 0x01, 0xef, 0x01, 0xef, 0x01, 0xef, 0x01,
    0xef, 0x01, 0xef, 0x01, 0xef, 0x01, 0xef, 0x01, 0xef, 0x01, 0xef, 0x01,
    0xef, 0x01, 0xef, 0x01, 0xef, 0x01, 0xef, 0x01, 0xef, 0x01, 0xef, 0x01,
    0xef, 0x01, 0xef, 0x01, 0xef, 0x01, 0xef, 0x01, 0xef, 0x01, 0xef, 0x01,
    0xef, 0x01, 0xef, 0x01, 0xef, 0x01, 0xef, 0x01, 0xef, 0x01, 0xef, 0x01,
    0xef, 0x01, 0xef, 0x01, 0xef, 0x01, 0xef, 0x01, 0xef, 0x01, 0xef, 0x01,
    0xef, 0x01, 0xef, 0x01, 0xef, 0x01, 0xef, 0x01, 0xef, 0x01, 0xef, 0x01,
    0xef, 0x01, 0xef, 0x01, 0xef, 0x01, 0xef, 0x01, 0xef, 0x01, 0xef, 0x01,
    0xef, 0x01, 0xef, 0x01, 0xef, 0x01, 0xef, 0x01, 0xef, 0x01, 0xef, 0x01,
    0xef, 0x01, 0xef, 0x01, 0xef, 0x01, 0xef, 0x01, 0xef, 0x01, 0xef, 0x01,
    0xef, 0x01, 0xef, 0x01, 0xef, 0x01, 0x29, 0x01, 0x21, 0x00, 0x00, 0x00,
    0x00, 0x00, 0x00, 0x00, 0x00, 0x00, 0x00, 0x00, 0x00, 0x00, 0x00, 0x00,
    0x00, 0x00, 0x00, 0x00, 0x00, 0x00, 0x00, 0x00, 0x00, 0x00, 0x00, 0x00,
    0x00, 0x00, 0x00, 0x00, 0x00, 0x00, 0x00, 0x00, 0x00, 0x00, 0x00, 0x00,
    0x00, 0x00, 0x00, 0x00, 0x00, 0x00, 0x00, 0x00, 0x00, 0x00, 0x00, 0x00,
    0x00, 0x00, 0x00, 0x00, 0x00, 0x00, 0x00, 0x00, 0x00, 0x00, 0x00, 0x00,
    0x00, 0x00, 0x00, 0x00, 0x00, 0x00, 0x00, 0x00, 0x00, 0x00, 0x00, 0x00,
    0x00, 0x00, 0x00, 0x00, 0x00, 0x00, 0x00, 0x00, 0x00, 0x00, 0x00, 0x00,
    0x00, 0x00, 0x00, 0x00, 0x00, 0x00, 0x00, 0x00, 0x00, 0x00, 0x00, 0x00,
    0x00, 0x00, 0x00, 0x00, 0x00, 0x00, 0x21, 0x00, 0xe7, 0x00, 0xad, 0x01,
    0xef, 0x01, 0xef, 0x01, 0xef, 0x01, 0xef, 0x01, 0xef, 0x01, 0xef, 0x01,
    0xef, 0x01, 0xef, 0x01, 0xef, 0x01, 0xef, 0x01, 0xef, 0x01, 0xef, 0x01,
    0xef, 0x01, 0xef, 0x01, 0xef, 0x01, 0xef, 0x01, 0xef, 0x01, 0xef, 0x01,
    0xef, 0x01, 0xef, 0x01, 0xef, 0x01, 0xef, 0x01, 0xef, 0x01, 0xef, 0x01,
    0xef, 0x01, 0xef, 0x01, 0xef, 0x01, 0xef, 0x01, 0xef, 0x01, 0xef, 0x01,
    0xef, 0x01, 0xef, 0x01, 0xef, 0x01, 0xef, 0x01, 0xef, 0x01, 0xef, 0x01,
    0xef, 0x01, 0xef, 0x01, 0xef, 0x01, 0xef, 0x01, 0xef, 0x01, 0xef, 0x01,
    0xef, 0x01, 0xef, 0x01, 0xef, 0x01, 0xef, 0x01, 0xef, 0x01, 0xef, 0x01,
    0xef, 0x01, 0xef, 0x01, 0xef, 0x01, 0xef, 0x01, 0xef, 0x01, 0xef, 0x01,
    0xef, 0x01, 0xef, 0x01, 0xef, 0x01, 0xef, 0x01, 0xef, 0x01, 0xef, 0x01,
    0xef, 0x01, 0xef, 0x01, 0xef, 0x01, 0xef, 0x01, 0xef, 0x01, 0xef, 0x01,
    0xef, 0x01, 0xef, 0x01, 0xef, 0x01, 0xef, 0x01, 0xef, 0x01, 0xef, 0x01,
    0xef, 0x01, 0xef, 0x01, 0xef, 0x01, 0xef, 0x01, 0xef, 0x01, 0xef, 0x01,
    0xef, 0x01, 0xef, 0x01, 0xef, 0x01, 0xef, 0x01, 0xef, 0x01, 0xef, 0x01,
    0xef, 0x01, 0xef, 0x01, 0xef, 0x01, 0xef, 0x01, 0xef, 0x01, 0xef, 0x01,
    0xef, 0x01, 0xef, 0x01, 0xef, 0x01, 0xef, 0x01, 0xef, 0x01, 0xef, 0x01,
    0xef, 0x01, 0xef, 0x01, 0xef, 0x01, 0xef, 0x01, 0xef, 0x01, 0xef, 0x01,
    0xef, 0x01, 0xef, 0x01, 0xef, 0x01, 0xef, 0x01, 0xef, 0x01, 0xef, 0x01,
    0xef, 0x01, 0xef, 0x01, 0xef, 0x01, 0xef, 0x01, 0xef, 0x01, 0xef, 0x01,
    0xef, 0x01, 0xef, 0x01, 0xef, 0x01, 0xef, 0x01, 0xef, 0x01, 0xef, 0x01,
    0xef, 0x01, 0xef, 0x01, 0xef, 0x01, 0xef, 0x01, 0xef, 0x01, 0xef, 0x01,
    0xef, 0x01, 0xef, 0x01, 0xef, 0x01, 0xef, 0x01, 0xef, 0x01, 0xef, 0x01,
    0xef, 0x01, 0xef, 0x01, 0xef, 0x01, 0xef, 0x01, 0xef, 0x01, 0xef, 0x01,
    0xef, 0x01, 0xef, 0x01, 0xef, 0x01, 0xef, 0x01, 0xef, 0x01, 0xef, 0x01,
    0xef, 0x01, 0xef, 0x01, 0xef, 0x01, 0xef, 0x01, 0xef, 0x01, 0xef, 0x01,
    0xef, 0x01, 0xef, 0x01, 0xef, 0x01, 0xef, 0x01, 0xef, 0x01, 0xef, 0x01,
    0xef, 0x01, 0xef, 0x01, 0xef, 0x01, 0xef, 0x01, 0xef, 0x01, 0xef, 0x01,
    0xef, 0x01, 0xef, 0x01, 0xef, 0x01, 0xef, 0x01, 0xef, 0x01, 0xef, 0x01,
    0xef, 0x01, 0xef, 0x01, 0xef, 0x01, 0xef, 0x01, 0xf0, 0x01, 0x8c, 0x01,
    0x84, 0x00, 0x00, 0x00, 0x00, 0x00, 0x00, 0x00, 0x00, 0x00, 0x00, 0x00,
    0x00, 0x00, 0x00, 0x00, 0x00, 0x00, 0x00, 0x00, 0x00, 0x00, 0x00, 0x00,
    0x00, 0x00, 0x00, 0x00, 0x00, 0x00, 0x00, 0x00, 0x00, 0x00, 0x00, 0x00,
    0x00, 0x00, 0x00, 0x00, 0x00, 0x00, 0x00, 0x00, 0x00, 0x00, 0x00, 0x00,
    0x00, 0x00, 0x00, 0x00, 0x00, 0x00, 0x00, 0x00, 0x00, 0x00, 0x00, 0x00,
    0x00, 0x00, 0x00, 0x00, 0x00, 0x00, 0x00, 0x00, 0x00, 0x00, 0x00, 0x00,
    0x00, 0x00, 0x00, 0x00, 0x00, 0x00, 0x00, 0x00, 0x00, 0x00, 0x00, 0x00,
    0x00, 0x00, 0x00, 0x00, 0x00, 0x00, 0x00, 0x00, 0x00, 0x00, 0x00, 0x00,
    0x00, 0x00, 0x00, 0x00, 0x00, 0x00, 0x00, 0x00, 0x42, 0x00, 0x08, 0x01,
    0xce, 0x01, 0xef, 0x01, 0xef, 0x01, 0xef, 0x01, 0xef, 0x01, 0xef, 0x01,
    0xef, 0x01, 0xef, 0x01, 0xef, 0x01, 0xef, 0x01, 0xef, 0x01, 0xef, 0x01,
    0xef, 0x01, 0xef, 0x01, 0xef, 0x01, 0xef, 0x01, 0xef, 0x01, 0xef, 0x01,
    0xef, 0x01, 0xef, 0x01, 0xef, 0x01, 0xef, 0x01, 0xef, 0x01, 0xef, 0x01,
    0xef, 0x01, 0xef, 0x01, 0xef, 0x01, 0xef, 0x01, 0xef, 0x01, 0xef, 0x01,
    0xef, 0x01, 0xef, 0x01, 0xef, 0x01, 0xef, 0x01, 0xef, 0x01, 0xef, 0x01,
    0xef, 0x01, 0xef, 0x01, 0xef, 0x01, 0xef, 0x01, 0xef, 0x01, 0xef, 0x01,
    0xef, 0x01, 0xef, 0x01, 0xef, 0x01, 0xef, 0x01, 0xef, 0x01, 0xef, 0x01,
    0xef, 0x01, 0xef, 0x01, 0xef, 0x01, 0xef, 0x01, 0xef, 0x01, 0xef, 0x01,
    0xef, 0x01, 0xef, 0x01, 0xef, 0x01, 0xef, 0x01, 0xef, 0x01, 0xef, 0x01,
    0xef, 0x01, 0xef, 0x01, 0xef, 0x01, 0xef, 0x01, 0xef, 0x01, 0xef, 0x01,
    0xef, 0x01, 0xef, 0x01, 0xef, 0x01, 0xef, 0x01, 0xef, 0x01, 0xef, 0x01,
    0xef, 0x01, 0xef, 0x01, 0xef, 0x01, 0xef, 0x01, 0xef, 0x01, 0xef, 0x01,
    0xef, 0x01, 0xef, 0x01, 0xef, 0x01, 0xef, 0x01, 0xef, 0x01, 0xef, 0x01,
    0xef, 0x01, 0xef, 0x01, 0xef, 0x01, 0xef, 0x01, 0xef, 0x01, 0xef, 0x01,
    0xef, 0x01, 0xef, 0x01, 0xef, 0x01, 0xef, 0x01, 0xef, 0x01, 0xef, 0x01,
    0xef, 0x01, 0xef, 0x01, 0xef, 0x01, 0xef, 0x01, 0xef, 0x01, 0xef, 0x01,
    0xef, 0x01, 0xef, 0x01, 0xef, 0x01, 0xef, 0x01, 0xef, 0x01, 0xef, 0x01,
    0xef, 0x01, 0xef, 0x01, 0xef, 0x01, 0xef, 0x01, 0xef, 0x01, 0xef, 0x01,
    0xef, 0x01, 0xef, 0x01, 0xef, 0x01, 0xef, 0x01, 0xef, 0x01, 0xef, 0x01,
    0xef, 0x01, 0xef, 0x01, 0xef, 0x01, 0xef, 0x01, 0xef, 0x01, 0xef, 0x01,
    0xef, 0x01, 0xef, 0x01, 0xef, 0x01, 0xef, 0x01, 0xef, 0x01, 0xef, 0x01,
    0xef, 0x01, 0xef, 0x01, 0xef, 0x01, 0xef, 0x01, 0xef, 0x01, 0xef, 0x01,
    0xef, 0x01, 0xef, 0x01, 0xef, 0x01, 0xef, 0x01, 0xef, 0x01, 0xef, 0x01,
    0xef, 0x01, 0xef, 0x01, 0xef, 0x01, 0xef, 0x01, 0xef, 0x01, 0xef, 0x01,
    0xef, 0x01, 0xef, 0x01, 0xef, 0x01, 0xef, 0x01, 0xef, 0x01, 0xef, 0x01,
    0xef, 0x01, 0xef, 0x01, 0xef, 0x01, 0xef, 0x01, 0xef, 0x01, 0xef, 0x01,
    0xef, 0x01, 0xef, 0x01, 0xef, 0x01, 0xef, 0x01, 0xef, 0x01, 0xef, 0x01,
    0xef, 0x01, 0xef, 0x01, 0xef, 0x01, 0xef, 0x01, 0xef, 0x01, 0xef, 0x01,
    0xef, 0x01, 0xce, 0x01, 0xe7, 0x00, 0x00, 0x00, 0x00, 0x00, 0x00, 0x00,
    0x00, 0x00, 0x00, 0x00, 0x00, 0x00, 0x00, 0x00, 0x00, 0x00, 0x00, 0x00,
    0x00, 0x00, 0x00, 0x00, 0x00, 0x00, 0x00, 0x00, 0x00, 0x00, 0x00, 0x00,
    0x00, 0x00, 0x00, 0x00, 0x00, 0x00, 0x00, 0x00, 0x00, 0x00, 0x00, 0x00,
    0x00, 0x00, 0x00, 0x00, 0x00, 0x00, 0x00, 0x00, 0x00, 0x00, 0x00, 0x00,
    0x00, 0x00, 0x00, 0x00, 0x00, 0x00, 0x00, 0x00, 0x00, 0x00, 0x00, 0x00,
    0x00, 0x00, 0x00, 0x00, 0x00, 0x00, 0x00, 0x00, 0x00, 0x00, 0x00, 0x00,
    0x00, 0x00, 0x00, 0x00, 0x00, 0x00, 0x00, 0x00, 0x00, 0x00, 0x00, 0x00,
    0x00, 0x00, 0x00, 0x00, 0x00, 0x00, 0x00, 0x00, 0x00, 0x00, 0x63, 0x00,
    0x4a, 0x01, 0xcf, 0x01, 0xef, 0x01, 0xef, 0x01, 0xef, 0x01, 0xef, 0x01,
    0xef, 0x01, 0xef, 0x01, 0xef, 0x01, 0xef, 0x01, 0xef, 0x01, 0xef, 0x01,
    0xef, 0x01, 0xef, 0x01, 0xef, 0x01, 0xef, 0x01, 0xef, 0x01, 0xef, 0x01,
    0xef, 0x01, 0xef, 0x01, 0xef, 0x01, 0xef, 0x01, 0xef, 0x01, 0xef, 0x01,
    0xef, 0x01, 0xef, 0x01, 0xef, 0x01, 0xef, 0x01, 0xef, 0x01, 0xef, 0x01,
    0xef, 0x01, 0xef, 0x01, 0xef, 0x01, 0xef, 0x01, 0xef, 0x01, 0xef, 0x01,
    0xef, 0x01, 0xef, 0x01, 0xef, 0x01, 0xef, 0x01, 0xef, 0x01, 0xef, 0x01,
    0xef, 0x01, 0xef, 0x01, 0xef, 0x01, 0xef, 0x01, 0xef, 0x01, 0xef, 0x01,
    0xef, 0x01, 0xef, 0x01, 0xef, 0x01, 0xef, 0x01, 0xef, 0x01, 0xef, 0x01,
    0xef, 0x01, 0xef, 0x01, 0xef, 0x01, 0xef, 0x01, 0xef, 0x01, 0xef, 0x01,
    0xef, 0x01, 0xef, 0x01, 0xef, 0x01, 0xef, 0x01, 0xef, 0x01, 0xef, 0x01,
    0xef, 0x01, 0xef, 0x01, 0xef, 0x01, 0xef, 0x01, 0xef, 0x01, 0xef, 0x01,
    0xef, 0x01, 0xef, 0x01, 0xef, 0x01, 0xef, 0x01, 0xef, 0x01, 0xef, 0x01,
    0xef, 0x01, 0xef, 0x01, 0xef, 0x01, 0xef, 0x01, 0xef, 0x01, 0xef, 0x01,
    0xef, 0x01, 0xef, 0x01, 0xef, 0x01, 0xef, 0x01, 0xef, 0x01, 0xef, 0x01,
    0xef, 0x01, 0xef, 0x01, 0xef, 0x01, 0xef, 0x01, 0xef, 0x01, 0xef, 0x01,
    0xef, 0x01, 0xef, 0x01, 0xef, 0x01, 0xef, 0x01, 0xef, 0x01, 0xef, 0x01,
    0xef, 0x01, 0xef, 0x01, 0xef, 0x01, 0xef, 0x01, 0xef, 0x01, 0xef, 0x01,
    0xef, 0x01, 0xef, 0x01, 0xef, 0x01, 0xef, 0x01, 0xef, 0x01, 0xef, 0x01,
    0xef, 0x01, 0xef, 0x01, 0xef, 0x01, 0xef, 0x01, 0xef, 0x01, 0xef, 0x01,
    0xef, 0x01, 0xef, 0x01, 0xef, 0x01, 0xef, 0x01, 0xef, 0x01, 0xef, 0x01,
    0xef, 0x01, 0xef, 0x01, 0xef, 0x01, 0xef, 0x01, 0xef, 0x01, 0xef, 0x01,
    0xef, 0x01, 0xef, 0x01, 0xef, 0x01, 0xef, 0x01, 0xef, 0x01, 0xef, 0x01,
    0xef, 0x01, 0xef, 0x01, 0xef, 0x01, 0xef, 0x01, 0xef, 0x01, 0xef, 0x01,
    0xef, 0x01, 0xef, 0x01, 0xef, 0x01, 0xef, 0x01, 0xef, 0x01, 0xef, 0x01,
    0xef, 0x01, 0xef, 0x01, 0xef, 0x01, 0xef, 0x01, 0xef, 0x01, 0xef, 0x01,
    0xef, 0x01, 0xef, 0x01, 0xef, 0x01, 0xef, 0x01, 0xef, 0x01, 0xef, 0x01,
    0xef, 0x01, 0xef, 0x01, 0xef, 0x01, 0xef, 0x01, 0xef, 0x01, 0xef, 0x01,
    0xef, 0x01, 0xef, 0x01, 0xef, 0x01, 0xef, 0x01, 0xef, 0x01, 0xef, 0x01,
    0xef, 0x01, 0xef, 0x01, 0xef, 0x01, 0xef, 0x01, 0x4a, 0x01, 0x42, 0x00,
    0x00, 0x00, 0x00, 0x00, 0x00, 0x00, 0x00, 0x00, 0x00, 0x00, 0x00, 0x00,
    0x00, 0x00, 0x00, 0x00, 0x00, 0x00, 0x00, 0x00, 0x00, 0x00, 0x00, 0x00,
    0x00, 0x00, 0x00, 0x00, 0x00, 0x00, 0x00, 0x00, 0x00, 0x00, 0x00, 0x00,
    0x00, 0x00, 0x00, 0x00, 0x00, 0x00, 0x00, 0x00, 0x00, 0x00, 0x00, 0x00,
    0x00, 0x00, 0x00, 0x00, 0x00, 0x00, 0x00, 0x00, 0x00, 0x00, 0x00, 0x00,
    0x00, 0x00, 0x00, 0x00, 0x00, 0x00, 0x00, 0x00, 0x00, 0x00, 0x00, 0x00,
    0x00, 0x00, 0x00, 0x00, 0x00, 0x00, 0x00, 0x00, 0x00, 0x00, 0x00, 0x00,
    0x00, 0x00, 0x00, 0x00, 0x00, 0x00, 0x00, 0x00, 0x00, 0x00, 0x00, 0x00,
    0x85, 0x00, 0x6b, 0x01, 0xef, 0x01, 0xef, 0x01, 0xef, 0x01, 0xef, 0x01,
    0xef, 0x01, 0xef, 0x01, 0xef, 0x01, 0xef, 0x01, 0xef, 0x01, 0xef, 0x01,
    0xef, 0x01, 0xef, 0x01, 0xef, 0x01, 0xef, 0x01, 0xef, 0x01, 0xef, 0x01,
    0xef, 0x01, 0xef, 0x01, 0xef, 0x01, 0xef, 0x01, 0xef, 0x01, 0xef, 0x01,
    0xef, 0x01, 0xef, 0x01, 0xef, 0x01, 0xef, 0x01, 0xef, 0x01, 0xef, 0x01,
    0xef, 0x01, 0xef, 0x01, 0xef, 0x01, 0xef, 0x01, 0xef, 0x01, 0xef, 0x01,
    0xef, 0x01, 0xef, 0x01, 0xef, 0x01, 0xef, 0x01, 0xef, 0x01, 0xef, 0x01,
    0xef, 0x01, 0xef, 0x01, 0xef, 0x01, 0xef, 0x01, 0xef, 0x01, 0xef, 0x01,
    0xef, 0x01, 0xef, 0x01, 0xef, 0x01, 0xef, 0x01, 0xef, 0x01, 0xef, 0x01,
    0xef, 0x01, 0xef, 0x01, 0xef, 0x01, 0xef, 0x01, 0xef, 0x01, 0xef, 0x01,
    0xef, 0x01, 0xef, 0x01, 0xef, 0x01, 0xef, 0x01, 0xef, 0x01, 0xef, 0x01,
    0xef, 0x01, 0xef, 0x01, 0xef, 0x01, 0xef, 0x01, 0xef, 0x01, 0xef, 0x01,
    0xef, 0x01, 0xef, 0x01, 0xef, 0x01, 0xef, 0x01, 0xef, 0x01, 0xef, 0x01,
    0xef, 0x01, 0xef, 0x01, 0xef, 0x01, 0xef, 0x01, 0xef, 0x01, 0xef, 0x01,
    0xef, 0x01, 0xef, 0x01, 0xef, 0x01, 0xef, 0x01, 0xef, 0x01, 0xef, 0x01,
    0xef, 0x01, 0xef, 0x01, 0xef, 0x01, 0xef, 0x01, 0xef, 0x01, 0xef, 0x01,
    0xef, 0x01, 0xef, 0x01, 0xef, 0x01, 0xef, 0x01, 0xef, 0x01, 0xef, 0x01,
    0xef, 0x01, 0xef, 0x01, 0xef, 0x01, 0xef, 0x01, 0xef, 0x01, 0xef, 0x01,
    0xef, 0x01, 0xef, 0x01, 0xef, 0x01, 0xef, 0x01, 0xef, 0x01, 0xef, 0x01,
    0xef, 0x01, 0xef, 0x01, 0xef, 0x01, 0xef, 0x01, 0xef, 0x01, 0xef, 0x01,
    0xef, 0x01, 0xef, 0x01, 0xef, 0x01, 0xef, 0x01, 0xef, 0x01, 0xef, 0x01,
    0xef, 0x01, 0xef, 0x01, 0xef, 0x01, 0xef, 0x01, 0xef, 0x01, 0xef, 0x01,
    0xef, 0x01, 0xef, 0x01, 0xef, 0x01, 0xef, 0x01, 0xef, 0x01, 0xef, 0x01,
    0xef, 0x01, 0xef, 0x01, 0xef, 0x01, 0xef, 0x01, 0xef, 0x01, 0xef, 0x01,
    0xef, 0x01, 0xef, 0x01, 0xef, 0x01, 0xef, 0x01, 0xef, 0x01, 0xef, 0x01,
    0xef, 0x01, 0xef, 0x01, 0xef, 0x01, 0xef, 0x01, 0xef, 0x01, 0xef, 0x01,
    0xef, 0x01, 0xef, 0x01, 0xef, 0x01, 0xef, 0x01, 0xef, 0x01, 0xef, 0x01,
    0xef, 0x01, 0xef, 0x01, 0xef, 0x01, 0xef, 0x01, 0xef, 0x01, 0xef, 0x01,
    0xef, 0x01, 0xef, 0x01, 0xef, 0x01, 0xef, 0x01, 0xef, 0x01, 0xef, 0x01,
    0xef, 0x01, 0xef, 0x01, 0xef, 0x01, 0xef, 0x01, 0xef, 0x01, 0x10, 0x02,
    0xad, 0x01, 0xa5, 0x00, 0x00, 0x00, 0x00, 0x00, 0x00, 0x00, 0x00, 0x00,
    0x00, 0x00, 0x00, 0x00, 0x00, 0x00, 0x00, 0x00, 0x00, 0x00, 0x00, 0x00,
    0x00, 0x00, 0x00, 0x00, 0x00, 0x00, 0x00, 0x00, 0x00, 0x00, 0x00, 0x00,
    0x00, 0x00, 0x00, 0x00, 0x00, 0x00, 0x00, 0x00, 0x00, 0x00, 0x00, 0x00,
    0x00, 0x00, 0x00, 0x00, 0x00, 0x00, 0x00, 0x00, 0x00, 0x00, 0x00, 0x00,
    0x00, 0x00, 0x00, 0x00, 0x00, 0x00, 0x00, 0x00, 0x00, 0x00, 0x00, 0x00,
    0x00, 0x00, 0x00, 0x00, 0x00, 0x00, 0x00, 0x00, 0x00, 0x00, 0x00, 0x00,
    0x00, 0x00, 0x00, 0x00, 0x00, 0x00, 0x00, 0x00, 0x00, 0x00, 0x00, 0x00,
    0x21, 0x00, 0xc6, 0x00, 0x8c, 0x01, 0xef, 0x01, 0xef, 0x01, 0xef, 0x01,
    0xef, 0x01, 0xef, 0x01, 0xef, 0x01, 0xef, 0x01, 0xef, 0x01, 0xef, 0x01,
    0xef, 0x01, 0xef, 0x01, 0xef, 0x01, 0xef, 0x01, 0xef, 0x01, 0xef, 0x01,
    0xef, 0x01, 0xef, 0x01, 0xef, 0x01, 0xef, 0x01, 0xef, 0x01, 0xef, 0x01,
    0xef, 0x01, 0xef, 0x01, 0xef, 0x01, 0xef, 0x01, 0xef, 0x01, 0xef, 0x01,
    0xef, 0x01, 0xef, 0x01, 0xef, 0x01, 0xef, 0x01, 0xef, 0x01, 0xef, 0x01,
    0xef, 0x01, 0xef, 0x01, 0xef, 0x01, 0xef, 0x01, 0xef, 0x01, 0xef, 0x01,
    0xef, 0x01, 0xef, 0x01, 0xef, 0x01, 0xef, 0x01, 0xef, 0x01, 0xef, 0x01,
    0xef, 0x01, 0xef, 0x01, 0xef, 0x01, 0xef, 0x01, 0xef, 0x01, 0xef, 0x01,
    0xef, 0x01, 0xef, 0x01, 0xef, 0x01, 0xef, 0x01, 0xef, 0x01, 0xef, 0x01,
    0xef, 0x01, 0xef, 0x01, 0xef, 0x01, 0xef, 0x01, 0xef, 0x01, 0xef, 0x01,
    0xef, 0x01, 0xef, 0x01, 0xef, 0x01, 0xef, 0x01, 0xef, 0x01, 0xef, 0x01,
    0xef, 0x01, 0xef, 0x01, 0xef, 0x01, 0xef, 0x01, 0xef, 0x01, 0xef, 0x01,
    0xef, 0x01, 0xef, 0x01, 0xef, 0x01, 0xef, 0x01, 0xef, 0x01, 0xef, 0x01,
    0xef, 0x01, 0xef, 0x01, 0xef, 0x01, 0xef, 0x01, 0xef, 0x01, 0xef, 0x01,
    0xef, 0x01, 0xef, 0x01, 0xef, 0x01, 0xef, 0x01, 0xef, 0x01, 0xef, 0x01,
    0xef, 0x01, 0xef, 0x01, 0xef, 0x01, 0xef, 0x01, 0xef, 0x01, 0xef, 0x01,
    0xef, 0x01, 0xef, 0x01, 0xef, 0x01, 0xef, 0x01, 0xef, 0x01, 0xef, 0x01,
    0xef, 0x01, 0xef, 0x01, 0xef, 0x01, 0xef, 0x01, 0xef, 0x01, 0xef, 0x01,
    0xef, 0x01, 0xef, 0x01, 0xef, 0x01, 0xef, 0x01, 0xef, 0x01, 0xef, 0x01,
    0xef, 0x01, 0xef, 0x01, 0xef, 0x01, 0xef, 0x01, 0xef, 0x01, 0xef, 0x01,
    0xef, 0x01, 0xef, 0x01, 0xef, 0x01, 0xef, 0x01, 0xef, 0x01, 0xef, 0x01,
    0xef, 0x01, 0xef, 0x01, 0xef, 0x01, 0xef, 0x01, 0xef, 0x01, 0xef, 0x01,
    0xef, 0x01, 0xef, 0x01, 0xef, 0x01, 0xef, 0x01, 0xef, 0x01, 0xef, 0x01,
    0xef, 0x01, 0xef, 0x01, 0xef, 0x01, 0xef, 0x01, 0xef, 0x01, 0xef, 0x01,
    0xef, 0x01, 0xef, 0x01, 0xef, 0x01, 0xef, 0x01, 0xef, 0x01, 0xef, 0x01,
    0xef, 0x01, 0xef, 0x01, 0xef, 0x01, 0xef, 0x01, 0xef, 0x01, 0xef, 0x01,
    0xef, 0x01, 0xef, 0x01, 0xef, 0x01, 0xef, 0x01, 0xef, 0x01, 0xef, 0x01,
    0xef, 0x01, 0xef, 0x01, 0xef, 0x01, 0xef, 0x01, 0xef, 0x01, 0xef, 0x01,
    0xef, 0x01, 0xef, 0x01, 0xef, 0x01, 0xef, 0x01, 0xef, 0x01, 0xef, 0x01,
    0xef, 0x01, 0xef, 0x01, 0xef, 0x01, 0x08, 0x01, 0x01, 0x00, 0x00, 0x00,
    0x00, 0x00, 0x00, 0x00, 0x00, 0x00, 0x00, 0x00, 0x00, 0x00, 0x00, 0x00,
    0x00, 0x00, 0x00, 0x00, 0x00, 0x00, 0x00, 0x00, 0x00, 0x00, 0x00, 0x00,
    0x00, 0x00, 0x00, 0x00, 0x00, 0x00, 0x00, 0x00, 0x00, 0x00, 0x00, 0x00,
    0x00, 0x00, 0x00, 0x00, 0x00, 0x00, 0x00, 0x00, 0x00, 0x00, 0x00, 0x00,
    0x00, 0x00, 0x00, 0x00, 0x00, 0x00, 0x00, 0x00, 0x00, 0x00, 0x00, 0x00,
    0x00, 0x00, 0x00, 0x00, 0x00, 0x00, 0x00, 0x00, 0x00, 0x00, 0x00, 0x00,
    0x00, 0x00, 0x00, 0x00, 0x00, 0x00, 0x00, 0x00, 0x00, 0x00, 0x00, 0x00,
    0x00, 0x00, 0x21, 0x00, 0xe7, 0x00, 0xad, 0x01, 0xef, 0x01, 0xef, 0x01,
    0xef, 0x01, 0xef, 0x01, 0xef, 0x01, 0xef, 0x01, 0xef, 0x01, 0xef, 0x01,
    0xef, 0x01, 0xef, 0x01, 0xef, 0x01, 0xef, 0x01, 0xef, 0x01, 0xef, 0x01,
    0xef, 0x01, 0xef, 0x01, 0xef, 0x01, 0xef, 0x01, 0xef, 0x01, 0xef, 0x01,
    0xef, 0x01, 0xef, 0x01, 0xef, 0x01, 0xef, 0x01, 0xef, 0x01, 0xef, 0x01,
    0xef, 0x01, 0xef, 0x01, 0xef, 0x01, 0xef, 0x01, 0xef, 0x01, 0xef, 0x01,
    0xef, 0x01, 0xef, 0x01, 0xef, 0x01, 0xef, 0x01, 0xef, 0x01, 0xef, 0x01,
    0xef, 0x01, 0xef, 0x01, 0xef, 0x01, 0xef, 0x01, 0xef, 0x01, 0xef, 0x01,
    0xef, 0x01, 0xef, 0x01, 0xef, 0x01, 0xef, 0x01, 0xef, 0x01, 0xef, 0x01,
    0xef, 0x01, 0xef, 0x01, 0xef, 0x01, 0xef, 0x01, 0xef, 0x01, 0xef, 0x01,
    0xef, 0x01, 0xef, 0x01, 0xef, 0x01, 0xef, 0x01, 0xef, 0x01, 0xef, 0x01,
    0xef, 0x01, 0xef, 0x01, 0xef, 0x01, 0xef, 0x01, 0xef, 0x01, 0xef, 0x01,
    0xef, 0x01, 0xef, 0x01, 0xef, 0x01, 0xef, 0x01, 0xef, 0x01, 0xef, 0x01,
    0xef, 0x01, 0xef, 0x01, 0xef, 0x01, 0xef, 0x01, 0xef, 0x01, 0xef, 0x01,
    0xef, 0x01, 0xef, 0x01, 0xef, 0x01, 0xef, 0x01, 0xef, 0x01, 0xef, 0x01,
    0xef, 0x01, 0xef, 0x01, 0xef, 0x01, 0xef, 0x01, 0xef, 0x01, 0xef, 0x01,
    0xef, 0x01, 0xef, 0x01, 0xef, 0x01, 0xef, 0x01, 0xef, 0x01, 0xef, 0x01,
    0xef, 0x01, 0xef, 0x01, 0xef, 0x01, 0xef, 0x01, 0xef, 0x01, 0xef, 0x01,
    0xef, 0x01, 0xef, 0x01, 0xef, 0x01, 0xef, 0x01, 0xef, 0x01, 0xef, 0x01,
    0xef, 0x01, 0xef, 0x01, 0xef, 0x01, 0xef, 0x01, 0xef, 0x01, 0xef, 0x01,
    0xef, 0x01, 0xef, 0x01, 0xef, 0x01, 0xef, 0x01, 0xef, 0x01, 0xef, 0x01,
    0xef, 0x01, 0xef, 0x01, 0xef, 0x01, 0xef, 0x01, 0xef, 0x01, 0xef, 0x01,
    0xef, 0x01, 0xef, 0x01, 0xef, 0x01, 0xef, 0x01, 0xef, 0x01, 0xef, 0x01,
    0xef, 0x01, 0xef, 0x01, 0xef, 0x01, 0xef, 0x01, 0xef, 0x01, 0xef, 0x01,
    0xef, 0x01, 0xef, 0x01, 0xef, 0x01, 0xef, 0x01, 0xef, 0x01, 0xef, 0x01,
    0xef, 0x01, 0xef, 0x01, 0xef, 0x01, 0xef, 0x01, 0xef, 0x01, 0xef, 0x01,
    0xef, 0x01, 0xef, 0x01, 0xef, 0x01, 0xef, 0x01, 0xef, 0x01, 0xef, 0x01,
    0xef, 0x01, 0xef, 0x01, 0xef, 0x01, 0xef, 0x01, 0xef, 0x01, 0xef, 0x01,
    0xef, 0x01, 0xef, 0x01, 0xef, 0x01, 0xef, 0x01, 0xef, 0x01, 0xef, 0x01,
    0xef, 0x01, 0xef, 0x01, 0xef, 0x01, 0xef, 0x01, 0xef, 0x01, 0xef, 0x01,
    0xef, 0x01, 0xef, 0x01, 0xef, 0x01, 0xef, 0x01, 0xf0, 0x01, 0x6b, 0x01,
    0x62, 0x00, 0x00, 0x00, 0x00, 0x00, 0x00, 0x00, 0x00, 0x00, 0x00, 0x00,
    0x00, 0x00, 0x00, 0x00, 0x00, 0x00, 0x00, 0x00, 0x00, 0x00, 0x00, 0x00,
    0x00, 0x00, 0x00, 0x00, 0x00, 0x00, 0x00, 0x00, 0x00, 0x00, 0x00, 0x00,
    0x00, 0x00, 0x00, 0x00, 0x00, 0x00, 0x00, 0x00, 0x00, 0x00, 0x00, 0x00,
    0x00, 0x00, 0x00, 0x00, 0x00, 0x00, 0x00, 0x00, 0x00, 0x00, 0x00, 0x00,
    0x00, 0x00, 0x00, 0x00, 0x00, 0x00, 0x00, 0x00, 0x00, 0x00, 0x00, 0x00,
    0x00, 0x00, 0x00, 0x00, 0x00, 0x00, 0x00, 0x00, 0x00, 0x00, 0x00, 0x00,
    0x00, 0x00, 0x00, 0x00, 0x42, 0x00, 0x08, 0x01, 0xad, 0x01, 0xef, 0x01,
    0xef, 0x01, 0xef, 0x01, 0xef, 0x01, 0xef, 0x01, 0xef, 0x01, 0xef, 0x01,
    0xef, 0x01, 0xef, 0x01, 0xef, 0x01, 0xef, 0x01, 0xef, 0x01, 0xef, 0x01,
    0xef, 0x01, 0xef, 0x01, 0xef, 0x01, 0xef, 0x01, 0xef, 0x01, 0xef, 0x01,
    0xef, 0x01, 0xef, 0x01, 0xef, 0x01, 0xef, 0x01, 0xef, 0x01, 0xef, 0x01,
    0xef, 0x01, 0xef, 0x01, 0xef, 0x01, 0xef, 0x01, 0xef, 0x01, 0xef, 0x01,
    0xef, 0x01, 0xef, 0x01, 0xef, 0x01, 0xef, 0x01, 0xef, 0x01, 0xef, 0x01,
    0xef, 0x01, 0xef, 0x01, 0xef, 0x01, 0xef, 0x01, 0xef, 0x01, 0xef, 0x01,
    0xef, 0x01, 0xef, 0x01, 0xef, 0x01, 0xef, 0x01, 0xef, 0x01, 0xef, 0x01,
    0xef, 0x01, 0xef, 0x01, 0xef, 0x01, 0xef, 0x01, 0xef, 0x01, 0xef, 0x01,
    0xef, 0x01, 0xef, 0x01, 0xef, 0x01, 0xef, 0x01, 0xef, 0x01, 0xef, 0x01,
    0xef, 0x01, 0xef, 0x01, 0xef, 0x01, 0xef, 0x01, 0xef, 0x01, 0xef, 0x01,
    0xef, 0x01, 0xef, 0x01, 0xef, 0x01, 0xef, 0x01, 0xef, 0x01, 0xef, 0x01,
    0xef, 0x01, 0xef, 0x01, 0xef, 0x01, 0xef, 0x01, 0xef, 0x01, 0xef, 0x01,
    0xef, 0x01, 0xef, 0x01, 0xef, 0x01, 0xef, 0x01, 0xef, 0x01, 0xef, 0x01,
    0xef, 0x01, 0xef, 0x01, 0xef, 0x01, 0xef, 0x01, 0xef, 0x01, 0xef, 0x01,
    0xef, 0x01, 0xef, 0x01, 0xef, 0x01, 0xef, 0x01, 0xef, 0x01, 0xef, 0x01,
    0xef, 0x01, 0xef, 0x01, 0xef, 0x01, 0xef, 0x01, 0xef, 0x01, 0xef, 0x01,
    0xef, 0x01, 0xef, 0x01, 0xef, 0x01, 0xef, 0x01, 0xef, 0x01, 0xef, 0x01,
    0xef, 0x01, 0xef, 0x01, 0xef, 0x01, 0xef, 0x01, 0xef, 0x01, 0xef, 0x01,
    0xef, 0x01, 0xef, 0x01, 0xef, 0x01, 0xef, 0x01, 0xef, 0x01, 0xef, 0x01,
    0xef, 0x01, 0xef, 0x01, 0xef, 0x01, 0xef, 0x01, 0xef, 0x01, 0xef, 0x01,
    0xef, 0x01, 0xef, 0x01, 0xef, 0x01, 0xef, 0x01, 0xef, 0x01, 0xef, 0x01,
    0xef, 0x01, 0xef, 0x01, 0xef, 0x01, 0xef, 0x01, 0xef, 0x01, 0xef, 0x01,
    0xef, 0x01, 0xef, 0x01, 0xef, 0x01, 0xef, 0x01, 0xef, 0x01, 0xef, 0x01,
    0xef, 0x01, 0xef, 0x01, 0xef, 0x01, 0xef, 0x01, 0xef, 0x01, 0xef, 0x01,
    0xef, 0x01, 0xef, 0x01, 0xef, 0x01, 0xef, 0x01, 0xef, 0x01, 0xef, 0x01,
    0xef, 0x01, 0xef, 0x01, 0xef, 0x01, 0xef, 0x01, 0xef, 0x01, 0xef, 0x01,
    0xef, 0x01, 0xef, 0x01, 0xef, 0x01, 0xef, 0x01, 0xef, 0x01, 0xef, 0x01,
    0xef, 0x01, 0xef, 0x01, 0xef, 0x01, 0xef, 0x01, 0xef, 0x01, 0xef, 0x01,
    0xef, 0x01, 0xef, 0x01, 0xef, 0x01, 0xef, 0x01, 0xef, 0x01, 0xef, 0x01,
    0x10, 0x02, 0xad, 0x01, 0xa5, 0x00, 0x00, 0x00, 0x00, 0x00, 0x00, 0x00,
    0x00, 0x00, 0x00, 0x00, 0x00, 0x00, 0x00, 0x00, 0x00, 0x00, 0x00, 0x00,
    0x00, 0x00, 0x00, 0x00, 0x00, 0x00, 0x00, 0x00, 0x00, 0x00, 0x00, 0x00,
    0x00, 0x00, 0x00, 0x00, 0x00, 0x00, 0x00, 0x00, 0x00, 0x00, 0x00, 0x00,
    0x00, 0x00, 0x00, 0x00, 0x00, 0x00, 0x00, 0x00, 0x00, 0x00, 0x00, 0x00,
    0x00, 0x00, 0x00, 0x00, 0x00, 0x00, 0x00, 0x00, 0x00, 0x00, 0x00, 0x00,
    0x00, 0x00, 0x00, 0x00, 0x00, 0x00, 0x00, 0x00, 0x00, 0x00, 0x00, 0x00,
    0x00, 0x00, 0x00, 0x00, 0x00, 0x00, 0x42, 0x00, 0x29, 0x01, 0xce, 0x01,
    0xef, 0x01, 0xef, 0x01, 0xef, 0x01, 0xef, 0x01, 0xef, 0x01, 0xef, 0x01,
    0xef, 0x01, 0xef, 0x01, 0xef, 0x01, 0xef, 0x01, 0xef, 0x01, 0xef, 0x01,
    0xef, 0x01, 0xef, 0x01, 0xef, 0x01, 0xef, 0x01, 0xef, 0x01, 0xef, 0x01,
    0xef, 0x01, 0xef, 0x01, 0xef, 0x01, 0xef, 0x01, 0xef, 0x01, 0xef, 0x01,
    0xef, 0x01, 0xef, 0x01, 0xef, 0x01, 0xef, 0x01, 0xef, 0x01, 0xef, 0x01,
    0xef, 0x01, 0xef, 0x01, 0xef, 0x01, 0xef, 0x01, 0xef, 0x01, 0xef, 0x01,
    0xef, 0x01, 0xef, 0x01, 0xef, 0x01, 0xef, 0x01, 0xef, 0x01, 0xef, 0x01,
    0xef, 0x01, 0xef, 0x01, 0xef, 0x01, 0xef, 0x01, 0xef, 0x01, 0xef, 0x01,
    0xef, 0x01, 0xef, 0x01, 0xef, 0x01, 0xef, 0x01, 0xef, 0x01, 0xef, 0x01,
    0xef, 0x01, 0xef, 0x01, 0xef, 0x01, 0xef, 0x01, 0xef, 0x01, 0xef, 0x01,
    0xef, 0x01, 0xef, 0x01, 0xef, 0x01, 0xef, 0x01, 0xef, 0x01, 0xef, 0x01,
    0xef, 0x01, 0xef, 0x01, 0xef, 0x01, 0xef, 0x01, 0xef, 0x01, 0xef, 0x01,
    0xef, 0x01, 0xef, 0x01, 0xef, 0x01, 0xef, 0x01, 0xef, 0x01, 0xef, 0x01,
    0xef, 0x01, 0xef, 0x01, 0xef, 0x01, 0xef, 0x01, 0xef, 0x01, 0xef, 0x01,
    0xef, 0x01, 0xef, 0x01, 0xef, 0x01, 0xef, 0x01, 0xef, 0x01, 0xef, 0x01,
    0xef, 0x01, 0xef, 0x01, 0xef, 0x01, 0xef, 0x01, 0xef, 0x01, 0xef, 0x01,
    0xef, 0x01, 0xef, 0x01, 0xef, 0x01, 0xef, 0x01, 0xef, 0x01, 0xef, 0x01,
    0xef, 0x01, 0xef, 0x01, 0xef, 0x01, 0xef, 0x01, 0xef, 0x01, 0xef, 0x01,
    0xef, 0x01, 0xef, 0x01, 0xef, 0x01, 0xef, 0x01, 0xef, 0x01, 0xef, 0x01,
    0xef, 0x01, 0xef, 0x01, 0xef, 0x01, 0xef, 0x01, 0xef, 0x01, 0xef, 0x01,
    0xef, 0x01, 0xef, 0x01, 0xef, 0x01, 0xef, 0x01, 0xef, 0x01, 0xef, 0x01,
    0xef, 0x01, 0xef, 0x01, 0xef, 0x01, 0xef, 0x01, 0xef, 0x01, 0xef, 0x01,
    0xef, 0x01, 0xef, 0x01, 0xef, 0x01, 0xef, 0x01, 0xef, 0x01, 0xef, 0x01,
    0xef, 0x01, 0xef, 0x01, 0xef, 0x01, 0xef, 0x01, 0xef, 0x01, 0xef, 0x01,
    0xef, 0x01, 0xef, 0x01, 0xef, 0x01, 0xef, 0x01, 0xef, 0x01, 0xef, 0x01,
    0xef, 0x01, 0xef, 0x01, 0xef, 0x01, 0xef, 0x01, 0xef, 0x01, 0xef, 0x01,
    0xef, 0x01, 0xef, 0x01, 0xef, 0x01, 0xef, 0x01, 0xef, 0x01, 0xef, 0x01,
    0xef, 0x01, 0xef, 0x01, 0xef, 0x01, 0xef, 0x01, 0xef, 0x01, 0xef, 0x01,
    0xef, 0x01, 0xef, 0x01, 0xef, 0x01, 0xef, 0x01, 0xef, 0x01, 0xef, 0x01,
    0xef, 0x01, 0xef, 0x01, 0xef, 0x01, 0xef, 0x01, 0xef, 0x01, 0xef, 0x01,
    0xef, 0x01, 0xef, 0x01, 0xef, 0x01, 0xef, 0x01, 0x29, 0x01, 0x01, 0x00,
    0x00, 0x00, 0x00, 0x00, 0x00, 0x00, 0x00, 0x00, 0x00, 0x00, 0x00, 0x00,
    0x00, 0x00, 0x00, 0x00, 0x00, 0x00, 0x00, 0x00, 0x00, 0x00, 0x00, 0x00,
    0x00, 0x00, 0x00, 0x00, 0x00, 0x00, 0x00, 0x00, 0x00, 0x00, 0x00, 0x00,
    0x00, 0x00, 0x00, 0x00, 0x00, 0x00, 0x00, 0x00, 0x00, 0x00, 0x00, 0x00,
    0x00, 0x00, 0x00, 0x00, 0x00, 0x00, 0x00, 0x00, 0x00, 0x00, 0x00, 0x00,
    0x00, 0x00, 0x00, 0x00, 0x00, 0x00, 0x00, 0x00, 0x00, 0x00, 0x00, 0x00,
    0x00, 0x00, 0x00, 0x00, 0x00, 0x00, 0x00, 0x00, 0x63, 0x00, 0x4a, 0x01,
    0xce, 0x01, 0xef, 0x01, 0xef, 0x01, 0xef, 0x01, 0xef, 0x01, 0xef, 0x01,
    0xef, 0x01, 0xef, 0x01, 0xef, 0x01, 0xef, 0x01, 0xef, 0x01, 0xef, 0x01,
    0xef, 0x01, 0xef, 0x01, 0xef, 0x01, 0xef, 0x01, 0xef, 0x01, 0xef, 0x01,
    0xef, 0x01, 0xef, 0x01, 0xef, 0x01, 0xef, 0x01, 0xef, 0x01, 0xef, 0x01,
    0xef, 0x01, 0xef, 0x01, 0xef, 0x01, 0xef, 0x01, 0xef, 0x01, 0xef, 0x01,
    0xef, 0x01, 0xef, 0x01, 0xef, 0x01, 0xef, 0x01, 0xef, 0x01, 0xef, 0x01,
    0xef, 0x01, 0xef, 0x01, 0xef, 0x01, 0xef, 0x01, 0xef, 0x01, 0xef, 0x01,
    0xef, 0x01, 0xef, 0x01, 0xef, 0x01, 0xef, 0x01, 0xef, 0x01, 0xef, 0x01,
    0xef, 0x01, 0xef, 0x01, 0xef, 0x01, 0xef, 0x01, 0xef, 0x01, 0xef, 0x01,
    0xef, 0x01, 0xef, 0x01, 0xef, 0x01, 0xef, 0x01, 0xef, 0x01, 0xef, 0x01,
    0xef, 0x01, 0xef, 0x01, 0xef, 0x01, 0xef, 0x01, 0xef, 0x01, 0xef, 0x01,
    0xef, 0x01, 0xef, 0x01, 0xef, 0x01, 0xef, 0x01, 0xef, 0x01, 0xef, 0x01,
    0xef, 0x01, 0xef, 0x01, 0xef, 0x01, 0xef, 0x01, 0xef, 0x01, 0xef, 0x01,
    0xef, 0x01, 0xef, 0x01, 0xef, 0x01, 0xef, 0x01, 0xef, 0x01, 0xef, 0x01,
    0xef, 0x01, 0xef, 0x01, 0xef, 0x01, 0xef, 0x01, 0xef, 0x01, 0xef, 0x01,
    0xef, 0x01, 0xef, 0x01, 0xef, 0x01, 0xef, 0x01, 0xef, 0x01, 0xef, 0x01,
    0xef, 0x01, 0xef, 0x01, 0xef, 0x01, 0xef, 0x01, 0xef, 0x01, 0xef, 0x01,
    0xef, 0x01, 0xef, 0x01, 0xef, 0x01, 0xef, 0x01, 0xef, 0x01, 0xef, 0x01,
    0xef, 0x01, 0xef, 0x01, 0xef, 0x01, 0xef, 0x01, 0xef, 0x01, 0xef, 0x01,
    0xef, 0x01, 0xef, 0x01, 0xef, 0x01, 0xef, 0x01, 0xef, 0x01, 0xef, 0x01,
    0xef, 0x01, 0xef, 0x01, 0xef, 0x01, 0xef, 0x01, 0xef, 0x01, 0xef, 0x01,
    0xef, 0x01, 0xef, 0x01, 0xef, 0x01, 0xef, 0x01, 0xef, 0x01, 0xef, 0x01,
    0xef, 0x01, 0xef, 0x01, 0xef, 0x01, 0xef, 0x01, 0xef, 0x01, 0xef, 0x01,
    0xef, 0x01, 0xef, 0x01, 0xef, 0x01, 0xef, 0x01, 0xef, 0x01, 0xef, 0x01,
    0xef, 0x01, 0xef, 0x01, 0xef, 0x01, 0xef, 0x01, 0xef, 0x01, 0xef, 0x01,
    0xef, 0x01, 0xef, 0x01, 0xef, 0x01, 0xef, 0x01, 0xef, 0x01, 0xef, 0x01,
    0xef, 0x01, 0xef, 0x01, 0xef, 0x01, 0xef, 0x01, 0xef, 0x01, 0xef, 0x01,
    0xef, 0x01, 0xef, 0x01, 0xef, 0x01, 0xef, 0x01, 0xef, 0x01, 0xef, 0x01,
    0xef, 0x01, 0xef, 0x01, 0xef, 0x01, 0xef, 0x01, 0xef, 0x01, 0xef, 0x01,
    0xef, 0x01, 0xef, 0x01, 0xef, 0x01, 0xef, 0x01, 0xef, 0x01, 0xef, 0x01,
    0xef, 0x01, 0xef, 0x01, 0xef, 0x01, 0xef, 0x01, 0xef, 0x01, 0x0f, 0x02,
    0x6b, 0x01, 0x63, 0x00, 0x00, 0x00, 0x00, 0x00, 0x00, 0x00, 0x00, 0x00,
    0x00, 0x00, 0x00, 0x00, 0x00, 0x00, 0x00, 0x00, 0x00, 0x00, 0x00, 0x00,
    0x00, 0x00, 0x00, 0x00, 0x00, 0x00, 0x00, 0x00, 0x00, 0x00, 0x00, 0x00,
    0x00, 0x00, 0x00, 0x00, 0x00, 0x00, 0x00, 0x00, 0x00, 0x00, 0x00, 0x00,
    0x00, 0x00, 0x00, 0x00, 0x00, 0x00, 0x00, 0x00, 0x00, 0x00, 0x00, 0x00,
    0x00, 0x00, 0x00, 0x00, 0x00, 0x00, 0x00, 0x00, 0x00, 0x00, 0x00, 0x00,
    0x00, 0x00, 0x00, 0x00, 0x00, 0x00, 0x00, 0x00, 0x00, 0x00, 0x84, 0x00,
    0x4a, 0x01, 0xcf, 0x01, 0xef, 0x01, 0xef, 0x01, 0xef, 0x01, 0xef, 0x01,
    0xef, 0x01, 0xef, 0x01, 0xef, 0x01, 0xef, 0x01, 0xef, 0x01, 0xef, 0x01,
    0xef, 0x01, 0xef, 0x01, 0xef, 0x01, 0xef, 0x01, 0xef, 0x01, 0xef, 0x01,
    0xef, 0x01, 0xef, 0x01, 0xef, 0x01, 0xef, 0x01, 0xef, 0x01, 0xef, 0x01,
    0xef, 0x01, 0xef, 0x01, 0xef, 0x01, 0xef, 0x01, 0xef, 0x01, 0xef, 0x01,
    0xef, 0x01, 0xef, 0x01, 0xef, 0x01, 0xef, 0x01, 0xef, 0x01, 0xef, 0x01,
    0xef, 0x01, 0xef, 0x01, 0xef, 0x01, 0xef, 0x01, 0xef, 0x01, 0xef, 0x01,
    0xef, 0x01, 0xef, 0x01, 0xef, 0x01, 0xef, 0x01, 0xef, 0x01, 0xef, 0x01,
    0xef, 0x01, 0xef, 0x01, 0xef, 0x01, 0xef, 0x01, 0xef, 0x01, 0xef, 0x01,
    0xef, 0x01, 0xef, 0x01, 0xef, 0x01, 0xef, 0x01, 0xef, 0x01, 0xef, 0x01,
    0xef, 0x01, 0xef, 0x01, 0xef, 0x01, 0xef, 0x01, 0xef, 0x01, 0xef, 0x01,
    0xef, 0x01, 0xef, 0x01, 0xef, 0x01, 0xef, 0x01, 0xef, 0x01, 0xef, 0x01,
    0xef, 0x01, 0xef, 0x01, 0xef, 0x01, 0xef, 0x01, 0xef, 0x01, 0xef, 0x01,
    0xef, 0x01, 0xef, 0x01, 0xef, 0x01, 0xef, 0x01, 0xef, 0x01, 0xef, 0x01,
    0xef, 0x01, 0xef, 0x01, 0xef, 0x01, 0xef, 0x01, 0xef, 0x01, 0xef, 0x01,
    0xef, 0x01, 0xef, 0x01, 0xef, 0x01, 0xef, 0x01, 0xef, 0x01, 0xef, 0x01,
    0xef, 0x01, 0xef, 0x01, 0xef, 0x01, 0xef, 0x01, 0xef, 0x01, 0xef, 0x01,
    0xef, 0x01, 0xef, 0x01, 0xef, 0x01, 0xef, 0x01, 0xef, 0x01, 0xef, 0x01,
    0xef, 0x01, 0xef, 0x01, 0xef, 0x01, 0xef, 0x01, 0xef, 0x01, 0xef, 0x01,
    0xef, 0x01, 0xef, 0x01, 0xef, 0x01, 0xef, 0x01, 0xef, 0x01, 0xef, 0x01,
    0xef, 0x01, 0xef, 0x01, 0xef, 0x01, 0xef, 0x01, 0xef, 0x01, 0xef, 0x01,
    0xef, 0x01, 0xef, 0x01, 0xef, 0x01, 0xef, 0x01, 0xef, 0x01, 0xef, 0x01,
    0xef, 0x01, 0xef, 0x01, 0xef, 0x01, 0xef, 0x01, 0xef, 0x01, 0xef, 0x01,
    0xef, 0x01, 0xef, 0x01, 0xef, 0x01, 0xef, 0x01, 0xef, 0x01, 0xef, 0x01,
    0xef, 0x01, 0xef, 0x01, 0xef, 0x01, 0xef, 0x01, 0xef, 0x01, 0xef, 0x01,
    0xef, 0x01, 0xef, 0x01, 0xef, 0x01, 0xef, 0x01, 0xef, 0x01, 0xef, 0x01,
    0xef, 0x01, 0xef, 0x01, 0xef, 0x01, 0xef, 0x01, 0xef, 0x01, 0xef, 0x01,
    0xef, 0x01, 0xef, 0x01, 0xef, 0x01, 0xef, 0x01, 0xef, 0x01, 0xef, 0x01,
    0xef, 0x01, 0xef, 0x01, 0xef, 0x01, 0xef, 0x01, 0xef, 0x01, 0xef, 0x01,
    0xef, 0x01, 0xef, 0x01, 0xef, 0x01, 0xef, 0x01, 0xef, 0x01, 0xef, 0x01,
    0xef, 0x01, 0xef, 0x01, 0xef, 0x01, 0xef, 0x01, 0xef, 0x01, 0xef, 0x01,
    0xef, 0x01, 0xef, 0x01, 0xad, 0x01, 0xc5, 0x00, 0x00, 0x00, 0x00, 0x00,
    0x00, 0x00, 0x00, 0x00, 0x00, 0x00, 0x00, 0x00, 0x00, 0x00, 0x00, 0x00,
    0x00, 0x00, 0x00, 0x00, 0x00, 0x00, 0x00, 0x00, 0x00, 0x00, 0x00, 0x00,
    0x00, 0x00, 0x00, 0x00, 0x00, 0x00, 0x00, 0x00, 0x00, 0x00, 0x00, 0x00,
    0x00, 0x00, 0x00, 0x00, 0x00, 0x00, 0x00, 0x00, 0x00, 0x00, 0x00, 0x00,
    0x00, 0x00, 0x00, 0x00, 0x00, 0x00, 0x00, 0x00, 0x00, 0x00, 0x00, 0x00,
    0x00, 0x00, 0x00, 0x00, 0x00, 0x00, 0x00, 0x00, 0x00, 0x00, 0x00, 0x00,
    0x84, 0x00, 0x6b, 0x01, 0xef, 0x01, 0xef, 0x01, 0xef, 0x01, 0xef, 0x01,
    0xef, 0x01, 0xef, 0x01, 0xef, 0x01, 0xef, 0x01, 0xef, 0x01, 0xef, 0x01,
    0xef, 0x01, 0xef, 0x01, 0xef, 0x01, 0xef, 0x01, 0xef, 0x01, 0xef, 0x01,
    0xef, 0x01, 0xef, 0x01, 0xef, 0x01, 0xef, 0x01, 0xef, 0x01, 0xef, 0x01,
    0xef, 0x01, 0xef, 0x01, 0xef, 0x01, 0xef, 0x01, 0xef, 0x01, 0xef, 0x01,
    0xef, 0x01, 0xef, 0x01, 0xef, 0x01, 0xef, 0x01, 0xef, 0x01, 0xef, 0x01,
    0xef, 0x01, 0xef, 0x01, 0xef, 0x01, 0xef, 0x01, 0xef, 0x01, 0xef, 0x01,
    0xef, 0x01, 0xef, 0x01, 0xef, 0x01, 0xef, 0x01, 0xef, 0x01, 0xef, 0x01,
    0xef, 0x01, 0xef, 0x01, 0xef, 0x01, 0xef, 0x01, 0xef, 0x01, 0xef, 0x01,
    0xef, 0x01, 0xef, 0x01, 0xef, 0x01, 0xef, 0x01, 0xef, 0x01, 0xef, 0x01,
    0xef, 0x01, 0xef, 0x01, 0xef, 0x01, 0xef, 0x01, 0xef, 0x01, 0xef, 0x01,
    0xef, 0x01, 0xef, 0x01, 0xef, 0x01, 0xef, 0x01, 0xef, 0x01, 0xef, 0x01,
    0xef, 0x01, 0xef, 0x01, 0xef, 0x01, 0xef, 0x01, 0xef, 0x01, 0xef, 0x01,
    0xef, 0x01, 0xef, 0x01, 0xef, 0x01, 0xef, 0x01, 0xef, 0x01, 0xef, 0x01,
    0xef, 0x01, 0xef, 0x01, 0xef, 0x01, 0xef, 0x01, 0xef, 0x01, 0xef, 0x01,
    0xef, 0x01, 0xef, 0x01, 0xef, 0x01, 0xef, 0x01, 0xef, 0x01, 0xef, 0x01,
    0xef, 0x01, 0xef, 0x01, 0xef, 0x01, 0xef, 0x01, 0xef, 0x01, 0xef, 0x01,
    0xef, 0x01, 0xef, 0x01, 0xef, 0x01, 0xef, 0x01, 0xef, 0x01, 0xef, 0x01,
    0xef, 0x01, 0xef, 0x01, 0xef, 0x01, 0xef, 0x01, 0xef, 0x01, 0xef, 0x01,
    0xef, 0x01, 0xef, 0x01, 0xef, 0x01, 0xef, 0x01, 0xef, 0x01, 0xef, 0x01,
    0xef, 0x01, 0xef, 0x01, 0xef, 0x01, 0xef, 0x01, 0xef, 0x01, 0xef, 0x01,
    0xef, 0x01, 0xef, 0x01, 0xef, 0x01, 0xef, 0x01, 0xef, 0x01, 0xef, 0x01,
    0xef, 0x01, 0xef, 0x01, 0xef, 0x01, 0xef, 0x01, 0xef, 0x01, 0xef, 0x01,
    0xef, 0x01, 0xef, 0x01, 0xef, 0x01, 0xef, 0x01, 0xef, 0x01, 0xef, 0x01,
    0xef, 0x01, 0xef, 0x01, 0xef, 0x01, 0xef, 0x01, 0xef, 0x01, 0xef, 0x01,
    0xef, 0x01, 0xef, 0x01, 0xef, 0x01, 0xef, 0x01, 0xef, 0x01, 0xef, 0x01,
    0xef, 0x01, 0xef, 0x01, 0xef, 0x01, 0xef, 0x01, 0xef, 0x01, 0xef, 0x01,
    0xef, 0x01, 0xef, 0x01, 0xef, 0x01, 0xef, 0x01, 0xef, 0x01, 0xef, 0x01,
    0xef, 0x01, 0xef, 0x01, 0xef, 0x01, 0xef, 0x01, 0xef, 0x01, 0xef, 0x01,
    0xef, 0x01, 0xef, 0x01, 0xef, 0x01, 0xef, 0x01, 0xef, 0x01, 0xef, 0x01,
    0xef, 0x01, 0xef, 0x01, 0xef, 0x01, 0xef, 0x01, 0xef, 0x01, 0xef, 0x01,
    0xef, 0x01, 0xef, 0x01, 0xef, 0x01, 0xef, 0x01, 0xef, 0x01, 0x29, 0x01,
    0x21, 0x00, 0x00, 0x00, 0x00, 0x00, 0x00, 0x00, 0x00, 0x00, 0x00, 0x00,
    0x00, 0x00, 0x00, 0x00, 0x00, 0x00, 0x00, 0x00, 0x00, 0x00, 0x00, 0x00,
    0x00, 0x00, 0x00, 0x00, 0x00, 0x00, 0x00, 0x00, 0x00, 0x00, 0x00, 0x00,
    0x00, 0x00, 0x00, 0x00, 0x00, 0x00, 0x00, 0x00, 0x00, 0x00, 0x00, 0x00,
    0x00, 0x00, 0x00, 0x00, 0x00, 0x00, 0x00, 0x00, 0x00, 0x00, 0x00, 0x00,
    0x00, 0x00, 0x00, 0x00, 0x00, 0x00, 0x00, 0x00, 0x00, 0x00, 0x00, 0x00,
    0x00, 0x00, 0xa5, 0x00, 0x6c, 0x01, 0xef, 0x01, 0xef, 0x01, 0xef, 0x01,
    0xef, 0x01, 0xef, 0x01, 0xef, 0x01, 0xef, 0x01, 0xef, 0x01, 0xef, 0x01,
    0xef, 0x01, 0xef, 0x01, 0xef, 0x01, 0xef, 0x01, 0xef, 0x01, 0xef, 0x01,
    0xef, 0x01, 0xef, 0x01, 0xef, 0x01, 0xef, 0x01, 0xef, 0x01, 0xef, 0x01,
    0xef, 0x01, 0xef, 0x01, 0xef, 0x01, 0xef, 0x01, 0xef, 0x01, 0xef, 0x01,
    0xef, 0x01, 0xef, 0x01, 0xef, 0x01, 0xef, 0x01, 0xef, 0x01, 0xef, 0x01,
    0xef, 0x01, 0xef, 0x01, 0xef, 0x01, 0xef, 0x01, 0xef, 0x01, 0xef, 0x01,
    0xef, 0x01, 0xef, 0x01, 0xef, 0x01, 0xef, 0x01, 0xef, 0x01, 0xef, 0x01,
    0xef, 0x01, 0xef, 0x01, 0xef, 0x01, 0xef, 0x01, 0xef, 0x01, 0xef, 0x01,
    0xef, 0x01, 0xef, 0x01, 0xef, 0x01, 0xef, 0x01, 0xef, 0x01, 0xef, 0x01,
    0xef, 0x01, 0xef, 0x01, 0xef, 0x01, 0xef, 0x01, 0xef, 0x01, 0xef, 0x01,
    0xef, 0x01, 0xef, 0x01, 0xef, 0x01, 0xef, 0x01, 0xef, 0x01, 0xef, 0x01,
    0xef, 0x01, 0xef, 0x01, 0xef, 0x01, 0xef, 0x01, 0xef, 0x01, 0xef, 0x01,
    0xef, 0x01, 0xef, 0x01, 0xef, 0x01, 0xef, 0x01, 0xef, 0x01, 0xef, 0x01,
    0xef, 0x01, 0xef, 0x01, 0xef, 0x01, 0xef, 0x01, 0xef, 0x01, 0xef, 0x01,
    0xef, 0x01, 0xef, 0x01, 0xef, 0x01, 0xef, 0x01, 0xef, 0x01, 0xef, 0x01,
    0xef, 0x01, 0xef, 0x01, 0xef, 0x01, 0xef, 0x01, 0xef, 0x01, 0xef, 0x01,
    0xef, 0x01, 0xef, 0x01, 0xef, 0x01, 0xef, 0x01, 0xef, 0x01, 0xef, 0x01,
    0xef, 0x01, 0xef, 0x01, 0xef, 0x01, 0xef, 0x01, 0xef, 0x01, 0xef, 0x01,
    0xef, 0x01, 0xef, 0x01, 0xef, 0x01, 0xef, 0x01, 0xef, 0x01, 0xef, 0x01,
    0xef, 0x01, 0xef, 0x01, 0xef, 0x01, 0xef, 0x01, 0xef, 0x01, 0xef, 0x01,
    0xef, 0x01, 0xef, 0x01, 0xef, 0x01, 0xef, 0x01, 0xef, 0x01, 0xef, 0x01,
    0xef, 0x01, 0xef, 0x01, 0xef, 0x01, 0xef, 0x01, 0xef, 0x01, 0xef, 0x01,
    0xef, 0x01, 0xef, 0x01, 0xef, 0x01, 0xef, 0x01, 0xef, 0x01, 0xef, 0x01,
    0xef, 0x01, 0xef, 0x01, 0xef, 0x01, 0xef, 0x01, 0xef, 0x01, 0xef, 0x01,
    0xef, 0x01, 0xef, 0x01, 0xef, 0x01, 0xef, 0x01, 0xef, 0x01, 0xef, 0x01,
    0xef, 0x01, 0xef, 0x01, 0xef, 0x01, 0xef, 0x01, 0xef, 0x01, 0xef, 0x01,
    0xef, 0x01, 0xef, 0x01, 0xef, 0x01, 0xef, 0x01, 0xef, 0x01, 0xef, 0x01,
    0xef, 0x01, 0xef, 0x01, 0xef, 0x01, 0xef, 0x01, 0xef, 0x01, 0xef, 0x01,
    0xef, 0x01, 0xef, 0x01, 0xef, 0x01, 0xef, 0x01, 0xef, 0x01, 0xef, 0x01,
    0xef, 0x01, 0xef, 0x01, 0xef, 0x01, 0xef, 0x01, 0xef, 0x01, 0xef, 0x01,
    0xef, 0x01, 0xef, 0x01, 0xef, 0x01, 0xef, 0x01, 0xef, 0x01, 0xef, 0x01,
    0x10, 0x02, 0x6b, 0x01, 0x42, 0x00, 0x00, 0x00, 0x00, 0x00, 0x00, 0x00,
    0x00, 0x00, 0x00, 0x00, 0x00, 0x00, 0x00, 0x00, 0x00, 0x00, 0x00, 0x00,
    0x00, 0x00, 0x00, 0x00, 0x00, 0x00, 0x00, 0x00, 0x00, 0x00, 0x00, 0x00,
    0x00, 0x00, 0x00, 0x00, 0x00, 0x00, 0x00, 0x00, 0x00, 0x00, 0x00, 0x00,
    0x00, 0x00, 0x00, 0x00, 0x00, 0x00, 0x00, 0x00, 0x00, 0x00, 0x00, 0x00,
    0x00, 0x00, 0x00, 0x00, 0x00, 0x00, 0x00, 0x00, 0x00, 0x00, 0x00, 0x00,
    0x00, 0x00, 0x00, 0x00, 0xa5, 0x00, 0x8c, 0x01, 0xef, 0x01, 0xef, 0x01,
    0xef, 0x01, 0xef, 0x01, 0xef, 0x01, 0xef, 0x01, 0xef, 0x01, 0xef, 0x01,
    0xef, 0x01, 0xef, 0x01, 0xef, 0x01, 0xef, 0x01, 0xef, 0x01, 0xef, 0x01,
    0xef, 0x01, 0xef, 0x01, 0xef, 0x01, 0xef, 0x01, 0xef, 0x01, 0xef, 0x01,
    0xef, 0x01, 0xef, 0x01, 0xef, 0x01, 0xef, 0x01, 0xef, 0x01, 0xef, 0x01,
    0xef, 0x01, 0xef, 0x01, 0xef, 0x01, 0xef, 0x01, 0xef, 0x01, 0xef, 0x01,
    0xef, 0x01, 0xef, 0x01, 0xef, 0x01, 0xef, 0x01, 0xef, 0x01, 0xef, 0x01,
    0xef, 0x01, 0xef, 0x01, 0xef, 0x01, 0xef, 0x01, 0xef, 0x01, 0xef, 0x01,
    0xef, 0x01, 0xef, 0x01, 0xef, 0x01, 0xef, 0x01, 0xef, 0x01, 0xef, 0x01,
    0xef, 0x01, 0xef, 0x01, 0xef, 0x01, 0xef, 0x01, 0xef, 0x01, 0xef, 0x01,
    0xef, 0x01, 0xef, 0x01, 0xef, 0x01, 0xef, 0x01, 0xef, 0x01, 0xef, 0x01,
    0xef, 0x01, 0xef, 0x01, 0xef, 0x01, 0xef, 0x01, 0xef, 0x01, 0xef, 0x01,
    0xef, 0x01, 0xef, 0x01, 0xef, 0x01, 0xef, 0x01, 0xef, 0x01, 0xef, 0x01,
    0xef, 0x01, 0xef, 0x01, 0xef, 0x01, 0xef, 0x01, 0xef, 0x01, 0xef, 0x01,
    0xef, 0x01, 0xef, 0x01, 0xef, 0x01, 0xef, 0x01, 0xef, 0x01, 0xef, 0x01,
    0xef, 0x01, 0xef, 0x01, 0xef, 0x01, 0xef, 0x01, 0xef, 0x01, 0xef, 0x01,
    0xef, 0x01, 0xef, 0x01, 0xef, 0x01, 0xef, 0x01, 0xef, 0x01, 0xef, 0x01,
    0xef, 0x01, 0xef, 0x01, 0xef, 0x01, 0xef, 0x01, 0xef, 0x01, 0xef, 0x01,
    0xef, 0x01, 0xef, 0x01, 0xef, 0x01, 0xef, 0x01, 0xef, 0x01, 0xef, 0x01,
    0xef, 0x01, 0xef, 0x01, 0xef, 0x01, 0xef, 0x01, 0xef, 0x01, 0xef, 0x01,
    0xef, 0x01, 0xef, 0x01, 0xef, 0x01, 0xef, 0x01, 0xef, 0x01, 0xef, 0x01,
    0xef, 0x01, 0xef, 0x01, 0xef, 0x01, 0xef, 0x01, 0xef, 0x01, 0xef, 0x01,
    0xef, 0x01, 0xef, 0x01, 0xef, 0x01, 0xef, 0x01, 0xef, 0x01, 0xef, 0x01,
    0xef, 0x01, 0xef, 0x01, 0xef, 0x01, 0xef, 0x01, 0xef, 0x01, 0xef, 0x01,
    0xef, 0x01, 0xef, 0x01, 0xef, 0x01, 0xef, 0x01, 0xef, 0x01, 0xef, 0x01,
    0xef, 0x01, 0xef, 0x01, 0xef, 0x01, 0xef, 0x01, 0xef, 0x01, 0xef, 0x01,
    0xef, 0x01, 0xef, 0x01, 0xef, 0x01, 0xef, 0x01, 0xef, 0x01, 0xef, 0x01,
    0xef, 0x01, 0xef, 0x01, 0xef, 0x01, 0xef, 0x01, 0xef, 0x01, 0xef, 0x01,
    0xef, 0x01, 0xef, 0x01, 0xef, 0x01, 0xef, 0x01, 0xef, 0x01, 0xef, 0x01,
    0xef, 0x01, 0xef, 0x01, 0xef, 0x01, 0xef, 0x01, 0xef, 0x01, 0xef, 0x01,
    0xef, 0x01, 0xef, 0x01, 0xef, 0x01, 0xef, 0x01, 0xef, 0x01, 0xef, 0x01,
    0xef, 0x01, 0xef, 0x01, 0xef, 0x01, 0xef, 0x01, 0xef, 0x01, 0xef, 0x01,
    0xef, 0x01, 0xef, 0x01, 0xf0, 0x01, 0xad, 0x01, 0xa5, 0x00, 0x00, 0x00,
    0x00, 0x00, 0x00, 0x00, 0x00, 0x00, 0x00, 0x00, 0x00, 0x00, 0x00, 0x00,
    0x00, 0x00, 0x00, 0x00, 0x00, 0x00, 0x00, 0x00, 0x00, 0x00, 0x00, 0x00,
    0x00, 0x00, 0x00, 0x00, 0x00, 0x00, 0x00, 0x00, 0x00, 0x00, 0x00, 0x00,
    0x00, 0x00, 0x00, 0x00, 0x00, 0x00, 0x00, 0x00, 0x00, 0x00, 0x00, 0x00,
    0x00, 0x00, 0x00, 0x00, 0x00, 0x00, 0x00, 0x00, 0x00, 0x00, 0x00, 0x00,
    0x00, 0x00, 0x00, 0x00, 0x00, 0x00, 0xa5, 0x00, 0x8c, 0x01, 0xef, 0x01,
    0xef, 0x01, 0xef, 0x01, 0xef, 0x01, 0xef, 0x01, 0xef, 0x01, 0xef, 0x01,
    0xef, 0x01, 0xef, 0x01, 0xef, 0x01, 0xef, 0x01, 0xef, 0x01, 0xef, 0x01,
    0xef, 0x01, 0xef, 0x01, 0xef, 0x01, 0xef, 0x01, 0xef, 0x01, 0xef, 0x01,
    0xef, 0x01, 0xef, 0x01, 0xef, 0x01, 0xef, 0x01, 0xef, 0x01, 0xef, 0x01,
    0xef, 0x01, 0xef, 0x01, 0xef, 0x01, 0xef, 0x01, 0xef, 0x01, 0xef, 0x01,
    0xef, 0x01, 0xef, 0x01, 0xef, 0x01, 0xef, 0x01, 0xef, 0x01, 0xef, 0x01,
    0xef, 0x01, 0xef, 0x01, 0xef, 0x01, 0xef, 0x01, 0xef, 0x01, 0xef, 0x01,
    0xef, 0x01, 0xef, 0x01, 0xef, 0x01, 0xef, 0x01, 0xef, 0x01, 0xef, 0x01,
    0xef, 0x01, 0xef, 0x01, 0xef, 0x01, 0xef, 0x01, 0xef, 0x01, 0xef, 0x01,
    0xef, 0x01, 0xef, 0x01, 0xef, 0x01, 0xef, 0x01, 0xef, 0x01, 0xef, 0x01,
    0xef, 0x01, 0xef, 0x01, 0xef, 0x01, 0xef, 0x01, 0xef, 0x01, 0xef, 0x01,
    0xef, 0x01, 0xef, 0x01, 0xef, 0x01, 0xef, 0x01, 0xef, 0x01, 0xef, 0x01,
    0xef, 0x01, 0xef, 0x01, 0xef, 0x01, 0xef, 0x01, 0xef, 0x01, 0xef, 0x01,
    0xef, 0x01, 0xef, 0x01, 0xef, 0x01, 0xef, 0x01, 0xef, 0x01, 0xef, 0x01,
    0xef, 0x01, 0xef, 0x01, 0xef, 0x01, 0xef, 0x01, 0xef, 0x01, 0xef, 0x01,
    0xef, 0x01, 0xef, 0x01, 0xef, 0x01, 0xef, 0x01, 0xef, 0x01, 0xef, 0x01,
    0xef, 0x01, 0xef, 0x01, 0xef, 0x01, 0xef, 0x01, 0xef, 0x01, 0xef, 0x01,
    0xef, 0x01, 0xef, 0x01, 0xef, 0x01, 0xef, 0x01, 0xef, 0x01, 0xef, 0x01,
    0xef, 0x01, 0xef, 0x01, 0xef, 0x01, 0xef, 0x01, 0xef, 0x01, 0xef, 0x01,
    0xef, 0x01, 0xef, 0x01, 0xef, 0x01, 0xef, 0x01, 0xef, 0x01, 0xef, 0x01,
    0xef, 0x01, 0xef, 0x01, 0xef, 0x01, 0xef, 0x01, 0xef, 0x01, 0xef, 0x01,
    0xef, 0x01, 0xef, 0x01, 0xef, 0x01, 0xef, 0x01, 0xef, 0x01, 0xef, 0x01,
    0xef, 0x01, 0xef, 0x01, 0xef, 0x01, 0xef, 0x01, 0xef, 0x01, 0xef, 0x01,
    0xef, 0x01, 0xef, 0x01, 0xef, 0x01, 0xef, 0x01, 0xef, 0x01, 0xef, 0x01,
    0xef, 0x01, 0xef, 0x01, 0xef, 0x01, 0xef, 0x01, 0xef, 0x01, 0xef, 0x01,
    0xef, 0x01, 0xef, 0x01, 0xef, 0x01, 0xef, 0x01, 0xef, 0x01, 0xef, 0x01,
    0xef, 0x01, 0xef, 0x01, 0xef, 0x01, 0xef, 0x01, 0xef, 0x01, 0xef, 0x01,
    0xef, 0x01, 0xef, 0x01, 0xef, 0x01, 0xef, 0x01, 0xef, 0x01, 0xef, 0x01,
    0xef, 0x01, 0xef, 0x01, 0xef, 0x01, 0xef, 0x01, 0xef, 0x01, 0xef, 0x01,
    0xef, 0x01, 0xef, 0x01, 0xef, 0x01, 0xef, 0x01, 0xef, 0x01, 0xef, 0x01,
    0xef, 0x01, 0xef, 0x01, 0xef, 0x01, 0xef, 0x01, 0xef, 0x01, 0xef, 0x01,
    0xef, 0x01, 0xef, 0x01, 0xef, 0x01, 0xef, 0x01, 0x0f, 0x02, 0xee, 0x01,
    0x08, 0x01, 0x00, 0x00, 0x00, 0x00, 0x00, 0x00, 0x00, 0x00, 0x00, 0x00,
    0x00, 0x00, 0x00, 0x00, 0x00, 0x00, 0x00, 0x00, 0x00, 0x00, 0x00, 0x00,
    0x00, 0x00, 0x00, 0x00, 0x00, 0x00, 0x00, 0x00, 0x00, 0x00, 0x00, 0x00,
    0x00, 0x00, 0x00, 0x00, 0x00, 0x00, 0x00, 0x00, 0x00, 0x00, 0x00, 0x00,
    0x00, 0x00, 0x00, 0x00, 0x00, 0x00, 0x00, 0x00, 0x00, 0x00, 0x00, 0x00,
    0x00, 0x00, 0x00, 0x00, 0x00, 0x00, 0x00, 0x00, 0xa5, 0x00, 0x8c, 0x01,
    0xf0, 0x01, 0x0f, 0x02, 0xef, 0x01, 0xef, 0x01, 0xef, 0x01, 0xef, 0x01,
    0xef, 0x01, 0xef, 0x01, 0xef, 0x01, 0xef, 0x01, 0xef, 0x01, 0xef, 0x01,
    0xef, 0x01, 0xef, 0x01, 0xef, 0x01, 0xef, 0x01, 0xef, 0x01, 0xef, 0x01,
    0xef, 0x01, 0xef, 0x01, 0xef, 0x01, 0xef, 0x01, 0xef, 0x01, 0xef, 0x01,
    0xef, 0x01, 0xef, 0x01, 0xef, 0x01, 0xef, 0x01, 0xef, 0x01, 0xef, 0x01,
    0xef, 0x01, 0xef, 0x01, 0xef, 0x01, 0xef, 0x01, 0xef, 0x01, 0xef, 0x01,
    0xef, 0x01, 0xef, 0x01, 0xef, 0x01, 0xef, 0x01, 0xef, 0x01, 0xef, 0x01,
    0xef, 0x01, 0xef, 0x01, 0xef, 0x01, 0xef, 0x01, 0xef, 0x01, 0xef, 0x01,
    0xef, 0x01, 0xef, 0x01, 0xef, 0x01, 0xef, 0x01, 0xef, 0x01, 0xef, 0x01,
    0xef, 0x01, 0xef, 0x01, 0xef, 0x01, 0xef, 0x01, 0xef, 0x01, 0xef, 0x01,
    0xef, 0x01, 0xef, 0x01, 0xef, 0x01, 0xef, 0x01, 0xef, 0x01, 0xef, 0x01,
    0xef, 0x01, 0xef, 0x01, 0xef, 0x01, 0xef, 0x01, 0xef, 0x01, 0xef, 0x01,
    0xef, 0x01, 0xef, 0x01, 0xef, 0x01, 0xef, 0x01, 0xef, 0x01, 0xef, 0x01,
    0xef, 0x01, 0xef, 0x01, 0xef, 0x01, 0xef, 0x01, 0xef, 0x01, 0xef, 0x01,
    0xef, 0x01, 0xef, 0x01, 0xef, 0x01, 0xef, 0x01, 0xef, 0x01, 0xef, 0x01,
    0xef, 0x01, 0xef, 0x01, 0xef, 0x01, 0xef, 0x01, 0xef, 0x01, 0xef, 0x01,
    0xef, 0x01, 0xef, 0x01, 0xef, 0x01, 0xef, 0x01, 0xef, 0x01, 0xef, 0x01,
    0xef, 0x01, 0xef, 0x01, 0xef, 0x01, 0xef, 0x01, 0xef, 0x01, 0xef, 0x01,
    0xef, 0x01, 0xef, 0x01, 0xef, 0x01, 0xef, 0x01, 0xef, 0x01, 0xef, 0x01,
    0xef, 0x01, 0xef, 0x01, 0xef, 0x01, 0xef, 0x01, 0xef, 0x01, 0xef, 0x01,
    0xef, 0x01, 0xef, 0x01, 0xef, 0x01, 0xef, 0x01, 0xef, 0x01, 0xef, 0x01,
    0xef, 0x01, 0xef, 0x01, 0xef, 0x01, 0xef, 0x01, 0xef, 0x01, 0xef, 0x01,
    0xef, 0x01, 0xef, 0x01, 0xef, 0x01, 0xef, 0x01, 0xef, 0x01, 0xef, 0x01,
    0xef, 0x01, 0xef, 0x01, 0xef, 0x01, 0xef, 0x01, 0xef, 0x01, 0xef, 0x01,
    0xef, 0x01, 0xef, 0x01, 0xef, 0x01, 0xef, 0x01, 0xef, 0x01, 0xef, 0x01,
    0xef, 0x01, 0xef, 0x01, 0xef, 0x01, 0xef, 0x01, 0xef, 0x01, 0xef, 0x01,
    0xef, 0x01, 0xef, 0x01, 0xef, 0x01, 0xef, 0x01, 0xef, 0x01, 0xef, 0x01,
    0xef, 0x01, 0xef, 0x01, 0xef, 0x01, 0xef, 0x01, 0xef, 0x01, 0xef, 0x01,
    0xef, 0x01, 0xef, 0x01, 0xef, 0x01, 0xef, 0x01, 0xef, 0x01, 0xef, 0x01,
    0xef, 0x01, 0xef, 0x01, 0xef, 0x01, 0xef, 0x01, 0xef, 0x01, 0xef, 0x01,
    0xef, 0x01, 0xef, 0x01, 0xef, 0x01, 0xef, 0x01, 0xef, 0x01, 0xef, 0x01,
    0xef, 0x01, 0xef, 0x01, 0xef, 0x01, 0xef, 0x01, 0xef, 0x01, 0xef, 0x01,
    0xef, 0x01, 0xef, 0x01, 0x6b, 0x01, 0x21, 0x00, 0x00, 0x00, 0x00, 0x00,
    0x00, 0x00, 0x00, 0x00, 0x00, 0x00, 0x00, 0x00, 0x00, 0x00, 0x00, 0x00,
    0x00, 0x00, 0x00, 0x00, 0x00, 0x00, 0x00, 0x00, 0x00, 0x00, 0x00, 0x00,
    0x00, 0x00, 0x00, 0x00, 0x00, 0x00, 0x00, 0x00, 0x00, 0x00, 0x00, 0x00,
    0x00, 0x00, 0x00, 0x00, 0x00, 0x00, 0x00, 0x00, 0x00, 0x00, 0x00, 0x00,
    0x00, 0x00, 0x00, 0x00, 0x00, 0x00, 0x00, 0x00, 0x00, 0x00, 0xa5, 0x00,
    0x8c, 0x01, 0x0f, 0x02, 0xef, 0x01, 0xef, 0x01, 0xef, 0x01, 0xef, 0x01,
    0xef, 0x01, 0xef, 0x01, 0xef, 0x01, 0xef, 0x01, 0xef, 0x01, 0xef, 0x01,
    0xef, 0x01, 0xef, 0x01, 0xef, 0x01, 0xef, 0x01, 0xef, 0x01, 0xef, 0x01,
    0xef, 0x01, 0xef, 0x01, 0xef, 0x01, 0xef, 0x01, 0xef, 0x01, 0xef, 0x01,
    0xef, 0x01, 0xef, 0x01, 0xef, 0x01, 0xef, 0x01, 0xef, 0x01, 0xef, 0x01,
    0xef, 0x01, 0xef, 0x01, 0xef, 0x01, 0xef, 0x01, 0xef, 0x01, 0xef, 0x01,
    0xef, 0x01, 0xef, 0x01, 0xef, 0x01, 0xef, 0x01, 0xef, 0x01, 0xef, 0x01,
    0xef, 0x01, 0xef, 0x01, 0xef, 0x01, 0xef, 0x01, 0xef, 0x01, 0xef, 0x01,
    0xef, 0x01, 0xef, 0x01, 0xef, 0x01, 0xef, 0x01, 0xef, 0x01, 0xef, 0x01,
    0xef, 0x01, 0xef, 0x01, 0xef, 0x01, 0xef, 0x01, 0xef, 0x01, 0xef, 0x01,
    0xef, 0x01, 0xef, 0x01, 0xef, 0x01, 0xef, 0x01, 0xef, 0x01, 0xef, 0x01,
    0xef, 0x01, 0xef, 0x01, 0xef, 0x01, 0xef, 0x01, 0xef, 0x01, 0xef, 0x01,
    0xef, 0x01, 0xef, 0x01, 0xef, 0x01, 0xef, 0x01, 0xef, 0x01, 0xef, 0x01,
    0xef, 0x01, 0xef, 0x01, 0xef, 0x01, 0xef, 0x01, 0xef, 0x01, 0xef, 0x01,
    0xef, 0x01, 0xef, 0x01, 0xef, 0x01, 0xef, 0x01, 0xef, 0x01, 0xef, 0x01,
    0xef, 0x01, 0xef, 0x01, 0xef, 0x01, 0xef, 0x01, 0xef, 0x01, 0xef, 0x01,
    0xef, 0x01, 0xef, 0x01, 0xef, 0x01, 0xef, 0x01, 0xef, 0x01, 0xef, 0x01,
    0xef, 0x01, 0xef, 0x01, 0xef, 0x01, 0xef, 0x01, 0xef, 0x01, 0xef, 0x01,
    0xef, 0x01, 0xef, 0x01, 0xef, 0x01, 0xef, 0x01, 0xef, 0x01, 0xef, 0x01,
    0xef, 0x01, 0xef, 0x01, 0xef, 0x01, 0xef, 0x01, 0xef, 0x01, 0xef, 0x01,
    0xef, 0x01, 0xef, 0x01, 0xef, 0x01, 0xef, 0x01, 0xef, 0x01, 0xef, 0x01,
    0xef, 0x01, 0xef, 0x01, 0xef, 0x01, 0xef, 0x01, 0xef, 0x01, 0xef, 0x01,
    0xef, 0x01, 0xef, 0x01, 0xef, 0x01, 0xef, 0x01, 0xef, 0x01, 0xef, 0x01,
    0xef, 0x01, 0xef, 0x01, 0xef, 0x01, 0xef, 0x01, 0xef, 0x01, 0xef, 0x01,
    0xef, 0x01, 0xef, 0x01, 0xef, 0x01, 0xef, 0x01, 0xef, 0x01, 0xef, 0x01,
    0xef, 0x01, 0xef, 0x01, 0xef, 0x01, 0xef, 0x01, 0xef, 0x01, 0xef, 0x01,
    0xef, 0x01, 0xef, 0x01, 0xef, 0x01, 0xef, 0x01, 0xef, 0x01, 0xef, 0x01,
    0xef, 0x01, 0xef, 0x01, 0xef, 0x01, 0xef, 0x01, 0xef, 0x01, 0xef, 0x01,
    0xef, 0x01, 0xef, 0x01, 0xef, 0x01, 0xef, 0x01, 0xef, 0x01, 0xef, 0x01,
    0xef, 0x01, 0xef, 0x01, 0xef, 0x01, 0xef, 0x01, 0xef, 0x01, 0xef, 0x01,
    0xef, 0x01, 0xef, 0x01, 0xef, 0x01, 0xef, 0x01, 0xef, 0x01, 0xef, 0x01,
    0xef, 0x01, 0xef, 0x01, 0xef, 0x01, 0xef, 0x01, 0xef, 0x01, 0xef, 0x01,
    0xef, 0x01, 0xef, 0x01, 0xef, 0x01, 0xf0, 0x01, 0x8d, 0x01, 0x84, 0x00,
    0x00, 0x00, 0x00, 0x00, 0x00, 0x00, 0x00, 0x00, 0x00, 0x00, 0x00, 0x00,
    0x00, 0x00, 0x00, 0x00, 0x00, 0x00, 0x00, 0x00, 0x00, 0x00, 0x00, 0x00,
    0x00, 0x00, 0x00, 0x00, 0x00, 0x00, 0x00, 0x00, 0x00, 0x00, 0x00, 0x00,
    0x00, 0x00, 0x00, 0x00, 0x00, 0x00, 0x00, 0x00, 0x00, 0x00, 0x00, 0x00,
    0x00, 0x00, 0x00, 0x00, 0x00, 0x00, 0x00, 0x00, 0x00, 0x00, 0x00, 0x00,
    0xa5, 0x00, 0x8c, 0x01, 0xef, 0x01, 0xef, 0x01, 0xef, 0x01, 0xef, 0x01,
    0xef, 0x01, 0xef, 0x01, 0xef, 0x01, 0xef, 0x01, 0xef, 0x01, 0xef, 0x01,
    0xef, 0x01, 0xef, 0x01, 0xef, 0x01, 0xef, 0x01, 0xef, 0x01, 0xef, 0x01,
    0xef, 0x01, 0xef, 0x01, 0xef, 0x01, 0xef, 0x01, 0xef, 0x01, 0xef, 0x01,
    0xef, 0x01, 0xef, 0x01, 0xef, 0x01, 0xef, 0x01, 0xef, 0x01, 0xef, 0x01,
    0xef, 0x01, 0xef, 0x01, 0xef, 0x01, 0xef, 0x01, 0xef, 0x01, 0xef, 0x01,
    0xef, 0x01, 0xef, 0x01, 0xef, 0x01, 0xef, 0x01, 0xef, 0x01, 0xef, 0x01,
    0xef, 0x01, 0xef, 0x01, 0xef, 0x01, 0xef, 0x01, 0xef, 0x01, 0xef, 0x01,
    0xef, 0x01, 0xef, 0x01, 0xef, 0x01, 0xef, 0x01, 0xef, 0x01, 0xef, 0x01,
    0xef, 0x01, 0xef, 0x01, 0xef, 0x01, 0xef, 0x01, 0xef, 0x01, 0xef, 0x01,
    0xef, 0x01, 0xef, 0x01, 0xef, 0x01, 0xef, 0x01, 0xef, 0x01, 0xef, 0x01,
    0xef, 0x01, 0xef, 0x01, 0xef, 0x01, 0xef, 0x01, 0xef, 0x01, 0xef, 0x01,
    0xef, 0x01, 0xef, 0x01, 0xef, 0x01, 0xef, 0x01, 0xef, 0x01, 0xef, 0x01,
    0xef, 0x01, 0xef, 0x01, 0xef, 0x01, 0xef, 0x01, 0xef, 0x01, 0xef, 0x01,
    0xef, 0x01, 0xef, 0x01, 0xef, 0x01, 0xef, 0x01, 0xef, 0x01, 0xef, 0x01,
    0xef, 0x01, 0xef, 0x01, 0xef, 0x01, 0xef, 0x01, 0xef, 0x01, 0xef, 0x01,
    0xef, 0x01, 0xef, 0x01, 0xef, 0x01, 0xef, 0x01, 0xef, 0x01, 0xef, 0x01,
    0xef, 0x01, 0xef, 0x01, 0xef, 0x01, 0xef, 0x01, 0xef, 0x01, 0xef, 0x01,
    0xef, 0x01, 0xef, 0x01, 0xef, 0x01, 0xef, 0x01, 0xef, 0x01, 0xef, 0x01,
    0xef, 0x01, 0xef, 0x01, 0xef, 0x01, 0xef, 0x01, 0xef, 0x01, 0xef, 0x01,
    0xef, 0x01, 0xef, 0x01, 0xef, 0x01, 0xef, 0x01, 0xef, 0x01, 0xef, 0x01,
    0xef, 0x01, 0xef, 0x01, 0xef, 0x01, 0xef, 0x01, 0xef, 0x01, 0xef, 0x01,
    0xef, 0x01, 0xef, 0x01, 0xef, 0x01, 0xef, 0x01, 0xef, 0x01, 0xef, 0x01,
    0xef, 0x01, 0xef, 0x01, 0xef, 0x01, 0xef, 0x01, 0xef, 0x01, 0xef, 0x01,
    0xef, 0x01, 0xef, 0x01, 0xef, 0x01, 0xef, 0x01, 0xef, 0x01, 0xef, 0x01,
    0xef, 0x01, 0xef, 0x01, 0xef, 0x01, 0xef, 0x01, 0xef, 0x01, 0xef, 0x01,
    0xef, 0x01, 0xef, 0x01, 0xef, 0x01, 0xef, 0x01, 0xef, 0x01, 0xef, 0x01,
    0xef, 0x01, 0xef, 0x01, 0xef, 0x01, 0xef, 0x01, 0xef, 0x01, 0xef, 0x01,
    0xef, 0x01, 0xef, 0x01, 0xef, 0x01, 0xef, 0x01, 0xef, 0x01, 0xef, 0x01,
    0xef, 0x01, 0xef, 0x01, 0xef, 0x01, 0xef, 0x01, 0xef, 0x01, 0xef, 0x01,
    0xef, 0x01, 0xef, 0x01, 0xef, 0x01, 0xef, 0x01, 0xef, 0x01, 0xef, 0x01,
    0xef, 0x01, 0xef, 0x01, 0xef, 0x01, 0xef, 0x01, 0xef, 0x01, 0xef, 0x01,
    0xef, 0x01, 0xef, 0x01, 0xef, 0x01, 0xef, 0x01, 0xef, 0x01, 0x0f, 0x02,
    0xce, 0x01, 0xe7, 0x00, 0x00, 0x00, 0x00, 0x00, 0x00, 0x00, 0x00, 0x00,
    0x00, 0x00, 0x00, 0x00, 0x00, 0x00, 0x00, 0x00, 0x00, 0x00, 0x00, 0x00,
    0x00, 0x00, 0x00, 0x00, 0x00, 0x00, 0x00, 0x00, 0x00, 0x00, 0x00, 0x00,
    0x00, 0x00, 0x00, 0x00, 0x00, 0x00, 0x00, 0x00, 0x00, 0x00, 0x00, 0x00,
    0x00, 0x00, 0x00, 0x00, 0x00, 0x00, 0x00, 0x00, 0x00, 0x00, 0x00, 0x00,
    0x00, 0x00, 0xa5, 0x00, 0x8c, 0x01, 0xef, 0x01, 0xef, 0x01, 0xef, 0x01,
    0xef, 0x01, 0xef, 0x01, 0xef, 0x01, 0xef, 0x01, 0xef, 0x01, 0xef, 0x01,
    0xef, 0x01, 0xef, 0x01, 0xef, 0x01, 0xef, 0x01, 0xef, 0x01, 0xef, 0x01,
    0xef, 0x01, 0xef, 0x01, 0xef, 0x01, 0xef, 0x01, 0xef, 0x01, 0xef, 0x01,
    0xef, 0x01, 0xef, 0x01, 0xef, 0x01, 0xef, 0x01, 0xef, 0x01, 0xef, 0x01,
    0xef, 0x01, 0xef, 0x01, 0xef, 0x01, 0xef, 0x01, 0xef, 0x01, 0xef, 0x01,
    0xef, 0x01, 0xef, 0x01, 0xef, 0x01, 0xef, 0x01, 0xef, 0x01, 0xef, 0x01,
    0xef, 0x01, 0xef, 0x01, 0xef, 0x01, 0xef, 0x01, 0xef, 0x01, 0xef, 0x01,
    0xef, 0x01, 0xef, 0x01, 0xef, 0x01, 0xef, 0x01, 0xef, 0x01, 0xef, 0x01,
    0xef, 0x01, 0xef, 0x01, 0xef, 0x01, 0xef, 0x01, 0xef, 0x01, 0xef, 0x01,
    0xef, 0x01, 0xef, 0x01, 0xef, 0x01, 0xef, 0x01, 0xef, 0x01, 0xef, 0x01,
    0xef, 0x01, 0xef, 0x01, 0xef, 0x01, 0xef, 0x01, 0xef, 0x01, 0xef, 0x01,
    0xef, 0x01, 0xef, 0x01, 0xef, 0x01, 0xef, 0x01, 0xef, 0x01, 0xef, 0x01,
    0xef, 0x01, 0xef, 0x01, 0xef, 0x01, 0xef, 0x01, 0xef, 0x01, 0xef, 0x01,
    0xef, 0x01, 0xef, 0x01, 0xef, 0x01, 0xef, 0x01, 0xef, 0x01, 0xef, 0x01,
    0xef, 0x01, 0xef, 0x01, 0xef, 0x01, 0xef, 0x01, 0xef, 0x01, 0xef, 0x01,
    0xef, 0x01, 0xef, 0x01, 0xef, 0x01, 0xef, 0x01, 0xef, 0x01, 0xef, 0x01,
    0xef, 0x01, 0xef, 0x01, 0xef, 0x01, 0xef, 0x01, 0xef, 0x01, 0xef, 0x01,
    0xef, 0x01, 0xef, 0x01, 0xef, 0x01, 0xef, 0x01, 0xef, 0x01, 0xef, 0x01,
    0xef, 0x01, 0xef, 0x01, 0xef, 0x01, 0xef, 0x01, 0xef, 0x01, 0xef, 0x01,
    0xef, 0x01, 0xef, 0x01, 0xef, 0x01, 0xef, 0x01, 0xef, 0x01, 0xef, 0x01,
    0xef, 0x01, 0xef, 0x01, 0xef, 0x01, 0xef, 0x01, 0xef, 0x01, 0xef, 0x01,
    0xef, 0x01, 0xef, 0x01, 0xef, 0x01, 0xef, 0x01, 0xef, 0x01, 0xef, 0x01,
    0xef, 0x01, 0xef, 0x01, 0xef, 0x01, 0xef, 0x01, 0xef, 0x01, 0xef, 0x01,
    0xef, 0x01, 0xef, 0x01, 0xef, 0x01, 0xef, 0x01, 0xef, 0x01, 0xef, 0x01,
    0xef, 0x01, 0xef, 0x01, 0xef, 0x01, 0xef, 0x01, 0xef, 0x01, 0xef, 0x01,
    0xef, 0x01, 0xef, 0x01, 0xef, 0x01, 0xef, 0x01, 0xef, 0x01, 0xef, 0x01,
    0xef, 0x01, 0xef, 0x01, 0xef, 0x01, 0xef, 0x01, 0xef, 0x01, 0xef, 0x01,
    0xef, 0x01, 0xef, 0x01, 0xef, 0x01, 0xef, 0x01, 0xef, 0x01, 0xef, 0x01,
    0xef, 0x01, 0xef, 0x01, 0xef, 0x01, 0xef, 0x01, 0xef, 0x01, 0xef, 0x01,
    0xef, 0x01, 0xef, 0x01, 0xef, 0x01, 0xef, 0x01, 0xef, 0x01, 0xef, 0x01,
    0xef, 0x01, 0xef, 0x01, 0xef, 0x01, 0xef, 0x01, 0xef, 0x01, 0xef, 0x01,
    0xef, 0x01, 0xef, 0x01, 0xef, 0x01, 0xef, 0x01, 0xef, 0x01, 0xef, 0x01,
    0xef, 0x01, 0xef, 0x01, 0xef, 0x01, 0x29, 0x01, 0x21, 0x00, 0x00, 0x00,
    0x00, 0x00, 0x00, 0x00, 0x00, 0x00, 0x00, 0x00, 0x00, 0x00, 0x00, 0x00,
    0x00, 0x00, 0x00, 0x00, 0x00, 0x00, 0x00, 0x00, 0x00, 0x00, 0x00, 0x00,
    0x00, 0x00, 0x00, 0x00, 0x00, 0x00, 0x00, 0x00, 0x00, 0x00, 0x00, 0x00,
    0x00, 0x00, 0x00, 0x00, 0x00, 0x00, 0x00, 0x00, 0x00, 0x00, 0x00, 0x00,
    0x00, 0x00, 0x00, 0x00, 0xa5, 0x00, 0x8c, 0x01, 0xef, 0x01, 0xef, 0x01,
    0xef, 0x01, 0xef, 0x01, 0xef, 0x01, 0xef, 0x01, 0xef, 0x01, 0xef, 0x01,
    0xef, 0x01, 0xef, 0x01, 0xef, 0x01, 0xef, 0x01, 0xef, 0x01, 0xef, 0x01,
    0xef, 0x01, 0xef, 0x01, 0xef, 0x01, 0xef, 0x01, 0xef, 0x01, 0xef, 0x01,
    0xef, 0x01, 0xef, 0x01, 0xef, 0x01, 0xef, 0x01, 0xef, 0x01, 0xef, 0x01,
    0xef, 0x01, 0xef, 0x01, 0xef, 0x01, 0xef, 0x01, 0xef, 0x01, 0xef, 0x01,
    0xef, 0x01, 0xef, 0x01, 0xef, 0x01, 0xef, 0x01, 0xef, 0x01, 0xef, 0x01,
    0xef, 0x01, 0xef, 0x01, 0xef, 0x01, 0xef, 0x01, 0xef, 0x01, 0xef, 0x01,
    0xef, 0x01, 0xef, 0x01, 0xef, 0x01, 0xef, 0x01, 0xef, 0x01, 0xef, 0x01,
    0xef, 0x01, 0xef, 0x01, 0xef, 0x01, 0xef, 0x01, 0xef, 0x01, 0xef, 0x01,
    0xef, 0x01, 0xef, 0x01, 0xef, 0x01, 0xef, 0x01, 0xef, 0x01, 0xef, 0x01,
    0xef, 0x01, 0xef, 0x01, 0xef, 0x01, 0xef, 0x01, 0xef, 0x01, 0xef, 0x01,
    0xef, 0x01, 0xef, 0x01, 0xef, 0x01, 0xef, 0x01, 0xef, 0x01, 0xef, 0x01,
    0xef, 0x01, 0xef, 0x01, 0xef, 0x01, 0xef, 0x01, 0xef, 0x01, 0xef, 0x01,
    0xef, 0x01, 0xef, 0x01, 0xef, 0x01, 0xef, 0x01, 0xef, 0x01, 0xef, 0x01,
    0xef, 0x01, 0xef, 0x01, 0xef, 0x01, 0xef, 0x01, 0xef, 0x01, 0xef, 0x01,
    0xef, 0x01, 0xef, 0x01, 0xef, 0x01, 0xef, 0x01, 0xef, 0x01, 0xef, 0x01,
    0xef, 0x01, 0xef, 0x01, 0xef, 0x01, 0xef, 0x01, 0xef, 0x01, 0xef, 0x01,
    0xef, 0x01, 0xef, 0x01, 0xef, 0x01, 0xef, 0x01, 0xef, 0x01, 0xef, 0x01,
    0xef, 0x01, 0xef, 0x01, 0xef, 0x01, 0xef, 0x01, 0xef, 0x01, 0xef, 0x01,
    0xef, 0x01, 0xef, 0x01, 0xef, 0x01, 0xef, 0x01, 0xef, 0x01, 0xef, 0x01,
    0xef, 0x01, 0xef, 0x01, 0xef, 0x01, 0xef, 0x01, 0xef, 0x01, 0xef, 0x01,
    0xef, 0x01, 0xef, 0x01, 0xef, 0x01, 0xef, 0x01, 0xef, 0x01, 0xef, 0x01,
    0xef, 0x01, 0xef, 0x01, 0xef, 0x01, 0xef, 0x01, 0xef, 0x01, 0xef, 0x01,
    0xef, 0x01, 0xef, 0x01, 0xef, 0x01, 0xef, 0x01, 0xef, 0x01, 0xef, 0x01,
    0xef, 0x01, 0xef, 0x01, 0xef, 0x01, 0xef, 0x01, 0xef, 0x01, 0xef, 0x01,
    0xef, 0x01, 0xef, 0x01, 0xef, 0x01, 0xef, 0x01, 0xef, 0x01, 0xef, 0x01,
    0xef, 0x01, 0xef, 0x01, 0xef, 0x01, 0xef, 0x01, 0xef, 0x01, 0xef, 0x01,
    0xef, 0x01, 0xef, 0x01, 0xef, 0x01, 0xef, 0x01, 0xef, 0x01, 0xef, 0x01,
    0xef, 0x01, 0xef, 0x01, 0xef, 0x01, 0xef, 0x01, 0xef, 0x01, 0xef, 0x01,
    0xef, 0x01, 0xef, 0x01, 0xef, 0x01, 0xef, 0x01, 0xef, 0x01, 0xef, 0x01,
    0xef, 0x01, 0xef, 0x01, 0xef, 0x01, 0xef, 0x01, 0xef, 0x01, 0xef, 0x01,
    0xef, 0x01, 0xef, 0x01, 0xef, 0x01, 0xef, 0x01, 0xef, 0x01, 0xef, 0x01,
    0xef, 0x01, 0xef, 0x01, 0xef, 0x01, 0xef, 0x01, 0xef, 0x01, 0x6b, 0x01,
    0x63, 0x00, 0x00, 0x00, 0x00, 0x00, 0x00, 0x00, 0x00, 0x00, 0x00, 0x00,
    0x00, 0x00, 0x00, 0x00, 0x00, 0x00, 0x00, 0x00, 0x00, 0x00, 0x00, 0x00,
    0x00, 0x00, 0x00, 0x00, 0x00, 0x00, 0x00, 0x00, 0x00, 0x00, 0x00, 0x00,
    0x00, 0x00, 0x00, 0x00, 0x00, 0x00, 0x00, 0x00, 0x00, 0x00, 0x00, 0x00,
    0x00, 0x00, 0x00, 0x00, 0x00, 0x00, 0xa5, 0x00, 0x8c, 0x01, 0xef, 0x01,
    0xef, 0x01, 0xef, 0x01, 0xef, 0x01, 0xef, 0x01, 0xef, 0x01, 0xef, 0x01,
    0xef, 0x01, 0xef, 0x01, 0xef, 0x01, 0xef, 0x01, 0xef, 0x01, 0xef, 0x01,
    0xef, 0x01, 0xef, 0x01, 0xef, 0x01, 0xef, 0x01, 0xef, 0x01, 0xef, 0x01,
    0xef, 0x01, 0xef, 0x01, 0xef, 0x01, 0xef, 0x01, 0xef, 0x01, 0xef, 0x01,
    0xef, 0x01, 0xef, 0x01, 0xef, 0x01, 0xef, 0x01, 0xef, 0x01, 0xef, 0x01,
    0xef, 0x01, 0xef, 0x01, 0xef, 0x01, 0xef, 0x01, 0xef, 0x01, 0xd0, 0x01,
    0xcf, 0x01, 0xd0, 0x01, 0xcf, 0x01, 0xcf, 0x01, 0xd0, 0x01, 0xcf, 0x01,
    0xcf, 0x01, 0xd0, 0x01, 0xcf, 0x01, 0xd0, 0x01, 0xcf, 0x01, 0xcf, 0x01,
    0xd0, 0x01, 0xd0, 0x01, 0xcf, 0x01, 0xd0, 0x01, 0xcf, 0x01, 0xef, 0x01,
    0xef, 0x01, 0xef, 0x01, 0xef, 0x01, 0xef, 0x01, 0xef, 0x01, 0xef, 0x01,
    0xef, 0x01, 0xef, 0x01, 0xef, 0x01, 0xef, 0x01, 0xef, 0x01, 0xef, 0x01,
    0xef, 0x01, 0xef, 0x01, 0xef, 0x01, 0xef, 0x01, 0xef, 0x01, 0xef, 0x01,
    0xef, 0x01, 0xef, 0x01, 0xef, 0x01, 0xef, 0x01, 0xef, 0x01, 0xef, 0x01,
    0xef, 0x01, 0xef, 0x01, 0xef, 0x01, 0xef, 0x01, 0xef, 0x01, 0xef, 0x01,
    0xef, 0x01, 0xef, 0x01, 0xef, 0x01, 0xef, 0x01, 0xef, 0x01, 0xef, 0x01,
    0xef, 0x01, 0xef, 0x01, 0xef, 0x01, 0xef, 0x01, 0xef, 0x01, 0xef, 0x01,
    0xef, 0x01, 0xef, 0x01, 0xef, 0x01, 0xef, 0x01, 0xef, 0x01, 0xef, 0x01,
    0xef, 0x01, 0xef, 0x01, 0xef, 0x01, 0xef, 0x01, 0xef, 0x01, 0xef, 0x01,
    0xef, 0x01, 0xef, 0x01, 0xef, 0x01, 0xef, 0x01, 0xef, 0x01, 0xef, 0x01,
    0xef, 0x01, 0xef, 0x01, 0xef, 0x01, 0xef, 0x01, 0xef, 0x01, 0xef, 0x01,
    0xef, 0x01, 0xef, 0x01, 0xef, 0x01, 0xef, 0x01, 0xef, 0x01, 0xef, 0x01,
    0xef, 0x01, 0xef, 0x01, 0xef, 0x01, 0xef, 0x01, 0xef, 0x01, 0xef, 0x01,
    0xef, 0x01, 0xef, 0x01, 0xef, 0x01, 0xef, 0x01, 0xef, 0x01, 0xef, 0x01,
    0xef, 0x01, 0xef, 0x01, 0xef, 0x01, 0xef, 0x01, 0xef, 0x01, 0xef, 0x01,
    0xef, 0x01, 0xef, 0x01, 0xef, 0x01, 0xef, 0x01, 0xef, 0x01, 0xef, 0x01,
    0xef, 0x01, 0xef, 0x01, 0xef, 0x01, 0xef, 0x01, 0xef, 0x01, 0xef, 0x01,
    0xef, 0x01, 0xef, 0x01, 0xef, 0x01, 0xef, 0x01, 0xef, 0x01, 0xef, 0x01,
    0xef, 0x01, 0xef, 0x01, 0xef, 0x01, 0xef, 0x01, 0xef, 0x01, 0xef, 0x01,
    0xef, 0x01, 0xef, 0x01, 0xef, 0x01, 0xef, 0x01, 0xef, 0x01, 0xef, 0x01,
    0xef, 0x01, 0xef, 0x01, 0xef, 0x01, 0xef, 0x01, 0xef, 0x01, 0xef, 0x01,
    0xef, 0x01, 0xef, 0x01, 0xef, 0x01, 0xef, 0x01, 0xef, 0x01, 0xef, 0x01,
    0xef, 0x01, 0xef, 0x01, 0xef, 0x01, 0xef, 0x01, 0xef, 0x01, 0xef, 0x01,
    0xef, 0x01, 0xef, 0x01, 0xef, 0x01, 0xef, 0x01, 0xef, 0x01, 0xef, 0x01,
    0x10, 0x02, 0xad, 0x01, 0xa5, 0x00, 0x00, 0x00, 0x00, 0x00, 0x00, 0x00,
    0x00, 0x00, 0x00, 0x00, 0x00, 0x00, 0x00, 0x00, 0x00, 0x00, 0x00, 0x00,
    0x00, 0x00, 0x00, 0x00, 0x00, 0x00, 0x00, 0x00, 0x00, 0x00, 0x00, 0x00,
    0x00, 0x00, 0x00, 0x00, 0x00, 0x00, 0x00, 0x00, 0x00, 0x00, 0x00, 0x00,
    0x00, 0x00, 0x00, 0x00, 0x00, 0x00, 0x00, 0x00, 0x84, 0x00, 0x6c, 0x01,
    0xef, 0x01, 0xef, 0x01, 0xef, 0x01, 0xef, 0x01, 0xef, 0x01, 0xef, 0x01,
    0xef, 0x01, 0xef, 0x01, 0xef, 0x01, 0xef, 0x01, 0xef, 0x01, 0xef, 0x01,
    0xef, 0x01, 0xef, 0x01, 0xef, 0x01, 0xef, 0x01, 0xef, 0x01, 0xef, 0x01,
    0xef, 0x01, 0xef, 0x01, 0xef, 0x01, 0xef, 0x01, 0xef, 0x01, 0xef, 0x01,
    0xef, 0x01, 0xef, 0x01, 0xef, 0x01, 0xef, 0x01, 0xef, 0x01, 0xef, 0x01,
    0xd0, 0x01, 0xd0, 0x01, 0xd0, 0x01, 0xcf, 0x01, 0xef, 0x01, 0xef, 0x01,
    0xef, 0x01, 0xef, 0x09, 0x0f, 0x0a, 0x0e, 0x0a, 0x2e, 0x12, 0x4e, 0x1a,
    0x4e, 0x12, 0x2e, 0x12, 0x4e, 0x12, 0x4e, 0x12, 0x2e, 0x12, 0x4e, 0x12,
    0x2e, 0x12, 0x4e, 0x12, 0x4e, 0x1a, 0x2e, 0x12, 0x0f, 0x0a, 0xef, 0x09,
    0xef, 0x01, 0xef, 0x01, 0xef, 0x01, 0xf0, 0x01, 0xd0, 0x01, 0xd0, 0x01,
    0xd0, 0x01, 0xd0, 0x01, 0xd0, 0x01, 0xcf, 0x01, 0xef, 0x01, 0xef, 0x01,
    0xef, 0x01, 0xef, 0x01, 0xef, 0x01, 0xef, 0x01, 0xef, 0x01, 0xef, 0x01,
    0xef, 0x01, 0xef, 0x01, 0xef, 0x01, 0xef, 0x01, 0xef, 0x01, 0xef, 0x01,
    0xef, 0x01, 0xef, 0x01, 0xef, 0x01, 0xef, 0x01, 0xef, 0x01, 0xef, 0x01,
    0xef, 0x01, 0xef, 0x01, 0xef, 0x01, 0xef, 0x01, 0xef, 0x01, 0xef, 0x01,
    0xef, 0x01, 0xef, 0x01, 0xef, 0x01, 0xef, 0x01, 0xef, 0x01, 0xef, 0x01,
    0xef, 0x01, 0xef, 0x01, 0xef, 0x01, 0xef, 0x01, 0xef, 0x01, 0xef, 0x01,
    0xef, 0x01, 0xef, 0x01, 0xef, 0x01, 0xef, 0x01, 0xef, 0x01, 0xef, 0x01,
    0xef, 0x01, 0xef, 0x01, 0xef, 0x01, 0xef, 0x01, 0xef, 0x01, 0xef, 0x01,
    0xef, 0x01, 0xef, 0x01, 0xef, 0x01, 0xef, 0x01, 0xef, 0x01, 0xef, 0x01,
    0xef, 0x01, 0xef, 0x01, 0xef, 0x01, 0xef, 0x01, 0xef, 0x01, 0xef, 0x01,
    0xef, 0x01, 0xef, 0x01, 0xef, 0x01, 0xef, 0x01, 0xef, 0x01, 0xef, 0x01,
    0xef, 0x01, 0xef, 0x01, 0xef, 0x01, 0xef, 0x01, 0xef, 0x01, 0xef, 0x01,
    0xef, 0x01, 0xef, 0x01, 0xef, 0x01, 0xef, 0x01, 0xef, 0x01, 0xef, 0x01,
    0xef, 0x01, 0xef, 0x01, 0xef, 0x01, 0xef, 0x01, 0xef, 0x01, 0xef, 0x01,
    0xef, 0x01, 0xef, 0x01, 0xef, 0x01, 0xef, 0x01, 0xef, 0x01, 0xef, 0x01,
    0xef, 0x01, 0xef, 0x01, 0xef, 0x01, 0xef, 0x01, 0xef, 0x01, 0xef, 0x01,
    0xef, 0x01, 0xef, 0x01, 0xef, 0x01, 0xef, 0x01, 0xef, 0x01, 0xef, 0x01,
    0xef, 0x01, 0xef, 0x01, 0xef, 0x01, 0xef, 0x01, 0xef, 0x01, 0xef, 0x01,
    0xef, 0x01, 0xef, 0x01, 0xef, 0x01, 0xef, 0x01, 0xef, 0x01, 0xef, 0x01,
    0xef, 0x01, 0xef, 0x01, 0xef, 0x01, 0xef, 0x01, 0xef, 0x01, 0xef, 0x01,
    0xef, 0x01, 0xef, 0x01, 0xef, 0x01, 0xef, 0x01, 0xef, 0x01, 0xef, 0x01,
    0xef, 0x01, 0xef, 0x01, 0xef, 0x01, 0xef, 0x01, 0xef, 0x01, 0xef, 0x01,
    0xef, 0x01, 0xef, 0x01, 0x0f, 0x02, 0xce, 0x01, 0xe7, 0x00, 0x00, 0x00,
    0x00, 0x00, 0x00, 0x00, 0x00, 0x00, 0x00, 0x00, 0x00, 0x00, 0x00, 0x00,
    0x00, 0x00, 0x00, 0x00, 0x00, 0x00, 0x00, 0x00, 0x00, 0x00, 0x00, 0x00,
    0x00, 0x00, 0x00, 0x00, 0x00, 0x00, 0x00, 0x00, 0x00, 0x00, 0x00, 0x00,
    0x00, 0x00, 0x00, 0x00, 0x00, 0x00, 0x00, 0x00, 0x00, 0x00, 0x63, 0x00,
    0x6b, 0x01, 0xef, 0x01, 0xef, 0x01, 0xef, 0x01, 0xef, 0x01, 0xef, 0x01,
    0xef, 0x01, 0xef, 0x01, 0xef, 0x01, 0xef, 0x01, 0xef, 0x01, 0xef, 0x01,
    0xef, 0x01, 0xef, 0x01, 0xef, 0x01, 0xef, 0x01, 0xef, 0x01, 0xef, 0x01,
    0xef, 0x01, 0xef, 0x01, 0xef, 0x01, 0xef, 0x01, 0xef, 0x01, 0xef, 0x01,
    0xef, 0x01, 0xef, 0x01, 0xef, 0x01, 0xf0, 0x01, 0xd0, 0x01, 0xd0, 0x01,
    0xef, 0x01, 0x0f, 0x0a, 0x0e, 0x12, 0x2e, 0x1a, 0x6d, 0x22, 0xac, 0x32,
    0xcb, 0x42, 0x0a, 0x53, 0x2a, 0x5b, 0x69, 0x6b, 0x88, 0x73, 0xa7, 0x7b,
    0xe7, 0x8b, 0xe6, 0x8b, 0xe6, 0x93, 0xe6, 0x8b, 0xe6, 0x93, 0xe6, 0x93,
    0xe6, 0x8b, 0xe6, 0x93, 0xe6, 0x8b, 0xe6, 0x8b, 0xe6, 0x8b, 0xc7, 0x83,
    0x88, 0x73, 0x88, 0x73, 0x69, 0x6b, 0x29, 0x5b, 0x0a, 0x53, 0xeb, 0x4a,
    0xab, 0x3a, 0x8c, 0x2a, 0x4d, 0x22, 0x2e, 0x1a, 0x2e, 0x12, 0x0f, 0x0a,
    0xef, 0x01, 0xef, 0x01, 0xd0, 0x01, 0xd0, 0x01, 0xcf, 0x01, 0xd0, 0x01,
    0xef, 0x01, 0xef, 0x01, 0xef, 0x01, 0xef, 0x01, 0xef, 0x01, 0xef, 0x01,
    0xef, 0x01, 0xef, 0x01, 0xef, 0x01, 0xef, 0x01, 0xef, 0x01, 0xef, 0x01,
    0xef, 0x01, 0xef, 0x01, 0xef, 0x01, 0xef, 0x01, 0xef, 0x01, 0xef, 0x01,
    0xef, 0x01, 0xef, 0x01, 0xef, 0x01, 0xef, 0x01, 0xef, 0x01, 0xef, 0x01,
    0xef, 0x01, 0xef, 0x01, 0xef, 0x01, 0xef, 0x01, 0xef, 0x01, 0xef, 0x01,
    0xef, 0x01, 0xef, 0x01, 0xef, 0x01, 0xef, 0x01, 0xef, 0x01, 0xef, 0x01,
    0xef, 0x01, 0xef, 0x01, 0xef, 0x01, 0xef, 0x01, 0xef, 0x01, 0xef, 0x01,
    0xef, 0x01, 0xef, 0x01, 0xef, 0x01, 0xef, 0x01, 0xef, 0x01, 0xef, 0x01,
    0xef, 0x01, 0xef, 0x01, 0xef, 0x01, 0xef, 0x01, 0xef, 0x01, 0xef, 0x01,
    0xef, 0x01, 0xef, 0x01, 0xef, 0x01, 0xef, 0x01, 0xef, 0x01, 0xef, 0x01,
    0xef, 0x01, 0xef, 0x01, 0xef, 0x01, 0xef, 0x01, 0xef, 0x01, 0xef, 0x01,
    0xef, 0x01, 0xef, 0x01, 0xef, 0x01, 0xef, 0x01, 0xef, 0x01, 0xef, 0x01,
    0xef, 0x01, 0xef, 0x01, 0xef, 0x01, 0xef, 0x01, 0xef, 0x01, 0xef, 0x01,
    0xef, 0x01, 0xef, 0x01, 0xef, 0x01, 0xef, 0x01, 0xef, 0x01, 0xef, 0x01,
    0xef, 0x01, 0xef, 0x01, 0xef, 0x01, 0xef, 0x01, 0xef, 0x01, 0xef, 0x01,
    0xef, 0x01, 0xef, 0x01, 0xef, 0x01, 0xef, 0x01, 0xef, 0x01, 0xef, 0x01,
    0xef, 0x01, 0xef, 0x01, 0xef, 0x01, 0xef, 0x01, 0xef, 0x01, 0xef, 0x01,
    0xef, 0x01, 0xef, 0x01, 0xef, 0x01, 0xef, 0x01, 0xef, 0x01, 0xef, 0x01,
    0xef, 0x01, 0xef, 0x01, 0xef, 0x01, 0xef, 0x01, 0xef, 0x01, 0xef, 0x01,
    0xef, 0x01, 0xef, 0x01, 0xef, 0x01, 0xef, 0x01, 0xef, 0x01, 0xef, 0x01,
    0xef, 0x01, 0xef, 0x01, 0xef, 0x01, 0xef, 0x01, 0xef, 0x01, 0xef, 0x01,
    0xef, 0x01, 0xef, 0x01, 0xef, 0x01, 0xef, 0x01, 0xef, 0x01, 0xef, 0x01,
    0x4a, 0x01, 0x21, 0x00, 0x00, 0x00, 0x00, 0x00, 0x00, 0x00, 0x00, 0x00,
    0x00, 0x00, 0x00, 0x00, 0x00, 0x00, 0x00, 0x00, 0x00, 0x00, 0x00, 0x00,
    0x00, 0x00, 0x00, 0x00, 0x00, 0x00, 0x00, 0x00, 0x00, 0x00, 0x00, 0x00,
    0x00, 0x00, 0x00, 0x00, 0x00, 0x00, 0x00, 0x00, 0x00, 0x00, 0x00, 0x00,
    0x63, 0x00, 0x4a, 0x01, 0xef, 0x01, 0xef, 0x01, 0xef, 0x01, 0xef, 0x01,
    0xef, 0x01, 0xef, 0x01, 0xef, 0x01, 0xef, 0x01, 0xef, 0x01, 0xef, 0x01,
    0xef, 0x01, 0xef, 0x01, 0xef, 0x01, 0xef, 0x01, 0xef, 0x01, 0xef, 0x01,
    0xef, 0x01, 0xef, 0x01, 0xef, 0x01, 0xef, 0x01, 0xef, 0x01, 0xef, 0x01,
    0xef, 0x01, 0xef, 0x01, 0xd0, 0x01, 0xef, 0x01, 0xef, 0x01, 0x0f, 0x0a,
    0x4d, 0x1a, 0x8c, 0x2a, 0xcb, 0x42, 0x49, 0x63, 0xc7, 0x83, 0x05, 0x9c,
    0x64, 0xac, 0xa4, 0xc4, 0xc2, 0xd4, 0x02, 0xdd, 0x21, 0xe5, 0x40, 0xf5,
    0x60, 0xfd, 0x60, 0xfd, 0x60, 0xfd, 0x60, 0xfd, 0x60, 0xfd, 0x60, 0xfd,
    0x60, 0xfd, 0x60, 0xfd, 0x60, 0xfd, 0x60, 0xfd, 0x60, 0xfd, 0x60, 0xfd,
    0x60, 0xfd, 0x60, 0xfd, 0x60, 0xfd, 0x60, 0xfd, 0x40, 0xf5, 0x21, 0xe5,
    0x01, 0xdd, 0xe2, 0xd4, 0xa3, 0xc4, 0x84, 0xb4, 0x45, 0xac, 0x06, 0x9c,
    0xc7, 0x83, 0x88, 0x73, 0x2a, 0x5b, 0xcb, 0x42, 0x8c, 0x2a, 0x6d, 0x22,
    0x2e, 0x12, 0x0f, 0x0a, 0xef, 0x01, 0xcf, 0x01, 0xd0, 0x01, 0xd0, 0x01,
    0xcf, 0x01, 0xf0, 0x01, 0xef, 0x01, 0xef, 0x01, 0xef, 0x01, 0xef, 0x01,
    0xef, 0x01, 0xef, 0x01, 0xef, 0x01, 0xef, 0x01, 0xef, 0x01, 0xef, 0x01,
    0xef, 0x01, 0xef, 0x01, 0xef, 0x01, 0xef, 0x01, 0xef, 0x01, 0xef, 0x01,
    0xef, 0x01, 0xef, 0x01, 0xef, 0x01, 0xef, 0x01, 0xef, 0x01, 0xef, 0x01,
    0xef, 0x01, 0xef, 0x01, 0xef, 0x01, 0xef, 0x01, 0xef, 0x01, 0xef, 0x01,
    0xef, 0x01, 0xef, 0x01, 0xef, 0x01, 0xef, 0x01, 0xef, 0x01, 0xef, 0x01,
    0xef, 0x01, 0xef, 0x01, 0xef, 0x01, 0xef, 0x01, 0xef, 0x01, 0xef, 0x01,
    0xef, 0x01, 0xef, 0x01, 0xef, 0x01, 0xef, 0x01, 0xef, 0x01, 0xef, 0x01,
    0xef, 0x01, 0xef, 0x01, 0xef, 0x01, 0xef, 0x01, 0xef, 0x01, 0xef, 0x01,
    0xef, 0x01, 0xef, 0x01, 0xef, 0x01, 0xef, 0x01, 0xef, 0x01, 0xef, 0x01,
    0xef, 0x01, 0xef, 0x01, 0xef, 0x01, 0xef, 0x01, 0xef, 0x01, 0xef, 0x01,
    0xef, 0x01, 0xef, 0x01, 0xef, 0x01, 0xef, 0x01, 0xef, 0x01, 0xef, 0x01,
    0xef, 0x01, 0xef, 0x01, 0xef, 0x01, 0xef, 0x01, 0xef, 0x01, 0xef, 0x01,
    0xef, 0x01, 0xef, 0x01, 0xef, 0x01, 0xef, 0x01, 0xef, 0x01, 0xef, 0x01,
    0xef, 0x01, 0xef, 0x01, 0xef, 0x01, 0xef, 0x01, 0xef, 0x01, 0xef, 0x01,
    0xef, 0x01, 0xef, 0x01, 0xef, 0x01, 0xef, 0x01, 0xef, 0x01, 0xef, 0x01,
    0xef, 0x01, 0xef, 0x01, 0xef, 0x01, 0xef, 0x01, 0xef, 0x01, 0xef, 0x01,
    0xef, 0x01, 0xef, 0x01, 0xef, 0x01, 0xef, 0x01, 0xef, 0x01, 0xef, 0x01,
    0xef, 0x01, 0xef, 0x01, 0xef, 0x01, 0xef, 0x01, 0xef, 0x01, 0xef, 0x01,
    0xef, 0x01, 0xef, 0x01, 0xef, 0x01, 0xef, 0x01, 0xef, 0x01, 0xef, 0x01,
    0xef, 0x01, 0xef, 0x01, 0xef, 0x01, 0xef, 0x01, 0xef, 0x01, 0xef, 0x01,
    0xef, 0x01, 0x10, 0x02, 0x8c, 0x01, 0x43, 0x00, 0x00, 0x00, 0x00, 0x00,
    0x00, 0x00, 0x00, 0x00, 0x00, 0x00, 0x00, 0x00, 0x00, 0x00, 0x00, 0x00,
    0x00, 0x00, 0x00, 0x00, 0x00, 0x00, 0x00, 0x00, 0x00, 0x00, 0x00, 0x00,
    0x00, 0x00, 0x00, 0x00, 0x00, 0x00, 0x00, 0x00, 0x00, 0x00, 0x00, 0x00,
    0x00, 0x00, 0x42, 0x00, 0x29, 0x01, 0xef, 0x01, 0xef, 0x01, 0xef, 0x01,
    0xef, 0x01, 0xef, 0x01, 0xef, 0x01, 0xef, 0x01, 0xef, 0x01, 0xef, 0x01,
    0xef, 0x01, 0xef, 0x01, 0xef, 0x01, 0xef, 0x01, 0xef, 0x01, 0xef, 0x01,
    0xef, 0x01, 0xef, 0x01, 0xef, 0x01, 0xef, 0x01, 0xef, 0x01, 0xef, 0x01,
    0xef, 0x01, 0xd0, 0x01, 0xef, 0x01, 0xef, 0x01, 0x2e, 0x12, 0x6d, 0x2a,
    0xeb, 0x42, 0x68, 0x6b, 0x05, 0x9c, 0xa3, 0xc4, 0xe2, 0xdc, 0x21, 0xe5,
    0x40, 0xf5, 0x60, 0xfd, 0x60, 0xfd, 0x60, 0xfd, 0x60, 0xfd, 0x60, 0xfd,
    0x60, 0xf5, 0x60, 0xf5, 0x60, 0xf5, 0x60, 0xf5, 0x60, 0xf5, 0x60, 0xf5,
    0x60, 0xf5, 0x60, 0xf5, 0x60, 0xf5, 0x60, 0xf5, 0x60, 0xf5, 0x60, 0xf5,
    0x60, 0xf5, 0x60, 0xf5, 0x60, 0xf5, 0x60, 0xf5, 0x60, 0xf5, 0x60, 0xf5,
    0x60, 0xf5, 0x60, 0xf5, 0x60, 0xfd, 0x60, 0xfd, 0x60, 0xfd, 0x60, 0xfd,
    0x60, 0xfd, 0x60, 0xfd, 0x40, 0xf5, 0x40, 0xed, 0x01, 0xe5, 0xe2, 0xd4,
    0xc3, 0xcc, 0x64, 0xb4, 0xe6, 0x8b, 0x88, 0x73, 0x0a, 0x53, 0xcb, 0x3a,
    0x8c, 0x2a, 0x4e, 0x1a, 0x0f, 0x0a, 0xef, 0x09, 0xef, 0x01, 0xd0, 0x01,
    0xd0, 0x01, 0xef, 0x01, 0xef, 0x01, 0xef, 0x01, 0xef, 0x01, 0xef, 0x01,
    0xef, 0x01, 0xef, 0x01, 0xef, 0x01, 0xef, 0x01, 0xef, 0x01, 0xef, 0x01,
    0xef, 0x01, 0xef, 0x01, 0xef, 0x01, 0xef, 0x01, 0xef, 0x01, 0xef, 0x01,
    0xef, 0x01, 0xef, 0x01, 0xef, 0x01, 0xef, 0x01, 0xef, 0x01, 0xef, 0x01,
    0xef, 0x01, 0xef, 0x01, 0xef, 0x01, 0xef, 0x01, 0xef, 0x01, 0xef, 0x01,
    0xef, 0x01, 0xef, 0x01, 0xef, 0x01, 0xef, 0x01, 0xef, 0x01, 0xef, 0x01,
    0xef, 0x01, 0xef, 0x01, 0xef, 0x01, 0xef, 0x01, 0xef, 0x01, 0xef, 0x01,
    0xef, 0x01, 0xef, 0x01, 0xef, 0x01, 0xef, 0x01, 0xef, 0x01, 0xef, 0x01,
    0xef, 0x01, 0xef, 0x01, 0xef, 0x01, 0xef, 0x01, 0xef, 0x01, 0xef, 0x01,
    0xef, 0x01, 0xef, 0x01, 0xef, 0x01, 0xef, 0x01, 0xef, 0x01, 0xef, 0x01,
    0xef, 0x01, 0xef, 0x01, 0xef, 0x01, 0xef, 0x01, 0xef, 0x01, 0xef, 0x01,
    0xef, 0x01, 0xef, 0x01, 0xef, 0x01, 0xef, 0x01, 0xef, 0x01, 0xef, 0x01,
    0xef, 0x01, 0xef, 0x01, 0xef, 0x01, 0xef, 0x01, 0xef, 0x01, 0xef, 0x01,
    0xef, 0x01, 0xef, 0x01, 0xef, 0x01, 0xef, 0x01, 0xef, 0x01, 0xef, 0x01,
    0xef, 0x01, 0xef, 0x01, 0xef, 0x01, 0xef, 0x01, 0xef, 0x01, 0xef, 0x01,
    0xef, 0x01, 0xef, 0x01, 0xef, 0x01, 0xef, 0x01, 0xef, 0x01, 0xef, 0x01,
    0xef, 0x01, 0xef, 0x01, 0xef, 0x01, 0xef, 0x01, 0xef, 0x01, 0xef, 0x01,
    0xef, 0x01, 0xef, 0x01, 0xef, 0x01, 0xef, 0x01, 0xef, 0x01, 0xef, 0x01,
    0xef, 0x01, 0xef, 0x01, 0xef, 0x01, 0xef, 0x01, 0xef, 0x01, 0xef, 0x01,
    0xef, 0x01, 0xef, 0x01, 0xef, 0x01, 0xef, 0x01, 0xef, 0x01, 0xef, 0x01,
    0xef, 0x01, 0xef, 0x01, 0xef, 0x01, 0xf0, 0x01, 0xad, 0x01, 0xa5, 0x00,
    0x00, 0x00, 0x00, 0x00, 0x00, 0x00, 0x00, 0x00, 0x00, 0x00, 0x00, 0x00,
    0x00, 0x00, 0x00, 0x00, 0x00, 0x00, 0x00, 0x00, 0x00, 0x00, 0x00, 0x00,
    0x00, 0x00, 0x00, 0x00, 0x00, 0x00, 0x00, 0x00, 0x00, 0x00, 0x00, 0x00,
    0x00, 0x00, 0x00, 0x00, 0x21, 0x00, 0x08, 0x01, 0xce, 0x01, 0xef, 0x01,
    0xef, 0x01, 0xef, 0x01, 0xef, 0x01, 0xef, 0x01, 0xef, 0x01, 0xef, 0x01,
    0xef, 0x01, 0xef, 0x01, 0xef, 0x01, 0xef, 0x01, 0xef, 0x01, 0xef, 0x01,
    0xef, 0x01, 0xef, 0x01, 0xef, 0x01, 0xef, 0x01, 0xef, 0x01, 0xef, 0x01,
    0xef, 0x01, 0xf0, 0x01, 0xef, 0x01, 0x0f, 0x0a, 0x6d, 0x22, 0x0a, 0x53,
    0xc7, 0x83, 0x64, 0xb4, 0x02, 0xdd, 0x40, 0xf5, 0x60, 0xf5, 0x60, 0xfd,
    0x60, 0xfd, 0x60, 0xf5, 0x60, 0xf5, 0x60, 0xf5, 0x60, 0xf5, 0x40, 0xf5,
    0x60, 0xf5, 0x60, 0xf5, 0x60, 0xf5, 0x40, 0xf5, 0x60, 0xf5, 0x60, 0xf5,
    0x40, 0xf5, 0x60, 0xf5, 0x60, 0xf5, 0x40, 0xf5, 0x60, 0xf5, 0x60, 0xf5,
    0x40, 0xf5, 0x60, 0xf5, 0x60, 0xf5, 0x40, 0xf5, 0x60, 0xf5, 0x40, 0xf5,
    0x40, 0xf5, 0x60, 0xf5, 0x40, 0xf5, 0x40, 0xf5, 0x60, 0xf5, 0x40, 0xf5,
    0x60, 0xf5, 0x60, 0xf5, 0x60, 0xf5, 0x60, 0xf5, 0x60, 0xf5, 0x60, 0xf5,
    0x60, 0xf5, 0x60, 0xfd, 0x60, 0xfd, 0x60, 0xf5, 0x40, 0xf5, 0x40, 0xf5,
    0x41, 0xed, 0xe2, 0xd4, 0x84, 0xbc, 0x06, 0x9c, 0xa7, 0x7b, 0x29, 0x5b,
    0xcb, 0x3a, 0x4d, 0x22, 0x2e, 0x12, 0x0f, 0x0a, 0xcf, 0x01, 0xd0, 0x01,
    0xef, 0x01, 0xef, 0x01, 0xef, 0x01, 0xef, 0x01, 0xef, 0x01, 0xef, 0x01,
    0xef, 0x01, 0xef, 0x01, 0xef, 0x01, 0xef, 0x01, 0xef, 0x01, 0xef, 0x01,
    0xef, 0x01, 0xef, 0x01, 0xef, 0x01, 0xef, 0x01, 0xef, 0x01, 0xef, 0x01,
    0xef, 0x01, 0xef, 0x01, 0xef, 0x01, 0xef, 0x01, 0xef, 0x01, 0xef, 0x01,
    0xef, 0x01, 0xef, 0x01, 0xef, 0x01, 0xef, 0x01, 0xef, 0x01, 0xef, 0x01,
    0xef, 0x01, 0xef, 0x01, 0xef, 0x01, 0xef, 0x01, 0xef, 0x01, 0xef, 0x01,
    0xef, 0x01, 0xef, 0x01, 0xef, 0x01, 0xef, 0x01, 0xef, 0x01, 0xef, 0x01,
    0xef, 0x01, 0xef, 0x01, 0xef, 0x01, 0xef, 0x01, 0xef, 0x01, 0xef, 0x01,
    0xef, 0x01, 0xef, 0x01, 0xef, 0x01, 0xef, 0x01, 0xef, 0x01, 0xef, 0x01,
    0xef, 0x01, 0xef, 0x01, 0xef, 0x01, 0xef, 0x01, 0xef, 0x01, 0xef, 0x01,
    0xef, 0x01, 0xef, 0x01, 0xef, 0x01, 0xef, 0x01, 0xef, 0x01, 0xef, 0x01,
    0xef, 0x01, 0xef, 0x01, 0xef, 0x01, 0xef, 0x01, 0xef, 0x01, 0xef, 0x01,
    0xef, 0x01, 0xef, 0x01, 0xef, 0x01, 0xef, 0x01, 0xef, 0x01, 0xef, 0x01,
    0xef, 0x01, 0xef, 0x01, 0xef, 0x01, 0xef, 0x01, 0xef, 0x01, 0xef, 0x01,
    0xef, 0x01, 0xef, 0x01, 0xef, 0x01, 0xef, 0x01, 0xef, 0x01, 0xef, 0x01,
    0xef, 0x01, 0xef, 0x01, 0xef, 0x01, 0xef, 0x01, 0xef, 0x01, 0xef, 0x01,
    0xef, 0x01, 0xef, 0x01, 0xef, 0x01, 0xef, 0x01, 0xef, 0x01, 0xef, 0x01,
    0xef, 0x01, 0xef, 0x01, 0xef, 0x01, 0xef, 0x01, 0xef, 0x01, 0xef, 0x01,
    0xef, 0x01, 0xef, 0x01, 0xef, 0x01, 0xef, 0x01, 0xef, 0x01, 0xef, 0x01,
    0xef, 0x01, 0xef, 0x01, 0xef, 0x01, 0xef, 0x01, 0xef, 0x01, 0x0f, 0x02,
    0xce, 0x01, 0xe7, 0x00, 0x00, 0x00, 0x00, 0x00, 0x00, 0x00, 0x00, 0x00,
    0x00, 0x00, 0x00, 0x00, 0x00, 0x00, 0x00, 0x00, 0x00, 0x00, 0x00, 0x00,
    0x00, 0x00, 0x00, 0x00, 0x00, 0x00, 0x00, 0x00, 0x00, 0x00, 0x00, 0x00,
    0x00, 0x00, 0x00, 0x00, 0x00, 0x00, 0x00, 0x00, 0xc7, 0x00, 0xce, 0x01,
    0xef, 0x01, 0xef, 0x01, 0xef, 0x01, 0xef, 0x01, 0xef, 0x01, 0xef, 0x01,
    0xef, 0x01, 0xef, 0x01, 0xef, 0x01, 0xef, 0x01, 0xef, 0x01, 0xef, 0x01,
    0xef, 0x01, 0xef, 0x01, 0xef, 0x01, 0xef, 0x01, 0xef, 0x01, 0xef, 0x01,
    0xef, 0x01, 0xd0, 0x01, 0xef, 0x01, 0x2e, 0x12, 0xac, 0x3a, 0x88, 0x73,
    0x64, 0xb4, 0x02, 0xdd, 0x40, 0xf5, 0x60, 0xfd, 0x60, 0xf5, 0x60, 0xf5,
    0x60, 0xf5, 0x40, 0xf5, 0x60, 0xf5, 0x60, 0xf5, 0x40, 0xf5, 0x60, 0xf5,
    0x60, 0xf5, 0x40, 0xf5, 0x40, 0xf5, 0x60, 0xf5, 0x40, 0xf5, 0x40, 0xf5,
    0x60, 0xf5, 0x40, 0xf5, 0x40, 0xf5, 0x60, 0xf5, 0x40, 0xf5, 0x40, 0xf5,
    0x60, 0xf5, 0x40, 0xf5, 0x40, 0xf5, 0x60, 0xf5, 0x40, 0xf5, 0x40, 0xf5,
    0x60, 0xf5, 0x60, 0xf5, 0x40, 0xf5, 0x60, 0xf5, 0x40, 0xf5, 0x60, 0xf5,
    0x60, 0xf5, 0x40, 0xf5, 0x40, 0xf5, 0x60, 0xf5, 0x40, 0xf5, 0x60, 0xf5,
    0x40, 0xf5, 0x40, 0xf5, 0x60, 0xf5, 0x40, 0xf5, 0x40, 0xf5, 0x60, 0xf5,
    0x60, 0xf5, 0x60, 0xf5, 0x60, 0xf5, 0x60, 0xfd, 0x60, 0xf5, 0x60, 0xfd,
    0x40, 0xf5, 0x01, 0xdd, 0xc3, 0xcc, 0x64, 0xb4, 0x06, 0x94, 0x49, 0x63,
    0xcb, 0x3a, 0x6d, 0x22, 0x2e, 0x12, 0xef, 0x09, 0xef, 0x01, 0xd0, 0x01,
    0xf0, 0x01, 0xef, 0x01, 0xef, 0x01, 0xef, 0x01, 0xef, 0x01, 0xef, 0x01,
    0xef, 0x01, 0xef, 0x01, 0xef, 0x01, 0xef, 0x01, 0xef, 0x01, 0xef, 0x01,
    0xef, 0x01, 0xef, 0x01, 0xef, 0x01, 0xef, 0x01, 0xef, 0x01, 0xef, 0x01,
    0xef, 0x01, 0xef, 0x01, 0xef, 0x01, 0xef, 0x01, 0xef, 0x01, 0xef, 0x01,
    0xef, 0x01, 0xef, 0x01, 0xef, 0x01, 0xef, 0x01, 0xef, 0x01, 0xef, 0x01,
    0xef, 0x01, 0xef, 0x01, 0xef, 0x01, 0xef, 0x01, 0xef, 0x01, 0xef, 0x01,
    0xef, 0x01, 0xef, 0x01, 0xef, 0x01, 0xef, 0x01, 0xef, 0x01, 0xef, 0x01,
    0xef, 0x01, 0xef, 0x01, 0xef, 0x01, 0xef, 0x01, 0xef, 0x01, 0xef, 0x01,
    0xef, 0x01, 0xef, 0x01, 0xef, 0x01, 0xef, 0x01, 0xef, 0x01, 0xef, 0x01,
    0xef, 0x01, 0xef, 0x01, 0xef, 0x01, 0xef, 0x01, 0xef, 0x01, 0xef, 0x01,
    0xef, 0x01, 0xef, 0x01, 0xef, 0x01, 0xef, 0x01, 0xef, 0x01, 0xef, 0x01,
    0xef, 0x01, 0xef, 0x01, 0xef, 0x01, 0xef, 0x01, 0xef, 0x01, 0xef, 0x01,
    0xef, 0x01, 0xef, 0x01, 0xef, 0x01, 0xef, 0x01, 0xef, 0x01, 0xef, 0x01,
    0xef, 0x01, 0xef, 0x01, 0xef, 0x01, 0xef, 0x01, 0xef, 0x01, 0xef, 0x01,
    0xef, 0x01, 0xef, 0x01, 0xef, 0x01, 0xef, 0x01, 0xef, 0x01, 0xef, 0x01,
    0xef, 0x01, 0xef, 0x01, 0xef, 0x01, 0xef, 0x01, 0xef, 0x01, 0xef, 0x01,
    0xef, 0x01, 0xef, 0x01, 0xef, 0x01, 0xef, 0x01, 0xef, 0x01, 0xef, 0x01,
    0xef, 0x01, 0xef, 0x01, 0xef, 0x01, 0xef, 0x01, 0xef, 0x01, 0xef, 0x01,
    0xef, 0x01, 0xef, 0x01, 0xef, 0x01, 0xef, 0x01, 0xef, 0x01, 0xef, 0x01,
    0xef, 0x01, 0xef, 0x01, 0xef, 0x01, 0x49, 0x01, 0x01, 0x00, 0x00, 0x00,
    0x00, 0x00, 0x00, 0x00, 0x00, 0x00, 0x00, 0x00, 0x00, 0x00, 0x00, 0x00,
    0x00, 0x00, 0x00, 0x00, 0x00, 0x00, 0x00, 0x00, 0x00, 0x00, 0x00, 0x00,
    0x00, 0x00, 0x00, 0x00, 0x00, 0x00, 0x00, 0x00, 0x00, 0x00, 0xc5, 0x00,
    0xad, 0x01, 0x0f, 0x02, 0xef, 0x01, 0xef, 0x01, 0xef, 0x01, 0xef, 0x01,
    0xef, 0x01, 0xef, 0x01, 0xef, 0x01, 0xef, 0x01, 0xef, 0x01, 0xef, 0x01,
    0xef, 0x01, 0xef, 0x01, 0xef, 0x01, 0xef, 0x01, 0xef, 0x01, 0xef, 0x01,
    0xef, 0x01, 0xef, 0x01, 0xef, 0x01, 0x2e, 0x12, 0xcb, 0x42, 0xe6, 0x8b,
    0xc2, 0xcc, 0x40, 0xed, 0x60, 0xfd, 0x60, 0xfd, 0x60, 0xf5, 0x60, 0xf5,
    0x40, 0xf5, 0x40, 0xf5, 0x40, 0xf5, 0x40, 0xf5, 0x60, 0xf5, 0x40, 0xf5,
    0x40, 0xf5, 0x60, 0xf5, 0x40, 0xf5, 0x60, 0xf5, 0x40, 0xf5, 0x60, 0xf5,
    0x40, 0xf5, 0x60, 0xf5, 0x60, 0xf5, 0x40, 0xf5, 0x60, 0xf5, 0x40, 0xf5,
    0x60, 0xf5, 0x40, 0xf5, 0x60, 0xf5, 0x40, 0xf5, 0x60, 0xf5, 0x40, 0xf5,
    0x60, 0xf5, 0x40, 0xf5, 0x60, 0xf5, 0x40, 0xf5, 0x60, 0xf5, 0x40, 0xf5,
    0x60, 0xf5, 0x40, 0xf5, 0x60, 0xf5, 0x40, 0xf5, 0x60, 0xf5, 0x40, 0xf5,
    0x40, 0xf5, 0x60, 0xf5, 0x60, 0xf5, 0x40, 0xf5, 0x60, 0xf5, 0x60, 0xf5,
    0x40, 0xf5, 0x40, 0xf5, 0x60, 0xf5, 0x40, 0xf5, 0x40, 0xf5, 0x40, 0xf5,
    0x60, 0xf5, 0x60, 0xf5, 0x60, 0xf5, 0x60, 0xf5, 0x60, 0xfd, 0x60, 0xf5,
    0x40, 0xf5, 0x41, 0xed, 0x02, 0xdd, 0x84, 0xbc, 0xe6, 0x8b, 0x49, 0x63,
    0xcb, 0x42, 0x6d, 0x22, 0x0e, 0x0a, 0xef, 0x09, 0xef, 0x01, 0xcf, 0x01,
    0xf0, 0x01, 0xef, 0x01, 0xef, 0x01, 0xef, 0x01, 0xef, 0x01, 0xef, 0x01,
    0xef, 0x01, 0xef, 0x01, 0xef, 0x01, 0xef, 0x01, 0xef, 0x01, 0xef, 0x01,
    0xef, 0x01, 0xef, 0x01, 0xef, 0x01, 0xef, 0x01, 0xef, 0x01, 0xef, 0x01,
    0xef, 0x01, 0xef, 0x01, 0xef, 0x01, 0xef, 0x01, 0xef, 0x01, 0xef, 0x01,
    0xef, 0x01, 0xef, 0x01, 0xef, 0x01, 0xef, 0x01, 0xef, 0x01, 0xef, 0x01,
    0xef, 0x01, 0xef, 0x01, 0xef, 0x01, 0xef, 0x01, 0xef, 0x01, 0xef, 0x01,
    0xef, 0x01, 0xef, 0x01, 0xef, 0x01, 0xef, 0x01, 0xef, 0x01, 0xef, 0x01,
    0xef, 0x01, 0xef, 0x01, 0xef, 0x01, 0xef, 0x01, 0xef, 0x01, 0xef, 0x01,
    0xef, 0x01, 0xef, 0x01, 0xef, 0x01, 0xef, 0x01, 0xef, 0x01, 0xef, 0x01,
    0xef, 0x01, 0xef, 0x01, 0xef, 0x01, 0xef, 0x01, 0xef, 0x01, 0xef, 0x01,
    0xef, 0x01, 0xef, 0x01, 0xef, 0x01, 0xef, 0x01, 0xef, 0x01, 0xef, 0x01,
    0xef, 0x01, 0xef, 0x01, 0xef, 0x01, 0xef, 0x01, 0xef, 0x01, 0xef, 0x01,
    0xef, 0x01, 0xef, 0x01, 0xef, 0x01, 0xef, 0x01, 0xef, 0x01, 0xef, 0x01,
    0xef, 0x01, 0xef, 0x01, 0xef, 0x01, 0xef, 0x01, 0xef, 0x01, 0xef, 0x01,
    0xef, 0x01, 0xef, 0x01, 0xef, 0x01, 0xef, 0x01, 0xef, 0x01, 0xef, 0x01,
    0xef, 0x01, 0xef, 0x01, 0xef, 0x01, 0xef, 0x01, 0xef, 0x01, 0xef, 0x01,
    0xef, 0x01, 0xef, 0x01, 0xef, 0x01, 0xef, 0x01, 0xef, 0x01, 0xef, 0x01,
    0xef, 0x01, 0xef, 0x01, 0xef, 0x01, 0xef, 0x01, 0xef, 0x01, 0xef, 0x01,
    0xef, 0x01, 0xef, 0x01, 0xef, 0x01, 0xef, 0x01, 0xef, 0x01, 0x6b, 0x01,
    0x42, 0x00, 0x00, 0x00, 0x00, 0x00, 0x00, 0x00, 0x00, 0x00, 0x00, 0x00,
    0x00, 0x00, 0x00, 0x00, 0x00, 0x00, 0x00, 0x00, 0x00, 0x00, 0x00, 0x00,
    0x00, 0x00, 0x00, 0x00, 0x00, 0x00, 0x00, 0x00, 0x00, 0x00, 0x00, 0x00,
    0x84, 0x00, 0x8c, 0x01, 0xef, 0x01, 0xef, 0x01, 0xef, 0x01, 0xef, 0x01,
    0xef, 0x01, 0xef, 0x01, 0xef, 0x01, 0xef, 0x01, 0xef, 0x01, 0xef, 0x01,
    0xef, 0x01, 0xef, 0x01, 0xef, 0x01, 0xef, 0x01, 0xef, 0x01, 0xef, 0x01,
    0xef, 0x01, 0xef, 0x01, 0xf0, 0x01, 0xef, 0x09, 0xac, 0x32, 0xc7, 0x8b,
    0xe2, 0xd4, 0x40, 0xf5, 0x60, 0xf5, 0x60, 0xf5, 0x60, 0xf5, 0x40, 0xf5,
    0x60, 0xf5, 0x40, 0xf5, 0x60, 0xf5, 0x60, 0xf5, 0x40, 0xf5, 0x60, 0xf5,
    0x60, 0xf5, 0x40, 0xf5, 0x60, 0xf5, 0x40, 0xf5, 0x60, 0xf5, 0x40, 0xf5,
    0x60, 0xf5, 0x40, 0xf5, 0x60, 0xf5, 0x40, 0xf5, 0x40, 0xf5, 0x60, 0xf5,
    0x40, 0xf5, 0x60, 0xf5, 0x40, 0xf5, 0x60, 0xf5, 0x40, 0xf5, 0x60, 0xf5,
    0x40, 0xf5, 0x60, 0xf5, 0x40, 0xf5, 0x60, 0xf5, 0x40, 0xf5, 0x40, 0xf5,
    0x60, 0xf5, 0x40, 0xf5, 0x40, 0xf5, 0x60, 0xf5, 0x40, 0xf5, 0x60, 0xf5,
    0x60, 0xf5, 0x40, 0xf5, 0x60, 0xf5, 0x40, 0xf5, 0x60, 0xf5, 0x40, 0xf5,
    0x40, 0xf5, 0x60, 0xf5, 0x60, 0xf5, 0x40, 0xf5, 0x60, 0xf5, 0x40, 0xf5,
    0x60, 0xf5, 0x40, 0xf5, 0x40, 0xf5, 0x40, 0xf5, 0x40, 0xf5, 0x60, 0xf5,
    0x60, 0xf5, 0x60, 0xf5, 0x60, 0xf5, 0x60, 0xf5, 0x60, 0xfd, 0x40, 0xf5,
    0x40, 0xf5, 0x41, 0xed, 0xe2, 0xd4, 0x64, 0xb4, 0xc7, 0x8b, 0x29, 0x5b,
    0x8c, 0x32, 0x2e, 0x12, 0x0f, 0x0a, 0xef, 0x01, 0xcf, 0x01, 0xef, 0x01,
    0xef, 0x01, 0xef, 0x01, 0xef, 0x01, 0xef, 0x01, 0xef, 0x01, 0xef, 0x01,
    0xef, 0x01, 0xef, 0x01, 0xef, 0x01, 0xef, 0x01, 0xef, 0x01, 0xef, 0x01,
    0xef, 0x01, 0xef, 0x01, 0xef, 0x01, 0xef, 0x01, 0xef, 0x01, 0xef, 0x01,
    0xef, 0x01, 0xef, 0x01, 0xef, 0x01, 0xef, 0x01, 0xef, 0x01, 0xef, 0x01,
    0xef, 0x01, 0xef, 0x01, 0xef, 0x01, 0xef, 0x01, 0xef, 0x01, 0xef, 0x01,
    0xef, 0x01, 0xef, 0x01, 0xef, 0x01, 0xef, 0x01, 0xef, 0x01, 0xef, 0x01,
    0xef, 0x01, 0xef, 0x01, 0xef, 0x01, 0xef, 0x01, 0xef, 0x01, 0xef, 0x01,
    0xef, 0x01, 0xef, 0x01, 0xef, 0x01, 0xef, 0x01, 0xef, 0x01, 0xef, 0x01,
    0xef, 0x01, 0xef, 0x01, 0xef, 0x01, 0xef, 0x01, 0xef, 0x01, 0xef, 0x01,
    0xef, 0x01, 0xef, 0x01, 0xef, 0x01, 0xef, 0x01, 0xef, 0x01, 0xef, 0x01,
    0xef, 0x01, 0xef, 0x01, 0xef, 0x01, 0xef, 0x01, 0xef, 0x01, 0xef, 0x01,
    0xef, 0x01, 0xef, 0x01, 0xef, 0x01, 0xef, 0x01, 0xef, 0x01, 0xef, 0x01,
    0xef, 0x01, 0xef, 0x01, 0xef, 0x01, 0xef, 0x01, 0xef, 0x01, 0xef, 0x01,
    0xef, 0x01, 0xef, 0x01, 0xef, 0x01, 0xef, 0x01, 0xef, 0x01, 0xef, 0x01,
    0xef, 0x01, 0xef, 0x01, 0xef, 0x01, 0xef, 0x01, 0xef, 0x01, 0xef, 0x01,
    0xef, 0x01, 0xef, 0x01, 0xef, 0x01, 0xef, 0x01, 0xef, 0x01, 0xef, 0x01,
    0xef, 0x01, 0xef, 0x01, 0xef, 0x01, 0xef, 0x01, 0xef, 0x01, 0xef, 0x01,
    0xef, 0x01, 0xef, 0x01, 0xef, 0x01, 0xef, 0x01, 0xef, 0x01, 0xef, 0x01,
    0xef, 0x01, 0xad, 0x01, 0x84, 0x00, 0x00, 0x00, 0x00, 0x00, 0x00, 0x00,
    0x00, 0x00, 0x00, 0x00, 0x00, 0x00, 0x00, 0x00, 0x00, 0x00, 0x00, 0x00,
    0x00, 0x00, 0x00, 0x00, 0x00, 0x00, 0x00, 0x00, 0x00, 0x00, 0x00, 0x00,
    0x00, 0x00, 0x42, 0x00, 0x4a, 0x01, 0xef, 0x01, 0xef, 0x01, 0xef, 0x01,
    0xef, 0x01, 0xef, 0x01, 0xef, 0x01, 0xef, 0x01, 0xef, 0x01, 0xef, 0x01,
    0xef, 0x01, 0xef, 0x01, 0xef, 0x01, 0xef, 0x01, 0xef, 0x01, 0xef, 0x01,
    0xef, 0x01, 0xef, 0x01, 0xef, 0x01, 0xef, 0x01, 0x4d, 0x22, 0x68, 0x6b,
    0xa3, 0xc4, 0x40, 0xf5, 0x60, 0xf5, 0x60, 0xf5, 0x60, 0xf5, 0x40, 0xf5,
    0x40, 0xf5, 0x60, 0xf5, 0x40, 0xf5, 0x40, 0xf5, 0x60, 0xf5, 0x60, 0xf5,
    0x40, 0xf5, 0x60, 0xf5, 0x40, 0xf5, 0x60, 0xf5, 0x40, 0xf5, 0x60, 0xf5,
    0x40, 0xf5, 0x60, 0xf5, 0x40, 0xf5, 0x60, 0xf5, 0x60, 0xf5, 0x40, 0xf5,
    0x60, 0xf5, 0x40, 0xf5, 0x60, 0xf5, 0x40, 0xf5, 0x60, 0xf5, 0x40, 0xf5,
    0x60, 0xf5, 0x40, 0xf5, 0x60, 0xf5, 0x40, 0xf5, 0x60, 0xf5, 0x60, 0xf5,
    0x40, 0xf5, 0x60, 0xf5, 0x60, 0xf5, 0x40, 0xf5, 0x60, 0xf5, 0x60, 0xf5,
    0x40, 0xf5, 0x40, 0xf5, 0x60, 0xf5, 0x60, 0xf5, 0x40, 0xf5, 0x60, 0xf5,
    0x40, 0xf5, 0x60, 0xf5, 0x40, 0xf5, 0x40, 0xf5, 0x60, 0xf5, 0x60, 0xf5,
    0x40, 0xf5, 0x60, 0xf5, 0x60, 0xf5, 0x60, 0xf5, 0x60, 0xf5, 0x40, 0xf5,
    0x40, 0xf5, 0x60, 0xf5, 0x40, 0xf5, 0x40, 0xf5, 0x40, 0xf5, 0x40, 0xf5,
    0x40, 0xf5, 0x60, 0xf5, 0x60, 0xfd, 0x60, 0xfd, 0x60, 0xf5, 0x60, 0xf5,
    0x40, 0xf5, 0x01, 0xe5, 0xc3, 0xcc, 0x25, 0xa4, 0x69, 0x6b, 0xcb, 0x42,
    0x4d, 0x22, 0x0f, 0x0a, 0xef, 0x01, 0xd0, 0x01, 0xef, 0x01, 0xef, 0x01,
    0xef, 0x01, 0xef, 0x01, 0xef, 0x01, 0xef, 0x01, 0xef, 0x01, 0xef, 0x01,
    0xef, 0x01, 0xef, 0x01, 0xef, 0x01, 0xef, 0x01, 0xef, 0x01, 0xef, 0x01,
    0xef, 0x01, 0xef, 0x01, 0xef, 0x01, 0xef, 0x01, 0xef, 0x01, 0xef, 0x01,
    0xef, 0x01, 0xef, 0x01, 0xef, 0x01, 0xef, 0x01, 0xef, 0x01, 0xef, 0x01,
    0xef, 0x01, 0xef, 0x01, 0xef, 0x01, 0xef, 0x01, 0xef, 0x01, 0xef, 0x01,
    0xef, 0x01, 0xef, 0x01, 0xef, 0x01, 0xef, 0x01, 0xef, 0x01, 0xef, 0x01,
    0xef, 0x01, 0xef, 0x01, 0xef, 0x01, 0xef, 0x01, 0xef, 0x01, 0xef, 0x01,
    0xef, 0x01, 0xef, 0x01, 0xef, 0x01, 0xef, 0x01, 0xef, 0x01, 0xef, 0x01,
    0xef, 0x01, 0xef, 0x01, 0xef, 0x01, 0xef, 0x01, 0xef, 0x01, 0xef, 0x01,
    0xef, 0x01, 0xef, 0x01, 0xef, 0x01, 0xef, 0x01, 0xef, 0x01, 0xef, 0x01,
    0xef, 0x01, 0xef, 0x01, 0xef, 0x01, 0xef, 0x01, 0xef, 0x01, 0xef, 0x01,
    0xef, 0x01, 0xef, 0x01, 0xef, 0x01, 0xef, 0x01, 0xef, 0x01, 0xef, 0x01,
    0xef, 0x01, 0xef, 0x01, 0xef, 0x01, 0xef, 0x01, 0xef, 0x01, 0xef, 0x01,
    0xef, 0x01, 0xef, 0x01, 0xef, 0x01, 0xef, 0x01, 0xef, 0x01, 0xef, 0x01,
    0xef, 0x01, 0xef, 0x01, 0xef, 0x01, 0xef, 0x01, 0xef, 0x01, 0xef, 0x01,
    0xef, 0x01, 0xef, 0x01, 0xef, 0x01, 0xef, 0x01, 0xef, 0x01, 0xef, 0x01,
    0xef, 0x01, 0xef, 0x01, 0xef, 0x01, 0xef, 0x01, 0xef, 0x01, 0xef, 0x01,
    0xef, 0x01, 0xef, 0x01, 0x10, 0x02, 0xce, 0x01, 0xc6, 0x00, 0x00, 0x00,
    0x00, 0x00, 0x00, 0x00, 0x00, 0x00, 0x00, 0x00, 0x00, 0x00, 0x00, 0x00,
    0x00, 0x00, 0x00, 0x00, 0x00, 0x00, 0x00, 0x00, 0x00, 0x00, 0x00, 0x00,
    0x00, 0x00, 0x00, 0x00, 0x21, 0x00, 0x08, 0x01, 0xcf, 0x01, 0xef, 0x01,
    0xef, 0x01, 0xef, 0x01, 0xef, 0x01, 0xef, 0x01, 0xef, 0x01, 0xef, 0x01,
    0xef, 0x01, 0xef, 0x01, 0xef, 0x01, 0xef, 0x01, 0xef, 0x01, 0xef, 0x01,
    0xef, 0x01, 0xef, 0x01, 0xef, 0x01, 0xef, 0x01, 0xef, 0x01, 0xac, 0x3a,
    0x25, 0x9c, 0x21, 0xe5, 0x60, 0xfd, 0x60, 0xf5, 0x60, 0xf5, 0x40, 0xf5,
    0x60, 0xf5, 0x40, 0xf5, 0x60, 0xf5, 0x60, 0xf5, 0x40, 0xf5, 0x60, 0xf5,
    0x40, 0xf5, 0x40, 0xf5, 0x60, 0xf5, 0x40, 0xf5, 0x40, 0xf5, 0x60, 0xf5,
    0x40, 0xf5, 0x40, 0xf5, 0x60, 0xf5, 0x40, 0xf5, 0x60, 0xf5, 0x40, 0xf5,
    0x40, 0xf5, 0x60, 0xf5, 0x60, 0xf5, 0x40, 0xf5, 0x60, 0xf5, 0x60, 0xf5,
    0x40, 0xf5, 0x60, 0xf5, 0x40, 0xf5, 0x60, 0xf5, 0x40, 0xf5, 0x60, 0xf5,
    0x40, 0xf5, 0x40, 0xf5, 0x60, 0xf5, 0x40, 0xf5, 0x60, 0xf5, 0x40, 0xf5,
    0x60, 0xf5, 0x40, 0xf5, 0x60, 0xf5, 0x40, 0xf5, 0x40, 0xf5, 0x60, 0xf5,
    0x40, 0xf5, 0x40, 0xf5, 0x60, 0xf5, 0x60, 0xf5, 0x60, 0xf5, 0x40, 0xf5,
    0x40, 0xf5, 0x60, 0xf5, 0x40, 0xf5, 0x40, 0xf5, 0x40, 0xf5, 0x40, 0xf5,
    0x60, 0xf5, 0x60, 0xf5, 0x60, 0xf5, 0x40, 0xf5, 0x60, 0xf5, 0x40, 0xf5,
    0x60, 0xf5, 0x60, 0xf5, 0x40, 0xf5, 0x60, 0xf5, 0x60, 0xf5, 0x40, 0xf5,
    0x60, 0xf5, 0x60, 0xf5, 0x60, 0xf5, 0x60, 0xfd, 0x60, 0xfd, 0x60, 0xf5,
    0x21, 0xe5, 0xe2, 0xd4, 0x65, 0xac, 0xa8, 0x7b, 0x0a, 0x4b, 0x6d, 0x22,
    0x0f, 0x0a, 0xef, 0x01, 0xcf, 0x01, 0xef, 0x01, 0xef, 0x01, 0xef, 0x01,
    0xef, 0x01, 0xef, 0x01, 0xef, 0x01, 0xef, 0x01, 0xef, 0x01, 0xef, 0x01,
    0xef, 0x01, 0xef, 0x01, 0xef, 0x01, 0xef, 0x01, 0xef, 0x01, 0xef, 0x01,
    0xef, 0x01, 0xef, 0x01, 0xef, 0x01, 0xef, 0x01, 0xef, 0x01, 0xef, 0x01,
    0xef, 0x01, 0xef, 0x01, 0xef, 0x01, 0xef, 0x01, 0xef, 0x01, 0xef, 0x01,
    0xef, 0x01, 0xef, 0x01, 0xef, 0x01, 0xef, 0x01, 0xef, 0x01, 0xef, 0x01,
    0xef, 0x01, 0xef, 0x01, 0xef, 0x01, 0xef, 0x01, 0xef, 0x01, 0xef, 0x01,
    0xef, 0x01, 0xef, 0x01, 0xef, 0x01, 0xef, 0x01, 0xef, 0x01, 0xef, 0x01,
    0xef, 0x01, 0xef, 0x01, 0xef, 0x01, 0xef, 0x01, 0xef, 0x01, 0xef, 0x01,
    0xef, 0x01, 0xef, 0x01, 0xef, 0x01, 0xef, 0x01, 0xef, 0x01, 0xef, 0x01,
    0xef, 0x01, 0xef, 0x01, 0xef, 0x01, 0xef, 0x01, 0xef, 0x01, 0xef, 0x01,
    0xef, 0x01, 0xef, 0x01, 0xef, 0x01, 0xef, 0x01, 0xef, 0x01, 0xef, 0x01,
    0xef, 0x01, 0xef, 0x01, 0xef, 0x01, 0xef, 0x01, 0xef, 0x01, 0xef, 0x01,
    0xef, 0x01, 0xef, 0x01, 0xef, 0x01, 0xef, 0x01, 0xef, 0x01, 0xef, 0x01,
    0xef, 0x01, 0xef, 0x01, 0xef, 0x01, 0xef, 0x01, 0xef, 0x01, 0xef, 0x01,
    0xef, 0x01, 0xef, 0x01, 0xef, 0x01, 0xef, 0x01, 0xef, 0x01, 0xef, 0x01,
    0xef, 0x01, 0xef, 0x01, 0xef, 0x01, 0xef, 0x01, 0xef, 0x01, 0xef, 0x01,
    0xef, 0x01, 0xef, 0x01, 0xef, 0x01, 0xef, 0x01, 0xef, 0x01, 0xef, 0x01,
    0x08, 0x01, 0x21, 0x00, 0x00, 0x00, 0x00, 0x00, 0x00, 0x00, 0x00, 0x00,
    0x00, 0x00, 0x00, 0x00, 0x00, 0x00, 0x00, 0x00, 0x00, 0x00, 0x00, 0x00,
    0x00, 0x00, 0x00, 0x00, 0x00, 0x00, 0x00, 0x00, 0xc6, 0x00, 0xce, 0x01,
    0xef, 0x01, 0xef, 0x01, 0xef, 0x01, 0xef, 0x01, 0xef, 0x01, 0xef, 0x01,
    0xef, 0x01, 0xef, 0x01, 0xef, 0x01, 0xef, 0x01, 0xef, 0x01, 0xef, 0x01,
    0xef, 0x01, 0xef, 0x01, 0xef, 0x01, 0xef, 0x01, 0xef, 0x01, 0x0f, 0x0a,
    0x2a, 0x5b, 0x84, 0xbc, 0x40, 0xf5, 0x60, 0xfd, 0x60, 0xf5, 0x60, 0xf5,
    0x40, 0xf5, 0x60, 0xf5, 0x40, 0xf5, 0x60, 0xf5, 0x40, 0xf5, 0x40, 0xf5,
    0x60, 0xf5, 0x60, 0xf5, 0x40, 0xf5, 0x60, 0xf5, 0x60, 0xf5, 0x40, 0xf5,
    0x60, 0xf5, 0x60, 0xf5, 0x40, 0xf5, 0x60, 0xf5, 0x60, 0xf5, 0x40, 0xf5,
    0x60, 0xf5, 0x40, 0xf5, 0x40, 0xf5, 0x60, 0xf5, 0x40, 0xf5, 0x40, 0xf5,
    0x60, 0xf5, 0x40, 0xf5, 0x40, 0xf5, 0x60, 0xf5, 0x60, 0xf5, 0x40, 0xf5,
    0x60, 0xf5, 0x40, 0xf5, 0x60, 0xf5, 0x60, 0xf5, 0x40, 0xf5, 0x60, 0xf5,
    0x40, 0xf5, 0x60, 0xf5, 0x40, 0xf5, 0x60, 0xf5, 0x60, 0xf5, 0x40, 0xf5,
    0x60, 0xf5, 0x60, 0xf5, 0x40, 0xf5, 0x60, 0xf5, 0x40, 0xf5, 0x40, 0xf5,
    0x60, 0xf5, 0x60, 0xf5, 0x40, 0xf5, 0x60, 0xf5, 0x60, 0xf5, 0x40, 0xf5,
    0x60, 0xf5, 0x40, 0xf5, 0x40, 0xf5, 0x60, 0xf5, 0x40, 0xf5, 0x40, 0xf5,
    0x60, 0xf5, 0x60, 0xf5, 0x40, 0xf5, 0x60, 0xf5, 0x40, 0xf5, 0x40, 0xf5,
    0x60, 0xf5, 0x40, 0xf5, 0x40, 0xf5, 0x60, 0xf5, 0x60, 0xf5, 0x40, 0xf5,
    0x60, 0xf5, 0x60, 0xf5, 0x60, 0xfd, 0x60, 0xfd, 0x40, 0xf5, 0x21, 0xed,
    0xe2, 0xd4, 0x84, 0xbc, 0xc7, 0x83, 0xeb, 0x4a, 0x4d, 0x22, 0x0f, 0x0a,
    0xef, 0x01, 0xd0, 0x01, 0xef, 0x01, 0xef, 0x01, 0xef, 0x01, 0xef, 0x01,
    0xef, 0x01, 0xef, 0x01, 0xef, 0x01, 0xef, 0x01, 0xef, 0x01, 0xef, 0x01,
    0xef, 0x01, 0xef, 0x01, 0xef, 0x01, 0xef, 0x01, 0xef, 0x01, 0xef, 0x01,
    0xef, 0x01, 0xef, 0x01, 0xef, 0x01, 0xef, 0x01, 0xef, 0x01, 0xef, 0x01,
    0xef, 0x01, 0xef, 0x01, 0xef, 0x01, 0xef, 0x01, 0xef, 0x01, 0xef, 0x01,
    0xef, 0x01, 0xef, 0x01, 0xef, 0x01, 0xef, 0x01, 0xef, 0x01, 0xef, 0x01,
    0xef, 0x01, 0xef, 0x01, 0xef, 0x01, 0xef, 0x01, 0xef, 0x01, 0xef, 0x01,
    0xef, 0x01, 0xef, 0x01, 0xef, 0x01, 0xef, 0x01, 0xef, 0x01, 0xef, 0x01,
    0xef, 0x01, 0xef, 0x01, 0xef, 0x01, 0xef, 0x01, 0xef, 0x01, 0xef, 0x01,
    0xef, 0x01, 0xef, 0x01, 0xef, 0x01, 0xef, 0x01, 0xef, 0x01, 0xef, 0x01,
    0xef, 0x01, 0xef, 0x01, 0xef, 0x01, 0xef, 0x01, 0xef, 0x01, 0xef, 0x01,
    0xef, 0x01, 0xef, 0x01, 0xef, 0x01, 0xef, 0x01, 0xef, 0x01, 0xef, 0x01,
    0xef, 0x01, 0xef, 0x01, 0xef, 0x01, 0xef, 0x01, 0xef, 0x01, 0xef, 0x01,
    0xef, 0x01, 0xef, 0x01, 0xef, 0x01, 0xef, 0x01, 0xef, 0x01, 0xef, 0x01,
    0xef, 0x01, 0xef, 0x01, 0xef, 0x01, 0xef, 0x01, 0xef, 0x01, 0xef, 0x01,
    0xef, 0x01, 0xef, 0x01, 0xef, 0x01, 0xef, 0x01, 0xef, 0x01, 0xef, 0x01,
    0xef, 0x01, 0xef, 0x01, 0xef, 0x01, 0xef, 0x01, 0xef, 0x01, 0xef, 0x01,
    0xef, 0x01, 0xef, 0x01, 0x4a, 0x01, 0x41, 0x00, 0x00, 0x00, 0x00, 0x00,
    0x00, 0x00, 0x00, 0x00, 0x00, 0x00, 0x00, 0x00, 0x00, 0x00, 0x00, 0x00,
    0x00, 0x00, 0x00, 0x00, 0x00, 0x00, 0x00, 0x00, 0x00, 0x00, 0x84, 0x00,
    0x8c, 0x01, 0x10, 0x02, 0xef, 0x01, 0xef, 0x01, 0xef, 0x01, 0xef, 0x01,
    0xef, 0x01, 0xef, 0x01, 0xef, 0x01, 0xef, 0x01, 0xef, 0x01, 0xef, 0x01,
    0xef, 0x01, 0xef, 0x01, 0xef, 0x01, 0xef, 0x01, 0xef, 0x01, 0xef, 0x01,
    0x0f, 0x0a, 0x49, 0x63, 0xc2, 0xcc, 0x60, 0xfd, 0x60, 0xfd, 0x60, 0xf5,
    0x40, 0xf5, 0x40, 0xf5, 0x60, 0xf5, 0x40, 0xf5, 0x60, 0xf5, 0x60, 0xf5,
    0x40, 0xf5, 0x40, 0xf5, 0x60, 0xf5, 0x40, 0xf5, 0x40, 0xf5, 0x60, 0xf5,
    0x40, 0xf5, 0x40, 0xf5, 0x60, 0xf5, 0x40, 0xf5, 0x60, 0xf5, 0x40, 0xf5,
    0x40, 0xf5, 0x60, 0xf5, 0x60, 0xf5, 0x60, 0xf5, 0x40, 0xf5, 0x60, 0xf5,
    0x60, 0xf5, 0x40, 0xf5, 0x60, 0xf5, 0x40, 0xf5, 0x60, 0xf5, 0x40, 0xf5,
    0x40, 0xf5, 0x60, 0xf5, 0x40, 0xf5, 0x60, 0xf5, 0x40, 0xf5, 0x40, 0xf5,
    0x60, 0xf5, 0x40, 0xf5, 0x60, 0xf5, 0x40, 0xf5, 0x40, 0xf5, 0x60, 0xf5,
    0x40, 0xf5, 0x40, 0xf5, 0x60, 0xf5, 0x40, 0xf5, 0x60, 0xf5, 0x60, 0xf5,
    0x40, 0xf5, 0x40, 0xf5, 0x60, 0xf5, 0x40, 0xf5, 0x40, 0xf5, 0x60, 0xf5,
    0x40, 0xf5, 0x60, 0xf5, 0x60, 0xf5, 0x60, 0xf5, 0x40, 0xf5, 0x60, 0xf5,
    0x40, 0xf5, 0x60, 0xf5, 0x40, 0xf5, 0x40, 0xf5, 0x60, 0xf5, 0x40, 0xf5,
    0x60, 0xf5, 0x60, 0xf5, 0x40, 0xf5, 0x60, 0xf5, 0x40, 0xf5, 0x40, 0xf5,
    0x60, 0xf5, 0x40, 0xf5, 0x60, 0xf5, 0x60, 0xf5, 0x40, 0xf5, 0x60, 0xf5,
    0x60, 0xf5, 0x60, 0xfd, 0x60, 0xfd, 0x60, 0xf5, 0x20, 0xed, 0x02, 0xdd,
    0x84, 0xbc, 0xa7, 0x83, 0xeb, 0x4a, 0x4d, 0x22, 0xef, 0x01, 0xef, 0x01,
    0xef, 0x01, 0xef, 0x01, 0xef, 0x01, 0xef, 0x01, 0xef, 0x01, 0xef, 0x01,
    0xef, 0x01, 0xef, 0x01, 0xef, 0x01, 0xef, 0x01, 0xef, 0x01, 0xef, 0x01,
    0xef, 0x01, 0xef, 0x01, 0xef, 0x01, 0xef, 0x01, 0xef, 0x01, 0xef, 0x01,
    0xef, 0x01, 0xef, 0x01, 0xef, 0x01, 0xef, 0x01, 0xef, 0x01, 0xef, 0x01,
    0xef, 0x01, 0xef, 0x01, 0xef, 0x01, 0xef, 0x01, 0xef, 0x01, 0xef, 0x01,
    0xef, 0x01, 0xef, 0x01, 0xef, 0x01, 0xef, 0x01, 0xef, 0x01, 0xef, 0x01,
    0xef, 0x01, 0xef, 0x01, 0xef, 0x01, 0xef, 0x01, 0xef, 0x01, 0xef, 0x01,
    0xef, 0x01, 0xef, 0x01, 0xef, 0x01, 0xef, 0x01, 0xef, 0x01, 0xef, 0x01,
    0xef, 0x01, 0xef, 0x01, 0xef, 0x01, 0xef, 0x01, 0xef, 0x01, 0xef, 0x01,
    0xef, 0x01, 0xef, 0x01, 0xef, 0x01, 0xef, 0x01, 0xef, 0x01, 0xef, 0x01,
    0xef, 0x01, 0xef, 0x01, 0xef, 0x01, 0xef, 0x01, 0xef, 0x01, 0xef, 0x01,
    0xef, 0x01, 0xef, 0x01, 0xef, 0x01, 0xef, 0x01, 0xef, 0x01, 0xef, 0x01,
    0xef, 0x01, 0xef, 0x01, 0xef, 0x01, 0xef, 0x01, 0xef, 0x01, 0xef, 0x01,
    0xef, 0x01, 0xef, 0x01, 0xef, 0x01, 0xef, 0x01, 0xef, 0x01, 0xef, 0x01,
    0xef, 0x01, 0xef, 0x01, 0xef, 0x01, 0xef, 0x01, 0xef, 0x01, 0xef, 0x01,
    0xef, 0x01, 0xef, 0x01, 0xef, 0x01, 0xef, 0x01, 0xef, 0x01, 0xef, 0x01,
    0xef, 0x01, 0xef, 0x01, 0xef, 0x01, 0xef, 0x01, 0x8c, 0x01, 0x43, 0x00,
    0x00, 0x00, 0x00, 0x00, 0x00, 0x00, 0x00, 0x00, 0x00, 0x00, 0x00, 0x00,
    0x00, 0x00, 0x00, 0x00, 0x00, 0x00, 0x00, 0x00, 0x00, 0x00, 0x00, 0x00,
    0x42, 0x00, 0x4a, 0x01, 0xef, 0x01, 0xef, 0x01, 0xef, 0x01, 0xef, 0x01,
    0xef, 0x01, 0xef, 0x01, 0xef, 0x01, 0xef, 0x01, 0xef, 0x01, 0xef, 0x01,
    0xef, 0x01, 0xef, 0x01, 0xef, 0x01, 0xef, 0x01, 0xef, 0x01, 0xef, 0x01,
    0xef, 0x01, 0x0f, 0x0a, 0x49, 0x5b, 0xc2, 0xd4, 0x60, 0xfd, 0x60, 0xf5,
    0x60, 0xf5, 0x60, 0xf5, 0x40, 0xf5, 0x60, 0xf5, 0x60, 0xf5, 0x40, 0xf5,
    0x40, 0xf5, 0x60, 0xf5, 0x60, 0xf5, 0x40, 0xf5, 0x60, 0xf5, 0x60, 0xf5,
    0x40, 0xf5, 0x60, 0xf5, 0x40, 0xf5, 0x60, 0xf5, 0x40, 0xf5, 0x60, 0xf5,
    0x40, 0xf5, 0x60, 0xf5, 0x40, 0xf5, 0x40, 0xf5, 0x60, 0xf5, 0x40, 0xf5,
    0x40, 0xf5, 0x60, 0xf5, 0x40, 0xf5, 0x60, 0xf5, 0x40, 0xf5, 0x60, 0xf5,
    0x60, 0xf5, 0x40, 0xf5, 0x60, 0xf5, 0x40, 0xf5, 0x60, 0xf5, 0x60, 0xf5,
    0x40, 0xf5, 0x60, 0xf5, 0x40, 0xf5, 0x60, 0xf5, 0x60, 0xf5, 0x40, 0xf5,
    0x60, 0xf5, 0x40, 0xf5, 0x60, 0xf5, 0x60, 0xf5, 0x40, 0xf5, 0x40, 0xf5,
    0x60, 0xf5, 0x40, 0xf5, 0x60, 0xf5, 0x60, 0xf5, 0x40, 0xf5, 0x60, 0xf5,
    0x60, 0xf5, 0x40, 0xf5, 0x40, 0xf5, 0x40, 0xf5, 0x60, 0xf5, 0x40, 0xf5,
    0x60, 0xf5, 0x40, 0xf5, 0x60, 0xf5, 0x60, 0xf5, 0x40, 0xf5, 0x60, 0xf5,
    0x60, 0xf5, 0x40, 0xf5, 0x60, 0xf5, 0x40, 0xf5, 0x60, 0xf5, 0x60, 0xf5,
    0x40, 0xf5, 0x60, 0xf5, 0x40, 0xf5, 0x60, 0xf5, 0x40, 0xf5, 0x40, 0xf5,
    0x60, 0xf5, 0x40, 0xf5, 0x60, 0xf5, 0x40, 0xf5, 0x60, 0xf5, 0x60, 0xf5,
    0x60, 0xfd, 0x60, 0xfd, 0x60, 0xf5, 0x40, 0xed, 0xe2, 0xd4, 0x45, 0xac,
    0x88, 0x73, 0xac, 0x3a, 0x2e, 0x12, 0xcf, 0x01, 0xd0, 0x01, 0xef, 0x01,
    0xef, 0x01, 0xef, 0x01, 0xef, 0x01, 0xef, 0x01, 0xef, 0x01, 0xef, 0x01,
    0xef, 0x01, 0xef, 0x01, 0xef, 0x01, 0xef, 0x01, 0xef, 0x01, 0xef, 0x01,
    0xef, 0x01, 0xef, 0x01, 0xef, 0x01, 0xef, 0x01, 0xef, 0x01, 0xef, 0x01,
    0xef, 0x01, 0xef, 0x01, 0xef, 0x01, 0xef, 0x01, 0xef, 0x01, 0xef, 0x01,
    0xef, 0x01, 0xef, 0x01, 0xef, 0x01, 0xef, 0x01, 0xef, 0x01, 0xef, 0x01,
    0xef, 0x01, 0xef, 0x01, 0xef, 0x01, 0xef, 0x01, 0xef, 0x01, 0xef, 0x01,
    0xef, 0x01, 0xef, 0x01, 0xef, 0x01, 0xef, 0x01, 0xef, 0x01, 0xef, 0x01,
    0xef, 0x01, 0xef, 0x01, 0xef, 0x01, 0xef, 0x01, 0xef, 0x01, 0xef, 0x01,
    0xef, 0x01, 0xef, 0x01, 0xef, 0x01, 0xef, 0x01, 0xef, 0x01, 0xef, 0x01,
    0xef, 0x01, 0xef, 0x01, 0xef, 0x01, 0xef, 0x01, 0xef, 0x01, 0xef, 0x01,
    0xef, 0x01, 0xef, 0x01, 0xef, 0x01, 0xef, 0x01, 0xef, 0x01, 0xef, 0x01,
    0xef, 0x01, 0xef, 0x01, 0xef, 0x01, 0xef, 0x01, 0xef, 0x01, 0xef, 0x01,
    0xef, 0x01, 0xef, 0x01, 0xef, 0x01, 0xef, 0x01, 0xef, 0x01, 0xef, 0x01,
    0xef, 0x01, 0xef, 0x01, 0xef, 0x01, 0xef, 0x01, 0xef, 0x01, 0xef, 0x01,
    0xef, 0x01, 0xef, 0x01, 0xef, 0x01, 0xef, 0x01, 0xef, 0x01, 0xef, 0x01,
    0xef, 0x01, 0xef, 0x01, 0xef, 0x01, 0xef, 0x01, 0xef, 0x01, 0x10, 0x02,
    0xad, 0x01, 0x84, 0x00, 0x00, 0x00, 0x00, 0x00, 0x00, 0x00, 0x00, 0x00,
    0x00, 0x00, 0x00, 0x00, 0x00, 0x00, 0x00, 0x00, 0x00, 0x00, 0x00, 0x00,
    0x00, 0x00, 0x21, 0x00, 0xe8, 0x00, 0xce, 0x01, 0x0f, 0x02, 0xef, 0x01,
    0xef, 0x01, 0xef, 0x01, 0xef, 0x01, 0xef, 0x01, 0xef, 0x01, 0xef, 0x01,
    0xef, 0x01, 0xef, 0x01, 0xef, 0x01, 0xef, 0x01, 0xef, 0x01, 0xef, 0x01,
    0xef, 0x01, 0xef, 0x01, 0xef, 0x09, 0x2a, 0x5b, 0xc2, 0xcc, 0x60, 0xfd,
    0x60, 0xf5, 0x40, 0xf5, 0x40, 0xf5, 0x60, 0xf5, 0x40, 0xf5, 0x40, 0xf5,
    0x60, 0xf5, 0x40, 0xf5, 0x40, 0xf5, 0x60, 0xf5, 0x40, 0xf5, 0x40, 0xf5,
    0x60, 0xf5, 0x40, 0xf5, 0x60, 0xf5, 0x40, 0xf5, 0x60, 0xf5, 0x60, 0xf5,
    0x40, 0xf5, 0x40, 0xf5, 0x60, 0xf5, 0x60, 0xf5, 0x60, 0xf5, 0x40, 0xf5,
    0x60, 0xf5, 0x40, 0xf5, 0x60, 0xf5, 0x40, 0xf5, 0x60, 0xf5, 0x40, 0xf5,
    0x40, 0xf5, 0x60, 0xf5, 0x40, 0xf5, 0x60, 0xf5, 0x40, 0xf5, 0x60, 0xf5,
    0x40, 0xf5, 0x40, 0xf5, 0x60, 0xf5, 0x60, 0xf5, 0x40, 0xf5, 0x40, 0xf5,
    0x60, 0xf5, 0x40, 0xf5, 0x60, 0xf5, 0x40, 0xf5, 0x40, 0xf5, 0x60, 0xf5,
    0x40, 0xf5, 0x60, 0xf5, 0x40, 0xf5, 0x40, 0xf5, 0x60, 0xf5, 0x40, 0xf5,
    0x40, 0xf5, 0x60, 0xf5, 0x60, 0xf5, 0x40, 0xf5, 0x60, 0xf5, 0x60, 0xf5,
    0x40, 0xf5, 0x40, 0xf5, 0x60, 0xf5, 0x40, 0xf5, 0x40, 0xf5, 0x60, 0xf5,
    0x40, 0xf5, 0x40, 0xf5, 0x60, 0xf5, 0x40, 0xf5, 0x40, 0xf5, 0x60, 0xf5,
    0x40, 0xf5, 0x40, 0xf5, 0x60, 0xf5, 0x60, 0xf5, 0x40, 0xf5, 0x60, 0xf5,
    0x40, 0xf5, 0x60, 0xf5, 0x40, 0xf5, 0x60, 0xf5, 0x40, 0xf5, 0x60, 0xf5,
    0x40, 0xf5, 0x40, 0xf5, 0x60, 0xf5, 0x40, 0xf5, 0x60, 0xf5, 0x60, 0xfd,
    0x60, 0xfd, 0x60, 0xf5, 0x21, 0xe5, 0xc3, 0xcc, 0x25, 0x9c, 0x49, 0x63,
    0x8d, 0x2a, 0x0f, 0x0a, 0xcf, 0x01, 0xef, 0x01, 0xef, 0x01, 0xef, 0x01,
    0xef, 0x01, 0xef, 0x01, 0xef, 0x01, 0xef, 0x01, 0xef, 0x01, 0xef, 0x01,
    0xef, 0x01, 0xef, 0x01, 0xef, 0x01, 0xef, 0x01, 0xef, 0x01, 0xef, 0x01,
    0xef, 0x01, 0xef, 0x01, 0xef, 0x01, 0xef, 0x01, 0xef, 0x01, 0xef, 0x01,
    0xef, 0x01, 0xef, 0x01, 0xef, 0x01, 0xef, 0x01, 0xef, 0x01, 0xef, 0x01,
    0xef, 0x01, 0xef, 0x01, 0xef, 0x01, 0xef, 0x01, 0xef, 0x01, 0xef, 0x01,
    0xef, 0x01, 0xef, 0x01, 0xef, 0x01, 0xef, 0x01, 0xef, 0x01, 0xef, 0x01,
    0xef, 0x01, 0xef, 0x01, 0xef, 0x01, 0xef, 0x01, 0xef, 0x01, 0xef, 0x01,
    0xef, 0x01, 0xef, 0x01, 0xef, 0x01, 0xef, 0x01, 0xef, 0x01, 0xef, 0x01,
    0xef, 0x01, 0xef, 0x01, 0xef, 0x01, 0xef, 0x01, 0xef, 0x01, 0xef, 0x01,
    0xef, 0x01, 0xef, 0x01, 0xef, 0x01, 0xef, 0x01, 0xef, 0x01, 0xef, 0x01,
    0xef, 0x01, 0xef, 0x01, 0xef, 0x01, 0xef, 0x01, 0xef, 0x01, 0xef, 0x01,
    0xef, 0x01, 0xef, 0x01, 0xef, 0x01, 0xef, 0x01, 0xef, 0x01, 0xef, 0x01,
    0xef, 0x01, 0xef, 0x01, 0xef, 0x01, 0xef, 0x01, 0xef, 0x01, 0xef, 0x01,
    0xef, 0x01, 0xef, 0x01, 0xef, 0x01, 0xef, 0x01, 0xef, 0x01, 0xef, 0x01,
    0xef, 0x01, 0xef, 0x01, 0xef, 0x01, 0xef, 0x01, 0xef, 0x01, 0xef, 0x01,
    0xef, 0x01, 0x0f, 0x02, 0xce, 0x01, 0xa6, 0x00, 0x00, 0x00, 0x00, 0x00,
    0x00, 0x00, 0x00, 0x00, 0x00, 0x00, 0x00, 0x00, 0x00, 0x00, 0x00, 0x00,
    0x00, 0x00, 0x00, 0x00, 0x00, 0x00, 0xa5, 0x00, 0xad, 0x01, 0x0f, 0x02,
    0xef, 0x01, 0xef, 0x01, 0xef, 0x01, 0xef, 0x01, 0xef, 0x01, 0xef, 0x01,
    0xef, 0x01, 0xef, 0x01, 0xef, 0x01, 0xef, 0x01, 0xef, 0x01, 0xef, 0x01,
    0xef, 0x01, 0xef, 0x01, 0xef, 0x01, 0xef, 0x01, 0xcb, 0x42, 0x83, 0xc4,
    0x60, 0xfd, 0x60, 0xf5, 0x60, 0xf5, 0x40, 0xf5, 0x60, 0xf5, 0x60, 0xf5,
    0x40, 0xf5, 0x60, 0xf5, 0x60, 0xf5, 0x40, 0xf5, 0x60, 0xf5, 0x60, 0xf5,
    0x40, 0xf5, 0x60, 0xf5, 0x40, 0xf5, 0x60, 0xf5, 0x40, 0xf5, 0x40, 0xf5,
    0x60, 0xf5, 0x40, 0xf5, 0x60, 0xf5, 0x60, 0xf5, 0x40, 0xf5, 0x40, 0xf5,
    0x60, 0xf5, 0x40, 0xf5, 0x60, 0xf5, 0x60, 0xf5, 0x40, 0xf5, 0x60, 0xf5,
    0x60, 0xf5, 0x40, 0xf5, 0x60, 0xf5, 0x40, 0xf5, 0x60, 0xf5, 0x40, 0xf5,
    0x60, 0xf5, 0x40, 0xf5, 0x60, 0xf5, 0x40, 0xf5, 0x40, 0xf5, 0x60, 0xf5,
    0x40, 0xf5, 0x60, 0xf5, 0x40, 0xf5, 0x60, 0xf5, 0x60, 0xf5, 0x40, 0xf5,
    0x60, 0xf5, 0x40, 0xf5, 0x60, 0xf5, 0x60, 0xf5, 0x40, 0xf5, 0x60, 0xf5,
    0x60, 0xf5, 0x40, 0xf5, 0x40, 0xf5, 0x60, 0xf5, 0x40, 0xf5, 0x40, 0xf5,
    0x60, 0xf5, 0x60, 0xf5, 0x40, 0xf5, 0x60, 0xf5, 0x60, 0xf5, 0x40, 0xf5,
    0x60, 0xf5, 0x60, 0xf5, 0x40, 0xf5, 0x60, 0xf5, 0x60, 0xf5, 0x40, 0xf5,
    0x60, 0xf5, 0x60, 0xf5, 0x40, 0xf5, 0x40, 0xf5, 0x60, 0xf5, 0x40, 0xf5,
    0x60, 0xf5, 0x40, 0xf5, 0x60, 0xf5, 0x60, 0xf5, 0x40, 0xf5, 0x40, 0xf5,
    0x60, 0xf5, 0x60, 0xf5, 0x40, 0xf5, 0x60, 0xf5, 0x40, 0xf5, 0x60, 0xf5,
    0x40, 0xf5, 0x60, 0xf5, 0x60, 0xf5, 0x60, 0xfd, 0x60, 0xfd, 0x60, 0xfd,
    0x40, 0xf5, 0x01, 0xe5, 0x84, 0xbc, 0xc7, 0x83, 0xea, 0x4a, 0x2e, 0x1a,
    0xef, 0x01, 0xd0, 0x01, 0xef, 0x01, 0xef, 0x01, 0xef, 0x01, 0xef, 0x01,
    0xef, 0x01, 0xef, 0x01, 0xef, 0x01, 0xef, 0x01, 0xef, 0x01, 0xef, 0x01,
    0xef, 0x01, 0xef, 0x01, 0xef, 0x01, 0xef, 0x01, 0xef, 0x01, 0xef, 0x01,
    0xef, 0x01, 0xef, 0x01, 0xef, 0x01, 0xef, 0x01, 0xef, 0x01, 0xef, 0x01,
    0xef, 0x01, 0xef, 0x01, 0xef, 0x01, 0xef, 0x01, 0xef, 0x01, 0xef, 0x01,
    0xef, 0x01, 0xef, 0x01, 0xef, 0x01, 0xef, 0x01, 0xef, 0x01, 0xef, 0x01,
    0xef, 0x01, 0xef, 0x01, 0xef, 0x01, 0xef, 0x01, 0xef, 0x01, 0xef, 0x01,
    0xef, 0x01, 0xef, 0x01, 0xef, 0x01, 0xef, 0x01, 0xef, 0x01, 0xef, 0x01,
    0xef, 0x01, 0xef, 0x01, 0xef, 0x01, 0xef, 0x01, 0xef, 0x01, 0xef, 0x01,
    0xef, 0x01, 0xef, 0x01, 0xef, 0x01, 0xef, 0x01, 0xef, 0x01, 0xef, 0x01,
    0xef, 0x01, 0xef, 0x01, 0xef, 0x01, 0xef, 0x01, 0xef, 0x01, 0xef, 0x01,
    0xef, 0x01, 0xef, 0x01, 0xef, 0x01, 0xef, 0x01, 0xef, 0x01, 0xef, 0x01,
    0xef, 0x01, 0xef, 0x01, 0xef, 0x01, 0xef, 0x01, 0xef, 0x01, 0xef, 0x01,
    0xef, 0x01, 0xef, 0x01, 0xef, 0x01, 0xef, 0x01, 0xef, 0x01, 0xef, 0x01,
    0xef, 0x01, 0xef, 0x01, 0xef, 0x01, 0xef, 0x01, 0xef, 0x01, 0xef, 0x01,
    0xef, 0x01, 0xef, 0x01, 0xef, 0x01, 0xef, 0x01, 0xce, 0x01, 0x08, 0x01,
    0x00, 0x00, 0x00, 0x00, 0x00, 0x00, 0x00, 0x00, 0x00, 0x00, 0x00, 0x00,
    0x00, 0x00, 0x00, 0x00, 0x00, 0x00, 0x00, 0x00, 0x42, 0x00, 0x6b, 0x01,
    0xef, 0x01, 0xef, 0x01, 0xef, 0x01, 0xef, 0x01, 0xef, 0x01, 0xef, 0x01,
    0xef, 0x01, 0xef, 0x01, 0xef, 0x01, 0xef, 0x01, 0xef, 0x01, 0xef, 0x01,
    0xef, 0x01, 0xef, 0x01, 0xef, 0x01, 0xef, 0x01, 0xcf, 0x01, 0x4d, 0x22,
    0x25, 0xa4, 0x40, 0xf5, 0x60, 0xf5, 0x60, 0xf5, 0x40, 0xf5, 0x60, 0xf5,
    0x40, 0xf5, 0x40, 0xf5, 0x60, 0xf5, 0x40, 0xf5, 0x40, 0xf5, 0x60, 0xf5,
    0x40, 0xf5, 0x60, 0xf5, 0x60, 0xf5, 0x40, 0xf5, 0x60, 0xf5, 0x60, 0xf5,
    0x40, 0xf5, 0x60, 0xf5, 0x40, 0xf5, 0x40, 0xf5, 0x60, 0xf5, 0x60, 0xf5,
    0x40, 0xf5, 0x40, 0xf5, 0x60, 0xf5, 0x40, 0xf5, 0x40, 0xf5, 0x60, 0xf5,
    0x40, 0xf5, 0x40, 0xf5, 0x60, 0xf5, 0x40, 0xf5, 0x60, 0xf5, 0x60, 0xf5,
    0x40, 0xf5, 0x60, 0xf5, 0x40, 0xf5, 0x60, 0xf5, 0x60, 0xf5, 0x40, 0xf5,
    0x60, 0xf5, 0x40, 0xf5, 0x60, 0xf5, 0x40, 0xf5, 0x60, 0xf5, 0x40, 0xf5,
    0x40, 0xf5, 0x60, 0xf5, 0x60, 0xf5, 0x40, 0xf5, 0x40, 0xf5, 0x60, 0xf5,
    0x40, 0xf5, 0x60, 0xf5, 0x40, 0xf5, 0x60, 0xf5, 0x60, 0xf5, 0x40, 0xf5,
    0x60, 0xf5, 0x40, 0xf5, 0x40, 0xf5, 0x60, 0xf5, 0x40, 0xf5, 0x40, 0xf5,
    0x60, 0xf5, 0x40, 0xf5, 0x40, 0xf5, 0x60, 0xf5, 0x40, 0xf5, 0x40, 0xf5,
    0x60, 0xf5, 0x40, 0xf5, 0x40, 0xf5, 0x60, 0xf5, 0x60, 0xf5, 0x40, 0xf5,
    0x60, 0xf5, 0x40, 0xf5, 0x40, 0xf5, 0x60, 0xf5, 0x40, 0xf5, 0x40, 0xf5,
    0x60, 0xf5, 0x60, 0xf5, 0x40, 0xf5, 0x40, 0xf5, 0x60, 0xf5, 0x60, 0xf5,
    0x40, 0xf5, 0x60, 0xf5, 0x40, 0xf5, 0x40, 0xf5, 0x60, 0xf5, 0x40, 0xf5,
    0x60, 0xf5, 0x60, 0xf5, 0x60, 0xf5, 0x60, 0xfd, 0x60, 0xfd, 0x41, 0xed,
    0xc2, 0xd4, 0x45, 0xa4, 0x49, 0x6b, 0x8c, 0x2a, 0xef, 0x09, 0xcf, 0x01,
    0xd0, 0x01, 0xef, 0x01, 0xef, 0x01, 0xef, 0x01, 0xef, 0x01, 0xef, 0x01,
    0xef, 0x01, 0xef, 0x01, 0xef, 0x01, 0xef, 0x01, 0xef, 0x01, 0xef, 0x01,
    0xef, 0x01, 0xef, 0x01, 0xef, 0x01, 0xef, 0x01, 0xef, 0x01, 0xef, 0x01,
    0xef, 0x01, 0xef, 0x01, 0xef, 0x01, 0xef, 0x01, 0xef, 0x01, 0xef, 0x01,
    0xef, 0x01, 0xef, 0x01, 0xef, 0x01, 0xef, 0x01, 0xef, 0x01, 0xef, 0x01,
    0xef, 0x01, 0xef, 0x01, 0xef, 0x01, 0xef, 0x01, 0xef, 0x01, 0xef, 0x01,
    0xef, 0x01, 0xef, 0x01, 0xef, 0x01, 0xef, 0x01, 0xef, 0x01, 0xef, 0x01,
    0xef, 0x01, 0xef, 0x01, 0xef, 0x01, 0xef, 0x01, 0xef, 0x01, 0xef, 0x01,
    0xef, 0x01, 0xef, 0x01, 0xef, 0x01, 0xef, 0x01, 0xef, 0x01, 0xef, 0x01,
    0xef, 0x01, 0xef, 0x01, 0xef, 0x01, 0xef, 0x01, 0xef, 0x01, 0xef, 0x01,
    0xef, 0x01, 0xef, 0x01, 0xef, 0x01, 0xef, 0x01, 0xef, 0x01, 0xef, 0x01,
    0xef, 0x01, 0xef, 0x01, 0xef, 0x01, 0xef, 0x01, 0xef, 0x01, 0xef, 0x01,
    0xef, 0x01, 0xef, 0x01, 0xef, 0x01, 0xef, 0x01, 0xef, 0x01, 0xef, 0x01,
    0xef, 0x01, 0xef, 0x01, 0xef, 0x01, 0xef, 0x01, 0xef, 0x01, 0xef, 0x01,
    0xef, 0x01, 0xef, 0x01, 0xef, 0x01, 0xef, 0x01, 0xef, 0x01, 0xef, 0x01,
    0xef, 0x01, 0x4a, 0x01, 0x21, 0x00, 0x00, 0x00, 0x00, 0x00, 0x00, 0x00,
    0x00, 0x00, 0x00, 0x00, 0x00, 0x00, 0x00, 0x00, 0x00, 0x00, 0x21, 0x00,
    0x07, 0x01, 0xce, 0x01, 0xf0, 0x01, 0xef, 0x01, 0xef, 0x01, 0xef, 0x01,
    0xef, 0x01, 0xef, 0x01, 0xef, 0x01, 0xef, 0x01, 0xef, 0x01, 0xef, 0x01,
    0xef, 0x01, 0xef, 0x01, 0xef, 0x01, 0xef, 0x01, 0xef, 0x01, 0xef, 0x01,
    0x0f, 0x0a, 0x69, 0x6b, 0x21, 0xe5, 0x60, 0xf5, 0x60, 0xf5, 0x40, 0xf5,
    0x40, 0xf5, 0x60, 0xf5, 0x60, 0xf5, 0x40, 0xf5, 0x60, 0xf5, 0x60, 0xf5,
    0x40, 0xf5, 0x60, 0xf5, 0x40, 0xf5, 0x40, 0xf5, 0x60, 0xf5, 0x40, 0xf5,
    0x40, 0xf5, 0x60, 0xf5, 0x60, 0xf5, 0x40, 0xf5, 0x60, 0xf5, 0x60, 0xf5,
    0x40, 0xf5, 0x40, 0xf5, 0x60, 0xf5, 0x60, 0xf5, 0x40, 0xf5, 0x60, 0xf5,
    0x40, 0xf5, 0x60, 0xf5, 0x40, 0xf5, 0x60, 0xf5, 0x40, 0xf5, 0x40, 0xf5,
    0x60, 0xf5, 0x40, 0xf5, 0x40, 0xf5, 0x60, 0xf5, 0x40, 0xf5, 0x40, 0xf5,
    0x60, 0xf5, 0x60, 0xf5, 0x40, 0xf5, 0x60, 0xf5, 0x40, 0xf5, 0x60, 0xf5,
    0x40, 0xf5, 0x60, 0xf5, 0x40, 0xf5, 0x40, 0xf5, 0x60, 0xf5, 0x60, 0xf5,
    0x40, 0xf5, 0x40, 0xf5, 0x60, 0xf5, 0x40, 0xf5, 0x40, 0xf5, 0x60, 0xf5,
    0x40, 0xf5, 0x60, 0xf5, 0x60, 0xf5, 0x60, 0xfd, 0x60, 0xfd, 0x60, 0xfd,
    0x60, 0xfd, 0x60, 0xfd, 0x60, 0xfd, 0x60, 0xfd, 0x60, 0xfd, 0x60, 0xfd,
    0x60, 0xfd, 0x60, 0xfd, 0x60, 0xfd, 0x60, 0xfd, 0x60, 0xfd, 0x60, 0xf5,
    0x60, 0xf5, 0x60, 0xfd, 0x60, 0xf5, 0x60, 0xf5, 0x40, 0xf5, 0x60, 0xf5,
    0x60, 0xf5, 0x40, 0xf5, 0x60, 0xf5, 0x40, 0xf5, 0x60, 0xf5, 0x40, 0xf5,
    0x40, 0xf5, 0x60, 0xf5, 0x40, 0xf5, 0x60, 0xf5, 0x60, 0xf5, 0x40, 0xf5,
    0x60, 0xf5, 0x40, 0xf5, 0x40, 0xf5, 0x60, 0xf5, 0x60, 0xf5, 0x60, 0xf5,
    0x60, 0xf5, 0x60, 0xfd, 0x80, 0xfd, 0x60, 0xf5, 0x01, 0xe5, 0x84, 0xbc,
    0xc7, 0x83, 0xeb, 0x42, 0x2e, 0x1a, 0xef, 0x01, 0xcf, 0x01, 0xef, 0x01,
    0xef, 0x01, 0xef, 0x01, 0xef, 0x01, 0xef, 0x01, 0xef, 0x01, 0xef, 0x01,
    0xef, 0x01, 0xef, 0x01, 0xef, 0x01, 0xef, 0x01, 0xef, 0x01, 0xef, 0x01,
    0xef, 0x01, 0xef, 0x01, 0xef, 0x01, 0xef, 0x01, 0xef, 0x01, 0xef, 0x01,
    0xef, 0x01, 0xef, 0x01, 0xef, 0x01, 0xef, 0x01, 0xef, 0x01, 0xef, 0x01,
    0xef, 0x01, 0xef, 0x01, 0xef, 0x01, 0xef, 0x01, 0xef, 0x01, 0xef, 0x01,
    0xef, 0x01, 0xef, 0x01, 0xef, 0x01, 0xef, 0x01, 0xef, 0x01, 0xef, 0x01,
    0xef, 0x01, 0xef, 0x01, 0xef, 0x01, 0xef, 0x01, 0xef, 0x01, 0xef, 0x01,
    0xef, 0x01, 0xef, 0x01, 0xef, 0x01, 0xef, 0x01, 0xef, 0x01, 0xef, 0x01,
    0xef, 0x01, 0xef, 0x01, 0xef, 0x01, 0xef, 0x01, 0xef, 0x01, 0xef, 0x01,
    0xef, 0x01, 0xef, 0x01, 0xef, 0x01, 0xef, 0x01, 0xef, 0x01, 0xef, 0x01,
    0xef, 0x01, 0xef, 0x01, 0xef, 0x01, 0xef, 0x01, 0xef, 0x01, 0xef, 0x01,
    0xef, 0x01, 0xef, 0x01, 0xef, 0x01, 0xef, 0x01, 0xef, 0x01, 0xef, 0x01,
    0xef, 0x01, 0xef, 0x01, 0xef, 0x01, 0xef, 0x01, 0xef, 0x01, 0xef, 0x01,
    0xef, 0x01, 0xef, 0x01, 0xef, 0x01, 0xef, 0x01, 0xef, 0x01, 0xef, 0x01,
    0xef, 0x01, 0xef, 0x01, 0xef, 0x01, 0x6c, 0x01, 0x42, 0x00, 0x00, 0x00,
    0x00, 0x00, 0x00, 0x00, 0x00, 0x00, 0x00, 0x00, 0x00, 0x00, 0x00, 0x00,
    0x00, 0x00, 0x84, 0x00, 0x8d, 0x01, 0x10, 0x02, 0xef, 0x01, 0xef, 0x01,
    0xef, 0x01, 0xef, 0x01, 0xef, 0x01, 0xef, 0x01, 0xef, 0x01, 0xef, 0x01,
    0xef, 0x01, 0xef, 0x01, 0xef, 0x01, 0xef, 0x01, 0xef, 0x01, 0xef, 0x01,
    0xef, 0x01, 0xcf, 0x01, 0x8d, 0x2a, 0x84, 0xbc, 0x60, 0xfd, 0x60, 0xf5,
    0x60, 0xf5, 0x40, 0xf5, 0x60, 0xf5, 0x40, 0xf5, 0x60, 0xf5, 0x40, 0xf5,
    0x40, 0xf5, 0x60, 0xf5, 0x60, 0xf5, 0x40, 0xf5, 0x60, 0xf5, 0x40, 0xf5,
    0x60, 0xf5, 0x40, 0xf5, 0x40, 0xf5, 0x60, 0xf5, 0x40, 0xf5, 0x40, 0xf5,
    0x60, 0xf5, 0x60, 0xf5, 0x40, 0xf5, 0x40, 0xf5, 0x60, 0xf5, 0x40, 0xf5,
    0x60, 0xf5, 0x60, 0xf5, 0x40, 0xf5, 0x60, 0xf5, 0x60, 0xf5, 0x40, 0xf5,
    0x60, 0xf5, 0x60, 0xf5, 0x40, 0xf5, 0x60, 0xf5, 0x60, 0xf5, 0x40, 0xf5,
    0x60, 0xf5, 0x40, 0xf5, 0x40, 0xf5, 0x60, 0xf5, 0x40, 0xf5, 0x60, 0xf5,
    0x60, 0xf5, 0x40, 0xf5, 0x60, 0xf5, 0x60, 0xf5, 0x40, 0xf5, 0x60, 0xf5,
    0x40, 0xf5, 0x60, 0xf5, 0x60, 0xf5, 0x40, 0xf5, 0x60, 0xf5, 0x60, 0xfd,
    0x80, 0xfd, 0x60, 0xfd, 0x60, 0xfd, 0x60, 0xf5, 0x40, 0xf5, 0x40, 0xed,
    0x21, 0xed, 0x02, 0xdd, 0xe2, 0xd4, 0xe2, 0xd4, 0xe2, 0xd4, 0xe2, 0xd4,
    0xe2, 0xd4, 0xe2, 0xd4, 0xe2, 0xd4, 0xe2, 0xd4, 0xe2, 0xd4, 0x21, 0xe5,
    0x41, 0xed, 0x40, 0xed, 0x40, 0xf5, 0x40, 0xf5, 0x60, 0xf5, 0x60, 0xfd,
    0x80, 0xfd, 0x80, 0xfd, 0x60, 0xfd, 0x60, 0xfd, 0x60, 0xf5, 0x40, 0xf5,
    0x60, 0xf5, 0x60, 0xf5, 0x40, 0xf5, 0x60, 0xf5, 0x40, 0xf5, 0x40, 0xf5,
    0x60, 0xf5, 0x60, 0xf5, 0x40, 0xf5, 0x60, 0xf5, 0x40, 0xf5, 0x40, 0xf5,
    0x40, 0xf5, 0x60, 0xf5, 0x40, 0xf5, 0x40, 0xf5, 0x60, 0xf5, 0x60, 0xf5,
    0x80, 0xfd, 0x80, 0xfd, 0x41, 0xed, 0xc3, 0xcc, 0x06, 0x9c, 0x49, 0x5b,
    0x6d, 0x22, 0xef, 0x01, 0xd0, 0x01, 0xcf, 0x01, 0xef, 0x01, 0xef, 0x01,
    0xef, 0x01, 0xef, 0x01, 0xef, 0x01, 0xef, 0x01, 0xef, 0x01, 0xef, 0x01,
    0xef, 0x01, 0xef, 0x01, 0xef, 0x01, 0xef, 0x01, 0xef, 0x01, 0xef, 0x01,
    0xef, 0x01, 0xef, 0x01, 0xef, 0x01, 0xef, 0x01, 0xef, 0x01, 0xef, 0x01,
    0xef, 0x01, 0xef, 0x01, 0xef, 0x01, 0xef, 0x01, 0xef, 0x01, 0xef, 0x01,
    0xef, 0x01, 0xef, 0x01, 0xef, 0x01, 0xef, 0x01, 0xef, 0x01, 0xef, 0x01,
    0xef, 0x01, 0xef, 0x01, 0xef, 0x01, 0xef, 0x01, 0xef, 0x01, 0xef, 0x01,
    0xef, 0x01, 0xef, 0x01, 0xef, 0x01, 0xef, 0x01, 0xef, 0x01, 0xef, 0x01,
    0xef, 0x01, 0xef, 0x01, 0xef, 0x01, 0xef, 0x01, 0xef, 0x01, 0xef, 0x01,
    0xef, 0x01, 0xef, 0x01, 0xef, 0x01, 0xef, 0x01, 0xef, 0x01, 0xef, 0x01,
    0xef, 0x01, 0xef, 0x01, 0xef, 0x01, 0xef, 0x01, 0xef, 0x01, 0xef, 0x01,
    0xef, 0x01, 0xef, 0x01, 0xef, 0x01, 0xef, 0x01, 0xef, 0x01, 0xef, 0x01,
    0xef, 0x01, 0xef, 0x01, 0xef, 0x01, 0xef, 0x01, 0xef, 0x01, 0xef, 0x01,
    0xef, 0x01, 0xef, 0x01, 0xef, 0x01, 0xef, 0x01, 0xef, 0x01, 0xef, 0x01,
    0xef, 0x01, 0xef, 0x01, 0xef, 0x01, 0xef, 0x01, 0xef, 0x01, 0xac, 0x01,
    0x63, 0x00, 0x00, 0x00, 0x00, 0x00, 0x00, 0x00, 0x00, 0x00, 0x00, 0x00,
    0x00, 0x00, 0x00, 0x00, 0x21, 0x00, 0x4a, 0x01, 0xef, 0x01, 0xef, 0x01,
    0xef, 0x01, 0xef, 0x01, 0xef, 0x01, 0xef, 0x01, 0xef, 0x01, 0xef, 0x01,
    0xef, 0x01, 0xef, 0x01, 0xef, 0x01, 0xef, 0x01, 0xef, 0x01, 0xef, 0x01,
    0xef, 0x01, 0xef, 0x01, 0xef, 0x01, 0xef, 0x09, 0x88, 0x73, 0x41, 0xed,
    0x60, 0xf5, 0x40, 0xf5, 0x60, 0xf5, 0x60, 0xf5, 0x40, 0xf5, 0x60, 0xf5,
    0x40, 0xf5, 0x60, 0xf5, 0x40, 0xf5, 0x40, 0xf5, 0x60, 0xf5, 0x40, 0xf5,
    0x60, 0xf5, 0x60, 0xf5, 0x40, 0xf5, 0x60, 0xf5, 0x60, 0xf5, 0x40, 0xf5,
    0x60, 0xf5, 0x40, 0xf5, 0x40, 0xf5, 0x60, 0xf5, 0x40, 0xf5, 0x60, 0xf5,
    0x60, 0xf5, 0x40, 0xf5, 0x40, 0xf5, 0x60, 0xf5, 0x40, 0xf5, 0x40, 0xf5,
    0x60, 0xf5, 0x40, 0xf5, 0x60, 0xf5, 0x40, 0xf5, 0x40, 0xf5, 0x60, 0xf5,
    0x40, 0xf5, 0x60, 0xf5, 0x60, 0xf5, 0x40, 0xf5, 0x60, 0xf5, 0x40, 0xf5,
    0x40, 0xf5, 0x60, 0xf5, 0x40, 0xf5, 0x40, 0xf5, 0x60, 0xf5, 0x40, 0xf5,
    0x60, 0xf5, 0x40, 0xf5, 0x40, 0xf5, 0x60, 0xf5, 0x60, 0xfd, 0x80, 0xfd,
    0x60, 0xf5, 0x21, 0xe5, 0xc2, 0xd4, 0x84, 0xbc, 0x25, 0xa4, 0xe7, 0x8b,
    0x88, 0x73, 0x49, 0x63, 0x2a, 0x53, 0x0a, 0x4b, 0xeb, 0x42, 0xcb, 0x42,
    0xeb, 0x42, 0xeb, 0x42, 0xcb, 0x42, 0xeb, 0x42, 0xeb, 0x42, 0xcb, 0x42,
    0xeb, 0x4a, 0x0a, 0x53, 0x29, 0x5b, 0x69, 0x6b, 0x88, 0x7b, 0xc7, 0x83,
    0x06, 0x9c, 0x44, 0xac, 0x83, 0xc4, 0xc3, 0xcc, 0x02, 0xdd, 0x21, 0xed,
    0x60, 0xf5, 0x80, 0xfd, 0x80, 0xfd, 0x60, 0xfd, 0x60, 0xfd, 0x60, 0xf5,
    0x40, 0xf5, 0x60, 0xf5, 0x40, 0xf5, 0x40, 0xf5, 0x60, 0xf5, 0x60, 0xf5,
    0x60, 0xf5, 0x40, 0xf5, 0x60, 0xf5, 0x40, 0xf5, 0x60, 0xf5, 0x40, 0xf5,
    0x40, 0xf5, 0x40, 0xf5, 0x40, 0xf5, 0x60, 0xf5, 0x60, 0xfd, 0x60, 0xfd,
    0x60, 0xf5, 0x02, 0xdd, 0x45, 0xac, 0x68, 0x6b, 0xac, 0x32, 0x0f, 0x0a,
    0xd0, 0x01, 0xef, 0x01, 0xef, 0x01, 0xef, 0x01, 0xef, 0x01, 0xef, 0x01,
    0xef, 0x01, 0xef, 0x01, 0xef, 0x01, 0xef, 0x01, 0xef, 0x01, 0xef, 0x01,
    0xef, 0x01, 0xef, 0x01, 0xef, 0x01, 0xef, 0x01, 0xef, 0x01, 0xef, 0x01,
    0xef, 0x01, 0xef, 0x01, 0xef, 0x01, 0xef, 0x01, 0xef, 0x01, 0xef, 0x01,
    0xef, 0x01, 0xef, 0x01, 0xef, 0x01, 0xef, 0x01, 0xef, 0x01, 0xef, 0x01,
    0xef, 0x01, 0xef, 0x01, 0xef, 0x01, 0xef, 0x01, 0xef, 0x01, 0xef, 0x01,
    0xef, 0x01, 0xef, 0x01, 0xef, 0x01, 0xef, 0x01, 0xef, 0x01, 0xef, 0x01,
    0xef, 0x01, 0xef, 0x01, 0xef, 0x01, 0xef, 0x01, 0xef, 0x01, 0xef, 0x01,
    0xef, 0x01, 0xef, 0x01, 0xef, 0x01, 0xef, 0x01, 0xef, 0x01, 0xef, 0x01,
    0xef, 0x01, 0xef, 0x01, 0xef, 0x01, 0xef, 0x01, 0xef, 0x01, 0xef, 0x01,
    0xef, 0x01, 0xef, 0x01, 0xef, 0x01, 0xef, 0x01, 0xef, 0x01, 0xef, 0x01,
    0xef, 0x01, 0xef, 0x01, 0xef, 0x01, 0xef, 0x01, 0xef, 0x01, 0xef, 0x01,
    0xef, 0x01, 0xef, 0x01, 0xef, 0x01, 0xef, 0x01, 0xef, 0x01, 0xef, 0x01,
    0xef, 0x01, 0xef, 0x01, 0xef, 0x01, 0xef, 0x01, 0xef, 0x01, 0xef, 0x01,
    0xef, 0x01, 0xad, 0x01, 0xa5, 0x00, 0x00, 0x00, 0x00, 0x00, 0x00, 0x00,
    0x00, 0x00, 0x00, 0x00, 0x00, 0x00, 0x00, 0x00, 0xc6, 0x00, 0xce, 0x01,
    0xef, 0x01, 0xef, 0x01, 0xef, 0x01, 0xef, 0x01, 0xef, 0x01, 0xef, 0x01,
    0xef, 0x01, 0xef, 0x01, 0xef, 0x01, 0xef, 0x01, 0xef, 0x01, 0xef, 0x01,
    0xef, 0x01, 0xef, 0x01, 0xef, 0x01, 0xef, 0x01, 0xd0, 0x01, 0x6d, 0x22,
    0x64, 0xb4, 0x60, 0xfd, 0x60, 0xf5, 0x40, 0xf5, 0x40, 0xf5, 0x60, 0xf5,
    0x40, 0xf5, 0x40, 0xf5, 0x60, 0xf5, 0x60, 0xf5, 0x40, 0xf5, 0x60, 0xf5,
    0x40, 0xf5, 0x40, 0xf5, 0x60, 0xf5, 0x40, 0xf5, 0x40, 0xf5, 0x60, 0xf5,
    0x40, 0xf5, 0x60, 0xf5, 0x60, 0xf5, 0x40, 0xf5, 0x60, 0xf5, 0x40, 0xf5,
    0x60, 0xf5, 0x40, 0xf5, 0x60, 0xf5, 0x40, 0xf5, 0x60, 0xf5, 0x40, 0xf5,
    0x60, 0xf5, 0x40, 0xf5, 0x40, 0xf5, 0x60, 0xf5, 0x40, 0xf5, 0x60, 0xf5,
    0x60, 0xf5, 0x40, 0xf5, 0x40, 0xf5, 0x60, 0xf5, 0x40, 0xf5, 0x60, 0xf5,
    0x60, 0xf5, 0x40, 0xf5, 0x60, 0xf5, 0x60, 0xf5, 0x40, 0xf5, 0x60, 0xf5,
    0x40, 0xf5, 0x40, 0xf5, 0x60, 0xf5, 0x60, 0xfd, 0x80, 0xfd, 0x60, 0xf5,
    0x02, 0xdd, 0x64, 0xb4, 0xe6, 0x8b, 0x69, 0x6b, 0xeb, 0x4a, 0x8c, 0x32,
    0x6d, 0x22, 0x2e, 0x12, 0x0f, 0x0a, 0xcf, 0x01, 0xd0, 0x01, 0xd0, 0x01,
    0xcf, 0x01, 0xd0, 0x01, 0xd0, 0x01, 0xcf, 0x01, 0xd0, 0x01, 0xd0, 0x01,
    0xd0, 0x01, 0xcf, 0x01, 0xd0, 0x01, 0xd0, 0x01, 0xd0, 0x01, 0xcf, 0x01,
    0x0f, 0x0a, 0x2e, 0x12, 0x4d, 0x1a, 0x6d, 0x2a, 0xac, 0x32, 0xeb, 0x42,
    0x29, 0x5b, 0x88, 0x73, 0xe6, 0x93, 0x25, 0xa4, 0x83, 0xbc, 0xe2, 0xd4,
    0x40, 0xed, 0x60, 0xfd, 0x80, 0xfd, 0x80, 0xfd, 0x60, 0xfd, 0x60, 0xfd,
    0x40, 0xf5, 0x40, 0xf5, 0x60, 0xf5, 0x60, 0xf5, 0x40, 0xf5, 0x60, 0xf5,
    0x60, 0xf5, 0x60, 0xf5, 0x60, 0xf5, 0x40, 0xf5, 0x60, 0xf5, 0x40, 0xf5,
    0x60, 0xf5, 0x40, 0xf5, 0x60, 0xfd, 0x80, 0xfd, 0x60, 0xfd, 0x21, 0xe5,
    0x84, 0xbc, 0xa7, 0x7b, 0xcb, 0x42, 0x0f, 0x0a, 0xd0, 0x01, 0xcf, 0x01,
    0xef, 0x01, 0xef, 0x01, 0xef, 0x01, 0xef, 0x01, 0xef, 0x01, 0xef, 0x01,
    0xef, 0x01, 0xef, 0x01, 0xef, 0x01, 0xef, 0x01, 0xef, 0x01, 0xef, 0x01,
    0xef, 0x01, 0xef, 0x01, 0xef, 0x01, 0xef, 0x01, 0xef, 0x01, 0xef, 0x01,
    0xef, 0x01, 0xef, 0x01, 0xef, 0x01, 0xef, 0x01, 0xef, 0x01, 0xef, 0x01,
    0xef, 0x01, 0xef, 0x01, 0xef, 0x01, 0xef, 0x01, 0xef, 0x01, 0xef, 0x01,
    0xef, 0x01, 0xef, 0x01, 0xef, 0x01, 0xef, 0x01, 0xef, 0x01, 0xef, 0x01,
    0xef, 0x01, 0xef, 0x01, 0xef, 0x01, 0xef, 0x01, 0xef, 0x01, 0xef, 0x01,
    0xef, 0x01, 0xef, 0x01, 0xef, 0x01, 0xef, 0x01, 0xef, 0x01, 0xef, 0x01,
    0xef, 0x01, 0xef, 0x01, 0xef, 0x01, 0xef, 0x01, 0xef, 0x01, 0xef, 0x01,
    0xef, 0x01, 0xef, 0x01, 0xef, 0x01, 0xef, 0x01, 0xef, 0x01, 0xef, 0x01,
    0xef, 0x01, 0xef, 0x01, 0xef, 0x01, 0xef, 0x01, 0xef, 0x01, 0xef, 0x01,
    0xef, 0x01, 0xef, 0x01, 0xef, 0x01, 0xef, 0x01, 0xef, 0x01, 0xef, 0x01,
    0xef, 0x01, 0xef, 0x01, 0xef, 0x01, 0xef, 0x01, 0xef, 0x01, 0xef, 0x01,
    0xef, 0x01, 0xef, 0x01, 0xf0, 0x01, 0xce, 0x01, 0xc6, 0x00, 0x00, 0x00,
    0x00, 0x00, 0x00, 0x00, 0x00, 0x00, 0x00, 0x00, 0x00, 0x00, 0x42, 0x00,
    0x6b, 0x01, 0xef, 0x01, 0xef, 0x01, 0xef, 0x01, 0xef, 0x01, 0xef, 0x01,
    0xef, 0x01, 0xef, 0x01, 0xef, 0x01, 0xef, 0x01, 0xef, 0x01, 0xef, 0x01,
    0xef, 0x01, 0xef, 0x01, 0xef, 0x01, 0xef, 0x01, 0xef, 0x01, 0xef, 0x01,
    0xef, 0x01, 0x0a, 0x53, 0x01, 0xdd, 0x60, 0xfd, 0x40, 0xf5, 0x60, 0xf5,
    0x60, 0xf5, 0x40, 0xf5, 0x60, 0xf5, 0x40, 0xf5, 0x60, 0xf5, 0x40, 0xf5,
    0x60, 0xf5, 0x60, 0xf5, 0x40, 0xf5, 0x60, 0xf5, 0x60, 0xf5, 0x40, 0xf5,
    0x60, 0xf5, 0x40, 0xf5, 0x40, 0xf5, 0x60, 0xf5, 0x40, 0xf5, 0x60, 0xf5,
    0x60, 0xf5, 0x40, 0xf5, 0x40, 0xf5, 0x60, 0xf5, 0x40, 0xf5, 0x60, 0xf5,
    0x40, 0xf5, 0x60, 0xf5, 0x60, 0xf5, 0x60, 0xf5, 0x40, 0xf5, 0x60, 0xf5,
    0x40, 0xf5, 0x40, 0xf5, 0x60, 0xf5, 0x40, 0xf5, 0x60, 0xf5, 0x40, 0xf5,
    0x40, 0xf5, 0x60, 0xf5, 0x40, 0xf5, 0x40, 0xf5, 0x60, 0xf5, 0x40, 0xf5,
    0x60, 0xf5, 0x60, 0xf5, 0x40, 0xf5, 0x60, 0xfd, 0x60, 0xfd, 0x21, 0xe5,
    0x84, 0xbc, 0xc7, 0x83, 0x0a, 0x53, 0x6d, 0x2a, 0x2e, 0x12, 0xef, 0x09,
    0xd0, 0x01, 0xd0, 0x01, 0xcf, 0x01, 0xcf, 0x01, 0xcf, 0x01, 0xef, 0x01,
    0xef, 0x01, 0xef, 0x01, 0xef, 0x01, 0xef, 0x01, 0xef, 0x01, 0xef, 0x01,
    0xef, 0x01, 0xef, 0x01, 0xef, 0x01, 0xef, 0x01, 0xef, 0x01, 0xef, 0x01,
    0xef, 0x01, 0xef, 0x01, 0xcf, 0x01, 0xcf, 0x01, 0xd0, 0x01, 0xd0, 0x01,
    0xd0, 0x01, 0xd0, 0x01, 0xef, 0x01, 0xef, 0x09, 0x2e, 0x12, 0x4d, 0x22,
    0xac, 0x3a, 0x0a, 0x53, 0x68, 0x73, 0xc7, 0x8b, 0x44, 0xac, 0xc2, 0xcc,
    0x21, 0xe5, 0x40, 0xf5, 0x60, 0xfd, 0x80, 0xfd, 0x60, 0xfd, 0x60, 0xf5,
    0x40, 0xf5, 0x40, 0xf5, 0x40, 0xf5, 0x60, 0xf5, 0x40, 0xf5, 0x60, 0xf5,
    0x60, 0xf5, 0x40, 0xf5, 0x60, 0xf5, 0x60, 0xf5, 0x40, 0xf5, 0x40, 0xf5,
    0x60, 0xf5, 0x60, 0xfd, 0x60, 0xfd, 0x41, 0xed, 0xa3, 0xc4, 0xc7, 0x83,
    0xeb, 0x4a, 0x2e, 0x1a, 0xef, 0x01, 0xd0, 0x01, 0xef, 0x01, 0xef, 0x01,
    0xef, 0x01, 0xef, 0x01, 0xef, 0x01, 0xef, 0x01, 0xef, 0x01, 0xef, 0x01,
    0xef, 0x01, 0xef, 0x01, 0xef, 0x01, 0xef, 0x01, 0xef, 0x01, 0xef, 0x01,
    0xef, 0x01, 0xef, 0x01, 0xef, 0x01, 0xef, 0x01, 0xef, 0x01, 0xef, 0x01,
    0xef, 0x01, 0xef, 0x01, 0xef, 0x01, 0xef, 0x01, 0xef, 0x01, 0xef, 0x01,
    0xef, 0x01, 0xef, 0x01, 0xef, 0x01, 0xef, 0x01, 0xef, 0x01, 0xef, 0x01,
    0xef, 0x01, 0xef, 0x01, 0xef, 0x01, 0xef, 0x01, 0xef, 0x01, 0xef, 0x01,
    0xef, 0x01, 0xef, 0x01, 0xef, 0x01, 0xef, 0x01, 0xef, 0x01, 0xef, 0x01,
    0xef, 0x01, 0xef, 0x01, 0xef, 0x01, 0xef, 0x01, 0xef, 0x01, 0xef, 0x01,
    0xef, 0x01, 0xef, 0x01, 0xef, 0x01, 0xef, 0x01, 0xef, 0x01, 0xef, 0x01,
    0xef, 0x01, 0xef, 0x01, 0xef, 0x01, 0xef, 0x01, 0xef, 0x01, 0xef, 0x01,
    0xef, 0x01, 0xef, 0x01, 0xef, 0x01, 0xef, 0x01, 0xef, 0x01, 0xef, 0x01,
    0xef, 0x01, 0xef, 0x01, 0xef, 0x01, 0xef, 0x01, 0xef, 0x01, 0xef, 0x01,
    0xef, 0x01, 0xef, 0x01, 0xef, 0x01, 0xef, 0x01, 0xf0, 0x01, 0xef, 0x01,
    0x08, 0x01, 0x00, 0x00, 0x00, 0x00, 0x00, 0x00, 0x00, 0x00, 0x00, 0x00,
    0x00, 0x00, 0xe7, 0x00, 0xce, 0x01, 0x0f, 0x02, 0xef, 0x01, 0xef, 0x01,
    0xef, 0x01, 0xef, 0x01, 0xef, 0x01, 0xef, 0x01, 0xef, 0x01, 0xef, 0x01,
    0xef, 0x01, 0xef, 0x01, 0xef, 0x01, 0xef, 0x01, 0xef, 0x01, 0xef, 0x01,
    0xef, 0x01, 0xd0, 0x01, 0x0e, 0x12, 0xc7, 0x83, 0x40, 0xf5, 0x60, 0xf5,
    0x60, 0xf5, 0x40, 0xf5, 0x40, 0xf5, 0x60, 0xf5, 0x60, 0xf5, 0x40, 0xf5,
    0x40, 0xf5, 0x60, 0xf5, 0x40, 0xf5, 0x40, 0xf5, 0x60, 0xf5, 0x40, 0xf5,
    0x40, 0xf5, 0x60, 0xf5, 0x60, 0xf5, 0x40, 0xf5, 0x60, 0xf5, 0x40, 0xf5,
    0x40, 0xf5, 0x60, 0xf5, 0x40, 0xf5, 0x60, 0xf5, 0x60, 0xf5, 0x40, 0xf5,
    0x60, 0xf5, 0x40, 0xf5, 0x40, 0xf5, 0x60, 0xf5, 0x40, 0xf5, 0x40, 0xf5,
    0x60, 0xf5, 0x60, 0xf5, 0x40, 0xf5, 0x60, 0xf5, 0x60, 0xf5, 0x40, 0xf5,
    0x60, 0xf5, 0x60, 0xf5, 0x40, 0xf5, 0x60, 0xf5, 0x40, 0xf5, 0x60, 0xf5,
    0x40, 0xf5, 0x40, 0xf5, 0x60, 0xf5, 0x60, 0xf5, 0x80, 0xfd, 0x21, 0xed,
    0x64, 0xac, 0x69, 0x6b, 0x8c, 0x32, 0x0e, 0x0a, 0xcf, 0x01, 0xd0, 0x01,
    0xcf, 0x01, 0xef, 0x01, 0xef, 0x01, 0xef, 0x01, 0xef, 0x01, 0xef, 0x01,
    0xef, 0x01, 0xef, 0x01, 0xef, 0x01, 0xef, 0x01, 0xef, 0x01, 0xef, 0x01,
    0xef, 0x01, 0xef, 0x01, 0xef, 0x01, 0xef, 0x01, 0xef, 0x01, 0xef, 0x01,
    0xef, 0x01, 0xef, 0x01, 0xef, 0x01, 0xef, 0x01, 0xef, 0x01, 0xef, 0x01,
    0xef, 0x01, 0xef, 0x01, 0xef, 0x01, 0xef, 0x01, 0xcf, 0x01, 0xef, 0x01,
    0xd0, 0x01, 0xd0, 0x01, 0xcf, 0x01, 0xcf, 0x01, 0xef, 0x01, 0x0f, 0x0a,
    0x6d, 0x2a, 0xcb, 0x42, 0x49, 0x63, 0xc7, 0x83, 0x45, 0xac, 0xc3, 0xcc,
    0x21, 0xe5, 0x60, 0xfd, 0x80, 0xfd, 0x60, 0xfd, 0x60, 0xfd, 0x60, 0xf5,
    0x60, 0xf5, 0x60, 0xfd, 0x60, 0xf5, 0x60, 0xf5, 0x60, 0xfd, 0x60, 0xf5,
    0x60, 0xf5, 0x60, 0xf5, 0x60, 0xf5, 0x60, 0xfd, 0x60, 0xf5, 0x60, 0xfd,
    0x80, 0xfd, 0x60, 0xf5, 0xe2, 0xd4, 0x06, 0x94, 0x0a, 0x53, 0x4d, 0x1a,
    0xef, 0x01, 0xd0, 0x01, 0xef, 0x01, 0xef, 0x01, 0xef, 0x01, 0xef, 0x01,
    0xef, 0x01, 0xef, 0x01, 0xef, 0x01, 0xef, 0x01, 0xef, 0x01, 0xef, 0x01,
    0xef, 0x01, 0xef, 0x01, 0xef, 0x01, 0xef, 0x01, 0xef, 0x01, 0xef, 0x01,
    0xef, 0x01, 0xef, 0x01, 0xef, 0x01, 0xef, 0x01, 0xef, 0x01, 0xef, 0x01,
    0xef, 0x01, 0xef, 0x01, 0xef, 0x01, 0xef, 0x01, 0xef, 0x01, 0xef, 0x01,
    0xef, 0x01, 0xef, 0x01, 0xef, 0x01, 0xef, 0x01, 0xef, 0x01, 0xef, 0x01,
    0xef, 0x01, 0xef, 0x01, 0xef, 0x01, 0xef, 0x01, 0xef, 0x01, 0xef, 0x01,
    0xef, 0x01, 0xef, 0x01, 0xef, 0x01, 0xef, 0x01, 0xef, 0x01, 0xef, 0x01,
    0xef, 0x01, 0xef, 0x01, 0xef, 0x01, 0xef, 0x01, 0xef, 0x01, 0xef, 0x01,
    0xef, 0x01, 0xef, 0x01, 0xef, 0x01, 0xef, 0x01, 0xef, 0x01, 0xef, 0x01,
    0xef, 0x01, 0xef, 0x01, 0xef, 0x01, 0xef, 0x01, 0xef, 0x01, 0xef, 0x01,
    0xef, 0x01, 0xef, 0x01, 0xef, 0x01, 0xef, 0x01, 0xef, 0x01, 0xef, 0x01,
    0xef, 0x01, 0xef, 0x01, 0xef, 0x01, 0xef, 0x01, 0xef, 0x01, 0xef, 0x01,
    0xef, 0x01, 0xef, 0x01, 0x29, 0x01, 0x21, 0x00, 0x00, 0x00, 0x00, 0x00,
    0x00, 0x00, 0x00, 0x00, 0x42, 0x00, 0x8b, 0x01, 0xef, 0x01, 0xef, 0x01,
    0xef, 0x01, 0xef, 0x01, 0xef, 0x01, 0xef, 0x01, 0xef, 0x01, 0xef, 0x01,
    0xef, 0x01, 0xef, 0x01, 0xef, 0x01, 0xef, 0x01, 0xef, 0x01, 0xef, 0x01,
    0xef, 0x01, 0xef, 0x01, 0xef, 0x01, 0xcf, 0x01, 0x4d, 0x22, 0x45, 0xa4,
    0x60, 0xfd, 0x60, 0xf5, 0x40, 0xf5, 0x60, 0xf5, 0x40, 0xf5, 0x40, 0xf5,
    0x60, 0xf5, 0x60, 0xf5, 0x40, 0xf5, 0x60, 0xf5, 0x60, 0xf5, 0x40, 0xf5,
    0x60, 0xf5, 0x60, 0xf5, 0x40, 0xf5, 0x60, 0xf5, 0x40, 0xf5, 0x60, 0xf5,
    0x60, 0xf5, 0x40, 0xf5, 0x60, 0xf5, 0x40, 0xf5, 0x40, 0xf5, 0x60, 0xf5,
    0x40, 0xf5, 0x60, 0xf5, 0x60, 0xf5, 0x40, 0xf5, 0x60, 0xf5, 0x40, 0xf5,
    0x60, 0xf5, 0x40, 0xf5, 0x60, 0xf5, 0x40, 0xf5, 0x40, 0xf5, 0x60, 0xf5,
    0x40, 0xf5, 0x40, 0xf5, 0x60, 0xf5, 0x40, 0xf5, 0x60, 0xf5, 0x40, 0xf5,
    0x60, 0xf5, 0x60, 0xf5, 0x40, 0xf5, 0x60, 0xf5, 0x60, 0xfd, 0x40, 0xf5,
    0xa3, 0xc4, 0x88, 0x73, 0x8d, 0x2a, 0xef, 0x01, 0xd0, 0x01, 0xcf, 0x01,
    0xef, 0x01, 0xef, 0x01, 0xef, 0x01, 0xef, 0x01, 0xef, 0x01, 0xef, 0x01,
    0xef, 0x01, 0xef, 0x01, 0xef, 0x01, 0xef, 0x01, 0xef, 0x01, 0xef, 0x01,
    0xef, 0x01, 0xef, 0x01, 0xef, 0x01, 0xef, 0x01, 0xef, 0x01, 0xef, 0x01,
    0xef, 0x01, 0xef, 0x01, 0xef, 0x01, 0xef, 0x01, 0xef, 0x01, 0xef, 0x01,
    0xef, 0x01, 0xef, 0x01, 0xef, 0x01, 0xef, 0x01, 0xef, 0x01, 0xef, 0x01,
    0xef, 0x01, 0xef, 0x01, 0xef, 0x01, 0xef, 0x01, 0xef, 0x01, 0xef, 0x01,
    0xef, 0x01, 0xef, 0x01, 0xd0, 0x01, 0xd0, 0x01, 0xcf, 0x01, 0x2e, 0x12,
    0x6d, 0x22, 0xeb, 0x42, 0x68, 0x6b, 0x06, 0x94, 0x84, 0xb4, 0x02, 0xdd,
    0x40, 0xf5, 0x60, 0xfd, 0x60, 0xfd, 0x60, 0xf5, 0x60, 0xfd, 0x60, 0xfd,
    0x60, 0xf5, 0x60, 0xfd, 0x60, 0xfd, 0x60, 0xfd, 0x60, 0xfd, 0x60, 0xf5,
    0x60, 0xfd, 0x60, 0xfd, 0x60, 0xfd, 0x60, 0xfd, 0x80, 0xfd, 0x60, 0xfd,
    0xe2, 0xd4, 0x06, 0x9c, 0x2a, 0x5b, 0x6d, 0x22, 0xef, 0x01, 0xef, 0x01,
    0xef, 0x01, 0xef, 0x01, 0xef, 0x01, 0xef, 0x01, 0xef, 0x01, 0xef, 0x01,
    0xef, 0x01, 0xef, 0x01, 0xef, 0x01, 0xef, 0x01, 0xef, 0x01, 0xef, 0x01,
    0xef, 0x01, 0xef, 0x01, 0xef, 0x01, 0xef, 0x01, 0xef, 0x01, 0xef, 0x01,
    0xef, 0x01, 0xef, 0x01, 0xef, 0x01, 0xef, 0x01, 0xef, 0x01, 0xef, 0x01,
    0xef, 0x01, 0xef, 0x01, 0xef, 0x01, 0xef, 0x01, 0xef, 0x01, 0xef, 0x01,
    0xef, 0x01, 0xef, 0x01, 0xef, 0x01, 0xef, 0x01, 0xef, 0x01, 0xef, 0x01,
    0xef, 0x01, 0xef, 0x01, 0xef, 0x01, 0xef, 0x01, 0xef, 0x01, 0xef, 0x01,
    0xef, 0x01, 0xef, 0x01, 0xef, 0x01, 0xef, 0x01, 0xef, 0x01, 0xef, 0x01,
    0xef, 0x01, 0xef, 0x01, 0xef, 0x01, 0xef, 0x01, 0xef, 0x01, 0xef, 0x01,
    0xef, 0x01, 0xef, 0x01, 0xef, 0x01, 0xef, 0x01, 0xef, 0x01, 0xef, 0x01,
    0xef, 0x01, 0xef, 0x01, 0xef, 0x01, 0xef, 0x01, 0xef, 0x01, 0xef, 0x01,
    0xef, 0x01, 0xef, 0x01, 0xef, 0x01, 0xef, 0x01, 0xef, 0x01, 0xef, 0x01,
    0xef, 0x01, 0xef, 0x01, 0xef, 0x01, 0xef, 0x01, 0x4a, 0x01, 0x42, 0x00,
    0x00, 0x00, 0x00, 0x00, 0x00, 0x00, 0x00, 0x00, 0xe7, 0x00, 0xce, 0x01,
    0xf0, 0x01, 0xef, 0x01, 0xef, 0x01, 0xef, 0x01, 0xef, 0x01, 0xef, 0x01,
    0xef, 0x01, 0xef, 0x01, 0xef, 0x01, 0xef, 0x01, 0xef, 0x01, 0xef, 0x01,
    0xef, 0x01, 0xef, 0x01, 0xef, 0x01, 0xef, 0x01, 0xef, 0x01, 0xf0, 0x01,
    0xac, 0x32, 0xa3, 0xc4, 0x60, 0xf5, 0x60, 0xf5, 0x40, 0xf5, 0x60, 0xf5,
    0x60, 0xf5, 0x40, 0xf5, 0x40, 0xf5, 0x60, 0xf5, 0x40, 0xf5, 0x40, 0xf5,
    0x60, 0xf5, 0x40, 0xf5, 0x40, 0xf5, 0x60, 0xf5, 0x40, 0xf5, 0x40, 0xf5,
    0x60, 0xf5, 0x40, 0xf5, 0x40, 0xf5, 0x60, 0xf5, 0x60, 0xf5, 0x40, 0xf5,
    0x60, 0xf5, 0x40, 0xf5, 0x40, 0xf5, 0x60, 0xf5, 0x40, 0xf5, 0x60, 0xf5,
    0x40, 0xf5, 0x60, 0xf5, 0x40, 0xf5, 0x60, 0xf5, 0x40, 0xf5, 0x60, 0xf5,
    0x60, 0xf5, 0x40, 0xf5, 0x60, 0xf5, 0x60, 0xf5, 0x40, 0xf5, 0x40, 0xf5,
    0x60, 0xf5, 0x40, 0xf5, 0x40, 0xf5, 0x60, 0xf5, 0x60, 0xf5, 0x60, 0xfd,
    0x21, 0xed, 0x26, 0x9c, 0xcb, 0x3a, 0xef, 0x01, 0xd0, 0x01, 0xcf, 0x01,
    0xef, 0x01, 0xef, 0x01, 0xef, 0x01, 0xef, 0x01, 0xef, 0x01, 0xef, 0x01,
    0xef, 0x01, 0xef, 0x01, 0xef, 0x01, 0xef, 0x01, 0xef, 0x01, 0xef, 0x01,
    0xef, 0x01, 0xef, 0x01, 0xef, 0x01, 0xef, 0x01, 0xef, 0x01, 0xef, 0x01,
    0xef, 0x01, 0xef, 0x01, 0xef, 0x01, 0xef, 0x01, 0xef, 0x01, 0xef, 0x01,
    0xef, 0x01, 0xef, 0x01, 0xef, 0x01, 0xef, 0x01, 0xef, 0x01, 0xef, 0x01,
    0xef, 0x01, 0xef, 0x01, 0xef, 0x01, 0xef, 0x01, 0xef, 0x01, 0xef, 0x01,
    0xef, 0x01, 0xef, 0x01, 0xef, 0x01, 0xef, 0x01, 0xef, 0x01, 0xef, 0x01,
    0xef, 0x01, 0xcf, 0x01, 0xd0, 0x01, 0xcf, 0x01, 0xef, 0x01, 0x0e, 0x12,
    0x8c, 0x32, 0x2a, 0x5b, 0xc7, 0x83, 0x25, 0xa4, 0x25, 0xa4, 0x25, 0xa4,
    0x25, 0xa4, 0x25, 0xa4, 0x25, 0xa4, 0x25, 0xa4, 0x25, 0xa4, 0x25, 0xa4,
    0x25, 0xa4, 0x25, 0xa4, 0x25, 0xa4, 0x25, 0xa4, 0x25, 0xa4, 0x25, 0xa4,
    0x25, 0xa4, 0x45, 0xa4, 0x44, 0xac, 0x45, 0xa4, 0xc7, 0x8b, 0xeb, 0x42,
    0x0e, 0x0a, 0xef, 0x01, 0xef, 0x01, 0xef, 0x01, 0xef, 0x01, 0xef, 0x01,
    0xef, 0x01, 0xef, 0x01, 0xef, 0x01, 0xef, 0x01, 0xef, 0x01, 0xef, 0x01,
    0xef, 0x01, 0xef, 0x01, 0xef, 0x01, 0xef, 0x01, 0xef, 0x01, 0xef, 0x01,
    0xef, 0x01, 0xef, 0x01, 0xef, 0x01, 0xef, 0x01, 0xef, 0x01, 0xef, 0x01,
    0xef, 0x01, 0xef, 0x01, 0xef, 0x01, 0xef, 0x01, 0xef, 0x01, 0xef, 0x01,
    0xef, 0x01, 0xef, 0x01, 0xef, 0x01, 0xef, 0x01, 0xef, 0x01, 0xef, 0x01,
    0xef, 0x01, 0xef, 0x01, 0xef, 0x01, 0xef, 0x01, 0xef, 0x01, 0xef, 0x01,
    0xef, 0x01, 0xef, 0x01, 0xef, 0x01, 0xef, 0x01, 0xef, 0x01, 0xef, 0x01,
    0xef, 0x01, 0xef, 0x01, 0xef, 0x01, 0xef, 0x01, 0xef, 0x01, 0xef, 0x01,
    0xef, 0x01, 0xef, 0x01, 0xef, 0x01, 0xef, 0x01, 0xef, 0x01, 0xef, 0x01,
    0xef, 0x01, 0xef, 0x01, 0xef, 0x01, 0xef, 0x01, 0xef, 0x01, 0xef, 0x01,
    0xef, 0x01, 0xef, 0x01, 0xef, 0x01, 0xef, 0x01, 0xef, 0x01, 0xef, 0x01,
    0xef, 0x01, 0xef, 0x01, 0xef, 0x01, 0xef, 0x01, 0xef, 0x01, 0xef, 0x01,
    0x6b, 0x01, 0x63, 0x00, 0x00, 0x00, 0x00, 0x00, 0x00, 0x00, 0x42, 0x00,
    0x6b, 0x01, 0xef, 0x01, 0xef, 0x01, 0xef, 0x01, 0xef, 0x01, 0xef, 0x01,
    0xef, 0x01, 0xef, 0x01, 0xef, 0x01, 0xef, 0x01, 0xef, 0x01, 0xef, 0x01,
    0xef, 0x01, 0xef, 0x01, 0xef, 0x01, 0xef, 0x01, 0xef, 0x01, 0xef, 0x01,
    0xef, 0x01, 0xef, 0x01, 0xeb, 0x4a, 0xe2, 0xdc, 0x60, 0xfd, 0x40, 0xf5,
    0x60, 0xf5, 0x40, 0xf5, 0x60, 0xf5, 0x60, 0xf5, 0x40, 0xf5, 0x60, 0xf5,
    0x60, 0xf5, 0x40, 0xf5, 0x60, 0xf5, 0x60, 0xf5, 0x40, 0xf5, 0x60, 0xf5,
    0x60, 0xf5, 0x40, 0xf5, 0x60, 0xf5, 0x60, 0xf5, 0x40, 0xf5, 0x60, 0xf5,
    0x40, 0xf5, 0x60, 0xf5, 0x60, 0xf5, 0x40, 0xf5, 0x60, 0xf5, 0x40, 0xf5,
    0x40, 0xf5, 0x60, 0xf5, 0x60, 0xf5, 0x40, 0xf5, 0x60, 0xf5, 0x40, 0xf5,
    0x60, 0xf5, 0x40, 0xf5, 0x40, 0xf5, 0x60, 0xf5, 0x40, 0xf5, 0x60, 0xf5,
    0x40, 0xf5, 0x60, 0xf5, 0x60, 0xf5, 0x40, 0xf5, 0x60, 0xf5, 0x40, 0xf5,
    0x60, 0xfd, 0x01, 0xe5, 0xc7, 0x83, 0x6d, 0x22, 0xd0, 0x01, 0xcf, 0x01,
    0xef, 0x01, 0xef, 0x01, 0xef, 0x01, 0xef, 0x01, 0xef, 0x01, 0xef, 0x01,
    0xef, 0x01, 0xef, 0x01, 0xef, 0x01, 0xef, 0x01, 0xef, 0x01, 0xef, 0x01,
    0xef, 0x01, 0xef, 0x01, 0xef, 0x01, 0xef, 0x01, 0xef, 0x01, 0xef, 0x01,
    0xef, 0x01, 0xef, 0x01, 0xef, 0x01, 0xef, 0x01, 0xef, 0x01, 0xef, 0x01,
    0xef, 0x01, 0xef, 0x01, 0xef, 0x01, 0xef, 0x01, 0xef, 0x01, 0xef, 0x01,
    0xef, 0x01, 0xef, 0x01, 0xef, 0x01, 0xef, 0x01, 0xef, 0x01, 0xef, 0x01,
    0xef, 0x01, 0xef, 0x01, 0xef, 0x01, 0xef, 0x01, 0xef, 0x01, 0xef, 0x01,
    0xef, 0x01, 0xef, 0x01, 0xef, 0x01, 0xef, 0x01, 0xef, 0x01, 0xef, 0x01,
    0xef, 0x01, 0xcf, 0x01, 0xcf, 0x01, 0xd0, 0x01, 0xef, 0x09, 0x4d, 0x1a,
    0x6d, 0x22, 0x4d, 0x22, 0x4d, 0x22, 0x4d, 0x22, 0x4d, 0x22, 0x4d, 0x22,
    0x4d, 0x22, 0x4d, 0x1a, 0x4d, 0x22, 0x4d, 0x22, 0x4d, 0x22, 0x6d, 0x1a,
    0x4d, 0x22, 0x4d, 0x22, 0x4d, 0x22, 0x4d, 0x22, 0x4d, 0x22, 0x6d, 0x22,
    0x6d, 0x22, 0x6d, 0x22, 0x0e, 0x0a, 0xef, 0x01, 0xef, 0x01, 0xef, 0x01,
    0xef, 0x01, 0xef, 0x01, 0xef, 0x01, 0xef, 0x01, 0xef, 0x01, 0xef, 0x01,
    0xef, 0x01, 0xef, 0x01, 0xef, 0x01, 0xef, 0x01, 0xef, 0x01, 0xef, 0x01,
    0xef, 0x01, 0xef, 0x01, 0xef, 0x01, 0xef, 0x01, 0xef, 0x01, 0xef, 0x01,
    0xef, 0x01, 0xef, 0x01, 0xef, 0x01, 0xef, 0x01, 0xef, 0x01, 0xef, 0x01,
    0xef, 0x01, 0xef, 0x01, 0xef, 0x01, 0xef, 0x01, 0xef, 0x01, 0xef, 0x01,
    0xef, 0x01, 0xef, 0x01, 0xef, 0x01, 0xef, 0x01, 0xef, 0x01, 0xef, 0x01,
    0xef, 0x01, 0xef, 0x01, 0xef, 0x01, 0xef, 0x01, 0xef, 0x01, 0xef, 0x01,
    0xef, 0x01, 0xef, 0x01, 0xef, 0x01, 0xef, 0x01, 0xef, 0x01, 0xef, 0x01,
    0xef, 0x01, 0xef, 0x01, 0xef, 0x01, 0xef, 0x01, 0xef, 0x01, 0xef, 0x01,
    0xef, 0x01, 0xef, 0x01, 0xef, 0x01, 0xef, 0x01, 0xef, 0x01, 0xef, 0x01,
    0xef, 0x01, 0xef, 0x01, 0xef, 0x01, 0xef, 0x01, 0xef, 0x01, 0xef, 0x01,
    0xef, 0x01, 0xef, 0x01, 0xef, 0x01, 0xef, 0x01, 0xef, 0x01, 0xef, 0x01,
    0xef, 0x01, 0xef, 0x01, 0x8c, 0x01, 0x84, 0x00, 0x00, 0x00, 0x00, 0x00,
    0x00, 0x00, 0xe7, 0x00, 0xce, 0x01, 0xf0, 0x01, 0xef, 0x01, 0xef, 0x01,
    0xef, 0x01, 0xef, 0x01, 0xef, 0x01, 0xef, 0x01, 0xef, 0x01, 0xef, 0x01,
    0xef, 0x01, 0xef, 0x01, 0xef, 0x01, 0xef, 0x01, 0xef, 0x01, 0xef, 0x01,
    0xef, 0x01, 0xef, 0x01, 0xcf, 0x01, 0xef, 0x01, 0x0a, 0x53, 0x21, 0xed,
    0x60, 0xf5, 0x60, 0xf5, 0x40, 0xf5, 0x40, 0xf5, 0x60, 0xf5, 0x40, 0xf5,
    0x40, 0xf5, 0x60, 0xf5, 0x40, 0xf5, 0x40, 0xf5, 0x60, 0xf5, 0x40, 0xf5,
    0x40, 0xf5, 0x60, 0xf5, 0x40, 0xf5, 0x40, 0xf5, 0x60, 0xf5, 0x40, 0xf5,
    0x60, 0xf5, 0x40, 0xf5, 0x40, 0xf5, 0x60, 0xf5, 0x40, 0xf5, 0x60, 0xf5,
    0x60, 0xf5, 0x40, 0xf5, 0x60, 0xf5, 0x40, 0xf5, 0x40, 0xf5, 0x60, 0xf5,
    0x40, 0xf5, 0x60, 0xf5, 0x60, 0xf5, 0x40, 0xf5, 0x60, 0xf5, 0x40, 0xf5,
    0x60, 0xf5, 0x40, 0xf5, 0x60, 0xf5, 0x40, 0xf5, 0x60, 0xf5, 0x60, 0xf5,
    0x40, 0xf5, 0x60, 0xfd, 0x21, 0xe5, 0xa8, 0x7b, 0x2e, 0x12, 0xd0, 0x01,
    0xef, 0x01, 0xef, 0x01, 0xef, 0x01, 0xef, 0x01, 0xef, 0x01, 0xef, 0x01,
    0xef, 0x01, 0xef, 0x01, 0xef, 0x01, 0xef, 0x01, 0xef, 0x01, 0xef, 0x01,
    0xef, 0x01, 0xef, 0x01, 0xef, 0x01, 0xef, 0x01, 0xef, 0x01, 0xef, 0x01,
    0xef, 0x01, 0xef, 0x01, 0xef, 0x01, 0xef, 0x01, 0xef, 0x01, 0xef, 0x01,
    0xef, 0x01, 0xef, 0x01, 0xef, 0x01, 0xef, 0x01, 0xef, 0x01, 0xef, 0x01,
    0xef, 0x01, 0xef, 0x01, 0xef, 0x01, 0xef, 0x01, 0xef, 0x01, 0xef, 0x01,
    0xef, 0x01, 0xef, 0x01, 0xef, 0x01, 0xef, 0x01, 0xef, 0x01, 0xef, 0x01,
    0xef, 0x01, 0xef, 0x01, 0xef, 0x01, 0xef, 0x01, 0xef, 0x01, 0xef, 0x01,
    0xef, 0x01, 0xef, 0x01, 0xef, 0x01, 0xef, 0x01, 0xef, 0x01, 0xef, 0x01,
    0xcf, 0x01, 0xcf, 0x01, 0xcf, 0x01, 0xcf, 0x01, 0xcf, 0x01, 0xd0, 0x01,
    0xcf, 0x01, 0xcf, 0x01, 0xef, 0x01, 0xcf, 0x01, 0xcf, 0x01, 0xef, 0x01,
    0xcf, 0x01, 0xcf, 0x01, 0xef, 0x01, 0xcf, 0x01, 0xf0, 0x01, 0xcf, 0x01,
    0xcf, 0x01, 0xcf, 0x01, 0xcf, 0x01, 0xef, 0x01, 0xef, 0x01, 0xef, 0x01,
    0xef, 0x01, 0xef, 0x01, 0xef, 0x01, 0xef, 0x01, 0xef, 0x01, 0xef, 0x01,
    0xef, 0x01, 0xef, 0x01, 0xef, 0x01, 0xef, 0x01, 0xef, 0x01, 0xef, 0x01,
    0xef, 0x01, 0xef, 0x01, 0xef, 0x01, 0xef, 0x01, 0xef, 0x01, 0xef, 0x01,
    0xef, 0x01, 0xef, 0x01, 0xef, 0x01, 0xef, 0x01, 0xef, 0x01, 0xef, 0x01,
    0xef, 0x01, 0xef, 0x01, 0xef, 0x01, 0xef, 0x01, 0xef, 0x01, 0xef, 0x01,
    0xef, 0x01, 0xef, 0x01, 0xef, 0x01, 0xef, 0x01, 0xef, 0x01, 0xef, 0x01,
    0xef, 0x01, 0xef, 0x01, 0xef, 0x01, 0xef, 0x01, 0xef, 0x01, 0xef, 0x01,
    0xef, 0x01, 0xef, 0x01, 0xef, 0x01, 0xef, 0x01, 0xef, 0x01, 0xef, 0x01,
    0xef, 0x01, 0xef, 0x01, 0xef, 0x01, 0xef, 0x01, 0xef, 0x01, 0xef, 0x01,
    0xef, 0x01, 0xef, 0x01, 0xef, 0x01, 0xef, 0x01, 0xef, 0x01, 0xef, 0x01,
    0xef, 0x01, 0xef, 0x01, 0xef, 0x01, 0xef, 0x01, 0xef, 0x01, 0xef, 0x01,
    0xef, 0x01, 0xef, 0x01, 0xef, 0x01, 0xef, 0x01, 0xef, 0x01, 0xef, 0x01,
    0xef, 0x01, 0xef, 0x01, 0xef, 0x01, 0xef, 0x01, 0xcd, 0x01, 0x85, 0x00,
    0x00, 0x00, 0x00, 0x00, 0x42, 0x00, 0x4b, 0x01, 0xef, 0x01, 0xef, 0x01,
    0xef, 0x01, 0xef, 0x01, 0xef, 0x01, 0xef, 0x01, 0xef, 0x01, 0xef, 0x01,
    0xef, 0x01, 0xef, 0x01, 0xef, 0x01, 0xef, 0x01, 0xef, 0x01, 0xef, 0x01,
    0xef, 0x01, 0xef, 0x01, 0xef, 0x01, 0xef, 0x01, 0xcf, 0x01, 0xef, 0x01,
    0x0a, 0x5b, 0x40, 0xf5, 0x60, 0xf5, 0x40, 0xf5, 0x60, 0xf5, 0x60, 0xf5,
    0x40, 0xf5, 0x60, 0xf5, 0x60, 0xf5, 0x40, 0xf5, 0x60, 0xf5, 0x60, 0xf5,
    0x40, 0xf5, 0x60, 0xf5, 0x60, 0xf5, 0x40, 0xf5, 0x60, 0xf5, 0x60, 0xf5,
    0x40, 0xf5, 0x40, 0xf5, 0x60, 0xf5, 0x60, 0xf5, 0x40, 0xf5, 0x40, 0xf5,
    0x60, 0xf5, 0x40, 0xf5, 0x40, 0xf5, 0x60, 0xf5, 0x60, 0xf5, 0x40, 0xf5,
    0x60, 0xf5, 0x40, 0xf5, 0x40, 0xf5, 0x60, 0xf5, 0x40, 0xf5, 0x60, 0xf5,
    0x40, 0xf5, 0x60, 0xf5, 0x40, 0xf5, 0x60, 0xf5, 0x40, 0xf5, 0x40, 0xf5,
    0x40, 0xf5, 0x60, 0xf5, 0x60, 0xfd, 0x41, 0xed, 0xc7, 0x8b, 0x2e, 0x12,
    0xcf, 0x01, 0xef, 0x01, 0xef, 0x01, 0xef, 0x01, 0xef, 0x01, 0xef, 0x01,
    0xcf, 0x01, 0xcf, 0x01, 0xcf, 0x01, 0xcf, 0x01, 0xcf, 0x01, 0xcf, 0x01,
    0xcf, 0x01, 0xcf, 0x01, 0xcf, 0x01, 0xcf, 0x01, 0xcf, 0x01, 0xcf, 0x01,
    0xcf, 0x01, 0xcf, 0x01, 0xce, 0x01, 0xcf, 0x01, 0xcf, 0x01, 0xce, 0x01,
    0xcf, 0x01, 0xce, 0x01, 0xcf, 0x01, 0xce, 0x01, 0xcf, 0x01, 0xcf, 0x01,
    0xce, 0x01, 0xcf, 0x01, 0xcf, 0x01, 0xce, 0x01, 0xcf, 0x01, 0xcf, 0x01,
    0xce, 0x01, 0xcf, 0x01, 0xef, 0x01, 0xef, 0x01, 0xef, 0x01, 0xef, 0x01,
    0xcf, 0x01, 0xcf, 0x01, 0xcf, 0x01, 0xcf, 0x01, 0xcf, 0x01, 0xcf, 0x01,
    0xcf, 0x01, 0xcf, 0x01, 0xcf, 0x01, 0xcf, 0x01, 0xcf, 0x01, 0xcf, 0x01,
    0xcf, 0x01, 0xcf, 0x01, 0xef, 0x01, 0xef, 0x01, 0xef, 0x01, 0xef, 0x01,
    0xef, 0x01, 0xef, 0x01, 0xef, 0x01, 0xef, 0x01, 0xcf, 0x01, 0xcf, 0x01,
    0xcf, 0x01, 0xcf, 0x01, 0xcf, 0x01, 0xcf, 0x01, 0xcf, 0x01, 0xcf, 0x01,
    0xcf, 0x01, 0xcf, 0x01, 0xcf, 0x01, 0xcf, 0x01, 0xcf, 0x01, 0xef, 0x01,
    0xef, 0x01, 0xef, 0x01, 0xef, 0x01, 0xef, 0x01, 0xef, 0x01, 0xcf, 0x01,
    0xcf, 0x01, 0xef, 0x01, 0xef, 0x01, 0xcf, 0x01, 0xef, 0x01, 0xef, 0x01,
    0xcf, 0x01, 0xef, 0x01, 0xef, 0x01, 0xcf, 0x01, 0xef, 0x01, 0xef, 0x01,
    0xcf, 0x01, 0xef, 0x01, 0xef, 0x01, 0xcf, 0x01, 0xef, 0x01, 0xef, 0x01,
    0xef, 0x01, 0xcf, 0x01, 0xef, 0x01, 0xef, 0x01, 0xef, 0x01, 0xef, 0x01,
    0xef, 0x01, 0xef, 0x01, 0xef, 0x01, 0xef, 0x01, 0xef, 0x01, 0xef, 0x01,
    0xef, 0x01, 0xef, 0x01, 0xef, 0x01, 0xef, 0x01, 0xef, 0x01, 0xef, 0x01,
    0xef, 0x01, 0xef, 0x01, 0xef, 0x01, 0xef, 0x01, 0xef, 0x01, 0xef, 0x01,
    0xef, 0x01, 0xef, 0x01, 0xef, 0x01, 0xef, 0x01, 0xef, 0x01, 0xef, 0x01,
    0xef, 0x01, 0xef, 0x01, 0xef, 0x01, 0xef, 0x01, 0xef, 0x01, 0xef, 0x01,
    0xef, 0x01, 0xef, 0x01, 0xef, 0x01, 0xef, 0x01, 0xef, 0x01, 0xef, 0x01,
    0xef, 0x01, 0xef, 0x01, 0xef, 0x01, 0xef, 0x01, 0xef, 0x01, 0xef, 0x01,
    0xef, 0x01, 0xef, 0x01, 0xef, 0x01, 0xef, 0x01, 0xef, 0x01, 0x10, 0x02,
    0xce, 0x01, 0xa6, 0x00, 0x00, 0x00, 0x00, 0x00, 0xa5, 0x00, 0xad, 0x01,
    0xef, 0x01, 0xef, 0x01, 0xef, 0x01, 0xef, 0x01, 0xef, 0x01, 0xef, 0x01,
    0xef, 0x01, 0xef, 0x01, 0xef, 0x01, 0xef, 0x01, 0xef, 0x01, 0xef, 0x01,
    0xef, 0x01, 0xef, 0x01, 0xef, 0x01, 0xef, 0x01, 0xef, 0x01, 0xef, 0x01,
    0xef, 0x01, 0xef, 0x01, 0x0a, 0x5b, 0x40, 0xf5, 0x60, 0xf5, 0x40, 0xf5,
    0x60, 0xf5, 0x40, 0xf5, 0x40, 0xf5, 0x60, 0xf5, 0x40, 0xf5, 0x40, 0xf5,
    0x60, 0xf5, 0x40, 0xf5, 0x40, 0xf5, 0x60, 0xf5, 0x40, 0xf5, 0x40, 0xf5,
    0x60, 0xf5, 0x60, 0xf5, 0x40, 0xf5, 0x60, 0xf5, 0x40, 0xf5, 0x60, 0xf5,
    0x60, 0xf5, 0x40, 0xf5, 0x60, 0xf5, 0x60, 0xf5, 0x40, 0xf5, 0x60, 0xf5,
    0x40, 0xf5, 0x60, 0xf5, 0x60, 0xf5, 0x40, 0xf5, 0x60, 0xf5, 0x40, 0xf5,
    0x40, 0xf5, 0x60, 0xf5, 0x60, 0xf5, 0x40, 0xf5, 0x60, 0xf5, 0x40, 0xf5,
    0x60, 0xf5, 0x60, 0xf5, 0x40, 0xf5, 0x60, 0xf5, 0x60, 0xfd, 0x64, 0xac,
    0x8c, 0x2a, 0xcf, 0x01, 0xef, 0x01, 0xef, 0x01, 0xef, 0x01, 0xef, 0x01,
    0xef, 0x01, 0xcf, 0x01, 0xef, 0x01, 0xef, 0x09, 0xef, 0x01, 0xef, 0x01,
    0xef, 0x09, 0xef, 0x01, 0xef, 0x01, 0xef, 0x01, 0xef, 0x01, 0xef, 0x01,
    0xef, 0x01, 0xef, 0x01, 0xef, 0x01, 0xef, 0x01, 0xef, 0x01, 0xef, 0x01,
    0xef, 0x01, 0xef, 0x09, 0xef, 0x01, 0xef, 0x01, 0xef, 0x01, 0xef, 0x09,
    0xef, 0x01, 0xef, 0x01, 0xef, 0x01, 0xef, 0x01, 0xef, 0x01, 0xef, 0x01,
    0xef, 0x01, 0xef, 0x09, 0xef, 0x01, 0xef, 0x09, 0xef, 0x01, 0xef, 0x01,
    0xef, 0x01, 0xef, 0x01, 0xef, 0x01, 0xef, 0x01, 0xef, 0x01, 0xef, 0x01,
    0xef, 0x01, 0xef, 0x01, 0xef, 0x01, 0xef, 0x01, 0xef, 0x09, 0xef, 0x01,
    0xef, 0x01, 0xef, 0x01, 0xef, 0x01, 0xef, 0x09, 0xef, 0x01, 0xef, 0x01,
    0xef, 0x01, 0xef, 0x01, 0xef, 0x01, 0xef, 0x01, 0xef, 0x01, 0xef, 0x01,
    0xef, 0x01, 0xef, 0x01, 0xef, 0x01, 0xef, 0x01, 0xef, 0x01, 0xef, 0x01,
    0xef, 0x01, 0xef, 0x01, 0xef, 0x01, 0xef, 0x01, 0xef, 0x01, 0xef, 0x01,
    0xef, 0x09, 0xef, 0x01, 0xef, 0x01, 0xef, 0x01, 0xef, 0x01, 0xef, 0x01,
    0xcf, 0x01, 0xcf, 0x01, 0xcf, 0x01, 0xcf, 0x01, 0xcf, 0x01, 0xcf, 0x01,
    0xcf, 0x01, 0xcf, 0x01, 0xcf, 0x01, 0xcf, 0x01, 0xcf, 0x01, 0xcf, 0x01,
    0xcf, 0x01, 0xcf, 0x01, 0xcf, 0x01, 0xcf, 0x01, 0xcf, 0x01, 0xcf, 0x01,
    0xcf, 0x01, 0xcf, 0x01, 0xcf, 0x01, 0xcf, 0x01, 0xcf, 0x01, 0xcf, 0x01,
    0xce, 0x01, 0xcf, 0x01, 0xaf, 0x01, 0xae, 0x01, 0xaf, 0x01, 0xcf, 0x01,
    0xef, 0x01, 0xef, 0x01, 0xef, 0x01, 0xef, 0x01, 0xef, 0x01, 0xef, 0x01,
    0xef, 0x01, 0xef, 0x01, 0xef, 0x01, 0xef, 0x01, 0xef, 0x01, 0xef, 0x01,
    0xef, 0x01, 0xef, 0x01, 0xef, 0x01, 0xef, 0x01, 0xef, 0x01, 0xef, 0x01,
    0xef, 0x01, 0xef, 0x01, 0xef, 0x01, 0xef, 0x01, 0xef, 0x01, 0xef, 0x01,
    0xef, 0x01, 0xef, 0x01, 0xef, 0x01, 0xef, 0x01, 0xef, 0x01, 0xef, 0x01,
    0xef, 0x01, 0xef, 0x01, 0xef, 0x01, 0xef, 0x01, 0xef, 0x01, 0xef, 0x01,
    0xef, 0x01, 0xef, 0x01, 0xef, 0x01, 0xef, 0x01, 0xef, 0x01, 0xef, 0x01,
    0xef, 0x01, 0xef, 0x01, 0xce, 0x01, 0xe7, 0x00, 0x00, 0x00, 0x21, 0x00,
    0x29, 0x01, 0xef, 0x01, 0xef, 0x01, 0xef, 0x01, 0xef, 0x01, 0xef, 0x01,
    0xef, 0x01, 0xef, 0x01, 0xef, 0x01, 0xef, 0x01, 0xef, 0x01, 0xef, 0x01,
    0xef, 0x01, 0xef, 0x01, 0xef, 0x01, 0xef, 0x01, 0xef, 0x01, 0xef, 0x01,
    0xef, 0x01, 0xef, 0x01, 0xd0, 0x01, 0xef, 0x01, 0x0a, 0x53, 0x41, 0xed,
    0x60, 0xf5, 0x40, 0xf5, 0x60, 0xf5, 0x40, 0xf5, 0x60, 0xf5, 0x60, 0xf5,
    0x40, 0xf5, 0x60, 0xf5, 0x60, 0xf5, 0x40, 0xf5, 0x60, 0xf5, 0x60, 0xf5,
    0x40, 0xf5, 0x40, 0xf5, 0x60, 0xf5, 0x40, 0xf5, 0x40, 0xf5, 0x60, 0xf5,
    0x40, 0xf5, 0x40, 0xf5, 0x60, 0xf5, 0x40, 0xf5, 0x40, 0xf5, 0x60, 0xf5,
    0x40, 0xf5, 0x40, 0xf5, 0x60, 0xf5, 0x40, 0xf5, 0x40, 0xf5, 0x60, 0xf5,
    0x60, 0xf5, 0x40, 0xf5, 0x60, 0xf5, 0x40, 0xf5, 0x40, 0xf5, 0x60, 0xf5,
    0x40, 0xf5, 0x60, 0xf5, 0x40, 0xf5, 0x60, 0xf5, 0x60, 0xf5, 0x60, 0xfd,
    0x02, 0xdd, 0x2a, 0x5b, 0xcf, 0x01, 0xef, 0x01, 0xef, 0x01, 0xef, 0x01,
    0xef, 0x01, 0xef, 0x01, 0xef, 0x01, 0xd1, 0x2a, 0x15, 0x5c, 0x35, 0x64,
    0x35, 0x64, 0x35, 0x64, 0x35, 0x64, 0x35, 0x64, 0x35, 0x64, 0x35, 0x64,
    0x35, 0x64, 0x35, 0x64, 0x35, 0x64, 0x35, 0x64, 0x35, 0x64, 0x35, 0x64,
    0x35, 0x64, 0x35, 0x64, 0x35, 0x64, 0x35, 0x64, 0x35, 0x64, 0x35, 0x64,
    0x35, 0x64, 0x35, 0x64, 0x35, 0x64, 0x35, 0x64, 0x35, 0x64, 0x35, 0x64,
    0x35, 0x64, 0x35, 0x64, 0x35, 0x64, 0x35, 0x64, 0x35, 0x64, 0xb4, 0x4b,
    0x70, 0x1a, 0xcf, 0x01, 0xef, 0x01, 0x0f, 0x0a, 0x32, 0x3b, 0x35, 0x64,
    0x35, 0x64, 0x35, 0x64, 0x35, 0x64, 0x35, 0x64, 0x35, 0x64, 0x35, 0x64,
    0x35, 0x64, 0x35, 0x64, 0x35, 0x64, 0x35, 0x64, 0x55, 0x64, 0xb4, 0x4b,
    0x70, 0x1a, 0xef, 0x01, 0xef, 0x01, 0xef, 0x01, 0xef, 0x01, 0xef, 0x01,
    0x0f, 0x0a, 0x12, 0x33, 0x35, 0x64, 0x35, 0x64, 0x35, 0x64, 0x35, 0x64,
    0x35, 0x64, 0x35, 0x64, 0x35, 0x64, 0x35, 0x64, 0x35, 0x64, 0x35, 0x64,
    0x35, 0x64, 0x35, 0x64, 0xb4, 0x4b, 0x70, 0x1a, 0xef, 0x01, 0xef, 0x01,
    0xef, 0x01, 0xcf, 0x01, 0x70, 0x1a, 0x73, 0x3b, 0xb4, 0x4b, 0x93, 0x4b,
    0x93, 0x4b, 0x94, 0x4b, 0x93, 0x4b, 0x93, 0x4b, 0x94, 0x4b, 0x93, 0x4b,
    0x93, 0x4b, 0xb4, 0x4b, 0x93, 0x4b, 0x93, 0x4b, 0x94, 0x4b, 0x93, 0x4b,
    0x93, 0x4b, 0xb4, 0x4b, 0x93, 0x4b, 0x93, 0x4b, 0x94, 0x4b, 0x93, 0x4b,
    0x93, 0x4b, 0x73, 0x43, 0x32, 0x33, 0x12, 0x33, 0xd2, 0x2a, 0x91, 0x1a,
    0x50, 0x12, 0x0f, 0x0a, 0xcf, 0x01, 0xcf, 0x01, 0xef, 0x01, 0xef, 0x01,
    0xef, 0x01, 0xef, 0x01, 0xef, 0x01, 0xef, 0x01, 0xef, 0x01, 0xef, 0x01,
    0xef, 0x01, 0xef, 0x01, 0xef, 0x01, 0xef, 0x01, 0xef, 0x01, 0xef, 0x01,
    0xef, 0x01, 0xef, 0x01, 0xef, 0x01, 0xef, 0x01, 0xef, 0x01, 0xef, 0x01,
    0xef, 0x01, 0xef, 0x01, 0xef, 0x01, 0xef, 0x01, 0xef, 0x01, 0xef, 0x01,
    0xef, 0x01, 0xef, 0x01, 0xef, 0x01, 0xef, 0x01, 0xef, 0x01, 0xef, 0x01,
    0xef, 0x01, 0xef, 0x01, 0xef, 0x01, 0xef, 0x01, 0xef, 0x01, 0xef, 0x01,
    0xef, 0x01, 0xef, 0x01, 0xef, 0x01, 0xef, 0x01, 0xef, 0x01, 0x08, 0x01,
    0x00, 0x00, 0x63, 0x00, 0x8c, 0x01, 0xef, 0x01, 0xef, 0x01, 0xef, 0x01,
    0xef, 0x01, 0xef, 0x01, 0xef, 0x01, 0xef, 0x01, 0xef, 0x01, 0xef, 0x01,
    0xef, 0x01, 0xef, 0x01, 0xef, 0x01, 0xef, 0x01, 0xef, 0x01, 0xef, 0x01,
    0xef, 0x01, 0xef, 0x01, 0xef, 0x01, 0xef, 0x01, 0xef, 0x01, 0xcf, 0x01,
    0xeb, 0x4a, 0x01, 0xdd, 0x60, 0xf5, 0x60, 0xf5, 0x40, 0xf5, 0x60, 0xf5,
    0x40, 0xf5, 0x40, 0xf5, 0x60, 0xf5, 0x40, 0xf5, 0x40, 0xf5, 0x60, 0xf5,
    0x40, 0xf5, 0x60, 0xf5, 0x60, 0xf5, 0x40, 0xf5, 0x60, 0xf5, 0x60, 0xf5,
    0x40, 0xf5, 0x60, 0xf5, 0x60, 0xf5, 0x40, 0xf5, 0x60, 0xf5, 0x60, 0xf5,
    0x40, 0xf5, 0x60, 0xf5, 0x60, 0xf5, 0x40, 0xf5, 0x60, 0xf5, 0x40, 0xf5,
    0x60, 0xf5, 0x40, 0xf5, 0x40, 0xf5, 0x60, 0xf5, 0x60, 0xf5, 0x40, 0xf5,
    0x60, 0xf5, 0x40, 0xf5, 0x60, 0xf5, 0x40, 0xf5, 0x40, 0xf5, 0x40, 0xf5,
    0x60, 0xf5, 0x60, 0xf5, 0x06, 0x9c, 0x4d, 0x1a, 0xd0, 0x01, 0xef, 0x01,
    0xef, 0x01, 0xef, 0x01, 0xef, 0x01, 0xce, 0x01, 0x50, 0x12, 0x18, 0x85,
    0x9e, 0xf7, 0xbf, 0xf7, 0x9e, 0xef, 0x9f, 0xf7, 0x9e, 0xef, 0x9e, 0xf7,
    0x9f, 0xf7, 0x9e, 0xf7, 0x9e, 0xf7, 0x9f, 0xf7, 0x9e, 0xf7, 0x9f, 0xf7,
    0x9e, 0xf7, 0x9f, 0xf7, 0x9f, 0xf7, 0x9e, 0xef, 0x9f, 0xf7, 0x9f, 0xef,
    0x9f, 0xf7, 0x9f, 0xf7, 0x9f, 0xef, 0x9f, 0xef, 0x9f, 0xf7, 0x9e, 0xf7,
    0x9f, 0xf7, 0x9f, 0xf7, 0x9f, 0xf7, 0x9f, 0xef, 0x9f, 0xf7, 0xbf, 0xf7,
    0x9f, 0xf7, 0xda, 0xa5, 0x91, 0x1a, 0xcf, 0x01, 0xcf, 0x01, 0xb1, 0x22,
    0x1a, 0xae, 0x9f, 0xf7, 0xbf, 0xf7, 0x9e, 0xf7, 0x9f, 0xf7, 0x9e, 0xf7,
    0x9f, 0xef, 0x9e, 0xf7, 0x9f, 0xef, 0x9e, 0xf7, 0x9f, 0xf7, 0x9f, 0xf7,
    0xdf, 0xff, 0xda, 0xa5, 0xb1, 0x22, 0xcf, 0x01, 0xef, 0x01, 0xef, 0x01,
    0xef, 0x01, 0xaf, 0x01, 0xb1, 0x22, 0xda, 0xa5, 0xbf, 0xf7, 0x9f, 0xf7,
    0x9f, 0xef, 0x9f, 0xf7, 0x9f, 0xf7, 0x9f, 0xef, 0x9f, 0xf7, 0x9f, 0xf7,
    0x9e, 0xef, 0xbf, 0xf7, 0x9f, 0xf7, 0xbf, 0xf7, 0xfa, 0xad, 0xd1, 0x22,
    0xcf, 0x01, 0xef, 0x01, 0xef, 0x01, 0xcf, 0x01, 0x15, 0x5c, 0xbc, 0xce,
    0x3d, 0xdf, 0x1d, 0xdf, 0x1d, 0xdf, 0x1d, 0xd7, 0x1d, 0xdf, 0x1d, 0xdf,
    0x1d, 0xd7, 0x1d, 0xdf, 0x1d, 0xdf, 0x1d, 0xd7, 0x1d, 0xdf, 0x1d, 0xdf,
    0x1d, 0xd7, 0x1d, 0xdf, 0x1d, 0xdf, 0x1d, 0xd7, 0x1d, 0xdf, 0x1d, 0xdf,
    0x1d, 0xd7, 0x1d, 0xdf, 0x1d, 0xdf, 0xfd, 0xd6, 0x9c, 0xc6, 0x7c, 0xc6,
    0x5b, 0xbe, 0xfa, 0xad, 0x78, 0x95, 0x96, 0x74, 0x73, 0x43, 0x50, 0x12,
    0xef, 0x01, 0xef, 0x01, 0xef, 0x01, 0xef, 0x01, 0xef, 0x01, 0xef, 0x01,
    0xef, 0x01, 0xef, 0x01, 0xef, 0x01, 0xef, 0x01, 0xef, 0x01, 0xef, 0x01,
    0xef, 0x01, 0xef, 0x01, 0xef, 0x01, 0xef, 0x01, 0xef, 0x01, 0xef, 0x01,
    0xef, 0x01, 0xef, 0x01, 0xef, 0x01, 0xef, 0x01, 0xef, 0x01, 0xef, 0x01,
    0xef, 0x01, 0xef, 0x01, 0xef, 0x01, 0xef, 0x01, 0xef, 0x01, 0xef, 0x01,
    0xef, 0x01, 0xef, 0x01, 0xef, 0x01, 0xef, 0x01, 0xef, 0x01, 0xef, 0x01,
    0xef, 0x01, 0xef, 0x01, 0xef, 0x01, 0xef, 0x01, 0xef, 0x01, 0xef, 0x01,
    0xef, 0x01, 0x29, 0x01, 0x00, 0x00, 0xc6, 0x00, 0xce, 0x01, 0xef, 0x01,
    0xef, 0x01, 0xef, 0x01, 0xef, 0x01, 0xef, 0x01, 0xef, 0x01, 0xef, 0x01,
    0xef, 0x01, 0xef, 0x01, 0xef, 0x01, 0xef, 0x01, 0xef, 0x01, 0xef, 0x01,
    0xef, 0x01, 0xef, 0x01, 0xef, 0x01, 0xef, 0x01, 0xef, 0x01, 0xef, 0x01,
    0xef, 0x01, 0xef, 0x01, 0xcb, 0x42, 0xe2, 0xd4, 0x60, 0xfd, 0x40, 0xf5,
    0x60, 0xf5, 0x40, 0xf5, 0x60, 0xf5, 0x40, 0xf5, 0x60, 0xf5, 0x60, 0xf5,
    0x40, 0xf5, 0x60, 0xf5, 0x40, 0xf5, 0x40, 0xf5, 0x60, 0xf5, 0x40, 0xf5,
    0x40, 0xf5, 0x60, 0xf5, 0x40, 0xf5, 0x40, 0xf5, 0x60, 0xf5, 0x40, 0xf5,
    0x40, 0xf5, 0x60, 0xf5, 0x40, 0xf5, 0x40, 0xf5, 0x60, 0xf5, 0x60, 0xf5,
    0x40, 0xf5, 0x60, 0xf5, 0x60, 0xf5, 0x40, 0xf5, 0x60, 0xf5, 0x40, 0xf5,
    0x40, 0xf5, 0x60, 0xf5, 0x60, 0xf5, 0x40, 0xf5, 0x60, 0xf5, 0x60, 0xf5,
    0x40, 0xf5, 0x60, 0xf5, 0x60, 0xfd, 0x21, 0xe5, 0x29, 0x5b, 0xef, 0x01,
    0xcf, 0x01, 0xef, 0x01, 0xef, 0x01, 0xef, 0x01, 0xef, 0x01, 0xcf, 0x01,
    0x93, 0x4b, 0x1d, 0xdf, 0xff, 0xff, 0xff, 0xff, 0xff, 0xff, 0xff, 0xff,
    0xff, 0xff, 0xff, 0xff, 0xff, 0xff, 0xff, 0xff, 0xff, 0xff, 0xff, 0xff,
    0xff, 0xff, 0xff, 0xff, 0xff, 0xff, 0xff, 0xff, 0xff, 0xff, 0xff, 0xff,
    0xff, 0xff, 0xff, 0xff, 0xff, 0xff, 0xff, 0xff, 0xff, 0xff, 0xff, 0xff,
    0xff, 0xff, 0xff, 0xff, 0xff, 0xff, 0xff, 0xff, 0xff, 0xff, 0xff, 0xff,
    0xff, 0xff, 0xff, 0xff, 0xdf, 0xf7, 0xd7, 0x7c, 0xef, 0x01, 0xcf, 0x01,
    0xef, 0x01, 0xf4, 0x53, 0x9f, 0xef, 0xff, 0xff, 0xff, 0xff, 0xff, 0xff,
    0xff, 0xff, 0xff, 0xff, 0xff, 0xff, 0xff, 0xff, 0xff, 0xff, 0xff, 0xff,
    0xff, 0xff, 0xff, 0xff, 0xff, 0xff, 0xf7, 0x7c, 0x0f, 0x0a, 0xcf, 0x01,
    0xef, 0x01, 0xef, 0x01, 0xcf, 0x01, 0xcf, 0x01, 0xd4, 0x53, 0x5e, 0xe7,
    0xff, 0xff, 0xff, 0xff, 0xff, 0xff, 0xff, 0xff, 0xff, 0xff, 0xff, 0xff,
    0xff, 0xff, 0xff, 0xff, 0xff, 0xff, 0xff, 0xff, 0xff, 0xff, 0xff, 0xff,
    0xd7, 0x7c, 0x30, 0x12, 0xcf, 0x01, 0xef, 0x01, 0xcf, 0x01, 0x70, 0x1a,
    0xda, 0xa5, 0xff, 0xff, 0xff, 0xff, 0xff, 0xff, 0xff, 0xff, 0xff, 0xff,
    0xff, 0xff, 0xff, 0xff, 0xff, 0xff, 0xff, 0xff, 0xff, 0xff, 0xff, 0xff,
    0xff, 0xff, 0xff, 0xff, 0xff, 0xff, 0xff, 0xff, 0xff, 0xff, 0xff, 0xff,
    0xff, 0xff, 0xff, 0xff, 0xff, 0xff, 0xff, 0xff, 0xff, 0xff, 0xff, 0xff,
    0xff, 0xff, 0xff, 0xff, 0xff, 0xff, 0xff, 0xff, 0xff, 0xff, 0xdf, 0xf7,
    0x3e, 0xdf, 0x58, 0x95, 0xf2, 0x2a, 0xcf, 0x01, 0xef, 0x01, 0xef, 0x01,
    0xef, 0x01, 0xef, 0x01, 0xef, 0x01, 0xef, 0x01, 0xef, 0x01, 0xef, 0x01,
    0xef, 0x01, 0xef, 0x01, 0xef, 0x01, 0xef, 0x01, 0xef, 0x01, 0xef, 0x01,
    0xef, 0x01, 0xef, 0x01, 0xef, 0x01, 0xef, 0x01, 0xef, 0x01, 0xef, 0x01,
    0xef, 0x01, 0xef, 0x01, 0xef, 0x01, 0xef, 0x01, 0xef, 0x01, 0xef, 0x01,
    0xef, 0x01, 0xef, 0x01, 0xef, 0x01, 0xef, 0x01, 0xef, 0x01, 0xef, 0x01,
    0xef, 0x01, 0xef, 0x01, 0xef, 0x01, 0xef, 0x01, 0xef, 0x01, 0xef, 0x01,
    0xef, 0x01, 0xef, 0x01, 0xef, 0x01, 0x4a, 0x01, 0x21, 0x00, 0x08, 0x01,
    0xcf, 0x01, 0xef, 0x01, 0xef, 0x01, 0xef, 0x01, 0xef, 0x01, 0xef, 0x01,
    0xef, 0x01, 0xef, 0x01, 0xef, 0x01, 0xef, 0x01, 0xef, 0x01, 0xef, 0x01,
    0xef, 0x01, 0xef, 0x01, 0xef, 0x01, 0xef, 0x01, 0xef, 0x01, 0xef, 0x01,
    0xef, 0x01, 0xef, 0x01, 0xef, 0x01, 0xcf, 0x01, 0x8c, 0x32, 0xa3, 0xc4,
    0x60, 0xf5, 0x60, 0xf5, 0x40, 0xf5, 0x60, 0xf5, 0x60, 0xf5, 0x40, 0xf5,
    0x40, 0xf5, 0x60, 0xf5, 0x40, 0xf5, 0x60, 0xf5, 0x60, 0xf5, 0x40, 0xf5,
    0x60, 0xf5, 0x60, 0xf5, 0x40, 0xf5, 0x60, 0xf5, 0x60, 0xf5, 0x40, 0xf5,
    0x60, 0xf5, 0x60, 0xf5, 0x40, 0xf5, 0x60, 0xf5, 0x60, 0xf5, 0x40, 0xf5,
    0x40, 0xf5, 0x60, 0xf5, 0x40, 0xf5, 0x40, 0xf5, 0x60, 0xf5, 0x60, 0xf5,
    0x40, 0xf5, 0x60, 0xf5, 0x40, 0xf5, 0x60, 0xf5, 0x40, 0xf5, 0x40, 0xf5,
    0x60, 0xf5, 0x40, 0xf5, 0x60, 0xf5, 0x40, 0xf5, 0x60, 0xfd, 0x83, 0xc4,
    0xac, 0x32, 0xd0, 0x01, 0xef, 0x01, 0xef, 0x01, 0xef, 0x01, 0xef, 0x01,
    0xaf, 0x01, 0x30, 0x12, 0x18, 0x8d, 0xff, 0xff, 0xff, 0xff, 0xff, 0xff,
    0xff, 0xff, 0xff, 0xff, 0xff, 0xff, 0xff, 0xff, 0xff, 0xff, 0xff, 0xff,
    0xff, 0xff, 0xff, 0xff, 0xff, 0xff, 0xff, 0xff, 0xff, 0xff, 0xff, 0xff,
    0xff, 0xff, 0xff, 0xff, 0xff, 0xff, 0xff, 0xff, 0xff, 0xff, 0xff, 0xff,
    0xff, 0xff, 0xff, 0xff, 0xff, 0xff, 0xff, 0xff, 0xff, 0xff, 0xff, 0xff,
    0xff, 0xff, 0xff, 0xff, 0xff, 0xff, 0xff, 0xff, 0xdc, 0xce, 0x32, 0x3b,
    0xcf, 0x01, 0xce, 0x01, 0x50, 0x12, 0x99, 0xa5, 0xff, 0xff, 0xff, 0xff,
    0xff, 0xff, 0xff, 0xff, 0xff, 0xff, 0xff, 0xff, 0xff, 0xff, 0xff, 0xff,
    0xff, 0xff, 0xff, 0xff, 0xff, 0xff, 0xff, 0xff, 0xfd, 0xd6, 0x73, 0x43,
    0xae, 0x01, 0xef, 0x01, 0xef, 0x01, 0xef, 0x01, 0xce, 0x01, 0x50, 0x12,
    0x38, 0x8d, 0xff, 0xff, 0xff, 0xff, 0xff, 0xff, 0xff, 0xff, 0xff, 0xff,
    0xff, 0xff, 0xff, 0xff, 0xff, 0xff, 0xff, 0xff, 0xff, 0xff, 0xff, 0xff,
    0xff, 0xff, 0x1d, 0xd7, 0x53, 0x3b, 0xcf, 0x01, 0xcf, 0x01, 0xef, 0x01,
    0xae, 0x01, 0xb4, 0x4b, 0x1d, 0xd7, 0xff, 0xff, 0xff, 0xff, 0xff, 0xff,
    0xff, 0xff, 0xff, 0xff, 0xff, 0xff, 0xff, 0xff, 0xff, 0xff, 0xff, 0xff,
    0xff, 0xff, 0xff, 0xff, 0xff, 0xff, 0xff, 0xff, 0xdf, 0xff, 0xdf, 0xff,
    0xdf, 0xff, 0xff, 0xff, 0xff, 0xff, 0xff, 0xff, 0xff, 0xff, 0xff, 0xff,
    0xff, 0xff, 0xff, 0xff, 0xff, 0xff, 0xff, 0xff, 0xff, 0xff, 0xff, 0xff,
    0xff, 0xff, 0xff, 0xff, 0xff, 0xff, 0xdf, 0xff, 0x18, 0x8d, 0x30, 0x0a,
    0xcf, 0x01, 0xef, 0x01, 0xef, 0x01, 0xef, 0x01, 0xef, 0x01, 0xef, 0x01,
    0xef, 0x01, 0xef, 0x01, 0xef, 0x01, 0xef, 0x01, 0xef, 0x01, 0xef, 0x01,
    0xef, 0x01, 0xef, 0x01, 0xef, 0x01, 0xef, 0x01, 0xef, 0x01, 0xef, 0x01,
    0xef, 0x01, 0xef, 0x01, 0xef, 0x01, 0xef, 0x01, 0xef, 0x01, 0xef, 0x01,
    0xef, 0x01, 0xef, 0x01, 0xef, 0x01, 0xef, 0x01, 0xef, 0x01, 0xef, 0x01,
    0xef, 0x01, 0xef, 0x01, 0xef, 0x01, 0xef, 0x01, 0xef, 0x01, 0xef, 0x01,
    0xef, 0x01, 0xef, 0x01, 0xef, 0x01, 0xef, 0x01, 0xef, 0x01, 0x6b, 0x01,
    0x42, 0x00, 0x6b, 0x01, 0xef, 0x01, 0xef, 0x01, 0xef, 0x01, 0xef, 0x01,
    0xef, 0x01, 0xef, 0x01, 0xef, 0x01, 0xef, 0x01, 0xef, 0x01, 0xef, 0x01,
    0xef, 0x01, 0xef, 0x01, 0xef, 0x01, 0xef, 0x01, 0xef, 0x01, 0xef, 0x01,
    0xef, 0x01, 0xef, 0x01, 0xef, 0x01, 0xef, 0x01, 0xef, 0x01, 0xd0, 0x01,
    0x4d, 0x22, 0x45, 0xa4, 0x60, 0xfd, 0x60, 0xf5, 0x40, 0xf5, 0x40, 0xf5,
    0x60, 0xf5, 0x40, 0xf5, 0x60, 0xf5, 0x40, 0xf5, 0x40, 0xf5, 0x60, 0xf5,
    0x40, 0xf5, 0x40, 0xf5, 0x60, 0xf5, 0x40, 0xf5, 0x40, 0xf5, 0x60, 0xf5,
    0x40, 0xf5, 0x40, 0xf5, 0x60, 0xf5, 0x40, 0xf5, 0x40, 0xf5, 0x60, 0xf5,
    0x60, 0xf5, 0x40, 0xf5, 0x60, 0xf5, 0x40, 0xf5, 0x60, 0xf5, 0x40, 0xf5,
    0x40, 0xf5, 0x60, 0xf5, 0x40, 0xf5, 0x60, 0xf5, 0x60, 0xf5, 0x40, 0xf5,
    0x60, 0xf5, 0x60, 0xf5, 0x40, 0xf5, 0x60, 0xf5, 0x40, 0xf5, 0x60, 0xf5,
    0x60, 0xfd, 0x06, 0x9c, 0x4e, 0x1a, 0xd0, 0x01, 0xef, 0x01, 0xef, 0x01,
    0xef, 0x01, 0xef, 0x01, 0xce, 0x01, 0x91, 0x1a, 0xd7, 0x7c, 0x3b, 0xb6,
    0xfa, 0xad, 0xfa, 0xad, 0xfa, 0xad, 0xfa, 0xad, 0x1a, 0xae, 0xfa, 0xad,
    0x3b, 0xb6, 0x7e, 0xe7, 0xff, 0xff, 0xff, 0xff, 0xff, 0xff, 0xff, 0xff,
    0xff, 0xff, 0xff, 0xff, 0xff, 0xff, 0xff, 0xff, 0xff, 0xff, 0xff, 0xff,
    0xff, 0xff, 0xff, 0xff, 0x9e, 0xef, 0x5b, 0xbe, 0xda, 0xad, 0xfa, 0xad,
    0xfa, 0xad, 0xfa, 0xad, 0xfa, 0xad, 0xfa, 0xad, 0x1a, 0xae, 0xfa, 0xad,
    0x96, 0x74, 0x30, 0x0a, 0xcf, 0x01, 0xcf, 0x01, 0x73, 0x43, 0xfd, 0xd6,
    0xff, 0xff, 0xff, 0xff, 0xff, 0xff, 0xff, 0xff, 0xff, 0xff, 0xff, 0xff,
    0xff, 0xff, 0xff, 0xff, 0xff, 0xff, 0xff, 0xff, 0xff, 0xff, 0xff, 0xff,
    0x99, 0x9d, 0x70, 0x1a, 0xae, 0x01, 0xef, 0x01, 0xef, 0x01, 0xef, 0x01,
    0xae, 0x01, 0x33, 0x3b, 0xbc, 0xc6, 0xff, 0xff, 0xff, 0xff, 0xff, 0xff,
    0xff, 0xff, 0xff, 0xff, 0xff, 0xff, 0xff, 0xff, 0xff, 0xff, 0xff, 0xff,
    0xff, 0xff, 0xff, 0xff, 0xff, 0xff, 0x79, 0x95, 0x50, 0x12, 0xce, 0x01,
    0xef, 0x01, 0xcf, 0x01, 0x0f, 0x0a, 0x38, 0x8d, 0xdf, 0xff, 0xff, 0xff,
    0xff, 0xff, 0xff, 0xff, 0xff, 0xff, 0xff, 0xff, 0xff, 0xff, 0xff, 0xff,
    0xff, 0xff, 0xff, 0xff, 0xff, 0xff, 0xff, 0xff, 0x5e, 0xe7, 0x79, 0x95,
    0x18, 0x85, 0x38, 0x8d, 0x38, 0x8d, 0x99, 0x95, 0x9c, 0xc6, 0xbf, 0xf7,
    0xff, 0xff, 0xff, 0xff, 0xff, 0xff, 0xff, 0xff, 0xff, 0xff, 0xff, 0xff,
    0xff, 0xff, 0xff, 0xff, 0xff, 0xff, 0xff, 0xff, 0xff, 0xff, 0xff, 0xff,
    0x1a, 0xb6, 0xd1, 0x22, 0xce, 0x01, 0xef, 0x01, 0xef, 0x01, 0xef, 0x01,
    0xef, 0x01, 0xef, 0x01, 0xef, 0x01, 0xef, 0x01, 0xef, 0x01, 0xef, 0x01,
    0xef, 0x01, 0xef, 0x01, 0xef, 0x01, 0xef, 0x01, 0xef, 0x01, 0xef, 0x01,
    0xef, 0x01, 0xef, 0x01, 0xef, 0x01, 0xef, 0x01, 0xef, 0x01, 0xef, 0x01,
    0xef, 0x01, 0xef, 0x01, 0xef, 0x01, 0xef, 0x01, 0xef, 0x01, 0xef, 0x01,
    0xef, 0x01, 0xef, 0x01, 0xef, 0x01, 0xef, 0x01, 0xef, 0x01, 0xef, 0x01,
    0xef, 0x01, 0xef, 0x01, 0xef, 0x01, 0xef, 0x01, 0xef, 0x01, 0xef, 0x01,
    0xef, 0x01, 0x8c, 0x01, 0x84, 0x00, 0xad, 0x01, 0xef, 0x01, 0xef, 0x01,
    0xef, 0x01, 0xef, 0x01, 0xef, 0x01, 0xef, 0x01, 0xef, 0x01, 0xef, 0x01,
    0xef, 0x01, 0xef, 0x01, 0xef, 0x01, 0xef, 0x01, 0xef, 0x01, 0xef, 0x01,
    0xef, 0x01, 0xef, 0x01, 0xef, 0x01, 0xef, 0x01, 0xef, 0x01, 0xef, 0x01,
    0xef, 0x01, 0xd0, 0x01, 0x2e, 0x12, 0xe7, 0x8b, 0x60, 0xf5, 0x60, 0xfd,
    0x40, 0xf5, 0x60, 0xf5, 0x40, 0xf5, 0x60, 0xf5, 0x60, 0xf5, 0x40, 0xf5,
    0x60, 0xf5, 0x60, 0xf5, 0x40, 0xf5, 0x60, 0xf5, 0x60, 0xf5, 0x40, 0xf5,
    0x60, 0xf5, 0x60, 0xf5, 0x40, 0xf5, 0x60, 0xf5, 0x60, 0xf5, 0x40, 0xf5,
    0x40, 0xf5, 0x60, 0xf5, 0x40, 0xf5, 0x40, 0xf5, 0x60, 0xf5, 0x60, 0xf5,
    0x40, 0xf5, 0x60, 0xf5, 0x60, 0xf5, 0x40, 0xf5, 0x40, 0xf5, 0x60, 0xf5,
    0x40, 0xf5, 0x40, 0xf5, 0x60, 0xf5, 0x40, 0xf5, 0x40, 0xf5, 0x60, 0xf5,
    0x60, 0xf5, 0x40, 0xf5, 0x60, 0xfd, 0xa7, 0x7b, 0x0e, 0x0a, 0xcf, 0x01,
    0xef, 0x01, 0xef, 0x01, 0xef, 0x01, 0xef, 0x01, 0xef, 0x01, 0x0f, 0x02,
    0x50, 0x12, 0x50, 0x12, 0x70, 0x12, 0x50, 0x12, 0x50, 0x12, 0x51, 0x12,
    0x50, 0x12, 0x50, 0x12, 0x73, 0x43, 0xfd, 0xd6, 0xff, 0xff, 0xff, 0xff,
    0xff, 0xff, 0xff, 0xff, 0xff, 0xff, 0xff, 0xff, 0xff, 0xff, 0xff, 0xff,
    0xff, 0xff, 0xff, 0xff, 0xff, 0xff, 0xff, 0xff, 0xda, 0xa5, 0xd1, 0x2a,
    0x30, 0x0a, 0x50, 0x12, 0x70, 0x12, 0x50, 0x12, 0x50, 0x12, 0x50, 0x12,
    0x70, 0x12, 0x70, 0x12, 0x30, 0x0a, 0xef, 0x01, 0xce, 0x01, 0x30, 0x0a,
    0xf7, 0x84, 0xdf, 0xff, 0xff, 0xff, 0xff, 0xff, 0xff, 0xff, 0xff, 0xff,
    0xff, 0xff, 0xff, 0xff, 0xff, 0xff, 0xff, 0xff, 0xff, 0xff, 0xff, 0xff,
    0xff, 0xff, 0x7e, 0xef, 0xf5, 0x5b, 0xcf, 0x01, 0xef, 0x01, 0xef, 0x01,
    0xef, 0x01, 0xcf, 0x01, 0xef, 0x01, 0x96, 0x74, 0xdf, 0xff, 0xff, 0xff,
    0xff, 0xff, 0xff, 0xff, 0xff, 0xff, 0xff, 0xff, 0xff, 0xff, 0xff, 0xff,
    0xff, 0xff, 0xff, 0xff, 0xff, 0xff, 0xff, 0xff, 0x9e, 0xef, 0xd4, 0x53,
    0xef, 0x01, 0xcf, 0x01, 0xef, 0x01, 0xcf, 0x01, 0x12, 0x33, 0xbc, 0xce,
    0xff, 0xff, 0xff, 0xff, 0xff, 0xff, 0xff, 0xff, 0xff, 0xff, 0xff, 0xff,
    0xff, 0xff, 0xff, 0xff, 0xff, 0xff, 0xff, 0xff, 0xff, 0xff, 0xdf, 0xff,
    0x99, 0x9d, 0x70, 0x12, 0x10, 0x0a, 0x30, 0x0a, 0x30, 0x0a, 0x30, 0x0a,
    0x33, 0x3b, 0x7c, 0xc6, 0xff, 0xff, 0xff, 0xff, 0xff, 0xff, 0xff, 0xff,
    0xff, 0xff, 0xff, 0xff, 0xff, 0xff, 0xff, 0xff, 0xff, 0xff, 0xff, 0xff,
    0xff, 0xff, 0xff, 0xff, 0x3b, 0xb6, 0xd1, 0x2a, 0xae, 0x01, 0xef, 0x01,
    0xef, 0x01, 0xef, 0x01, 0xef, 0x01, 0xef, 0x01, 0xef, 0x01, 0xef, 0x01,
    0xef, 0x01, 0xef, 0x01, 0xef, 0x01, 0xef, 0x01, 0xef, 0x01, 0xef, 0x01,
    0xef, 0x01, 0xef, 0x01, 0xef, 0x01, 0xef, 0x01, 0xef, 0x01, 0xef, 0x01,
    0xef, 0x01, 0xef, 0x01, 0xef, 0x01, 0xef, 0x01, 0xef, 0x01, 0xef, 0x01,
    0xef, 0x01, 0xef, 0x01, 0xef, 0x01, 0xef, 0x01, 0xef, 0x01, 0xef, 0x01,
    0xef, 0x01, 0xef, 0x01, 0xef, 0x01, 0xef, 0x01, 0xef, 0x01, 0xef, 0x01,
    0xef, 0x01, 0xef, 0x01, 0xef, 0x01, 0xad, 0x01, 0xe7, 0x00, 0xee, 0x01,
    0xef, 0x01, 0xef, 0x01, 0xef, 0x01, 0xef, 0x01, 0xef, 0x01, 0xef, 0x01,
    0xef, 0x01, 0xef, 0x01, 0xef, 0x01, 0xef, 0x01, 0xef, 0x01, 0xef, 0x01,
    0xef, 0x01, 0xef, 0x01, 0xef, 0x01, 0xef, 0x01, 0xef, 0x01, 0xef, 0x01,
    0xef, 0x01, 0xef, 0x01, 0xef, 0x01, 0xcf, 0x01, 0x0f, 0x0a, 0x88, 0x73,
    0x21, 0xed, 0x60, 0xf5, 0x40, 0xf5, 0x60, 0xf5, 0x40, 0xf5, 0x40, 0xf5,
    0x60, 0xf5, 0x40, 0xf5, 0x60, 0xf5, 0x40, 0xf5, 0x40, 0xf5, 0x60, 0xf5,
    0x40, 0xf5, 0x40, 0xf5, 0x60, 0xf5, 0x40, 0xf5, 0x40, 0xf5, 0x60, 0xf5,
    0x60, 0xf5, 0x40, 0xf5, 0x60, 0xf5, 0x60, 0xf5, 0x40, 0xf5, 0x60, 0xf5,
    0x40, 0xf5, 0x40, 0xf5, 0x60, 0xf5, 0x40, 0xf5, 0x60, 0xf5, 0x40, 0xf5,
    0x60, 0xf5, 0x60, 0xf5, 0x40, 0xf5, 0x60, 0xf5, 0x40, 0xf5, 0x60, 0xf5,
    0x40, 0xf5, 0x40, 0xf5, 0x60, 0xf5, 0x60, 0xf5, 0x60, 0xf5, 0x68, 0x6b,
    0xef, 0x01, 0xef, 0x01, 0xef, 0x01, 0xef, 0x01, 0xef, 0x01, 0xef, 0x01,
    0xef, 0x01, 0xef, 0x01, 0xcf, 0x01, 0xcf, 0x01, 0xcf, 0x01, 0xef, 0x01,
    0xcf, 0x01, 0xcf, 0x01, 0xaf, 0x01, 0xef, 0x01, 0x56, 0x6c, 0xbf, 0xf7,
    0xff, 0xff, 0xff, 0xff, 0xff, 0xff, 0xff, 0xff, 0xff, 0xff, 0xff, 0xff,
    0xff, 0xff, 0xff, 0xff, 0xff, 0xff, 0xff, 0xff, 0xff, 0xff, 0x9e, 0xef,
    0x56, 0x64, 0xcf, 0x01, 0xce, 0x01, 0xcf, 0x01, 0xcf, 0x01, 0xef, 0x01,
    0xcf, 0x01, 0xcf, 0x01, 0xcf, 0x01, 0xcf, 0x01, 0xcf, 0x01, 0xef, 0x01,
    0xcf, 0x01, 0xf2, 0x2a, 0x9c, 0xc6, 0xff, 0xff, 0xff, 0xff, 0xff, 0xff,
    0xff, 0xff, 0xff, 0xff, 0xff, 0xff, 0xff, 0xff, 0xff, 0xff, 0xff, 0xff,
    0xff, 0xff, 0xff, 0xff, 0xff, 0xff, 0x3b, 0xb6, 0xd1, 0x22, 0xae, 0x01,
    0xef, 0x01, 0xef, 0x01, 0xef, 0x01, 0xae, 0x01, 0xb1, 0x22, 0x1b, 0xae,
    0xff, 0xff, 0xff, 0xff, 0xff, 0xff, 0xff, 0xff, 0xff, 0xff, 0xff, 0xff,
    0xff, 0xff, 0xff, 0xff, 0xff, 0xff, 0xff, 0xff, 0xff, 0xff, 0xff, 0xff,
    0x3b, 0xb6, 0xd1, 0x22, 0xcf, 0x01, 0xef, 0x01, 0xef, 0x01, 0xcf, 0x01,
    0xb7, 0x74, 0x9f, 0xf7, 0xff, 0xff, 0xff, 0xff, 0xff, 0xff, 0xff, 0xff,
    0xff, 0xff, 0xff, 0xff, 0xff, 0xff, 0xff, 0xff, 0xff, 0xff, 0xff, 0xff,
    0xff, 0xff, 0x3e, 0xdf, 0xd4, 0x53, 0xcf, 0x01, 0xcf, 0x01, 0xcf, 0x01,
    0xce, 0x01, 0xae, 0x01, 0x32, 0x33, 0xbc, 0xce, 0xff, 0xff, 0xff, 0xff,
    0xff, 0xff, 0xff, 0xff, 0xff, 0xff, 0xff, 0xff, 0xff, 0xff, 0xff, 0xff,
    0xff, 0xff, 0xff, 0xff, 0xff, 0xff, 0xff, 0xff, 0xfa, 0xad, 0x91, 0x22,
    0xcf, 0x01, 0xef, 0x01, 0xef, 0x01, 0xef, 0x01, 0xef, 0x01, 0xef, 0x01,
    0xef, 0x01, 0xef, 0x01, 0xef, 0x01, 0xef, 0x01, 0xef, 0x01, 0xef, 0x01,
    0xef, 0x01, 0xef, 0x01, 0xef, 0x01, 0xef, 0x01, 0xef, 0x01, 0xef, 0x01,
    0xef, 0x01, 0xef, 0x01, 0xef, 0x01, 0xef, 0x01, 0xef, 0x01, 0xef, 0x01,
    0xef, 0x01, 0xef, 0x01, 0xef, 0x01, 0xef, 0x01, 0xef, 0x01, 0xef, 0x01,
    0xef, 0x01, 0xef, 0x01, 0xef, 0x01, 0xef, 0x01, 0xef, 0x01, 0xef, 0x01,
    0xef, 0x01, 0xef, 0x01, 0xef, 0x01, 0xef, 0x01, 0x10, 0x02, 0xce, 0x01,
    0x29, 0x01, 0xef, 0x01, 0xef, 0x01, 0xef, 0x01, 0xef, 0x01, 0xef, 0x01,
    0xef, 0x01, 0xef, 0x01, 0xef, 0x01, 0xef, 0x01, 0xef, 0x01, 0xef, 0x01,
    0xef, 0x01, 0xef, 0x01, 0xef, 0x01, 0xef, 0x01, 0xef, 0x01, 0xef, 0x01,
    0xef, 0x01, 0xef, 0x01, 0xef, 0x01, 0xef, 0x01, 0xef, 0x01, 0xef, 0x01,
    0xef, 0x01, 0xea, 0x4a, 0xe2, 0xdc, 0x60, 0xfd, 0x60, 0xf5, 0x40, 0xf5,
    0x60, 0xf5, 0x60, 0xf5, 0x40, 0xf5, 0x60, 0xf5, 0x40, 0xf5, 0x60, 0xf5,
    0x60, 0xf5, 0x40, 0xf5, 0x60, 0xf5, 0x60, 0xf5, 0x40, 0xf5, 0x60, 0xf5,
    0x40, 0xf5, 0x40, 0xf5, 0x60, 0xf5, 0x40, 0xf5, 0x60, 0xf5, 0x40, 0xf5,
    0x60, 0xf5, 0x60, 0xf5, 0x40, 0xf5, 0x60, 0xf5, 0x40, 0xf5, 0x60, 0xf5,
    0x40, 0xf5, 0x60, 0xf5, 0x40, 0xf5, 0x40, 0xf5, 0x60, 0xf5, 0x40, 0xf5,
    0x60, 0xf5, 0x60, 0xf5, 0x60, 0xf5, 0x40, 0xf5, 0x40, 0xf5, 0x60, 0xf5,
    0x21, 0xed, 0x49, 0x63, 0xf0, 0x01, 0xcf, 0x01, 0xef, 0x01, 0xef, 0x01,
    0xef, 0x01, 0xef, 0x01, 0xef, 0x01, 0xef, 0x01, 0xef, 0x01, 0xef, 0x01,
    0xef, 0x01, 0xef, 0x01, 0xef, 0x01, 0xef, 0x01, 0xcf, 0x01, 0xb1, 0x22,
    0x3b, 0xb6, 0xff, 0xff, 0xff, 0xff, 0xff, 0xff, 0xff, 0xff, 0xff, 0xff,
    0xff, 0xff, 0xff, 0xff, 0xff, 0xff, 0xff, 0xff, 0xff, 0xff, 0xff, 0xff,
    0xff, 0xff, 0x5b, 0xbe, 0xf2, 0x2a, 0xae, 0x01, 0xef, 0x01, 0xef, 0x01,
    0xef, 0x01, 0xef, 0x01, 0xef, 0x01, 0xef, 0x01, 0xef, 0x01, 0xef, 0x01,
    0xef, 0x01, 0xcf, 0x01, 0xef, 0x09, 0x35, 0x64, 0xbf, 0xf7, 0xff, 0xff,
    0xff, 0xff, 0xff, 0xff, 0xff, 0xff, 0xff, 0xff, 0xff, 0xff, 0xff, 0xff,
    0xff, 0xff, 0xff, 0xff, 0xff, 0xff, 0xff, 0xff, 0xdf, 0xf7, 0x96, 0x74,
    0xef, 0x01, 0xaf, 0x01, 0xcf, 0x01, 0xcf, 0x01, 0xcf, 0x01, 0xae, 0x01,
    0xf4, 0x53, 0x5e, 0xef, 0xff, 0xff, 0xff, 0xff, 0xff, 0xff, 0xff, 0xff,
    0xff, 0xff, 0xff, 0xff, 0xff, 0xff, 0xff, 0xff, 0xff, 0xff, 0xff, 0xff,
    0xff, 0xff, 0xbf, 0xf7, 0x96, 0x74, 0x0f, 0x0a, 0xcf, 0x01, 0xef, 0x01,
    0xce, 0x01, 0xb1, 0x22, 0x3b, 0xb6, 0xff, 0xff, 0xff, 0xff, 0xff, 0xff,
    0xff, 0xff, 0xff, 0xff, 0xff, 0xff, 0xff, 0xff, 0xff, 0xff, 0xff, 0xff,
    0xff, 0xff, 0xff, 0xff, 0xff, 0xff, 0x1a, 0xae, 0x91, 0x1a, 0xcf, 0x01,
    0xef, 0x01, 0xef, 0x01, 0xcf, 0x01, 0x0f, 0x0a, 0x96, 0x74, 0xbf, 0xf7,
    0xff, 0xff, 0xff, 0xff, 0xff, 0xff, 0xff, 0xff, 0xff, 0xff, 0xff, 0xff,
    0xff, 0xff, 0xff, 0xff, 0xff, 0xff, 0xff, 0xff, 0xff, 0xff, 0xff, 0xff,
    0x18, 0x8d, 0x0f, 0x02, 0xcf, 0x01, 0xef, 0x01, 0xef, 0x01, 0xef, 0x01,
    0xef, 0x01, 0xef, 0x01, 0xef, 0x01, 0xef, 0x01, 0xef, 0x01, 0xef, 0x01,
    0xef, 0x01, 0xef, 0x01, 0xef, 0x01, 0xef, 0x01, 0xef, 0x01, 0xef, 0x01,
    0xef, 0x01, 0xef, 0x01, 0xef, 0x01, 0xef, 0x01, 0xef, 0x01, 0xef, 0x01,
    0xef, 0x01, 0xef, 0x01, 0xef, 0x01, 0xef, 0x01, 0xef, 0x01, 0xef, 0x01,
    0xef, 0x01, 0xef, 0x01, 0xef, 0x01, 0xef, 0x01, 0xef, 0x01, 0xef, 0x01,
    0xef, 0x01, 0xef, 0x01, 0xef, 0x01, 0xef, 0x01, 0xef, 0x01, 0xef, 0x01,
    0xef, 0x01, 0xce, 0x01, 0x6b, 0x01, 0xef, 0x01, 0xef, 0x01, 0xef, 0x01,
    0xef, 0x01, 0xef, 0x01, 0xef, 0x01, 0xef, 0x01, 0xef, 0x01, 0xef, 0x01,
    0xef, 0x01, 0xef, 0x01, 0xef, 0x01, 0xef, 0x01, 0xef, 0x01, 0xef, 0x01,
    0xef, 0x01, 0xef, 0x01, 0xef, 0x01, 0xef, 0x01, 0xef, 0x01, 0xef, 0x01,
    0xef, 0x01, 0xef, 0x01, 0xd0, 0x01, 0x6d, 0x2a, 0xa3, 0xc4, 0x60, 0xf5,
    0x60, 0xf5, 0x40, 0xf5, 0x60, 0xf5, 0x40, 0xf5, 0x40, 0xf5, 0x60, 0xf5,
    0x40, 0xf5, 0x60, 0xf5, 0x40, 0xf5, 0x40, 0xf5, 0x60, 0xf5, 0x40, 0xf5,
    0x60, 0xf5, 0x60, 0xf5, 0x40, 0xf5, 0x60, 0xf5, 0x40, 0xf5, 0x60, 0xf5,
    0x40, 0xf5, 0x40, 0xf5, 0x60, 0xf5, 0x40, 0xf5, 0x60, 0xf5, 0x40, 0xf5,
    0x60, 0xf5, 0x40, 0xf5, 0x60, 0xf5, 0x40, 0xf5, 0x60, 0xf5, 0x60, 0xf5,
    0x40, 0xf5, 0x40, 0xf5, 0x60, 0xf5, 0x40, 0xf5, 0x40, 0xf5, 0x60, 0xf5,
    0x60, 0xf5, 0x60, 0xf5, 0x21, 0xed, 0x49, 0x63, 0xef, 0x01, 0xcf, 0x01,
    0xef, 0x01, 0xef, 0x01, 0xef, 0x01, 0xef, 0x01, 0xef, 0x01, 0xef, 0x01,
    0xef, 0x01, 0xef, 0x01, 0xef, 0x01, 0xef, 0x01, 0xef, 0x01, 0xcf, 0x01,
    0xef, 0x01, 0xf4, 0x53, 0x7e, 0xe7, 0xff, 0xff, 0xff, 0xff, 0xff, 0xff,
    0xff, 0xff, 0xff, 0xff, 0xff, 0xff, 0xff, 0xff, 0xff, 0xff, 0xff, 0xff,
    0xff, 0xff, 0xff, 0xff, 0xdf, 0xff, 0xd7, 0x7c, 0x0f, 0x0a, 0xcf, 0x01,
    0xef, 0x01, 0xef, 0x01, 0xef, 0x01, 0xef, 0x01, 0xef, 0x01, 0xef, 0x01,
    0xef, 0x01, 0xef, 0x01, 0xef, 0x01, 0xce, 0x01, 0x91, 0x1a, 0xfa, 0xad,
    0xff, 0xff, 0xff, 0xff, 0xff, 0xff, 0xff, 0xff, 0xff, 0xff, 0xff, 0xff,
    0xff, 0xff, 0xff, 0xff, 0xff, 0xff, 0xff, 0xff, 0xff, 0xff, 0xff, 0xff,
    0xfd, 0xd6, 0x93, 0x43, 0xef, 0x01, 0x0f, 0x0a, 0x0f, 0x0a, 0x10, 0x0a,
    0xef, 0x01, 0x71, 0x1a, 0x79, 0x95, 0xff, 0xff, 0xff, 0xff, 0xff, 0xff,
    0xff, 0xff, 0xff, 0xff, 0xff, 0xff, 0xff, 0xff, 0xff, 0xff, 0xff, 0xff,
    0xff, 0xff, 0xff, 0xff, 0xff, 0xff, 0xdc, 0xce, 0x32, 0x33, 0xcf, 0x01,
    0xef, 0x01, 0xef, 0x01, 0xce, 0x01, 0xf5, 0x5b, 0x5e, 0xe7, 0xff, 0xff,
    0xff, 0xff, 0xff, 0xff, 0xff, 0xff, 0xff, 0xff, 0xff, 0xff, 0xff, 0xff,
    0xff, 0xff, 0xff, 0xff, 0xff, 0xff, 0xff, 0xff, 0x9f, 0xf7, 0x96, 0x74,
    0xef, 0x01, 0xef, 0x01, 0xef, 0x01, 0xef, 0x01, 0xce, 0x01, 0xb1, 0x22,
    0x5b, 0xbe, 0xff, 0xff, 0xff, 0xff, 0xff, 0xff, 0xff, 0xff, 0xff, 0xff,
    0xff, 0xff, 0xff, 0xff, 0xff, 0xff, 0xff, 0xff, 0xff, 0xff, 0xff, 0xff,
    0xff, 0xff, 0x5e, 0xe7, 0xf4, 0x53, 0xaf, 0x01, 0xef, 0x01, 0xef, 0x01,
    0xef, 0x01, 0xef, 0x01, 0xef, 0x01, 0xef, 0x01, 0xef, 0x01, 0xef, 0x01,
    0xef, 0x01, 0xef, 0x01, 0xef, 0x01, 0xef, 0x01, 0xef, 0x01, 0xef, 0x01,
    0xef, 0x01, 0xef, 0x01, 0xef, 0x01, 0xef, 0x01, 0xef, 0x01, 0xef, 0x01,
    0xef, 0x01, 0xef, 0x01, 0xef, 0x01, 0xef, 0x01, 0xef, 0x01, 0xef, 0x01,
    0xef, 0x01, 0xef, 0x01, 0xef, 0x01, 0xef, 0x01, 0xef, 0x01, 0xef, 0x01,
    0xef, 0x01, 0xef, 0x01, 0xef, 0x01, 0xef, 0x01, 0xef, 0x01, 0xef, 0x01,
    0xef, 0x01, 0xef, 0x01, 0x10, 0x02, 0xce, 0x01, 0x8c, 0x01, 0xef, 0x01,
    0xef, 0x01, 0xef, 0x01, 0xef, 0x01, 0xef, 0x01, 0xef, 0x01, 0xef, 0x01,
    0xef, 0x01, 0xef, 0x01, 0xef, 0x01, 0xef, 0x01, 0xef, 0x01, 0xef, 0x01,
    0xef, 0x01, 0xef, 0x01, 0xef, 0x01, 0xef, 0x01, 0xef, 0x01, 0xef, 0x01,
    0xef, 0x01, 0xef, 0x01, 0xef, 0x01, 0xef, 0x01, 0xcf, 0x01, 0x2e, 0x12,
    0x06, 0x94, 0x40, 0xf5, 0x60, 0xf5, 0x40, 0xf5, 0x60, 0xf5, 0x40, 0xf5,
    0x60, 0xf5, 0x60, 0xf5, 0x40, 0xf5, 0x40, 0xf5, 0x60, 0xf5, 0x60, 0xf5,
    0x40, 0xf5, 0x40, 0xf5, 0x60, 0xf5, 0x40, 0xf5, 0x60, 0xf5, 0x60, 0xf5,
    0x40, 0xf5, 0x60, 0xf5, 0x60, 0xf5, 0x40, 0xf5, 0x40, 0xf5, 0x60, 0xf5,
    0x40, 0xf5, 0x60, 0xf5, 0x40, 0xf5, 0x60, 0xf5, 0x40, 0xf5, 0x40, 0xf5,
    0x60, 0xf5, 0x60, 0xf5, 0x40, 0xf5, 0x60, 0xf5, 0x60, 0xf5, 0x40, 0xf5,
    0x40, 0xf5, 0x60, 0xf5, 0x40, 0xf5, 0x60, 0xf5, 0x60, 0xf5, 0x68, 0x6b,
    0xef, 0x01, 0xef, 0x01, 0xef, 0x01, 0xef, 0x01, 0xef, 0x01, 0xef, 0x01,
    0xef, 0x01, 0xef, 0x01, 0xef, 0x01, 0xef, 0x01, 0xef, 0x01, 0xef, 0x01,
    0xef, 0x01, 0xce, 0x01, 0x50, 0x1a, 0x79, 0x95, 0xff, 0xff, 0xff, 0xff,
    0xff, 0xff, 0xff, 0xff, 0xff, 0xff, 0xff, 0xff, 0xff, 0xff, 0xff, 0xff,
    0xff, 0xff, 0xff, 0xff, 0xff, 0xff, 0xff, 0xff, 0xfd, 0xd6, 0x73, 0x3b,
    0xae, 0x01, 0xef, 0x01, 0xef, 0x01, 0xef, 0x01, 0xef, 0x01, 0xef, 0x01,
    0xef, 0x01, 0xef, 0x01, 0xef, 0x01, 0xef, 0x01, 0xcf, 0x01, 0xef, 0x01,
    0xd4, 0x53, 0x5e, 0xe7, 0xff, 0xff, 0xff, 0xff, 0xff, 0xff, 0xff, 0xff,
    0xff, 0xff, 0xff, 0xff, 0xff, 0xff, 0xff, 0xff, 0xff, 0xff, 0xff, 0xff,
    0xff, 0xff, 0xff, 0xff, 0x7e, 0xef, 0x5b, 0xbe, 0xfa, 0xad, 0x1b, 0xae,
    0x1a, 0xae, 0x1a, 0xb6, 0xfa, 0xad, 0x5b, 0xbe, 0x5e, 0xe7, 0xff, 0xff,
    0xff, 0xff, 0xff, 0xff, 0xff, 0xff, 0xff, 0xff, 0xff, 0xff, 0xff, 0xff,
    0xff, 0xff, 0xff, 0xff, 0xff, 0xff, 0xff, 0xff, 0xff, 0xff, 0x79, 0x95,
    0x50, 0x12, 0xcf, 0x01, 0xef, 0x01, 0xcf, 0x01, 0x50, 0x12, 0x99, 0x9d,
    0xff, 0xff, 0xff, 0xff, 0xff, 0xff, 0xff, 0xff, 0xff, 0xff, 0xff, 0xff,
    0xff, 0xff, 0xff, 0xff, 0xff, 0xff, 0xff, 0xff, 0xff, 0xff, 0xff, 0xff,
    0xbc, 0xc6, 0x12, 0x33, 0xcf, 0x01, 0xef, 0x01, 0xef, 0x01, 0xcf, 0x01,
    0xef, 0x01, 0xf4, 0x53, 0x9e, 0xef, 0xff, 0xff, 0xff, 0xff, 0xff, 0xff,
    0xff, 0xff, 0xff, 0xff, 0xff, 0xff, 0xff, 0xff, 0xff, 0xff, 0xff, 0xff,
    0xff, 0xff, 0xff, 0xff, 0xff, 0xff, 0xfa, 0xad, 0xb1, 0x22, 0xaf, 0x01,
    0xef, 0x01, 0xef, 0x01, 0xef, 0x01, 0xef, 0x01, 0xef, 0x01, 0xef, 0x01,
    0xef, 0x01, 0xef, 0x01, 0xef, 0x01, 0xef, 0x01, 0xef, 0x01, 0xef, 0x01,
    0xef, 0x01, 0xef, 0x01, 0xef, 0x01, 0xef, 0x01, 0xef, 0x01, 0xef, 0x01,
    0xef, 0x01, 0xef, 0x01, 0xef, 0x01, 0xef, 0x01, 0xef, 0x01, 0xef, 0x01,
    0xef, 0x01, 0xef, 0x01, 0xef, 0x01, 0xef, 0x01, 0xef, 0x01, 0xef, 0x01,
    0xef, 0x01, 0xef, 0x01, 0xef, 0x01, 0xef, 0x01, 0xef, 0x01, 0xef, 0x01,
    0xef, 0x01, 0xef, 0x01, 0xef, 0x01, 0xef, 0x01, 0xef, 0x01, 0xce, 0x01,
    0xae, 0x01, 0x10, 0x02, 0xef, 0x01, 0xef, 0x01, 0xef, 0x01, 0xef, 0x01,
    0xef, 0x01, 0xef, 0x01, 0xef, 0x01, 0xef, 0x01, 0xef, 0x01, 0xef, 0x01,
    0xef, 0x01, 0xef, 0x01, 0xef, 0x01, 0xef, 0x01, 0xef, 0x01, 0xef, 0x01,
    0xef, 0x01, 0xef, 0x01, 0xef, 0x01, 0xef, 0x01, 0xef, 0x01, 0xef, 0x01,
    0xef, 0x01, 0xef, 0x01, 0x2a, 0x5b, 0x21, 0xe5, 0x60, 0xfd, 0x60, 0xf5,
    0x40, 0xf5, 0x60, 0xf5, 0x40, 0xf5, 0x60, 0xf5, 0x60, 0xf5, 0x40, 0xf5,
    0x60, 0xf5, 0x60, 0xf5, 0x40, 0xf5, 0x60, 0xf5, 0x40, 0xf5, 0x40, 0xf5,
    0x60, 0xf5, 0x40, 0xf5, 0x40, 0xf5, 0x60, 0xf5, 0x40, 0xf5, 0x60, 0xf5,
    0x60, 0xf5, 0x40, 0xf5, 0x60, 0xf5, 0x40, 0xf5, 0x60, 0xf5, 0x60, 0xf5,
    0x40, 0xf5, 0x60, 0xf5, 0x40, 0xf5, 0x40, 0xf5, 0x60, 0xf5, 0x40, 0xf5,
    0x60, 0xf5, 0x60, 0xf5, 0x40, 0xf5, 0x60, 0xf5, 0x40, 0xf5, 0x40, 0xf5,
    0x60, 0xfd, 0xa8, 0x83, 0x0f, 0x0a, 0xd0, 0x01, 0xef, 0x01, 0xef, 0x01,
    0xef, 0x01, 0xef, 0x01, 0xef, 0x01, 0xef, 0x01, 0xef, 0x01, 0xef, 0x01,
    0xef, 0x01, 0xef, 0x01, 0xef, 0x01, 0xcf, 0x01, 0x73, 0x43, 0x1d, 0xdf,
    0xff, 0xff, 0xff, 0xff, 0xff, 0xff, 0xff, 0xff, 0xff, 0xff, 0xff, 0xff,
    0xff, 0xff, 0xff, 0xff, 0xff, 0xff, 0xff, 0xff, 0xff, 0xff, 0xff, 0xff,
    0x79, 0x95, 0x50, 0x12, 0xce, 0x01, 0xef, 0x01, 0xef, 0x01, 0xef, 0x01,
    0xef, 0x01, 0xef, 0x01, 0xef, 0x01, 0xef, 0x01, 0xef, 0x01, 0xef, 0x01,
    0xce, 0x01, 0x50, 0x12, 0x58, 0x95, 0xff, 0xff, 0xff, 0xff, 0xff, 0xff,
    0xff, 0xff, 0xff, 0xff, 0xff, 0xff, 0xff, 0xff, 0xff, 0xff, 0xff, 0xff,
    0xff, 0xff, 0xff, 0xff, 0xff, 0xff, 0xff, 0xff, 0xff, 0xff, 0xff, 0xff,
    0xff, 0xff, 0xff, 0xff, 0xff, 0xff, 0xff, 0xff, 0xff, 0xff, 0xff, 0xff,
    0xff, 0xff, 0xff, 0xff, 0xff, 0xff, 0xff, 0xff, 0xff, 0xff, 0xff, 0xff,
    0xff, 0xff, 0xff, 0xff, 0xff, 0xff, 0xff, 0xff, 0xff, 0xff, 0xff, 0xff,
    0x7e, 0xe7, 0xd4, 0x53, 0xef, 0x01, 0xcf, 0x01, 0xef, 0x01, 0xce, 0x01,
    0x73, 0x43, 0xfd, 0xd6, 0xff, 0xff, 0xff, 0xff, 0xff, 0xff, 0xff, 0xff,
    0xff, 0xff, 0xff, 0xff, 0xff, 0xff, 0xff, 0xff, 0xff, 0xff, 0xff, 0xff,
    0xff, 0xff, 0xdf, 0xff, 0x58, 0x8d, 0x0f, 0x02, 0xef, 0x01, 0xef, 0x01,
    0xef, 0x01, 0xce, 0x01, 0x50, 0x12, 0x99, 0x9d, 0xff, 0xff, 0xff, 0xff,
    0xff, 0xff, 0xff, 0xff, 0xff, 0xff, 0xff, 0xff, 0xff, 0xff, 0xff, 0xff,
    0xff, 0xff, 0xff, 0xff, 0xff, 0xff, 0xff, 0xff, 0x9f, 0xef, 0x96, 0x6c,
    0xef, 0x09, 0xcf, 0x01, 0xef, 0x01, 0xef, 0x01, 0xef, 0x01, 0xef, 0x01,
    0xef, 0x01, 0xef, 0x01, 0xef, 0x01, 0xef, 0x01, 0xef, 0x01, 0xef, 0x01,
    0xef, 0x01, 0xef, 0x01, 0xef, 0x01, 0xef, 0x01, 0xef, 0x01, 0xef, 0x01,
    0xef, 0x01, 0xef, 0x01, 0xef, 0x01, 0xef, 0x01, 0xef, 0x01, 0xef, 0x01,
    0xef, 0x01, 0xef, 0x01, 0xef, 0x01, 0xef, 0x01, 0xef, 0x01, 0xef, 0x01,
    0xef, 0x01, 0xef, 0x01, 0xef, 0x01, 0xef, 0x01, 0xef, 0x01, 0xef, 0x01,
    0xef, 0x01, 0xef, 0x01, 0xef, 0x01, 0xef, 0x01, 0xef, 0x01, 0xef, 0x01,
    0xf0, 0x01, 0xce, 0x01, 0xce, 0x01, 0x0f, 0x02, 0xef, 0x01, 0xef, 0x01,
    0xef, 0x01, 0xef, 0x01, 0xef, 0x01, 0xef, 0x01, 0xef, 0x01, 0xef, 0x01,
    0xef, 0x01, 0xef, 0x01, 0xef, 0x01, 0xef, 0x01, 0xef, 0x01, 0xef, 0x01,
    0xef, 0x01, 0xef, 0x01, 0xef, 0x01, 0xef, 0x01, 0xef, 0x01, 0xef, 0x01,
    0xef, 0x01, 0xef, 0x01, 0xef, 0x01, 0xcf, 0x01, 0x8c, 0x32, 0xc3, 0xcc,
    0x60, 0xf5, 0x60, 0xf5, 0x40, 0xf5, 0x40, 0xf5, 0x60, 0xf5, 0x40, 0xf5,
    0x40, 0xf5, 0x60, 0xf5, 0x40, 0xf5, 0x40, 0xf5, 0x60, 0xf5, 0x60, 0xf5,
    0x40, 0xf5, 0x60, 0xf5, 0x40, 0xf5, 0x60, 0xf5, 0x40, 0xf5, 0x40, 0xf5,
    0x60, 0xf5, 0x40, 0xf5, 0x40, 0xf5, 0x60, 0xf5, 0x40, 0xf5, 0x40, 0xf5,
    0x60, 0xf5, 0x40, 0xf5, 0x60, 0xf5, 0x60, 0xf5, 0x40, 0xf5, 0x60, 0xf5,
    0x40, 0xf5, 0x40, 0xf5, 0x40, 0xf5, 0x60, 0xf5, 0x60, 0xf5, 0x40, 0xf5,
    0x60, 0xf5, 0x60, 0xf5, 0x60, 0xfd, 0x05, 0x9c, 0x4d, 0x1a, 0xd0, 0x01,
    0xef, 0x01, 0xef, 0x01, 0xef, 0x01, 0xef, 0x01, 0xef, 0x01, 0xef, 0x01,
    0xef, 0x01, 0xef, 0x01, 0xef, 0x01, 0xef, 0x01, 0xcf, 0x01, 0x30, 0x0a,
    0xf7, 0x7c, 0xff, 0xff, 0xff, 0xff, 0xff, 0xff, 0xff, 0xff, 0xff, 0xff,
    0xff, 0xff, 0xff, 0xff, 0xff, 0xff, 0xff, 0xff, 0xff, 0xff, 0xff, 0xff,
    0xff, 0xff, 0x5e, 0xe7, 0xf4, 0x53, 0xcf, 0x01, 0xcf, 0x01, 0xef, 0x01,
    0xef, 0x01, 0xef, 0x01, 0xef, 0x01, 0xef, 0x01, 0xef, 0x01, 0xef, 0x01,
    0xef, 0x01, 0xef, 0x01, 0xcf, 0x01, 0x32, 0x3b, 0xbc, 0xce, 0xff, 0xff,
    0xff, 0xff, 0xff, 0xff, 0xff, 0xff, 0xff, 0xff, 0xff, 0xff, 0xff, 0xff,
    0xff, 0xff, 0xff, 0xff, 0xff, 0xff, 0xff, 0xff, 0xff, 0xff, 0xff, 0xff,
    0xff, 0xff, 0xff, 0xff, 0xff, 0xff, 0xff, 0xff, 0xff, 0xff, 0xff, 0xff,
    0xff, 0xff, 0xff, 0xff, 0xff, 0xff, 0xff, 0xff, 0xff, 0xff, 0xff, 0xff,
    0xff, 0xff, 0xff, 0xff, 0xff, 0xff, 0xff, 0xff, 0xff, 0xff, 0xff, 0xff,
    0xff, 0xff, 0xff, 0xff, 0x3a, 0xb6, 0x91, 0x22, 0xcf, 0x01, 0xef, 0x01,
    0xcf, 0x01, 0x0f, 0x0a, 0x18, 0x8d, 0xdf, 0xff, 0xff, 0xff, 0xff, 0xff,
    0xff, 0xff, 0xff, 0xff, 0xff, 0xff, 0xff, 0xff, 0xff, 0xff, 0xff, 0xff,
    0xff, 0xff, 0xff, 0xff, 0xff, 0xff, 0x3e, 0xdf, 0xb4, 0x4b, 0xaf, 0x01,
    0xef, 0x01, 0xef, 0x01, 0xcf, 0x01, 0xef, 0x01, 0x73, 0x43, 0xfd, 0xd6,
    0xff, 0xff, 0xff, 0xff, 0xff, 0xff, 0xff, 0xff, 0xff, 0xff, 0xff, 0xff,
    0xff, 0xff, 0xff, 0xff, 0xff, 0xff, 0xff, 0xff, 0xff, 0xff, 0xff, 0xff,
    0x9c, 0xc6, 0x32, 0x3b, 0xae, 0x01, 0xef, 0x01, 0xef, 0x01, 0xef, 0x01,
    0xef, 0x01, 0xef, 0x01, 0xef, 0x01, 0xef, 0x01, 0xef, 0x01, 0xef, 0x01,
    0xef, 0x01, 0xef, 0x01, 0xef, 0x01, 0xef, 0x01, 0xef, 0x01, 0xef, 0x01,
    0xef, 0x01, 0xef, 0x01, 0xef, 0x01, 0xef, 0x01, 0xef, 0x01, 0xef, 0x01,
    0xef, 0x01, 0xef, 0x01, 0xef, 0x01, 0xef, 0x01, 0xef, 0x01, 0xef, 0x01,
    0xef, 0x01, 0xef, 0x01, 0xef, 0x01, 0xef, 0x01, 0xef, 0x01, 0xef, 0x01,
    0xef, 0x01, 0xef, 0x01, 0xef, 0x01, 0xef, 0x01, 0xef, 0x01, 0xef, 0x01,
    0xef, 0x01, 0xef, 0x01, 0x0f, 0x02, 0xce, 0x01, 0xce, 0x01, 0xef, 0x01,
    0xef, 0x01, 0xef, 0x01, 0xef, 0x01, 0xef, 0x01, 0xef, 0x01, 0xef, 0x01,
    0xef, 0x01, 0xef, 0x01, 0xef, 0x01, 0xef, 0x01, 0xef, 0x01, 0xef, 0x01,
    0xef, 0x01, 0xef, 0x01, 0xef, 0x01, 0xef, 0x01, 0xef, 0x01, 0xef, 0x01,
    0xef, 0x01, 0xef, 0x01, 0xef, 0x01, 0xef, 0x01, 0xef, 0x01, 0xcf, 0x01,
    0x2e, 0x12, 0xe6, 0x93, 0x40, 0xf5, 0x60, 0xf5, 0x60, 0xf5, 0x60, 0xf5,
    0x40, 0xf5, 0x60, 0xf5, 0x40, 0xf5, 0x60, 0xf5, 0x40, 0xf5, 0x40, 0xf5,
    0x60, 0xf5, 0x40, 0xf5, 0x60, 0xf5, 0x40, 0xf5, 0x60, 0xf5, 0x60, 0xf5,
    0x60, 0xf5, 0x40, 0xf5, 0x60, 0xf5, 0x60, 0xf5, 0x40, 0xf5, 0x60, 0xf5,
    0x60, 0xf5, 0x40, 0xf5, 0x40, 0xf5, 0x60, 0xf5, 0x40, 0xf5, 0x40, 0xf5,
    0x60, 0xf5, 0x60, 0xf5, 0x60, 0xf5, 0x40, 0xf5, 0x60, 0xf5, 0x40, 0xf5,
    0x40, 0xf5, 0x60, 0xf5, 0x40, 0xf5, 0x60, 0xf5, 0x60, 0xfd, 0xa3, 0xbc,
    0x8c, 0x32, 0xd0, 0x01, 0xef, 0x01, 0xef, 0x01, 0xef, 0x01, 0xef, 0x01,
    0xef, 0x01, 0xef, 0x01, 0xef, 0x01, 0xef, 0x01, 0xef, 0x01, 0xef, 0x01,
    0xce, 0x01, 0xd1, 0x2a, 0x9c, 0xc6, 0xff, 0xff, 0xff, 0xff, 0xff, 0xff,
    0xff, 0xff, 0xff, 0xff, 0xff, 0xff, 0xff, 0xff, 0xff, 0xff, 0xff, 0xff,
    0xff, 0xff, 0xff, 0xff, 0xff, 0xff, 0x1a, 0xae, 0xd1, 0x22, 0xae, 0x01,
    0xef, 0x01, 0xef, 0x01, 0xef, 0x01, 0xef, 0x01, 0xef, 0x01, 0xef, 0x01,
    0xef, 0x01, 0xef, 0x01, 0xef, 0x01, 0xcf, 0x01, 0x0f, 0x0a, 0x96, 0x74,
    0xdf, 0xff, 0xff, 0xff, 0xff, 0xff, 0xff, 0xff, 0xff, 0xff, 0xff, 0xff,
    0xff, 0xff, 0xff, 0xff, 0xff, 0xff, 0xff, 0xff, 0xff, 0xff, 0xff, 0xff,
    0xbf, 0xf7, 0x3d, 0xdf, 0x1d, 0xdf, 0x1d, 0xdf, 0x1d, 0xdf, 0x1d, 0xdf,
    0x1d, 0xdf, 0x3e, 0xdf, 0xbf, 0xf7, 0xff, 0xff, 0xff, 0xff, 0xff, 0xff,
    0xff, 0xff, 0xff, 0xff, 0xff, 0xff, 0xff, 0xff, 0xff, 0xff, 0xff, 0xff,
    0xff, 0xff, 0xff, 0xff, 0xff, 0xff, 0xbf, 0xf7, 0x96, 0x6c, 0x0f, 0x0a,
    0xcf, 0x01, 0xef, 0x01, 0xcf, 0x01, 0xd2, 0x2a, 0x9c, 0xc6, 0xff, 0xff,
    0xff, 0xff, 0xff, 0xff, 0xff, 0xff, 0xff, 0xff, 0xff, 0xff, 0xff, 0xff,
    0xff, 0xff, 0xff, 0xff, 0xff, 0xff, 0xff, 0xff, 0xff, 0xff, 0xda, 0xad,
    0x70, 0x1a, 0xcf, 0x01, 0xef, 0x01, 0xef, 0x01, 0xce, 0x01, 0x30, 0x0a,
    0xf7, 0x84, 0xdf, 0xff, 0xff, 0xff, 0xff, 0xff, 0xff, 0xff, 0xff, 0xff,
    0xff, 0xff, 0xff, 0xff, 0xff, 0xff, 0xff, 0xff, 0xff, 0xff, 0xff, 0xff,
    0xff, 0xff, 0xff, 0xff, 0x38, 0x8d, 0x30, 0x0a, 0xcf, 0x01, 0xef, 0x01,
    0xef, 0x01, 0xef, 0x01, 0xef, 0x01, 0xef, 0x01, 0xef, 0x01, 0xef, 0x01,
    0xef, 0x01, 0xef, 0x01, 0xef, 0x01, 0xef, 0x01, 0xef, 0x01, 0xef, 0x01,
    0xef, 0x01, 0xef, 0x01, 0xef, 0x01, 0xef, 0x01, 0xef, 0x01, 0xef, 0x01,
    0xef, 0x01, 0xef, 0x01, 0xef, 0x01, 0xef, 0x01, 0xef, 0x01, 0xef, 0x01,
    0xef, 0x01, 0xef, 0x01, 0xef, 0x01, 0xef, 0x01, 0xef, 0x01, 0xef, 0x01,
    0xef, 0x01, 0xef, 0x01, 0xef, 0x01, 0xef, 0x01, 0xef, 0x01, 0xef, 0x01,
    0xef, 0x01, 0xef, 0x01, 0xef, 0x01, 0xef, 0x01, 0xef, 0x01, 0xce, 0x01,
    0xce, 0x01, 0xf0, 0x01, 0xef, 0x01, 0xef, 0x01, 0xef, 0x01, 0xef, 0x01,
    0xef, 0x01, 0xef, 0x01, 0xef, 0x01, 0xef, 0x01, 0xef, 0x01, 0xef, 0x01,
    0xef, 0x01, 0xef, 0x01, 0xef, 0x01, 0xef, 0x01, 0xef, 0x01, 0xef, 0x01,
    0xef, 0x01, 0xef, 0x01, 0xef, 0x01, 0xef, 0x01, 0xef, 0x01, 0xef, 0x01,
    0xef, 0x01, 0xef, 0x01, 0xef, 0x01, 0x0a, 0x53, 0x01, 0xdd, 0x60, 0xfd,
    0x60, 0xf5, 0x40, 0xf5, 0x60, 0xf5, 0x40, 0xf5, 0x60, 0xf5, 0x60, 0xf5,
    0x40, 0xf5, 0x60, 0xf5, 0x40, 0xf5, 0x60, 0xf5, 0x40, 0xf5, 0x40, 0xf5,
    0x60, 0xf5, 0x40, 0xf5, 0x40, 0xf5, 0x60, 0xf5, 0x40, 0xf5, 0x60, 0xf5,
    0x40, 0xf5, 0x40, 0xf5, 0x60, 0xf5, 0x60, 0xf5, 0x40, 0xf5, 0x60, 0xf5,
    0x60, 0xf5, 0x40, 0xf5, 0x40, 0xf5, 0x40, 0xf5, 0x60, 0xf5, 0x60, 0xf5,
    0x40, 0xf5, 0x60, 0xf5, 0x40, 0xf5, 0x60, 0xf5, 0x40, 0xf5, 0x40, 0xf5,
    0x60, 0xfd, 0x02, 0xdd, 0x0a, 0x53, 0xcf, 0x01, 0xef, 0x01, 0xef, 0x01,
    0xef, 0x01, 0xef, 0x01, 0xef, 0x01, 0xef, 0x01, 0xef, 0x01, 0xef, 0x01,
    0xef, 0x01, 0xcf, 0x01, 0xef, 0x09, 0x35, 0x64, 0x9f, 0xf7, 0xff, 0xff,
    0xff, 0xff, 0xff, 0xff, 0xff, 0xff, 0xff, 0xff, 0xff, 0xff, 0xff, 0xff,
    0xff, 0xff, 0xff, 0xff, 0xff, 0xff, 0xff, 0xff, 0xbf, 0xf7, 0x76, 0x6c,
    0xef, 0x09, 0xcf, 0x01, 0xef, 0x01, 0xef, 0x01, 0xef, 0x01, 0xef, 0x01,
    0xef, 0x01, 0xef, 0x01, 0xef, 0x01, 0xef, 0x01, 0xef, 0x01, 0xae, 0x01,
    0xd1, 0x2a, 0x5b, 0xbe, 0xff, 0xff, 0xff, 0xff, 0xff, 0xff, 0xff, 0xff,
    0xff, 0xff, 0xff, 0xff, 0xff, 0xff, 0xff, 0xff, 0xff, 0xff, 0xff, 0xff,
    0xff, 0xff, 0xff, 0xff, 0xfa, 0xad, 0xd4, 0x53, 0x73, 0x43, 0x94, 0x4b,
    0x94, 0x43, 0x94, 0x4b, 0x73, 0x43, 0x35, 0x64, 0xbc, 0xce, 0xff, 0xff,
    0xff, 0xff, 0xff, 0xff, 0xff, 0xff, 0xff, 0xff, 0xff, 0xff, 0xff, 0xff,
    0xff, 0xff, 0xff, 0xff, 0xff, 0xff, 0xff, 0xff, 0xff, 0xff, 0xbc, 0xce,
    0x12, 0x33, 0xcf, 0x01, 0xcf, 0x01, 0xef, 0x01, 0xef, 0x01, 0x76, 0x6c,
    0x9e, 0xef, 0xff, 0xff, 0xff, 0xff, 0xff, 0xff, 0xff, 0xff, 0xff, 0xff,
    0xff, 0xff, 0xff, 0xff, 0xff, 0xff, 0xff, 0xff, 0xff, 0xff, 0xff, 0xff,
    0x7e, 0xef, 0x76, 0x6c, 0xcf, 0x01, 0xef, 0x01, 0xef, 0x01, 0xef, 0x01,
    0xce, 0x01, 0xd2, 0x2a, 0x9c, 0xc6, 0xff, 0xff, 0xff, 0xff, 0xff, 0xff,
    0xff, 0xff, 0xff, 0xff, 0xff, 0xff, 0xff, 0xff, 0xff, 0xff, 0xff, 0xff,
    0xff, 0xff, 0xff, 0xff, 0xff, 0xff, 0x3d, 0xdf, 0xb4, 0x4b, 0xae, 0x01,
    0xef, 0x01, 0xef, 0x01, 0xef, 0x01, 0xef, 0x01, 0xef, 0x01, 0xef, 0x01,
    0xef, 0x01, 0xef, 0x01, 0xef, 0x01, 0xef, 0x01, 0xef, 0x01, 0xef, 0x01,
    0xef, 0x01, 0xef, 0x01, 0xef, 0x01, 0xef, 0x01, 0xef, 0x01, 0xef, 0x01,
    0xef, 0x01, 0xef, 0x01, 0xef, 0x01, 0xef, 0x01, 0xef, 0x01, 0xef, 0x01,
    0xef, 0x01, 0xef, 0x01, 0xef, 0x01, 0xef, 0x01, 0xef, 0x01, 0xef, 0x01,
    0xef, 0x01, 0xef, 0x01, 0xef, 0x01, 0xef, 0x01, 0xef, 0x01, 0xef, 0x01,
    0xef, 0x01, 0xef, 0x01, 0xef, 0x01, 0xef, 0x01, 0xef, 0x01, 0xef, 0x01,
    0x10, 0x02, 0xce, 0x01, 0xce, 0x01, 0xef, 0x01, 0xef, 0x01, 0xef, 0x01,
    0xef, 0x01, 0xef, 0x01, 0xef, 0x01, 0xef, 0x01, 0xef, 0x01, 0xef, 0x01,
    0xef, 0x01, 0xef, 0x01, 0xef, 0x01, 0xef, 0x01, 0xef, 0x01, 0xef, 0x01,
    0xef, 0x01, 0xef, 0x01, 0xef, 0x01, 0xef, 0x01, 0xef, 0x01, 0xef, 0x01,
    0xef, 0x01, 0xef, 0x01, 0xef, 0x01, 0xef, 0x01, 0xef, 0x01, 0x6d, 0x22,
    0x45, 0xac, 0x60, 0xf5, 0x60, 0xf5, 0x40, 0xf5, 0x40, 0xf5, 0x60, 0xf5,
    0x40, 0xf5, 0x40, 0xf5, 0x60, 0xf5, 0x60, 0xf5, 0x40, 0xf5, 0x60, 0xf5,
    0x60, 0xf5, 0x40, 0xf5, 0x60, 0xf5, 0x40, 0xf5, 0x60, 0xf5, 0x40, 0xf5,
    0x40, 0xf5, 0x60, 0xf5, 0x60, 0xf5, 0x40, 0xf5, 0x40, 0xf5, 0x60, 0xf5,
    0x40, 0xf5, 0x40, 0xf5, 0x60, 0xf5, 0x60, 0xf5, 0x40, 0xf5, 0x40, 0xf5,
    0x60, 0xf5, 0x40, 0xf5, 0x40, 0xf5, 0x60, 0xf5, 0x60, 0xf5, 0x40, 0xf5,
    0x60, 0xf5, 0x60, 0xf5, 0x60, 0xf5, 0x40, 0xf5, 0xc7, 0x83, 0x0e, 0x12,
    0xd0, 0x01, 0xef, 0x01, 0xef, 0x01, 0xef, 0x01, 0xef, 0x01, 0xef, 0x01,
    0xef, 0x01, 0xef, 0x01, 0xef, 0x01, 0xae, 0x01, 0x91, 0x22, 0xda, 0xa5,
    0xff, 0xff, 0xff, 0xff, 0xff, 0xff, 0xff, 0xff, 0xff, 0xff, 0xff, 0xff,
    0xff, 0xff, 0xff, 0xff, 0xff, 0xff, 0xff, 0xff, 0xff, 0xff, 0xff, 0xff,
    0x9c, 0xc6, 0x12, 0x33, 0xae, 0x01, 0xef, 0x01, 0xef, 0x01, 0xef, 0x01,
    0xef, 0x01, 0xef, 0x01, 0xef, 0x01, 0xef, 0x01, 0xef, 0x01, 0xef, 0x01,
    0xcf, 0x01, 0xef, 0x01, 0x15, 0x5c, 0x9f, 0xef, 0xff, 0xff, 0xff, 0xff,
    0xff, 0xff, 0xff, 0xff, 0xff, 0xff, 0xff, 0xff, 0xff, 0xff, 0xff, 0xff,
    0xff, 0xff, 0xff, 0xff, 0xff, 0xff, 0x7e, 0xef, 0x15, 0x5c, 0xcf, 0x01,
    0xae, 0x01, 0xcf, 0x01, 0xcf, 0x01, 0xcf, 0x01, 0x8e, 0x01, 0x93, 0x43,
    0xfd, 0xd6, 0xff, 0xff, 0xff, 0xff, 0xff, 0xff, 0xff, 0xff, 0xff, 0xff,
    0xff, 0xff, 0xff, 0xff, 0xff, 0xff, 0xff, 0xff, 0xff, 0xff, 0xff, 0xff,
    0xdf, 0xff, 0x38, 0x8d, 0x30, 0x0a, 0xcf, 0x01, 0xef, 0x01, 0xce, 0x01,
    0x91, 0x1a, 0x1a, 0xb6, 0xff, 0xff, 0xff, 0xff, 0xff, 0xff, 0xff, 0xff,
    0xff, 0xff, 0xff, 0xff, 0xff, 0xff, 0xff, 0xff, 0xff, 0xff, 0xff, 0xff,
    0xff, 0xff, 0xff, 0xff, 0x7c, 0xbe, 0xf2, 0x2a, 0xce, 0x01, 0xef, 0x01,
    0xef, 0x01, 0xcf, 0x01, 0xef, 0x01, 0x35, 0x64, 0xbf, 0xf7, 0xff, 0xff,
    0xff, 0xff, 0xff, 0xff, 0xff, 0xff, 0xff, 0xff, 0xff, 0xff, 0xff, 0xff,
    0xff, 0xff, 0xff, 0xff, 0xff, 0xff, 0xff, 0xff, 0xff, 0xff, 0xba, 0xa5,
    0x91, 0x1a, 0xae, 0x01, 0xef, 0x01, 0xef, 0x01, 0xef, 0x01, 0xef, 0x01,
    0xef, 0x01, 0xef, 0x01, 0xef, 0x01, 0xef, 0x01, 0xef, 0x01, 0xef, 0x01,
    0xef, 0x01, 0xef, 0x01, 0xef, 0x01, 0xef, 0x01, 0xef, 0x01, 0xef, 0x01,
    0xef, 0x01, 0xef, 0x01, 0xef, 0x01, 0xef, 0x01, 0xef, 0x01, 0xef, 0x01,
    0xef, 0x01, 0xef, 0x01, 0xef, 0x01, 0xef, 0x01, 0xef, 0x01, 0xef, 0x01,
    0xef, 0x01, 0xef, 0x01, 0xef, 0x01, 0xef, 0x01, 0xef, 0x01, 0xef, 0x01,
    0xef, 0x01, 0xef, 0x01, 0xef, 0x01, 0xef, 0x01, 0xef, 0x01, 0xef, 0x01,
    0xef, 0x01, 0xef, 0x01, 0xef, 0x01, 0xce, 0x01, 0xad, 0x01, 0xef, 0x01,
    0xef, 0x01, 0xef, 0x01, 0xef, 0x01, 0xef, 0x01, 0xef, 0x01, 0xef, 0x01,
    0xef, 0x01, 0xef, 0x01, 0xef, 0x01, 0xef, 0x01, 0xef, 0x01, 0xef, 0x01,
    0xef, 0x01, 0xef, 0x01, 0xef, 0x01, 0xef, 0x01, 0xef, 0x01, 0xef, 0x01,
    0xef, 0x01, 0xef, 0x01, 0xef, 0x01, 0xef, 0x01, 0xef, 0x01, 0xef, 0x01,
    0xcf, 0x01, 0xef, 0x01, 0x49, 0x63, 0x01, 0xe5, 0x60, 0xfd, 0x60, 0xf5,
    0x40, 0xf5, 0x60, 0xf5, 0x60, 0xf5, 0x40, 0xf5, 0x60, 0xf5, 0x40, 0xf5,
    0x40, 0xf5, 0x60, 0xf5, 0x40, 0xf5, 0x60, 0xf5, 0x40, 0xf5, 0x60, 0xf5,
    0x60, 0xf5, 0x40, 0xf5, 0x60, 0xf5, 0x40, 0xf5, 0x60, 0xf5, 0x60, 0xf5,
    0x40, 0xf5, 0x60, 0xf5, 0x60, 0xf5, 0x40, 0xf5, 0x40, 0xf5, 0x60, 0xf5,
    0x60, 0xf5, 0x60, 0xf5, 0x40, 0xf5, 0x60, 0xf5, 0x40, 0xf5, 0x60, 0xf5,
    0x40, 0xf5, 0x40, 0xf5, 0x60, 0xf5, 0x40, 0xf5, 0x60, 0xf5, 0x80, 0xfd,
    0x64, 0xb4, 0x8c, 0x2a, 0xd0, 0x01, 0xef, 0x01, 0xef, 0x01, 0xef, 0x01,
    0xef, 0x01, 0xef, 0x01, 0xef, 0x01, 0xef, 0x01, 0xcf, 0x01, 0xef, 0x01,
    0xd4, 0x4b, 0x5e, 0xe7, 0xff, 0xff, 0xff, 0xff, 0xff, 0xff, 0xff, 0xff,
    0xff, 0xff, 0xff, 0xff, 0xff, 0xff, 0xff, 0xff, 0xff, 0xff, 0xff, 0xff,
    0xff, 0xff, 0xff, 0xff, 0xf7, 0x84, 0x30, 0x0a, 0xcf, 0x01, 0xef, 0x01,
    0xef, 0x01, 0xef, 0x01, 0xef, 0x01, 0xef, 0x01, 0xef, 0x01, 0xef, 0x01,
    0xef, 0x01, 0xef, 0x01, 0xae, 0x01, 0x70, 0x1a, 0xb9, 0xa5, 0xff, 0xff,
    0xff, 0xff, 0xff, 0xff, 0xff, 0xff, 0xff, 0xff, 0xff, 0xff, 0xff, 0xff,
    0xff, 0xff, 0xff, 0xff, 0xff, 0xff, 0xff, 0xff, 0xff, 0xff, 0x5b, 0xbe,
    0xd2, 0x2a, 0xae, 0x01, 0xef, 0x01, 0xef, 0x01, 0xef, 0x01, 0xae, 0x01,
    0x2f, 0x0a, 0x18, 0x85, 0xdf, 0xff, 0xff, 0xff, 0xff, 0xff, 0xff, 0xff,
    0xff, 0xff, 0xff, 0xff, 0xff, 0xff, 0xff, 0xff, 0xff, 0xff, 0xff, 0xff,
    0xff, 0xff, 0xff, 0xff, 0x5e, 0xe7, 0x93, 0x43, 0xcf, 0x01, 0xef, 0x01,
    0xef, 0x01, 0xcf, 0x01, 0xf4, 0x53, 0x5e, 0xe7, 0xff, 0xff, 0xff, 0xff,
    0xff, 0xff, 0xff, 0xff, 0xff, 0xff, 0xff, 0xff, 0xff, 0xff, 0xff, 0xff,
    0xff, 0xff, 0xff, 0xff, 0xff, 0xff, 0xdf, 0xff, 0x38, 0x8d, 0xef, 0x09,
    0xcf, 0x01, 0xef, 0x01, 0xef, 0x01, 0xae, 0x01, 0x70, 0x1a, 0xda, 0xad,
    0xff, 0xff, 0xff, 0xff, 0xff, 0xff, 0xff, 0xff, 0xff, 0xff, 0xff, 0xff,
    0xff, 0xff, 0xff, 0xff, 0xff, 0xff, 0xff, 0xff, 0xff, 0xff, 0xff, 0xff,
    0x7e, 0xef, 0x15, 0x5c, 0xcf, 0x01, 0xcf, 0x01, 0xef, 0x01, 0xef, 0x01,
    0xef, 0x01, 0xef, 0x01, 0xef, 0x01, 0xef, 0x01, 0xef, 0x01, 0xef, 0x01,
    0xef, 0x01, 0xef, 0x01, 0xef, 0x01, 0xef, 0x01, 0xef, 0x01, 0xef, 0x01,
    0xef, 0x01, 0xef, 0x01, 0xef, 0x01, 0xef, 0x01, 0xef, 0x01, 0xef, 0x01,
    0xef, 0x01, 0xef, 0x01, 0xef, 0x01, 0xef, 0x01, 0xef, 0x01, 0xef, 0x01,
    0xef, 0x01, 0xef, 0x01, 0xef, 0x01, 0xef, 0x01, 0xef, 0x01, 0xef, 0x01,
    0xef, 0x01, 0xef, 0x01, 0xef, 0x01, 0xef, 0x01, 0xef, 0x01, 0xef, 0x01,
    0xef, 0x01, 0xef, 0x01, 0xef, 0x01, 0xef, 0x01, 0xf0, 0x01, 0xce, 0x01,
    0x8c, 0x01, 0xef, 0x01, 0xef, 0x01, 0xef, 0x01, 0xef, 0x01, 0xef, 0x01,
    0xef, 0x01, 0xef, 0x01, 0xef, 0x01, 0xef, 0x01, 0xef, 0x01, 0xef, 0x01,
    0xef, 0x01, 0xef, 0x01, 0xef, 0x01, 0xef, 0x01, 0xef, 0x01, 0xef, 0x01,
    0xef, 0x01, 0xef, 0x01, 0xef, 0x01, 0xef, 0x01, 0xef, 0x01, 0xef, 0x01,
    0xef, 0x01, 0xef, 0x01, 0xef, 0x01, 0xf0, 0x01, 0x4d, 0x22, 0x64, 0xb4,
    0x60, 0xf5, 0x60, 0xf5, 0x40, 0xf5, 0x60, 0xf5, 0x40, 0xf5, 0x60, 0xf5,
    0x40, 0xf5, 0x60, 0xf5, 0x60, 0xf5, 0x40, 0xf5, 0x40, 0xf5, 0x60, 0xf5,
    0x40, 0xf5, 0x40, 0xf5, 0x60, 0xf5, 0x60, 0xf5, 0x40, 0xf5, 0x40, 0xf5,
    0x60, 0xf5, 0x40, 0xf5, 0x40, 0xf5, 0x60, 0xf5, 0x60, 0xf5, 0x40, 0xf5,
    0x60, 0xf5, 0x40, 0xf5, 0x40, 0xf5, 0x60, 0xf5, 0x40, 0xf5, 0x60, 0xf5,
    0x60, 0xf5, 0x40, 0xf5, 0x60, 0xf5, 0x60, 0xf5, 0x40, 0xf5, 0x40, 0xf5,
    0x40, 0xf5, 0x60, 0xfd, 0x02, 0xe5, 0x49, 0x5b, 0xef, 0x01, 0xef, 0x01,
    0xef, 0x01, 0xef, 0x01, 0xef, 0x01, 0xef, 0x01, 0xef, 0x01, 0xef, 0x01,
    0xce, 0x01, 0x50, 0x12, 0x38, 0x8d, 0xff, 0xff, 0xff, 0xff, 0xff, 0xff,
    0xff, 0xff, 0xff, 0xff, 0xff, 0xff, 0xff, 0xff, 0xff, 0xff, 0xff, 0xff,
    0xff, 0xff, 0xff, 0xff, 0xff, 0xff, 0x3d, 0xdf, 0x73, 0x43, 0xaf, 0x01,
    0xef, 0x01, 0xef, 0x01, 0xef, 0x01, 0xef, 0x01, 0xef, 0x01, 0xef, 0x01,
    0xef, 0x01, 0xef, 0x01, 0xef, 0x01, 0xef, 0x01, 0xcf, 0x01, 0x94, 0x4b,
    0x1d, 0xdf, 0xff, 0xff, 0xff, 0xff, 0xff, 0xff, 0xff, 0xff, 0xff, 0xff,
    0xff, 0xff, 0xff, 0xff, 0xff, 0xff, 0xff, 0xff, 0xff, 0xff, 0xff, 0xff,
    0xdf, 0xff, 0xb7, 0x74, 0x0f, 0x0a, 0xce, 0x01, 0xef, 0x01, 0xef, 0x01,
    0xef, 0x01, 0xae, 0x01, 0x32, 0x33, 0x9c, 0xc6, 0xff, 0xff, 0xff, 0xff,
    0xff, 0xff, 0xff, 0xff, 0xff, 0xff, 0xff, 0xff, 0xff, 0xff, 0xff, 0xff,
    0xff, 0xff, 0xff, 0xff, 0xff, 0xff, 0xff, 0xff, 0x1a, 0xae, 0x70, 0x1a,
    0xcf, 0x01, 0xef, 0x01, 0xcf, 0x01, 0x30, 0x12, 0x79, 0x95, 0xff, 0xff,
    0xff, 0xff, 0xff, 0xff, 0xff, 0xff, 0xff, 0xff, 0xff, 0xff, 0xff, 0xff,
    0xff, 0xff, 0xff, 0xff, 0xff, 0xff, 0xff, 0xff, 0xff, 0xff, 0xfd, 0xd6,
    0x93, 0x43, 0xae, 0x01, 0xcf, 0x01, 0xef, 0x01, 0xae, 0x01, 0xcf, 0x01,
    0xb4, 0x4b, 0x5e, 0xe7, 0xff, 0xff, 0xff, 0xff, 0xff, 0xff, 0xff, 0xff,
    0xff, 0xff, 0xff, 0xff, 0xff, 0xff, 0xff, 0xff, 0xff, 0xff, 0xff, 0xff,
    0xff, 0xff, 0xff, 0xff, 0xb9, 0xa5, 0x91, 0x1a, 0xae, 0x01, 0xef, 0x01,
    0xef, 0x01, 0xef, 0x01, 0xef, 0x01, 0xef, 0x01, 0xef, 0x01, 0xef, 0x01,
    0xef, 0x01, 0xef, 0x01, 0xef, 0x01, 0xef, 0x01, 0xef, 0x01, 0xef, 0x01,
    0xef, 0x01, 0xef, 0x01, 0xef, 0x01, 0xef, 0x01, 0xef, 0x01, 0xef, 0x01,
    0xef, 0x01, 0xef, 0x01, 0xef, 0x01, 0xef, 0x01, 0xef, 0x01, 0xef, 0x01,
    0xef, 0x01, 0xef, 0x01, 0xef, 0x01, 0xef, 0x01, 0xef, 0x01, 0xef, 0x01,
    0xef, 0x01, 0xef, 0x01, 0xef, 0x01, 0xef, 0x01, 0xef, 0x01, 0xef, 0x01,
    0xef, 0x01, 0xef, 0x01, 0xef, 0x01, 0xef, 0x01, 0xef, 0x01, 0xef, 0x01,
    0x0f, 0x02, 0xce, 0x01, 0x4a, 0x01, 0xef, 0x01, 0xef, 0x01, 0xef, 0x01,
    0xef, 0x01, 0xef, 0x01, 0xef, 0x01, 0xef, 0x01, 0xef, 0x01, 0xef, 0x01,
    0xef, 0x01, 0xef, 0x01, 0xef, 0x01, 0xef, 0x01, 0xef, 0x01, 0xef, 0x01,
    0xef, 0x01, 0xef, 0x01, 0xef, 0x01, 0xef, 0x01, 0xef, 0x01, 0xef, 0x01,
    0xef, 0x01, 0xef, 0x01, 0xef, 0x01, 0xef, 0x01, 0xef, 0x01, 0xef, 0x01,
    0xef, 0x01, 0x49, 0x63, 0x21, 0xe5, 0x60, 0xfd, 0x40, 0xf5, 0x60, 0xf5,
    0x40, 0xf5, 0x40, 0xf5, 0x60, 0xf5, 0x40, 0xf5, 0x60, 0xf5, 0x40, 0xf5,
    0x60, 0xf5, 0x60, 0xf5, 0x40, 0xf5, 0x40, 0xf5, 0x60, 0xf5, 0x40, 0xf5,
    0x60, 0xf5, 0x60, 0xf5, 0x40, 0xf5, 0x60, 0xf5, 0x40, 0xf5, 0x40, 0xf5,
    0x60, 0xf5, 0x40, 0xf5, 0x60, 0xf5, 0x60, 0xf5, 0x40, 0xf5, 0x40, 0xf5,
    0x60, 0xf5, 0x40, 0xf5, 0x40, 0xf5, 0x60, 0xf5, 0x40, 0xf5, 0x60, 0xf5,
    0x60, 0xf5, 0x60, 0xf5, 0x60, 0xf5, 0x60, 0xf5, 0x60, 0xfd, 0x06, 0x9c,
    0x4d, 0x1a, 0xd0, 0x01, 0xef, 0x01, 0xef, 0x01, 0xef, 0x01, 0xef, 0x01,
    0xef, 0x01, 0xef, 0x01, 0xaf, 0x01, 0x32, 0x3b, 0xdc, 0xd6, 0xff, 0xff,
    0xff, 0xff, 0xff, 0xff, 0xff, 0xff, 0xff, 0xff, 0xff, 0xff, 0xff, 0xff,
    0xff, 0xff, 0xff, 0xff, 0xff, 0xff, 0xff, 0xff, 0xff, 0xff, 0xb9, 0x9d,
    0x71, 0x1a, 0xae, 0x01, 0xef, 0x01, 0xef, 0x01, 0xef, 0x01, 0xef, 0x01,
    0xef, 0x01, 0xef, 0x01, 0xef, 0x01, 0xef, 0x01, 0xef, 0x01, 0xce, 0x01,
    0x50, 0x0a, 0x18, 0x85, 0xff, 0xff, 0xff, 0xff, 0xff, 0xff, 0xff, 0xff,
    0xff, 0xff, 0xff, 0xff, 0xff, 0xff, 0xff, 0xff, 0xff, 0xff, 0xff, 0xff,
    0xff, 0xff, 0xff, 0xff, 0x1d, 0xdf, 0x53, 0x3b, 0xce, 0x01, 0xef, 0x01,
    0xef, 0x01, 0xef, 0x01, 0xcf, 0x01, 0xcf, 0x01, 0x96, 0x74, 0xbf, 0xf7,
    0xff, 0xff, 0xff, 0xff, 0xff, 0xff, 0xff, 0xff, 0xff, 0xff, 0xff, 0xff,
    0xff, 0xff, 0xff, 0xff, 0xff, 0xff, 0xff, 0xff, 0xff, 0xff, 0x9f, 0xef,
    0x55, 0x64, 0xef, 0x01, 0xcf, 0x01, 0xef, 0x01, 0xcf, 0x01, 0x32, 0x3b,
    0xfd, 0xd6, 0xff, 0xff, 0xff, 0xff, 0xff, 0xff, 0xff, 0xff, 0xff, 0xff,
    0xff, 0xff, 0xff, 0xff, 0xff, 0xff, 0xff, 0xff, 0xff, 0xff, 0xff, 0xff,
    0xff, 0xff, 0xb9, 0x9d, 0x50, 0x12, 0xcf, 0x01, 0xef, 0x01, 0xef, 0x01,
    0x2f, 0x12, 0x53, 0x43, 0x1b, 0xb6, 0xff, 0xff, 0xff, 0xff, 0xff, 0xff,
    0xff, 0xff, 0xff, 0xff, 0xff, 0xff, 0xff, 0xff, 0xff, 0xff, 0xff, 0xff,
    0xff, 0xff, 0xff, 0xff, 0xff, 0xff, 0xfd, 0xd6, 0x94, 0x43, 0xcf, 0x01,
    0xef, 0x01, 0xef, 0x01, 0xef, 0x01, 0xef, 0x01, 0xef, 0x01, 0xef, 0x01,
    0xef, 0x01, 0xef, 0x01, 0xef, 0x01, 0xef, 0x01, 0xef, 0x01, 0xef, 0x01,
    0xef, 0x01, 0xef, 0x01, 0xef, 0x01, 0xef, 0x01, 0xef, 0x01, 0xef, 0x01,
    0xef, 0x01, 0xef, 0x01, 0xef, 0x01, 0xef, 0x01, 0xef, 0x01, 0xef, 0x01,
    0xef, 0x01, 0xef, 0x01, 0xef, 0x01, 0xef, 0x01, 0xef, 0x01, 0xef, 0x01,
    0xef, 0x01, 0xef, 0x01, 0xef, 0x01, 0xef, 0x01, 0xef, 0x01, 0xef, 0x01,
    0xef, 0x01, 0xef, 0x01, 0xef, 0x01, 0xef, 0x01, 0xef, 0x01, 0xef, 0x01,
    0xef, 0x01, 0xef, 0x01, 0xef, 0x01, 0xad, 0x01, 0x08, 0x01, 0xcf, 0x01,
    0xef, 0x01, 0xef, 0x01, 0xef, 0x01, 0xef, 0x01, 0xef, 0x01, 0xef, 0x01,
    0xef, 0x01, 0xef, 0x01, 0xef, 0x01, 0xef, 0x01, 0xef, 0x01, 0xef, 0x01,
    0xef, 0x01, 0xef, 0x01, 0xef, 0x01, 0xef, 0x01, 0xef, 0x01, 0xef, 0x01,
    0xef, 0x01, 0xef, 0x01, 0xef, 0x01, 0xef, 0x01, 0xef, 0x01, 0xef, 0x01,
    0xef, 0x01, 0xef, 0x01, 0xcf, 0x01, 0x4e, 0x1a, 0x45, 0xa4, 0x40, 0xf5,
    0x60, 0xfd, 0x60, 0xf5, 0x60, 0xf5, 0x40, 0xf5, 0x60, 0xf5, 0x40, 0xf5,
    0x40, 0xf5, 0x60, 0xf5, 0x40, 0xf5, 0x60, 0xf5, 0x60, 0xf5, 0x40, 0xf5,
    0x60, 0xf5, 0x40, 0xf5, 0x40, 0xf5, 0x60, 0xf5, 0x40, 0xf5, 0x60, 0xf5,
    0x60, 0xf5, 0x40, 0xf5, 0x60, 0xf5, 0x40, 0xf5, 0x40, 0xf5, 0x60, 0xf5,
    0x60, 0xf5, 0x40, 0xf5, 0x60, 0xf5, 0x60, 0xf5, 0x40, 0xf5, 0x40, 0xf5,
    0x60, 0xf5, 0x40, 0xf5, 0x40, 0xf5, 0x40, 0xf5, 0x60, 0xf5, 0x40, 0xf5,
    0x80, 0xfd, 0xe2, 0xd4, 0xeb, 0x4a, 0xcf, 0x01, 0xef, 0x01, 0xef, 0x01,
    0xef, 0x01, 0xef, 0x01, 0xef, 0x01, 0xcf, 0x01, 0x0f, 0x0a, 0x96, 0x74,
    0xff, 0xff, 0xff, 0xff, 0xff, 0xff, 0xff, 0xff, 0xff, 0xff, 0xff, 0xff,
    0xff, 0xff, 0xff, 0xff, 0xff, 0xff, 0xff, 0xff, 0xff, 0xff, 0xff, 0xff,
    0x7e, 0xef, 0x15, 0x5c, 0xef, 0x01, 0xcf, 0x01, 0xef, 0x01, 0xef, 0x01,
    0xef, 0x01, 0xef, 0x01, 0xef, 0x01, 0xef, 0x01, 0xef, 0x01, 0xef, 0x01,
    0xef, 0x01, 0xae, 0x01, 0x12, 0x33, 0x9c, 0xc6, 0xff, 0xff, 0xff, 0xff,
    0xff, 0xff, 0xff, 0xff, 0xff, 0xff, 0xff, 0xff, 0xff, 0xff, 0xff, 0xff,
    0xff, 0xff, 0xff, 0xff, 0xff, 0xff, 0xff, 0xff, 0x99, 0x9d, 0x70, 0x12,
    0xaf, 0x01, 0xef, 0x01, 0xef, 0x01, 0xef, 0x01, 0xaf, 0x01, 0x91, 0x1a,
    0xfa, 0xad, 0xff, 0xff, 0xff, 0xff, 0xff, 0xff, 0xff, 0xff, 0xff, 0xff,
    0xff, 0xff, 0xff, 0xff, 0xff, 0xff, 0xff, 0xff, 0xff, 0xff, 0xff, 0xff,
    0xff, 0xff, 0x9c, 0xc6, 0xf2, 0x2a, 0xcf, 0x01, 0xef, 0x01, 0xef, 0x01,
    0xef, 0x01, 0xd7, 0x7c, 0xdf, 0xff, 0xff, 0xff, 0xff, 0xff, 0xff, 0xff,
    0xff, 0xff, 0xff, 0xff, 0xff, 0xff, 0xff, 0xff, 0xff, 0xff, 0xff, 0xff,
    0xff, 0xff, 0xff, 0xff, 0xff, 0xff, 0x3b, 0xbe, 0xb6, 0x74, 0x96, 0x74,
    0xb6, 0x74, 0xb7, 0x74, 0x58, 0x8d, 0x9c, 0xc6, 0xdf, 0xff, 0xff, 0xff,
    0xff, 0xff, 0xff, 0xff, 0xff, 0xff, 0xff, 0xff, 0xff, 0xff, 0xff, 0xff,
    0xff, 0xff, 0xff, 0xff, 0xff, 0xff, 0xff, 0xff, 0x7e, 0xe7, 0x56, 0x6c,
    0x0f, 0x0a, 0xce, 0x01, 0xef, 0x01, 0xef, 0x01, 0xef, 0x01, 0xef, 0x01,
    0xef, 0x01, 0xef, 0x01, 0xef, 0x01, 0xef, 0x01, 0xef, 0x01, 0xef, 0x01,
    0xef, 0x01, 0xef, 0x01, 0xef, 0x01, 0xef, 0x01, 0xef, 0x01, 0xef, 0x01,
    0xef, 0x01, 0xef, 0x01, 0xef, 0x01, 0xef, 0x01, 0xef, 0x01, 0xef, 0x01,
    0xef, 0x01, 0xef, 0x01, 0xef, 0x01, 0xef, 0x01, 0xef, 0x01, 0xef, 0x01,
    0xef, 0x01, 0xef, 0x01, 0xef, 0x01, 0xef, 0x01, 0xef, 0x01, 0xef, 0x01,
    0xef, 0x01, 0xef, 0x01, 0xef, 0x01, 0xef, 0x01, 0xef, 0x01, 0xef, 0x01,
    0xef, 0x01, 0xef, 0x01, 0xef, 0x01, 0xef, 0x01, 0xef, 0x01, 0x8c, 0x01,
    0xa5, 0x00, 0xce, 0x01, 0xef, 0x01, 0xef, 0x01, 0xef, 0x01, 0xef, 0x01,
    0xef, 0x01, 0xef, 0x01, 0xef, 0x01, 0xef, 0x01, 0xef, 0x01, 0xef, 0x01,
    0xef, 0x01, 0xef, 0x01, 0xef, 0x01, 0xef, 0x01, 0xef, 0x01, 0xef, 0x01,
    0xef, 0x01, 0xef, 0x01, 0xef, 0x01, 0xef, 0x01, 0xef, 0x01, 0xef, 0x01,
    0xef, 0x01, 0xef, 0x01, 0xef, 0x01, 0xef, 0x01, 0xef, 0x01, 0xef, 0x01,
    0xeb, 0x4a, 0xe2, 0xd4, 0x60, 0xfd, 0x40, 0xf5, 0x60, 0xf5, 0x60, 0xf5,
    0x40, 0xf5, 0x60, 0xf5, 0x60, 0xf5, 0x40, 0xf5, 0x40, 0xf5, 0x60, 0xf5,
    0x40, 0xf5, 0x60, 0xf5, 0x60, 0xf5, 0x40, 0xf5, 0x60, 0xf5, 0x40, 0xf5,
    0x40, 0xf5, 0x60, 0xf5, 0x40, 0xf5, 0x60, 0xf5, 0x60, 0xf5, 0x40, 0xf5,
    0x40, 0xf5, 0x60, 0xf5, 0x40, 0xf5, 0x40, 0xf5, 0x60, 0xf5, 0x60, 0xf5,
    0x40, 0xf5, 0x60, 0xf5, 0x60, 0xf5, 0x40, 0xf5, 0x40, 0xf5, 0x60, 0xf5,
    0x40, 0xf5, 0x40, 0xf5, 0x60, 0xf5, 0x60, 0xf5, 0xe6, 0x93, 0x2e, 0x1a,
    0xd0, 0x01, 0xef, 0x01, 0xef, 0x01, 0xef, 0x01, 0xef, 0x01, 0xae, 0x01,
    0xd2, 0x2a, 0x3b, 0xb6, 0xff, 0xff, 0xff, 0xff, 0xff, 0xff, 0xff, 0xff,
    0xff, 0xff, 0xff, 0xff, 0xff, 0xff, 0xff, 0xff, 0xff, 0xff, 0xff, 0xff,
    0xff, 0xff, 0xff, 0xff, 0x3b, 0xb6, 0xd1, 0x2a, 0xae, 0x01, 0xef, 0x01,
    0xef, 0x01, 0xef, 0x01, 0xef, 0x01, 0xef, 0x01, 0xef, 0x01, 0xef, 0x01,
    0xef, 0x01, 0xef, 0x01, 0xcf, 0x01, 0xef, 0x09, 0x56, 0x6c, 0xbf, 0xf7,
    0xff, 0xff, 0xff, 0xff, 0xff, 0xff, 0xff, 0xff, 0xff, 0xff, 0xff, 0xff,
    0xff, 0xff, 0xff, 0xff, 0xff, 0xff, 0xff, 0xff, 0xff, 0xff, 0x9e, 0xef,
    0x15, 0x5c, 0xef, 0x01, 0xcf, 0x01, 0xef, 0x01, 0xef, 0x01, 0xef, 0x01,
    0xae, 0x01, 0xd4, 0x53, 0x3e, 0xdf, 0xff, 0xff, 0xff, 0xff, 0xff, 0xff,
    0xff, 0xff, 0xff, 0xff, 0xff, 0xff, 0xff, 0xff, 0xff, 0xff, 0xff, 0xff,
    0xff, 0xff, 0xff, 0xff, 0xdf, 0xff, 0x18, 0x85, 0x2f, 0x0a, 0xcf, 0x01,
    0xef, 0x01, 0xcf, 0x01, 0xd1, 0x22, 0x7b, 0xc6, 0xff, 0xff, 0xff, 0xff,
    0xff, 0xff, 0xff, 0xff, 0xff, 0xff, 0xff, 0xff, 0xff, 0xff, 0xff, 0xff,
    0xff, 0xff, 0xff, 0xff, 0xff, 0xff, 0xff, 0xff, 0xff, 0xff, 0xdf, 0xff,
    0xbf, 0xf7, 0xbf, 0xf7, 0xbf, 0xf7, 0xbf, 0xf7, 0xff, 0xff, 0xff, 0xff,
    0xff, 0xff, 0xff, 0xff, 0xff, 0xff, 0xff, 0xff, 0xff, 0xff, 0xff, 0xff,
    0xff, 0xff, 0xff, 0xff, 0xff, 0xff, 0xff, 0xff, 0xff, 0xff, 0x1d, 0xdf,
    0x96, 0x74, 0x50, 0x12, 0xcf, 0x01, 0xef, 0x01, 0xef, 0x01, 0xef, 0x01,
    0xef, 0x01, 0xef, 0x01, 0xef, 0x01, 0xef, 0x01, 0xef, 0x01, 0xef, 0x01,
    0xef, 0x01, 0xef, 0x01, 0xef, 0x01, 0xef, 0x01, 0xef, 0x01, 0xef, 0x01,
    0xef, 0x01, 0xef, 0x01, 0xef, 0x01, 0xef, 0x01, 0xef, 0x01, 0xef, 0x01,
    0xef, 0x01, 0xef, 0x01, 0xef, 0x01, 0xef, 0x01, 0xef, 0x01, 0xef, 0x01,
    0xef, 0x01, 0xef, 0x01, 0xef, 0x01, 0xef, 0x01, 0xef, 0x01, 0xef, 0x01,
    0xef, 0x01, 0xef, 0x01, 0xef, 0x01, 0xef, 0x01, 0xef, 0x01, 0xef, 0x01,
    0xef, 0x01, 0xef, 0x01, 0xef, 0x01, 0xef, 0x01, 0xef, 0x01, 0xef, 0x01,
    0xef, 0x01, 0x8c, 0x01, 0x63, 0x00, 0x8c, 0x01, 0xef, 0x01, 0xef, 0x01,
    0xef, 0x01, 0xef, 0x01, 0xef, 0x01, 0xef, 0x01, 0xef, 0x01, 0xef, 0x01,
    0xef, 0x01, 0xef, 0x01, 0xef, 0x01, 0xef, 0x01, 0xef, 0x01, 0xef, 0x01,
    0xef, 0x01, 0xef, 0x01, 0xef, 0x01, 0xef, 0x01, 0xef, 0x01, 0xef, 0x01,
    0xef, 0x01, 0xef, 0x01, 0xef, 0x01, 0xef, 0x01, 0xef, 0x01, 0xef, 0x01,
    0xef, 0x01, 0xcf, 0x01, 0x0e, 0x12, 0xc7, 0x83, 0x41, 0xed, 0x60, 0xfd,
    0x60, 0xf5, 0x40, 0xf5, 0x40, 0xf5, 0x60, 0xf5, 0x60, 0xf5, 0x40, 0xf5,
    0x60, 0xf5, 0x40, 0xf5, 0x40, 0xf5, 0x60, 0xf5, 0x60, 0xf5, 0x60, 0xfd,
    0x60, 0xf5, 0x60, 0xf5, 0x60, 0xfd, 0x60, 0xf5, 0x60, 0xf5, 0x60, 0xfd,
    0x60, 0xf5, 0x60, 0xf5, 0x60, 0xfd, 0x60, 0xf5, 0x60, 0xf5, 0x60, 0xfd,
    0x60, 0xf5, 0x60, 0xf5, 0x60, 0xfd, 0x60, 0xf5, 0x60, 0xf5, 0x60, 0xfd,
    0x60, 0xf5, 0x60, 0xf5, 0x60, 0xfd, 0x60, 0xf5, 0x60, 0xfd, 0x80, 0xfd,
    0x01, 0xdd, 0x29, 0x5b, 0xef, 0x01, 0xef, 0x01, 0xef, 0x01, 0xef, 0x01,
    0xcf, 0x01, 0xef, 0x01, 0x35, 0x5c, 0x9f, 0xef, 0xff, 0xff, 0xff, 0xff,
    0xff, 0xff, 0xff, 0xff, 0xff, 0xff, 0xff, 0xff, 0xff, 0xff, 0xff, 0xff,
    0xff, 0xff, 0xff, 0xff, 0xff, 0xff, 0xdf, 0xff, 0x96, 0x74, 0x0f, 0x0a,
    0xcf, 0x01, 0xef, 0x01, 0xef, 0x01, 0xef, 0x01, 0xef, 0x01, 0xef, 0x01,
    0xef, 0x01, 0xef, 0x01, 0xef, 0x01, 0xef, 0x01, 0xae, 0x01, 0xb1, 0x22,
    0x1a, 0xae, 0xff, 0xff, 0xff, 0xff, 0xff, 0xff, 0xff, 0xff, 0xff, 0xff,
    0xff, 0xff, 0xff, 0xff, 0xff, 0xff, 0xff, 0xff, 0xff, 0xff, 0xff, 0xff,
    0xff, 0xff, 0x5b, 0xbe, 0xd1, 0x2a, 0xaf, 0x01, 0xef, 0x01, 0xef, 0x01,
    0xef, 0x01, 0xcf, 0x01, 0x2f, 0x0a, 0x38, 0x8d, 0xff, 0xff, 0xff, 0xff,
    0xff, 0xff, 0xff, 0xff, 0xff, 0xff, 0xff, 0xff, 0xff, 0xff, 0xff, 0xff,
    0xff, 0xff, 0xff, 0xff, 0xff, 0xff, 0xff, 0xff, 0x3d, 0xdf, 0x93, 0x43,
    0xcf, 0x01, 0xef, 0x01, 0xcf, 0x01, 0xef, 0x01, 0x55, 0x6c, 0x7e, 0xef,
    0xff, 0xff, 0xff, 0xff, 0xff, 0xff, 0xff, 0xff, 0xff, 0xff, 0xff, 0xff,
    0xff, 0xff, 0xff, 0xff, 0xff, 0xff, 0xff, 0xff, 0xff, 0xff, 0xff, 0xff,
    0xff, 0xff, 0xff, 0xff, 0xff, 0xff, 0xff, 0xff, 0xff, 0xff, 0xff, 0xff,
    0xff, 0xff, 0xff, 0xff, 0xff, 0xff, 0xff, 0xff, 0xff, 0xff, 0xff, 0xff,
    0xff, 0xff, 0xff, 0xff, 0xff, 0xff, 0xff, 0xff, 0xff, 0xff, 0x7e, 0xef,
    0x3b, 0xb6, 0xf5, 0x53, 0x30, 0x0a, 0xcf, 0x01, 0xcf, 0x01, 0xcf, 0x01,
    0xcf, 0x01, 0xef, 0x01, 0xcf, 0x01, 0xef, 0x01, 0xef, 0x01, 0xcf, 0x01,
    0xef, 0x01, 0xef, 0x01, 0xef, 0x01, 0xef, 0x01, 0xef, 0x01, 0xef, 0x01,
    0xef, 0x01, 0xef, 0x01, 0xef, 0x01, 0xef, 0x01, 0xef, 0x01, 0xef, 0x01,
    0xef, 0x01, 0xef, 0x01, 0xef, 0x01, 0xef, 0x01, 0xef, 0x01, 0xef, 0x01,
    0xef, 0x01, 0xef, 0x01, 0xef, 0x01, 0xef, 0x01, 0xef, 0x01, 0xef, 0x01,
    0xef, 0x01, 0xef, 0x01, 0xef, 0x01, 0xef, 0x01, 0xef, 0x01, 0xef, 0x01,
    0xef, 0x01, 0xef, 0x01, 0xef, 0x01, 0xef, 0x01, 0xef, 0x01, 0xef, 0x01,
    0xef, 0x01, 0xef, 0x01, 0xef, 0x01, 0x6b, 0x01, 0x21, 0x00, 0x29, 0x01,
    0xef, 0x01, 0xef, 0x01, 0xef, 0x01, 0xef, 0x01, 0xef, 0x01, 0xef, 0x01,
    0xef, 0x01, 0xef, 0x01, 0xef, 0x01, 0xef, 0x01, 0xef, 0x01, 0xef, 0x01,
    0xef, 0x01, 0xef, 0x01, 0xef, 0x01, 0xef, 0x01, 0xef, 0x01, 0xef, 0x01,
    0xef, 0x01, 0xef, 0x01, 0xef, 0x01, 0xef, 0x01, 0xef, 0x01, 0xef, 0x01,
    0xef, 0x01, 0xef, 0x01, 0xef, 0x01, 0xef, 0x01, 0xef, 0x01, 0x6d, 0x2a,
    0x44, 0xac, 0x60, 0xfd, 0x80, 0xfd, 0x60, 0xfd, 0x60, 0xfd, 0x60, 0xfd,
    0x60, 0xfd, 0x60, 0xfd, 0x60, 0xfd, 0x60, 0xfd, 0x80, 0xfd, 0x60, 0xfd,
    0x60, 0xfd, 0x60, 0xfd, 0x60, 0xf5, 0x60, 0xf5, 0x60, 0xfd, 0x60, 0xf5,
    0x60, 0xf5, 0x60, 0xfd, 0x60, 0xf5, 0x60, 0xfd, 0x60, 0xf5, 0x60, 0xf5,
    0x60, 0xfd, 0x60, 0xf5, 0x60, 0xfd, 0x60, 0xf5, 0x60, 0xfd, 0x60, 0xf5,
    0x60, 0xf5, 0x60, 0xfd, 0x60, 0xf5, 0x60, 0xfd, 0x60, 0xf5, 0x60, 0xf5,
    0x60, 0xfd, 0x60, 0xfd, 0x60, 0xfd, 0x45, 0xac, 0x6d, 0x2a, 0xcf, 0x01,
    0xef, 0x01, 0xef, 0x01, 0xaf, 0x01, 0x91, 0x22, 0xda, 0xa5, 0xff, 0xff,
    0xff, 0xff, 0xff, 0xff, 0xff, 0xff, 0xff, 0xff, 0xff, 0xff, 0xff, 0xff,
    0xff, 0xff, 0xff, 0xff, 0xff, 0xff, 0xff, 0xff, 0xff, 0xff, 0xfd, 0xd6,
    0x12, 0x33, 0xaf, 0x01, 0xef, 0x01, 0xef, 0x01, 0xef, 0x01, 0xef, 0x01,
    0xef, 0x01, 0xef, 0x01, 0xef, 0x01, 0xef, 0x01, 0xef, 0x01, 0xcf, 0x01,
    0xef, 0x09, 0x15, 0x5c, 0x9f, 0xef, 0xff, 0xff, 0xff, 0xff, 0xff, 0xff,
    0xff, 0xff, 0xff, 0xff, 0xff, 0xff, 0xff, 0xff, 0xff, 0xff, 0xff, 0xff,
    0xff, 0xff, 0xff, 0xff, 0xff, 0xff, 0xd7, 0x7c, 0x10, 0x0a, 0xce, 0x01,
    0xef, 0x01, 0xef, 0x01, 0xef, 0x01, 0xaf, 0x01, 0x33, 0x3b, 0xdc, 0xce,
    0xff, 0xff, 0xff, 0xff, 0xff, 0xff, 0xff, 0xff, 0xff, 0xff, 0xff, 0xff,
    0xff, 0xff, 0xff, 0xff, 0xff, 0xff, 0xff, 0xff, 0xff, 0xff, 0xff, 0xff,
    0xda, 0xa5, 0x50, 0x12, 0xcf, 0x01, 0xef, 0x01, 0xce, 0x01, 0x91, 0x1a,
    0x1a, 0xb6, 0xff, 0xff, 0xff, 0xff, 0xff, 0xff, 0xff, 0xff, 0xff, 0xff,
    0xff, 0xff, 0xff, 0xff, 0xff, 0xff, 0xff, 0xff, 0xff, 0xff, 0xff, 0xff,
    0xff, 0xff, 0xff, 0xff, 0xff, 0xff, 0xff, 0xff, 0xff, 0xff, 0xff, 0xff,
    0xff, 0xff, 0xff, 0xff, 0xff, 0xff, 0xff, 0xff, 0xff, 0xff, 0xff, 0xff,
    0xff, 0xff, 0xff, 0xff, 0xff, 0xff, 0xbf, 0xf7, 0x5e, 0xe7, 0xbc, 0xce,
    0xda, 0xa5, 0x56, 0x6c, 0xd1, 0x2a, 0xef, 0x01, 0xcf, 0x01, 0xef, 0x01,
    0x0e, 0x0a, 0x0f, 0x0a, 0xef, 0x01, 0xef, 0x09, 0xef, 0x09, 0xef, 0x01,
    0xef, 0x09, 0xef, 0x09, 0xef, 0x01, 0xcf, 0x01, 0xef, 0x01, 0xef, 0x01,
    0xef, 0x01, 0xef, 0x01, 0xef, 0x01, 0xef, 0x01, 0xef, 0x01, 0xef, 0x01,
    0xef, 0x01, 0xef, 0x01, 0xef, 0x01, 0xef, 0x01, 0xef, 0x01, 0xef, 0x01,
    0xef, 0x01, 0xef, 0x01, 0xef, 0x01, 0xef, 0x01, 0xef, 0x01, 0xef, 0x01,
    0xef, 0x01, 0xef, 0x01, 0xef, 0x01, 0xef, 0x01, 0xef, 0x01, 0xef, 0x01,
    0xef, 0x01, 0xef, 0x01, 0xef, 0x01, 0xef, 0x01, 0xef, 0x01, 0xef, 0x01,
    0xef, 0x01, 0xef, 0x01, 0xef, 0x01, 0xef, 0x01, 0xef, 0x01, 0x4a, 0x01,
    0x00, 0x00, 0xc6, 0x00, 0xce, 0x01, 0x0f, 0x02, 0xef, 0x01, 0xef, 0x01,
    0xef, 0x01, 0xef, 0x01, 0xef, 0x01, 0xef, 0x01, 0xef, 0x01, 0xef, 0x01,
    0xef, 0x01, 0xef, 0x01, 0xef, 0x01, 0xef, 0x01, 0xef, 0x01, 0xef, 0x01,
    0xef, 0x01, 0xef, 0x01, 0xef, 0x01, 0xef, 0x01, 0xef, 0x01, 0xef, 0x01,
    0xef, 0x01, 0xef, 0x01, 0xef, 0x01, 0xef, 0x01, 0xef, 0x01, 0xef, 0x01,
    0xef, 0x01, 0xef, 0x01, 0xeb, 0x4a, 0x45, 0xac, 0xa3, 0xc4, 0x83, 0xbc,
    0x83, 0xbc, 0x84, 0xbc, 0x83, 0xbc, 0x83, 0xbc, 0x84, 0xbc, 0xa3, 0xbc,
    0x83, 0xbc, 0x84, 0xbc, 0x64, 0xb4, 0x45, 0xa4, 0x25, 0xa4, 0x25, 0xa4,
    0x25, 0xa4, 0x25, 0xa4, 0x25, 0xa4, 0x25, 0xa4, 0x25, 0xa4, 0x25, 0xa4,
    0x25, 0xa4, 0x45, 0xa4, 0x25, 0xa4, 0x25, 0xa4, 0x25, 0xa4, 0x25, 0xa4,
    0x25, 0xa4, 0x25, 0xa4, 0x25, 0xa4, 0x25, 0xa4, 0x45, 0xa4, 0x25, 0xa4,
    0x25, 0xa4, 0x25, 0xa4, 0x25, 0xa4, 0x25, 0xa4, 0x45, 0xac, 0xe6, 0x93,
    0xac, 0x3a, 0xef, 0x01, 0xef, 0x01, 0xef, 0x01, 0xce, 0x01, 0xf2, 0x32,
    0xb9, 0xa5, 0xdc, 0xce, 0xbc, 0xce, 0x9c, 0xce, 0xbc, 0xc6, 0xbc, 0xce,
    0x9c, 0xc6, 0xbc, 0xce, 0xbc, 0xc6, 0x9c, 0xce, 0xbc, 0xc6, 0xbc, 0xce,
    0xbc, 0xce, 0xb7, 0x74, 0x50, 0x12, 0xcf, 0x01, 0xef, 0x01, 0xef, 0x01,
    0xef, 0x01, 0xef, 0x01, 0xef, 0x01, 0xef, 0x01, 0xef, 0x01, 0xef, 0x01,
    0xef, 0x01, 0xcf, 0x01, 0x30, 0x0a, 0x76, 0x6c, 0x9c, 0xc6, 0xbc, 0xce,
    0xbc, 0xce, 0xbc, 0xc6, 0x9c, 0xce, 0xbc, 0xc6, 0x9c, 0xc6, 0xbc, 0xce,
    0x9c, 0xc6, 0xbc, 0xc6, 0x9c, 0xce, 0xbc, 0xce, 0x1b, 0xb6, 0x33, 0x33,
    0xcf, 0x01, 0xcf, 0x01, 0xef, 0x01, 0xef, 0x01, 0xef, 0x01, 0xcf, 0x01,
    0x94, 0x4b, 0x1b, 0xb6, 0xdd, 0xd6, 0x9c, 0xc6, 0x9c, 0xce, 0xbc, 0xc6,
    0x9c, 0xce, 0x9c, 0xc6, 0xbc, 0xc6, 0xbc, 0xce, 0x9c, 0xc6, 0xbc, 0xc6,
    0xbc, 0xce, 0x5b, 0xbe, 0xf5, 0x5b, 0xef, 0x01, 0xcf, 0x01, 0xef, 0x01,
    0xcf, 0x01, 0xf2, 0x2a, 0xda, 0xa5, 0xbc, 0xce, 0xbc, 0xce, 0xbc, 0xc6,
    0x9c, 0xc6, 0xbc, 0xce, 0x9c, 0xc6, 0xbc, 0xce, 0x9c, 0xc6, 0xbc, 0xce,
    0x9c, 0xc6, 0xbc, 0xc6, 0x9c, 0xce, 0x9c, 0xc6, 0xbc, 0xc6, 0x9c, 0xce,
    0x9c, 0xc6, 0xbc, 0xce, 0x9c, 0xce, 0x9c, 0xc6, 0xbc, 0xce, 0x7b, 0xc6,
    0x1b, 0xb6, 0x1a, 0xae, 0xfa, 0xad, 0x99, 0x9d, 0x38, 0x8d, 0xb7, 0x7c,
    0x15, 0x5c, 0x32, 0x3b, 0x50, 0x12, 0xcf, 0x01, 0xce, 0x01, 0xcf, 0x01,
    0xef, 0x01, 0x0e, 0x0a, 0xac, 0x3a, 0x69, 0x6b, 0x88, 0x73, 0x69, 0x6b,
    0x69, 0x6b, 0x69, 0x6b, 0x69, 0x6b, 0x68, 0x6b, 0x49, 0x63, 0x8d, 0x2a,
    0xcf, 0x01, 0xef, 0x01, 0xef, 0x01, 0xef, 0x01, 0xef, 0x01, 0xef, 0x01,
    0xef, 0x01, 0xef, 0x01, 0xef, 0x01, 0xef, 0x01, 0xef, 0x01, 0xef, 0x01,
    0xef, 0x01, 0xef, 0x01, 0xef, 0x01, 0xef, 0x01, 0xef, 0x01, 0xef, 0x01,
    0xef, 0x01, 0xef, 0x01, 0xef, 0x01, 0xef, 0x01, 0xef, 0x01, 0xef, 0x01,
    0xef, 0x01, 0xef, 0x01, 0xef, 0x01, 0xef, 0x01, 0xef, 0x01, 0xef, 0x01,
    0xef, 0x01, 0xef, 0x01, 0xef, 0x01, 0xef, 0x01, 0xef, 0x01, 0xef, 0x01,
    0xef, 0x01, 0x29, 0x01, 0x00, 0x00, 0x63, 0x00, 0x8c, 0x01, 0xef, 0x01,
    0xef, 0x01, 0xef, 0x01, 0xef, 0x01, 0xef, 0x01, 0xef, 0x01, 0xef, 0x01,
    0xef, 0x01, 0xef, 0x01, 0xef, 0x01, 0xef, 0x01, 0xef, 0x01, 0xef, 0x01,
    0xef, 0x01, 0xef, 0x01, 0xef, 0x01, 0xef, 0x01, 0xef, 0x01, 0xef, 0x01,
    0xef, 0x01, 0xef, 0x01, 0xef, 0x01, 0xef, 0x01, 0xef, 0x01, 0xef, 0x01,
    0xef, 0x01, 0xef, 0x01, 0xef, 0x01, 0xef, 0x01, 0x0f, 0x0a, 0x6d, 0x22,
    0xac, 0x32, 0xac, 0x32, 0xac, 0x32, 0xac, 0x32, 0xac, 0x32, 0xac, 0x3a,
    0xac, 0x32, 0xac, 0x32, 0xac, 0x32, 0xac, 0x3a, 0x8c, 0x2a, 0x4d, 0x22,
    0x4d, 0x22, 0x6d, 0x22, 0x6d, 0x22, 0x6d, 0x22, 0x6d, 0x22, 0x4d, 0x22,
    0x6d, 0x22, 0x6d, 0x22, 0x4d, 0x22, 0x6d, 0x22, 0x6d, 0x22, 0x4d, 0x22,
    0x6d, 0x22, 0x6d, 0x22, 0x4d, 0x22, 0x6d, 0x22, 0x6d, 0x22, 0x4d, 0x22,
    0x6d, 0x22, 0x6d, 0x22, 0x4d, 0x22, 0x6d, 0x22, 0x6d, 0x22, 0x6d, 0x22,
    0x6d, 0x22, 0x4d, 0x1a, 0x2e, 0x12, 0xef, 0x01, 0xef, 0x01, 0xef, 0x01,
    0xef, 0x01, 0x50, 0x12, 0x32, 0x33, 0x33, 0x3b, 0x33, 0x3b, 0x32, 0x3b,
    0x33, 0x3b, 0x32, 0x3b, 0x33, 0x3b, 0x32, 0x3b, 0x32, 0x3b, 0x33, 0x3b,
    0x32, 0x3b, 0x32, 0x3b, 0x33, 0x3b, 0x70, 0x1a, 0xef, 0x01, 0xef, 0x01,
    0xef, 0x01, 0xef, 0x01, 0xef, 0x01, 0xef, 0x01, 0xef, 0x01, 0xef, 0x01,
    0xef, 0x01, 0xef, 0x01, 0xef, 0x01, 0xcf, 0x01, 0x0f, 0x0a, 0xd1, 0x22,
    0x33, 0x3b, 0x32, 0x3b, 0x32, 0x3b, 0x33, 0x3b, 0x33, 0x3b, 0x32, 0x3b,
    0x33, 0x3b, 0x33, 0x3b, 0x32, 0x3b, 0x33, 0x3b, 0x33, 0x3b, 0x32, 0x3b,
    0xf2, 0x2a, 0x0f, 0x0a, 0xef, 0x01, 0xef, 0x01, 0xef, 0x01, 0xef, 0x01,
    0xef, 0x01, 0xef, 0x01, 0x90, 0x1a, 0x12, 0x33, 0x33, 0x3b, 0x32, 0x3b,
    0x32, 0x3b, 0x33, 0x3b, 0x32, 0x3b, 0x33, 0x3b, 0x32, 0x3b, 0x33, 0x3b,
    0x32, 0x3b, 0x33, 0x3b, 0x32, 0x3b, 0xf2, 0x32, 0x50, 0x12, 0xef, 0x01,
    0xef, 0x01, 0xef, 0x01, 0xef, 0x01, 0x50, 0x12, 0x12, 0x33, 0x33, 0x3b,
    0x33, 0x3b, 0x32, 0x3b, 0x32, 0x3b, 0x33, 0x3b, 0x32, 0x3b, 0x32, 0x3b,
    0x32, 0x3b, 0x33, 0x3b, 0x32, 0x3b, 0x32, 0x3b, 0x33, 0x3b, 0x32, 0x3b,
    0x32, 0x3b, 0x33, 0x3b, 0x32, 0x3b, 0x33, 0x3b, 0x32, 0x3b, 0x33, 0x3b,
    0x32, 0x3b, 0x12, 0x33, 0xd1, 0x22, 0xb1, 0x22, 0x91, 0x22, 0x50, 0x12,
    0xef, 0x01, 0xae, 0x01, 0xae, 0x01, 0xcf, 0x01, 0xcf, 0x01, 0xef, 0x01,
    0xef, 0x01, 0xef, 0x01, 0xef, 0x01, 0xef, 0x09, 0xcb, 0x3a, 0x25, 0x9c,
    0x21, 0xe5, 0x40, 0xf5, 0x40, 0xed, 0x41, 0xed, 0x21, 0xed, 0x40, 0xed,
    0x21, 0xe5, 0x25, 0x9c, 0x8c, 0x32, 0xcf, 0x01, 0xef, 0x01, 0xef, 0x01,
    0xef, 0x01, 0xef, 0x01, 0xef, 0x01, 0xef, 0x01, 0xef, 0x01, 0xef, 0x01,
    0xef, 0x01, 0xef, 0x01, 0xef, 0x01, 0xef, 0x01, 0xef, 0x01, 0xef, 0x01,
    0xef, 0x01, 0xef, 0x01, 0xef, 0x01, 0xef, 0x01, 0xef, 0x01, 0xef, 0x01,
    0xef, 0x01, 0xef, 0x01, 0xef, 0x01, 0xef, 0x01, 0xef, 0x01, 0xef, 0x01,
    0xef, 0x01, 0xef, 0x01, 0xef, 0x01, 0xef, 0x01, 0xef, 0x01, 0xef, 0x01,
    0xef, 0x01, 0xef, 0x01, 0xef, 0x01, 0x09, 0x01, 0x00, 0x00, 0x21, 0x00,
    0x29, 0x01, 0xef, 0x01, 0xef, 0x01, 0xef, 0x01, 0xef, 0x01, 0xef, 0x01,
    0xef, 0x01, 0xef, 0x01, 0xef, 0x01, 0xef, 0x01, 0xef, 0x01, 0xef, 0x01,
    0xef, 0x01, 0xef, 0x01, 0xef, 0x01, 0xef, 0x01, 0xef, 0x01, 0xef, 0x01,
    0xef, 0x01, 0xef, 0x01, 0xef, 0x01, 0xef, 0x01, 0xef, 0x01, 0xef, 0x01,
    0xef, 0x01, 0xef, 0x01, 0xef, 0x01, 0xef, 0x01, 0xef, 0x01, 0xef, 0x01,
    0xef, 0x01, 0xcf, 0x01, 0xd0, 0x01, 0xcf, 0x01, 0xd0, 0x01, 0xcf, 0x01,
    0xd0, 0x01, 0xcf, 0x01, 0xd0, 0x01, 0xcf, 0x01, 0xd0, 0x01, 0xcf, 0x01,
    0xd0, 0x01, 0xd0, 0x01, 0xcf, 0x01, 0xd0, 0x01, 0xd0, 0x01, 0xcf, 0x01,
    0xd0, 0x01, 0xd0, 0x01, 0xcf, 0x01, 0xd0, 0x01, 0xd0, 0x01, 0xcf, 0x01,
    0xd0, 0x01, 0xd0, 0x01, 0xcf, 0x01, 0xd0, 0x01, 0xd0, 0x01, 0xcf, 0x01,
    0xd0, 0x01, 0xd0, 0x01, 0xcf, 0x01, 0xd0, 0x01, 0xd0, 0x01, 0xcf, 0x01,
    0xd0, 0x01, 0xcf, 0x01, 0xcf, 0x01, 0xf0, 0x01, 0xcf, 0x01, 0xef, 0x01,
    0xef, 0x01, 0xef, 0x01, 0xef, 0x01, 0xcf, 0x01, 0xcf, 0x01, 0xae, 0x01,
    0xae, 0x01, 0xae, 0x01, 0xae, 0x01, 0xaf, 0x01, 0xae, 0x01, 0xae, 0x01,
    0xaf, 0x01, 0xae, 0x01, 0xae, 0x01, 0xaf, 0x01, 0xae, 0x01, 0xcf, 0x01,
    0xef, 0x01, 0xef, 0x01, 0xef, 0x01, 0xef, 0x01, 0xef, 0x01, 0xef, 0x01,
    0xef, 0x01, 0xef, 0x01, 0xef, 0x01, 0xef, 0x01, 0xef, 0x01, 0xef, 0x01,
    0xef, 0x01, 0xce, 0x01, 0xae, 0x01, 0xae, 0x01, 0xae, 0x01, 0xae, 0x01,
    0xae, 0x01, 0xae, 0x01, 0xae, 0x01, 0xae, 0x01, 0xae, 0x01, 0xae, 0x01,
    0xae, 0x01, 0xae, 0x01, 0xcf, 0x01, 0xef, 0x01, 0xef, 0x01, 0xef, 0x01,
    0xef, 0x01, 0xef, 0x01, 0xef, 0x01, 0xef, 0x01, 0xcf, 0x01, 0xae, 0x01,
    0xae, 0x01, 0xae, 0x01, 0xaf, 0x01, 0xae, 0x01, 0xae, 0x01, 0xae, 0x01,
    0xaf, 0x01, 0xae, 0x01, 0xae, 0x01, 0xae, 0x01, 0xaf, 0x01, 0xce, 0x01,
    0xcf, 0x01, 0xef, 0x01, 0xef, 0x01, 0xef, 0x01, 0xef, 0x01, 0xcf, 0x01,
    0xae, 0x01, 0xae, 0x01, 0xae, 0x01, 0xaf, 0x01, 0xae, 0x01, 0xae, 0x01,
    0xaf, 0x01, 0xae, 0x01, 0xae, 0x01, 0xaf, 0x01, 0xae, 0x01, 0xae, 0x01,
    0xaf, 0x01, 0xae, 0x01, 0xae, 0x01, 0xae, 0x01, 0xaf, 0x01, 0xae, 0x01,
    0xae, 0x01, 0xae, 0x01, 0xaf, 0x01, 0xcf, 0x01, 0xae, 0x01, 0xcf, 0x01,
    0xcf, 0x01, 0xcf, 0x01, 0xef, 0x01, 0xef, 0x01, 0xef, 0x01, 0xef, 0x01,
    0xef, 0x01, 0xef, 0x01, 0xef, 0x01, 0xef, 0x01, 0xef, 0x01, 0xef, 0x01,
    0xef, 0x01, 0x8c, 0x32, 0x06, 0x94, 0x21, 0xed, 0x80, 0xfd, 0x60, 0xfd,
    0x60, 0xf5, 0x60, 0xf5, 0x60, 0xfd, 0x40, 0xf5, 0x45, 0xac, 0xcb, 0x3a,
    0xef, 0x01, 0xcf, 0x01, 0xef, 0x01, 0xef, 0x01, 0xef, 0x01, 0xef, 0x01,
    0xef, 0x01, 0xef, 0x01, 0xef, 0x01, 0xef, 0x01, 0xef, 0x01, 0xef, 0x01,
    0xef, 0x01, 0xef, 0x01, 0xef, 0x01, 0xef, 0x01, 0xef, 0x01, 0xef, 0x01,
    0xef, 0x01, 0xef, 0x01, 0xef, 0x01, 0xef, 0x01, 0xef, 0x01, 0xef, 0x01,
    0xef, 0x01, 0xef, 0x01, 0xef, 0x01, 0xef, 0x01, 0xef, 0x01, 0xef, 0x01,
    0xef, 0x01, 0xef, 0x01, 0xef, 0x01, 0xef, 0x01, 0xef, 0x01, 0x07, 0x01,
    0x00, 0x00, 0x00, 0x00, 0x85, 0x00, 0xad, 0x01, 0x10, 0x02, 0xef, 0x01,
    0xef, 0x01, 0xef, 0x01, 0xef, 0x01, 0xef, 0x01, 0xef, 0x01, 0xef, 0x01,
    0xef, 0x01, 0xef, 0x01, 0xef, 0x01, 0xef, 0x01, 0xef, 0x01, 0xef, 0x01,
    0xef, 0x01, 0xef, 0x01, 0xef, 0x01, 0xef, 0x01, 0xef, 0x01, 0xef, 0x01,
    0xef, 0x01, 0xef, 0x01, 0xef, 0x01, 0xef, 0x01, 0xef, 0x01, 0xef, 0x01,
    0xef, 0x01, 0xef, 0x01, 0xef, 0x01, 0xef, 0x01, 0xef, 0x01, 0xef, 0x01,
    0xef, 0x01, 0xef, 0x01, 0xef, 0x01, 0xef, 0x01, 0xef, 0x01, 0xef, 0x01,
    0xef, 0x01, 0xef, 0x01, 0xef, 0x01, 0xef, 0x01, 0xef, 0x01, 0xef, 0x01,
    0xef, 0x01, 0xef, 0x01, 0xef, 0x01, 0xef, 0x01, 0xef, 0x01, 0xef, 0x01,
    0xef, 0x01, 0xef, 0x01, 0xef, 0x01, 0xef, 0x01, 0xef, 0x01, 0xef, 0x01,
    0xef, 0x01, 0xef, 0x01, 0xef, 0x01, 0xef, 0x01, 0xef, 0x01, 0xef, 0x01,
    0xef, 0x01, 0xef, 0x01, 0xef, 0x01, 0xef, 0x01, 0xef, 0x01, 0xef, 0x01,
    0xef, 0x01, 0xef, 0x01, 0xef, 0x01, 0xef, 0x01, 0xef, 0x01, 0xef, 0x01,
    0xef, 0x01, 0xef, 0x01, 0xef, 0x01, 0xef, 0x01, 0xef, 0x01, 0xef, 0x01,
    0xef, 0x01, 0xef, 0x01, 0xef, 0x01, 0xef, 0x01, 0xef, 0x01, 0xef, 0x01,
    0xef, 0x01, 0xef, 0x01, 0xef, 0x01, 0xef, 0x01, 0xef, 0x01, 0xef, 0x01,
    0xef, 0x01, 0xef, 0x01, 0xef, 0x01, 0xef, 0x01, 0xef, 0x01, 0xef, 0x01,
    0xef, 0x01, 0xef, 0x01, 0xef, 0x01, 0xef, 0x01, 0xef, 0x01, 0xef, 0x01,
    0xef, 0x01, 0xef, 0x01, 0xef, 0x01, 0xef, 0x01, 0xef, 0x01, 0xef, 0x01,
    0xef, 0x01, 0xef, 0x01, 0xef, 0x01, 0xef, 0x01, 0xef, 0x01, 0xef, 0x01,
    0xef, 0x01, 0xef, 0x01, 0xef, 0x01, 0xef, 0x01, 0xef, 0x01, 0xef, 0x01,
    0xef, 0x01, 0xef, 0x01, 0xef, 0x01, 0xef, 0x01, 0xef, 0x01, 0xef, 0x01,
    0xef, 0x01, 0xef, 0x01, 0xef, 0x01, 0xef, 0x01, 0xef, 0x01, 0xef, 0x01,
    0xef, 0x01, 0xef, 0x01, 0xef, 0x01, 0xef, 0x01, 0xef, 0x01, 0xef, 0x01,
    0xef, 0x01, 0xef, 0x01, 0xef, 0x01, 0xef, 0x01, 0xef, 0x01, 0xef, 0x01,
    0xef, 0x01, 0xef, 0x01, 0xef, 0x01, 0xef, 0x01, 0xef, 0x01, 0xef, 0x01,
    0xef, 0x01, 0xef, 0x01, 0xef, 0x01, 0xef, 0x01, 0xef, 0x01, 0xef, 0x01,
    0xef, 0x01, 0xef, 0x01, 0xef, 0x01, 0xef, 0x01, 0xef, 0x01, 0xef, 0x01,
    0xef, 0x01, 0xef, 0x01, 0xef, 0x01, 0xef, 0x01, 0xef, 0x01, 0xef, 0x01,
    0xef, 0x01, 0xef, 0x01, 0xef, 0x01, 0xef, 0x01, 0xef, 0x01, 0xef, 0x01,
    0xef, 0x01, 0xef, 0x01, 0xef, 0x01, 0xd0, 0x01, 0x2d, 0x1a, 0xa8, 0x7b,
    0xe2, 0xd4, 0x60, 0xfd, 0x60, 0xf5, 0x60, 0xf5, 0x60, 0xf5, 0x60, 0xfd,
    0x60, 0xf5, 0x64, 0xb4, 0xcb, 0x42, 0xef, 0x09, 0xef, 0x01, 0xef, 0x01,
    0xef, 0x01, 0xef, 0x01, 0xef, 0x01, 0xef, 0x01, 0xef, 0x01, 0xef, 0x01,
    0xef, 0x01, 0xef, 0x01, 0xef, 0x01, 0xef, 0x01, 0xef, 0x01, 0xef, 0x01,
    0xef, 0x01, 0xef, 0x01, 0xef, 0x01, 0xef, 0x01, 0xef, 0x01, 0xef, 0x01,
    0xef, 0x01, 0xef, 0x01, 0xef, 0x01, 0xef, 0x01, 0xef, 0x01, 0xef, 0x01,
    0xef, 0x01, 0xef, 0x01, 0xef, 0x01, 0xef, 0x01, 0xef, 0x01, 0xef, 0x01,
    0xee, 0x01, 0xc7, 0x00, 0x00, 0x00, 0x00, 0x00, 0x42, 0x00, 0x4a, 0x01,
    0xef, 0x01, 0xef, 0x01, 0xef, 0x01, 0xef, 0x01, 0xef, 0x01, 0xef, 0x01,
    0xef, 0x01, 0xef, 0x01, 0xef, 0x01, 0xef, 0x01, 0xef, 0x01, 0xef, 0x01,
    0xef, 0x01, 0xef, 0x01, 0xef, 0x01, 0xef, 0x01, 0xef, 0x01, 0xef, 0x01,
    0xef, 0x01, 0xef, 0x01, 0xef, 0x01, 0xef, 0x01, 0xef, 0x01, 0xef, 0x01,
    0xef, 0x01, 0xef, 0x01, 0xef, 0x01, 0xef, 0x01, 0xef, 0x01, 0xef, 0x01,
    0xef, 0x01, 0xef, 0x01, 0xef, 0x01, 0xef, 0x01, 0xef, 0x01, 0xef, 0x01,
    0xef, 0x01, 0xef, 0x01, 0xef, 0x01, 0xef, 0x01, 0xef, 0x01, 0xef, 0x01,
    0xef, 0x01, 0xef, 0x01, 0xef, 0x01, 0xef, 0x01, 0xef, 0x01, 0xef, 0x01,
    0xef, 0x01, 0xef, 0x01, 0xef, 0x01, 0xef, 0x01, 0xef, 0x01, 0xef, 0x01,
    0xef, 0x01, 0xef, 0x01, 0xef, 0x01, 0xef, 0x01, 0xef, 0x01, 0xef, 0x01,
    0xef, 0x01, 0xef, 0x01, 0xef, 0x01, 0xef, 0x01, 0xef, 0x01, 0xef, 0x01,
    0xef, 0x01, 0xef, 0x01, 0xef, 0x01, 0xef, 0x01, 0xef, 0x01, 0xef, 0x01,
    0xef, 0x01, 0xef, 0x01, 0xef, 0x01, 0xef, 0x01, 0xef, 0x01, 0xef, 0x01,
    0xef, 0x01, 0xef, 0x01, 0xef, 0x01, 0xef, 0x01, 0xef, 0x01, 0xef, 0x01,
    0xef, 0x01, 0xef, 0x01, 0xef, 0x01, 0xef, 0x01, 0xef, 0x01, 0xef, 0x01,
    0xef, 0x01, 0xef, 0x01, 0xef, 0x01, 0xef, 0x01, 0xef, 0x01, 0xef, 0x01,
    0xef, 0x01, 0xef, 0x01, 0xef, 0x01, 0xef, 0x01, 0xef, 0x01, 0xef, 0x01,
    0xef, 0x01, 0xef, 0x01, 0xef, 0x01, 0xef, 0x01, 0xef, 0x01, 0xef, 0x01,
    0xef, 0x01, 0xef, 0x01, 0xef, 0x01, 0xef, 0x01, 0xef, 0x01, 0xef, 0x01,
    0xef, 0x01, 0xef, 0x01, 0xef, 0x01, 0xef, 0x01, 0xef, 0x01, 0xef, 0x01,
    0xef, 0x01, 0xef, 0x01, 0xef, 0x01, 0xef, 0x01, 0xef, 0x01, 0xef, 0x01,
    0xef, 0x01, 0xef, 0x01, 0xef, 0x01, 0xef, 0x01, 0xef, 0x01, 0xef, 0x01,
    0xef, 0x01, 0xef, 0x01, 0xef, 0x01, 0xef, 0x01, 0xef, 0x01, 0xef, 0x01,
    0xef, 0x01, 0xef, 0x01, 0xef, 0x01, 0xef, 0x01, 0xef, 0x01, 0xef, 0x01,
    0xef, 0x01, 0xef, 0x01, 0xef, 0x01, 0xef, 0x01, 0xef, 0x01, 0xef, 0x01,
    0xef, 0x01, 0xef, 0x01, 0xef, 0x01, 0xef, 0x01, 0xef, 0x01, 0xef, 0x01,
    0xef, 0x01, 0xef, 0x01, 0xef, 0x01, 0xef, 0x01, 0xef, 0x01, 0xef, 0x01,
    0xef, 0x01, 0xef, 0x01, 0xef, 0x01, 0xef, 0x01, 0xef, 0x01, 0xef, 0x01,
    0xef, 0x01, 0xef, 0x01, 0xef, 0x01, 0xef, 0x01, 0xef, 0x01, 0xef, 0x01,
    0xef, 0x01, 0xef, 0x01, 0xef, 0x01, 0xef, 0x01, 0xef, 0x01, 0xef, 0x01,
    0xcf, 0x01, 0x0e, 0x12, 0x49, 0x63, 0xc2, 0xcc, 0x60, 0xfd, 0x60, 0xfd,
    0x40, 0xf5, 0x60, 0xf5, 0x60, 0xf5, 0x60, 0xf5, 0xa3, 0xc4, 0x0b, 0x53,
    0x0f, 0x0a, 0xcf, 0x01, 0xef, 0x01, 0xef, 0x01, 0xef, 0x01, 0xef, 0x01,
    0xef, 0x01, 0xef, 0x01, 0xef, 0x01, 0xef, 0x01, 0xef, 0x01, 0xef, 0x01,
    0xef, 0x01, 0xef, 0x01, 0xef, 0x01, 0xef, 0x01, 0xef, 0x01, 0xef, 0x01,
    0xef, 0x01, 0xef, 0x01, 0xef, 0x01, 0xef, 0x01, 0xef, 0x01, 0xef, 0x01,
    0xef, 0x01, 0xef, 0x01, 0xef, 0x01, 0xef, 0x01, 0xef, 0x01, 0xef, 0x01,
    0xef, 0x01, 0xf0, 0x01, 0xce, 0x01, 0xa5, 0x00, 0x00, 0x00, 0x00, 0x00,
    0x00, 0x00, 0xc6, 0x00, 0xcd, 0x01, 0xef, 0x01, 0xef, 0x01, 0xef, 0x01,
    0xef, 0x01, 0xef, 0x01, 0xef, 0x01, 0xef, 0x01, 0xef, 0x01, 0xef, 0x01,
    0xef, 0x01, 0xef, 0x01, 0xef, 0x01, 0xef, 0x01, 0xef, 0x01, 0xef, 0x01,
    0xef, 0x01, 0xef, 0x01, 0xef, 0x01, 0xef, 0x01, 0xef, 0x01, 0xef, 0x01,
    0xef, 0x01, 0xef, 0x01, 0xef, 0x01, 0xef, 0x01, 0xef, 0x01, 0xef, 0x01,
    0xef, 0x01, 0xef, 0x01, 0xef, 0x01, 0xef, 0x01, 0xef, 0x01, 0xef, 0x01,
    0xef, 0x01, 0xef, 0x01, 0xef, 0x01, 0xef, 0x01, 0xef, 0x01, 0xef, 0x01,
    0xef, 0x01, 0xef, 0x01, 0xef, 0x01, 0xef, 0x01, 0xef, 0x01, 0xef, 0x01,
    0xef, 0x01, 0xef, 0x01, 0xef, 0x01, 0xef, 0x01, 0xef, 0x01, 0xef, 0x01,
    0xef, 0x01, 0xef, 0x01, 0xef, 0x01, 0xef, 0x01, 0xef, 0x01, 0xef, 0x01,
    0xef, 0x01, 0xef, 0x01, 0xef, 0x01, 0xef, 0x01, 0xef, 0x01, 0xef, 0x01,
    0xef, 0x01, 0xef, 0x01, 0xef, 0x01, 0xef, 0x01, 0xef, 0x01, 0xef, 0x01,
    0xef, 0x01, 0xef, 0x01, 0xef, 0x01, 0xef, 0x01, 0xef, 0x01, 0xef, 0x01,
    0xef, 0x01, 0xef, 0x01, 0xef, 0x01, 0xef, 0x01, 0xef, 0x01, 0xef, 0x01,
    0xef, 0x01, 0xef, 0x01, 0xef, 0x01, 0xef, 0x01, 0xef, 0x01, 0xef, 0x01,
    0xef, 0x01, 0xef, 0x01, 0xef, 0x01, 0xef, 0x01, 0xef, 0x01, 0xef, 0x01,
    0xef, 0x01, 0xef, 0x01, 0xef, 0x01, 0xef, 0x01, 0xef, 0x01, 0xef, 0x01,
    0xef, 0x01, 0xef, 0x01, 0xef, 0x01, 0xef, 0x01, 0xef, 0x01, 0xef, 0x01,
    0xef, 0x01, 0xef, 0x01, 0xef, 0x01, 0xef, 0x01, 0xef, 0x01, 0xef, 0x01,
    0xef, 0x01, 0xef, 0x01, 0xef, 0x01, 0xef, 0x01, 0xef, 0x01, 0xef, 0x01,
    0xef, 0x01, 0xef, 0x01, 0xef, 0x01, 0xef, 0x01, 0xef, 0x01, 0xef, 0x01,
    0xef, 0x01, 0xef, 0x01, 0xef, 0x01, 0xef, 0x01, 0xef, 0x01, 0xef, 0x01,
    0xef, 0x01, 0xef, 0x01, 0xef, 0x01, 0xef, 0x01, 0xef, 0x01, 0xef, 0x01,
    0xef, 0x01, 0xef, 0x01, 0xef, 0x01, 0xef, 0x01, 0xef, 0x01, 0xef, 0x01,
    0xef, 0x01, 0xef, 0x01, 0xef, 0x01, 0xef, 0x01, 0xef, 0x01, 0xef, 0x01,
    0xef, 0x01, 0xef, 0x01, 0xef, 0x01, 0xef, 0x01, 0xef, 0x01, 0xef, 0x01,
    0xef, 0x01, 0xef, 0x01, 0xef, 0x01, 0xef, 0x01, 0xef, 0x01, 0xef, 0x01,
    0xef, 0x01, 0xef, 0x01, 0xef, 0x01, 0xef, 0x01, 0xef, 0x01, 0xef, 0x01,
    0xef, 0x01, 0xef, 0x01, 0xef, 0x01, 0xef, 0x01, 0xef, 0x01, 0xef, 0x01,
    0xef, 0x01, 0xef, 0x01, 0xef, 0x01, 0xef, 0x01, 0xef, 0x01, 0xef, 0x01,
    0xef, 0x01, 0xef, 0x01, 0xef, 0x01, 0xef, 0x01, 0xef, 0x01, 0xea, 0x4a,
    0x84, 0xbc, 0x40, 0xf5, 0x60, 0xfd, 0x40, 0xf5, 0x40, 0xf5, 0x60, 0xfd,
    0x60, 0xfd, 0xa3, 0xc4, 0x0a, 0x53, 0xef, 0x01, 0xf0, 0x01, 0xef, 0x01,
    0xef, 0x01, 0xef, 0x01, 0xef, 0x01, 0xef, 0x01, 0xef, 0x01, 0xef, 0x01,
    0xef, 0x01, 0xef, 0x01, 0xef, 0x01, 0xef, 0x01, 0xef, 0x01, 0xef, 0x01,
    0xef, 0x01, 0xef, 0x01, 0xef, 0x01, 0xef, 0x01, 0xef, 0x01, 0xef, 0x01,
    0xef, 0x01, 0xef, 0x01, 0xef, 0x01, 0xef, 0x01, 0xef, 0x01, 0xef, 0x01,
    0xef, 0x01, 0xef, 0x01, 0xef, 0x01, 0xef, 0x01, 0xce, 0x01, 0xa5, 0x00,
    0x00, 0x00, 0x00, 0x00, 0x00, 0x00, 0x22, 0x00, 0x4a, 0x01, 0xef, 0x01,
    0xf0, 0x01, 0xef, 0x01, 0xef, 0x01, 0xef, 0x01, 0xef, 0x01, 0xef, 0x01,
    0xef, 0x01, 0xef, 0x01, 0xef, 0x01, 0xef, 0x01, 0xef, 0x01, 0xef, 0x01,
    0xef, 0x01, 0xef, 0x01, 0xef, 0x01, 0xef, 0x01, 0xef, 0x01, 0xef, 0x01,
    0xef, 0x01, 0xef, 0x01, 0xef, 0x01, 0xef, 0x01, 0xef, 0x01, 0xef, 0x01,
    0xef, 0x01, 0xef, 0x01, 0xef, 0x01, 0xef, 0x01, 0xef, 0x01, 0xef, 0x01,
    0xef, 0x01, 0xef, 0x01, 0xef, 0x01, 0xef, 0x01, 0xef, 0x01, 0xef, 0x01,
    0xef, 0x01, 0xef, 0x01, 0xef, 0x01, 0xef, 0x01, 0xef, 0x01, 0xef, 0x01,
    0xef, 0x01, 0xef, 0x01, 0xef, 0x01, 0xef, 0x01, 0xef, 0x01, 0xef, 0x01,
    0xef, 0x01, 0xef, 0x01, 0xef, 0x01, 0xef, 0x01, 0xef, 0x01, 0xef, 0x01,
    0xef, 0x01, 0xef, 0x01, 0xef, 0x01, 0xef, 0x01, 0xef, 0x01, 0xef, 0x01,
    0xef, 0x01, 0xef, 0x01, 0xef, 0x01, 0xef, 0x01, 0xef, 0x01, 0xef, 0x01,
    0xef, 0x01, 0xef, 0x01, 0xef, 0x01, 0xef, 0x01, 0xef, 0x01, 0xef, 0x01,
    0xef, 0x01, 0xef, 0x01, 0xef, 0x01, 0xef, 0x01, 0xef, 0x01, 0xef, 0x01,
    0xef, 0x01, 0xef, 0x01, 0xef, 0x01, 0xef, 0x01, 0xef, 0x01, 0xef, 0x01,
    0xef, 0x01, 0xef, 0x01, 0xef, 0x01, 0xef, 0x01, 0xef, 0x01, 0xef, 0x01,
    0xef, 0x01, 0xef, 0x01, 0xef, 0x01, 0xef, 0x01, 0xef, 0x01, 0xef, 0x01,
    0xef, 0x01, 0xef, 0x01, 0xef, 0x01, 0xef, 0x01, 0xef, 0x01, 0xef, 0x01,
    0xef, 0x01, 0xef, 0x01, 0xef, 0x01, 0xef, 0x01, 0xef, 0x01, 0xef, 0x01,
    0xef, 0x01, 0xef, 0x01, 0xef, 0x01, 0xef, 0x01, 0xef, 0x01, 0xef, 0x01,
    0xef, 0x01, 0xef, 0x01, 0xef, 0x01, 0xef, 0x01, 0xef, 0x01, 0xef, 0x01,
    0xef, 0x01, 0xef, 0x01, 0xef, 0x01, 0xef, 0x01, 0xef, 0x01, 0xef, 0x01,
    0xef, 0x01, 0xef, 0x01, 0xef, 0x01, 0xef, 0x01, 0xef, 0x01, 0xef, 0x01,
    0xef, 0x01, 0xef, 0x01, 0xef, 0x01, 0xef, 0x01, 0xef, 0x01, 0xef, 0x01,
    0xef, 0x01, 0xef, 0x01, 0xef, 0x01, 0xef, 0x01, 0xef, 0x01, 0xef, 0x01,
    0xef, 0x01, 0xef, 0x01, 0xef, 0x01, 0xef, 0x01, 0xef, 0x01, 0xef, 0x01,
    0xef, 0x01, 0xef, 0x01, 0xef, 0x01, 0xef, 0x01, 0xef, 0x01, 0xef, 0x01,
    0xef, 0x01, 0xef, 0x01, 0xef, 0x01, 0xef, 0x01, 0xef, 0x01, 0xef, 0x01,
    0xef, 0x01, 0xef, 0x01, 0xef, 0x01, 0xef, 0x01, 0xef, 0x01, 0xef, 0x01,
    0xef, 0x01, 0xef, 0x01, 0xef, 0x01, 0xef, 0x01, 0xef, 0x01, 0xef, 0x01,
    0xef, 0x01, 0xef, 0x01, 0xef, 0x01, 0xef, 0x01, 0xef, 0x01, 0xef, 0x01,
    0xef, 0x01, 0xef, 0x01, 0xcb, 0x3a, 0x64, 0xac, 0x40, 0xf5, 0x60, 0xfd,
    0x60, 0xf5, 0x40, 0xf5, 0x60, 0xf5, 0x60, 0xf5, 0xa3, 0xc4, 0x0a, 0x4b,
    0xef, 0x09, 0xef, 0x01, 0xef, 0x01, 0xef, 0x01, 0xef, 0x01, 0xef, 0x01,
    0xef, 0x01, 0xef, 0x01, 0xef, 0x01, 0xef, 0x01, 0xef, 0x01, 0xef, 0x01,
    0xef, 0x01, 0xef, 0x01, 0xef, 0x01, 0xef, 0x01, 0xef, 0x01, 0xef, 0x01,
    0xef, 0x01, 0xef, 0x01, 0xef, 0x01, 0xef, 0x01, 0xef, 0x01, 0xef, 0x01,
    0xef, 0x01, 0xef, 0x01, 0xef, 0x01, 0xef, 0x01, 0xef, 0x01, 0xef, 0x01,
    0xad, 0x01, 0x84, 0x00, 0x00, 0x00, 0x00, 0x00, 0x00, 0x00, 0x00, 0x00,
    0xc6, 0x00, 0xce, 0x01, 0xef, 0x01, 0xef, 0x01, 0xef, 0x01, 0xef, 0x01,
    0xef, 0x01, 0xef, 0x01, 0xef, 0x01, 0xef, 0x01, 0xef, 0x01, 0xef, 0x01,
    0xef, 0x01, 0xef, 0x01, 0xef, 0x01, 0xef, 0x01, 0xef, 0x01, 0xef, 0x01,
    0xef, 0x01, 0xef, 0x01, 0xef, 0x01, 0xef, 0x01, 0xef, 0x01, 0xef, 0x01,
    0xef, 0x01, 0xef, 0x01, 0xef, 0x01, 0xef, 0x01, 0xef, 0x01, 0xef, 0x01,
    0xef, 0x01, 0xef, 0x01, 0xef, 0x01, 0xef, 0x01, 0xef, 0x01, 0xef, 0x01,
    0xef, 0x01, 0xef, 0x01, 0xef, 0x01, 0xef, 0x01, 0xef, 0x01, 0xef, 0x01,
    0xef, 0x01, 0xef, 0x01, 0xef, 0x01, 0xef, 0x01, 0xef, 0x01, 0xef, 0x01,
    0xef, 0x01, 0xef, 0x01, 0xef, 0x01, 0xef, 0x01, 0xef, 0x01, 0xef, 0x01,
    0xef, 0x01, 0xef, 0x01, 0xef, 0x01, 0xef, 0x01, 0xef, 0x01, 0xef, 0x01,
    0xef, 0x01, 0xef, 0x01, 0xef, 0x01, 0xef, 0x01, 0xef, 0x01, 0xef, 0x01,
    0xef, 0x01, 0xef, 0x01, 0xef, 0x01, 0xef, 0x01, 0xef, 0x01, 0xef, 0x01,
    0xef, 0x01, 0xef, 0x01, 0xef, 0x01, 0xef, 0x01, 0xef, 0x01, 0xef, 0x01,
    0xef, 0x01, 0xef, 0x01, 0xef, 0x01, 0xef, 0x01, 0xef, 0x01, 0xef, 0x01,
    0xef, 0x01, 0xef, 0x01, 0xef, 0x01, 0xef, 0x01, 0xef, 0x01, 0xef, 0x01,
    0xef, 0x01, 0xef, 0x01, 0xef, 0x01, 0xef, 0x01, 0xef, 0x01, 0xef, 0x01,
    0xef, 0x01, 0xef, 0x01, 0xef, 0x01, 0xef, 0x01, 0xef, 0x01, 0xef, 0x01,
    0xef, 0x01, 0xef, 0x01, 0xef, 0x01, 0xef, 0x01, 0xef, 0x01, 0xef, 0x01,
    0xef, 0x01, 0xef, 0x01, 0xef, 0x01, 0xef, 0x01, 0xef, 0x01, 0xef, 0x01,
    0xef, 0x01, 0xef, 0x01, 0xef, 0x01, 0xef, 0x01, 0xef, 0x01, 0xef, 0x01,
    0xef, 0x01, 0xef, 0x01, 0xef, 0x01, 0xef, 0x01, 0xef, 0x01, 0xef, 0x01,
    0xef, 0x01, 0xef, 0x01, 0xef, 0x01, 0xef, 0x01, 0xef, 0x01, 0xef, 0x01,
    0xef, 0x01, 0xef, 0x01, 0xef, 0x01, 0xef, 0x01, 0xef, 0x01, 0xef, 0x01,
    0xef, 0x01, 0xef, 0x01, 0xef, 0x01, 0xef, 0x01, 0xef, 0x01, 0xef, 0x01,
    0xef, 0x01, 0xef, 0x01, 0xef, 0x01, 0xef, 0x01, 0xef, 0x01, 0xef, 0x01,
    0xef, 0x01, 0xef, 0x01, 0xef, 0x01, 0xef, 0x01, 0xef, 0x01, 0xef, 0x01,
    0xef, 0x01, 0xef, 0x01, 0xef, 0x01, 0xef, 0x01, 0xef, 0x01, 0xef, 0x01,
    0xef, 0x01, 0xef, 0x01, 0xef, 0x01, 0xef, 0x01, 0xef, 0x01, 0xef, 0x01,
    0xef, 0x01, 0xef, 0x01, 0xef, 0x01, 0xef, 0x01, 0xef, 0x01, 0xef, 0x01,
    0xef, 0x01, 0xef, 0x01, 0xef, 0x01, 0xef, 0x01, 0xef, 0x01, 0xef, 0x01,
    0xef, 0x01, 0xef, 0x01, 0xef, 0x01, 0xcf, 0x01, 0xcf, 0x01, 0xac, 0x32,
    0x45, 0xa4, 0x41, 0xf5, 0x60, 0xf5, 0x60, 0xf5, 0x40, 0xf5, 0x60, 0xf5,
    0x60, 0xf5, 0xa3, 0xc4, 0x0a, 0x53, 0xef, 0x01, 0xcf, 0x01, 0xef, 0x01,
    0xef, 0x01, 0xef, 0x01, 0xef, 0x01, 0xef, 0x01, 0xef, 0x01, 0xef, 0x01,
    0xef, 0x01, 0xef, 0x01, 0xef, 0x01, 0xef, 0x01, 0xef, 0x01, 0xef, 0x01,
    0xef, 0x01, 0xef, 0x01, 0xef, 0x01, 0xef, 0x01, 0xef, 0x01, 0xef, 0x01,
    0xef, 0x01, 0xef, 0x01, 0xef, 0x01, 0xef, 0x01, 0xef, 0x01, 0xef, 0x01,
    0xef, 0x01, 0xef, 0x01, 0x6b, 0x01, 0x63, 0x00, 0x00, 0x00, 0x00, 0x00,
    0x00, 0x00, 0x00, 0x00, 0x21, 0x00, 0x4a, 0x01, 0xef, 0x01, 0xef, 0x01,
    0xef, 0x01, 0xef, 0x01, 0xef, 0x01, 0xef, 0x01, 0xef, 0x01, 0xef, 0x01,
    0xef, 0x01, 0xef, 0x01, 0xef, 0x01, 0xef, 0x01, 0xef, 0x01, 0xef, 0x01,
    0xef, 0x01, 0xef, 0x01, 0xef, 0x01, 0xef, 0x01, 0xef, 0x01, 0xef, 0x01,
    0xef, 0x01, 0xef, 0x01, 0xef, 0x01, 0xef, 0x01, 0xef, 0x01, 0xef, 0x01,
    0xef, 0x01, 0xef, 0x01, 0xef, 0x01, 0xef, 0x01, 0xef, 0x01, 0xef, 0x01,
    0xef, 0x01, 0xef, 0x01, 0xef, 0x01, 0xef, 0x01, 0xef, 0x01, 0xef, 0x01,
    0xef, 0x01, 0xef, 0x01, 0xef, 0x01, 0xef, 0x01, 0xef, 0x01, 0xef, 0x01,
    0xef, 0x01, 0xef, 0x01, 0xef, 0x01, 0xef, 0x01, 0xef, 0x01, 0xef, 0x01,
    0xef, 0x01, 0xef, 0x01, 0xef, 0x01, 0xef, 0x01, 0xef, 0x01, 0xef, 0x01,
    0xef, 0x01, 0xef, 0x01, 0xef, 0x01, 0xef, 0x01, 0xef, 0x01, 0xef, 0x01,
    0xef, 0x01, 0xef, 0x01, 0xef, 0x01, 0xef, 0x01, 0xef, 0x01, 0xef, 0x01,
    0xef, 0x01, 0xef, 0x01, 0xef, 0x01, 0xef, 0x01, 0xef, 0x01, 0xef, 0x01,
    0xef, 0x01, 0xef, 0x01, 0xef, 0x01, 0xef, 0x01, 0xef, 0x01, 0xef, 0x01,
    0xef, 0x01, 0xef, 0x01, 0xef, 0x01, 0xef, 0x01, 0xef, 0x01, 0xef, 0x01,
    0xef, 0x01, 0xef, 0x01, 0xef, 0x01, 0xef, 0x01, 0xef, 0x01, 0xef, 0x01,
    0xef, 0x01, 0xef, 0x01, 0xef, 0x01, 0xef, 0x01, 0xef, 0x01, 0xef, 0x01,
    0xef, 0x01, 0xef, 0x01, 0xef, 0x01, 0xef, 0x01, 0xef, 0x01, 0xef, 0x01,
    0xef, 0x01, 0xef, 0x01, 0xef, 0x01, 0xef, 0x01, 0xef, 0x01, 0xef, 0x01,
    0xef, 0x01, 0xef, 0x01, 0xef, 0x01, 0xef, 0x01, 0xef, 0x01, 0xef, 0x01,
    0xef, 0x01, 0xef, 0x01, 0xef, 0x01, 0xef, 0x01, 0xef, 0x01, 0xef, 0x01,
    0xef, 0x01, 0xef, 0x01, 0xef, 0x01, 0xef, 0x01, 0xef, 0x01, 0xef, 0x01,
    0xef, 0x01, 0xef, 0x01, 0xef, 0x01, 0xef, 0x01, 0xef, 0x01, 0xef, 0x01,
    0xef, 0x01, 0xef, 0x01, 0xef, 0x01, 0xef, 0x01, 0xef, 0x01, 0xef, 0x01,
    0xef, 0x01, 0xef, 0x01, 0xef, 0x01, 0xef, 0x01, 0xef, 0x01, 0xef, 0x01,
    0xef, 0x01, 0xef, 0x01, 0xef, 0x01, 0xef, 0x01, 0xef, 0x01, 0xef, 0x01,
    0xef, 0x01, 0xef, 0x01, 0xef, 0x01, 0xef, 0x01, 0xef, 0x01, 0xef, 0x01,
    0xef, 0x01, 0xef, 0x01, 0xef, 0x01, 0xef, 0x01, 0xef, 0x01, 0xef, 0x01,
    0xef, 0x01, 0xef, 0x01, 0xef, 0x01, 0xef, 0x01, 0xef, 0x01, 0xef, 0x01,
    0xef, 0x01, 0xef, 0x01, 0xef, 0x01, 0xef, 0x01, 0xef, 0x01, 0xef, 0x01,
    0xef, 0x01, 0xef, 0x01, 0xef, 0x01, 0xef, 0x01, 0xef, 0x01, 0xef, 0x01,
    0xd0, 0x01, 0xf0, 0x01, 0x8c, 0x32, 0x06, 0x9c, 0x40, 0xed, 0x60, 0xfd,
    0x40, 0xf5, 0x60, 0xf5, 0x60, 0xfd, 0x60, 0xf5, 0xa3, 0xc4, 0xeb, 0x4a,
    0xef, 0x01, 0xef, 0x01, 0xef, 0x01, 0xef, 0x01, 0xef, 0x01, 0xef, 0x01,
    0xef, 0x01, 0xef, 0x01, 0xef, 0x01, 0xef, 0x01, 0xef, 0x01, 0xef, 0x01,
    0xef, 0x01, 0xef, 0x01, 0xef, 0x01, 0xef, 0x01, 0xef, 0x01, 0xef, 0x01,
    0xef, 0x01, 0xef, 0x01, 0xef, 0x01, 0xef, 0x01, 0xef, 0x01, 0xef, 0x01,
    0xef, 0x01, 0xef, 0x01, 0xef, 0x01, 0xef, 0x01, 0x6a, 0x01, 0x42, 0x00,
    0x00, 0x00, 0x00, 0x00, 0x00, 0x00, 0x00, 0x00, 0x00, 0x00, 0xa5, 0x00,
    0xad, 0x01, 0x0f, 0x02, 0xef, 0x01, 0xef, 0x01, 0xef, 0x01, 0xef, 0x01,
    0xef, 0x01, 0xef, 0x01, 0xef, 0x01, 0xef, 0x01, 0xef, 0x01, 0xef, 0x01,
    0xef, 0x01, 0xef, 0x01, 0xef, 0x01, 0xef, 0x01, 0xef, 0x01, 0xef, 0x01,
    0xef, 0x01, 0xef, 0x01, 0xef, 0x01, 0xef, 0x01, 0xef, 0x01, 0xef, 0x01,
    0xef, 0x01, 0xef, 0x01, 0xef, 0x01, 0xef, 0x01, 0xef, 0x01, 0xef, 0x01,
    0xef, 0x01, 0xef, 0x01, 0xef, 0x01, 0xef, 0x01, 0xef, 0x01, 0xef, 0x01,
    0xef, 0x01, 0xef, 0x01, 0xef, 0x01, 0xef, 0x01, 0xef, 0x01, 0xef, 0x01,
    0xef, 0x01, 0xef, 0x01, 0xef, 0x01, 0xef, 0x01, 0xef, 0x01, 0xef, 0x01,
    0xef, 0x01, 0xef, 0x01, 0xef, 0x01, 0xef, 0x01, 0xef, 0x01, 0xef, 0x01,
    0xef, 0x01, 0xef, 0x01, 0xef, 0x01, 0xef, 0x01, 0xef, 0x01, 0xef, 0x01,
    0xef, 0x01, 0xef, 0x01, 0xef, 0x01, 0xef, 0x01, 0xef, 0x01, 0xef, 0x01,
    0xef, 0x01, 0xef, 0x01, 0xef, 0x01, 0xef, 0x01, 0xef, 0x01, 0xef, 0x01,
    0xef, 0x01, 0xef, 0x01, 0xef, 0x01, 0xef, 0x01, 0xef, 0x01, 0xef, 0x01,
    0xef, 0x01, 0xef, 0x01, 0xef, 0x01, 0xef, 0x01, 0xef, 0x01, 0xef, 0x01,
    0xef, 0x01, 0xef, 0x01, 0xef, 0x01, 0xef, 0x01, 0xef, 0x01, 0xef, 0x01,
    0xef, 0x01, 0xef, 0x01, 0xef, 0x01, 0xef, 0x01, 0xef, 0x01, 0xef, 0x01,
    0xef, 0x01, 0xef, 0x01, 0xef, 0x01, 0xef, 0x01, 0xef, 0x01, 0xef, 0x01,
    0xef, 0x01, 0xef, 0x01, 0xef, 0x01, 0xef, 0x01, 0xef, 0x01, 0xef, 0x01,
    0xef, 0x01, 0xef, 0x01, 0xef, 0x01, 0xef, 0x01, 0xef, 0x01, 0xef, 0x01,
    0xef, 0x01, 0xef, 0x01, 0xef, 0x01, 0xef, 0x01, 0xef, 0x01, 0xef, 0x01,
    0xef, 0x01, 0xef, 0x01, 0xef, 0x01, 0xef, 0x01, 0xef, 0x01, 0xef, 0x01,
    0xef, 0x01, 0xef, 0x01, 0xef, 0x01, 0xef, 0x01, 0xef, 0x01, 0xef, 0x01,
    0xef, 0x01, 0xef, 0x01, 0xef, 0x01, 0xef, 0x01, 0xef, 0x01, 0xef, 0x01,
    0xef, 0x01, 0xef, 0x01, 0xef, 0x01, 0xef, 0x01, 0xef, 0x01, 0xef, 0x01,
    0xef, 0x01, 0xef, 0x01, 0xef, 0x01, 0xef, 0x01, 0xef, 0x01, 0xef, 0x01,
    0xef, 0x01, 0xef, 0x01, 0xef, 0x01, 0xef, 0x01, 0xef, 0x01, 0xef, 0x01,
    0xef, 0x01, 0xef, 0x01, 0xef, 0x01, 0xef, 0x01, 0xef, 0x01, 0xef, 0x01,
    0xef, 0x01, 0xef, 0x01, 0xef, 0x01, 0xef, 0x01, 0xef, 0x01, 0xef, 0x01,
    0xef, 0x01, 0xef, 0x01, 0xef, 0x01, 0xef, 0x01, 0xef, 0x01, 0xef, 0x01,
    0xef, 0x01, 0xef, 0x01, 0xef, 0x01, 0xef, 0x01, 0xef, 0x01, 0xef, 0x01,
    0xef, 0x01, 0xef, 0x01, 0xef, 0x01, 0xef, 0x01, 0xcf, 0x01, 0x6d, 0x22,
    0xe6, 0x93, 0x41, 0xed, 0x60, 0xfd, 0x40, 0xf5, 0x40, 0xf5, 0x60, 0xf5,
    0x60, 0xf5, 0xa3, 0xc4, 0xea, 0x4a, 0x0f, 0x02, 0xef, 0x01, 0xef, 0x01,
    0xef, 0x01, 0xef, 0x01, 0xef, 0x01, 0xef, 0x01, 0xef, 0x01, 0xef, 0x01,
    0xef, 0x01, 0xef, 0x01, 0xef, 0x01, 0xef, 0x01, 0xef, 0x01, 0xef, 0x01,
    0xef, 0x01, 0xef, 0x01, 0xef, 0x01, 0xef, 0x01, 0xef, 0x01, 0xef, 0x01,
    0xef, 0x01, 0xef, 0x01, 0xef, 0x01, 0xef, 0x01, 0xef, 0x01, 0xef, 0x01,
    0x2a, 0x01, 0x21, 0x00, 0x00, 0x00, 0x00, 0x00, 0x00, 0x00, 0x00, 0x00,
    0x00, 0x00, 0x21, 0x00, 0x08, 0x01, 0xce, 0x01, 0xef, 0x01, 0xef, 0x01,
    0xef, 0x01, 0xef, 0x01, 0xef, 0x01, 0xef, 0x01, 0xef, 0x01, 0xef, 0x01,
    0xef, 0x01, 0xef, 0x01, 0xef, 0x01, 0xef, 0x01, 0xef, 0x01, 0xef, 0x01,
    0xef, 0x01, 0xef, 0x01, 0xef, 0x01, 0xef, 0x01, 0xef, 0x01, 0xef, 0x01,
    0xef, 0x01, 0xef, 0x01, 0xef, 0x01, 0xef, 0x01, 0xef, 0x01, 0xef, 0x01,
    0xef, 0x01, 0xef, 0x01, 0xef, 0x01, 0xef, 0x01, 0xef, 0x01, 0xef, 0x01,
    0xef, 0x01, 0xef, 0x01, 0xef, 0x01, 0xef, 0x01, 0xef, 0x01, 0xef, 0x01,
    0xef, 0x01, 0xef, 0x01, 0xef, 0x01, 0xef, 0x01, 0xef, 0x01, 0xef, 0x01,
    0xef, 0x01, 0xef, 0x01, 0xef, 0x01, 0xef, 0x01, 0xef, 0x01, 0xef, 0x01,
    0xef, 0x01, 0xef, 0x01, 0xef, 0x01, 0xef, 0x01, 0xef, 0x01, 0xef, 0x01,
    0xef, 0x01, 0xef, 0x01, 0xef, 0x01, 0xef, 0x01, 0xef, 0x01, 0xef, 0x01,
    0xef, 0x01, 0xef, 0x01, 0xef, 0x01, 0xef, 0x01, 0xef, 0x01, 0xef, 0x01,
    0xef, 0x01, 0xef, 0x01, 0xef, 0x01, 0xef, 0x01, 0xef, 0x01, 0xef, 0x01,
    0xef, 0x01, 0xef, 0x01, 0xef, 0x01, 0xef, 0x01, 0xef, 0x01, 0xef, 0x01,
    0xef, 0x01, 0xef, 0x01, 0xef, 0x01, 0xef, 0x01, 0xef, 0x01, 0xef, 0x01,
    0xef, 0x01, 0xef, 0x01, 0xef, 0x01, 0xef, 0x01, 0xef, 0x01, 0xef, 0x01,
    0xef, 0x01, 0xef, 0x01, 0xef, 0x01, 0xef, 0x01, 0xef, 0x01, 0xef, 0x01,
    0xef, 0x01, 0xef, 0x01, 0xef, 0x01, 0xef, 0x01, 0xef, 0x01, 0xef, 0x01,
    0xef, 0x01, 0xef, 0x01, 0xef, 0x01, 0xef, 0x01, 0xef, 0x01, 0xef, 0x01,
    0xef, 0x01, 0xef, 0x01, 0xef, 0x01, 0xef, 0x01, 0xef, 0x01, 0xef, 0x01,
    0xef, 0x01, 0xef, 0x01, 0xef, 0x01, 0xef, 0x01, 0xef, 0x01, 0xef, 0x01,
    0xef, 0x01, 0xef, 0x01, 0xef, 0x01, 0xef, 0x01, 0xef, 0x01, 0xef, 0x01,
    0xef, 0x01, 0xef, 0x01, 0xef, 0x01, 0xef, 0x01, 0xef, 0x01, 0xef, 0x01,
    0xef, 0x01, 0xef, 0x01, 0xef, 0x01, 0xef, 0x01, 0xef, 0x01, 0xef, 0x01,
    0xef, 0x01, 0xef, 0x01, 0xef, 0x01, 0xef, 0x01, 0xef, 0x01, 0xef, 0x01,
    0xef, 0x01, 0xef, 0x01, 0xef, 0x01, 0xef, 0x01, 0xef, 0x01, 0xef, 0x01,
    0xef, 0x01, 0xef, 0x01, 0xef, 0x01, 0xef, 0x01, 0xef, 0x01, 0xef, 0x01,
    0xef, 0x01, 0xef, 0x01, 0xef, 0x01, 0xef, 0x01, 0xef, 0x01, 0xef, 0x01,
    0xef, 0x01, 0xef, 0x01, 0xef, 0x01, 0xef, 0x01, 0xef, 0x01, 0xef, 0x01,
    0xef, 0x01, 0xef, 0x01, 0xef, 0x01, 0xef, 0x01, 0xef, 0x01, 0xef, 0x01,
    0xef, 0x01, 0xef, 0x01, 0xef, 0x01, 0xef, 0x01, 0xef, 0x01, 0xef, 0x01,
    0xef, 0x01, 0xd0, 0x01, 0x6d, 0x22, 0xe6, 0x93, 0x41, 0xed, 0x60, 0xf5,
    0x40, 0xf5, 0x60, 0xf5, 0x60, 0xfd, 0x60, 0xfd, 0x83, 0xc4, 0xcb, 0x42,
    0xef, 0x01, 0xef, 0x01, 0xef, 0x01, 0xef, 0x01, 0xef, 0x01, 0xef, 0x01,
    0xef, 0x01, 0xef, 0x01, 0xef, 0x01, 0xef, 0x01, 0xef, 0x01, 0xef, 0x01,
    0xef, 0x01, 0xef, 0x01, 0xef, 0x01, 0xef, 0x01, 0xef, 0x01, 0xef, 0x01,
    0xef, 0x01, 0xef, 0x01, 0xef, 0x01, 0xef, 0x01, 0xef, 0x01, 0xef, 0x01,
    0xef, 0x01, 0xef, 0x01, 0x08, 0x01, 0x00, 0x00, 0x00, 0x00, 0x00, 0x00,
    0x00, 0x00, 0x00, 0x00, 0x00, 0x00, 0x00, 0x00, 0x63, 0x00, 0x6b, 0x01,
    0xef, 0x01, 0xef, 0x01, 0xef, 0x01, 0xef, 0x01, 0xef, 0x01, 0xef, 0x01,
    0xef, 0x01, 0xef, 0x01, 0xef, 0x01, 0xef, 0x01, 0xef, 0x01, 0xef, 0x01,
    0xef, 0x01, 0xef, 0x01, 0xef, 0x01, 0xef, 0x01, 0xef, 0x01, 0xef, 0x01,
    0xef, 0x01, 0xef, 0x01, 0xef, 0x01, 0xef, 0x01, 0xef, 0x01, 0xef, 0x01,
    0xef, 0x01, 0xef, 0x01, 0xef, 0x01, 0xef, 0x01, 0xef, 0x01, 0xef, 0x01,
    0xef, 0x01, 0xef, 0x01, 0xef, 0x01, 0xef, 0x01, 0xef, 0x01, 0xef, 0x01,
    0xef, 0x01, 0xef, 0x01, 0xef, 0x01, 0xef, 0x01, 0xef, 0x01, 0xef, 0x01,
    0xef, 0x01, 0xef, 0x01, 0xef, 0x01, 0xef, 0x01, 0xef, 0x01, 0xef, 0x01,
    0xef, 0x01, 0xef, 0x01, 0xef, 0x01, 0xef, 0x01, 0xef, 0x01, 0xef, 0x01,
    0xef, 0x01, 0xef, 0x01, 0xef, 0x01, 0xef, 0x01, 0xef, 0x01, 0xef, 0x01,
    0xef, 0x01, 0xef, 0x01, 0xef, 0x01, 0xef, 0x01, 0xef, 0x01, 0xef, 0x01,
    0xef, 0x01, 0xef, 0x01, 0xef, 0x01, 0xef, 0x01, 0xef, 0x01, 0xef, 0x01,
    0xef, 0x01, 0xef, 0x01, 0xef, 0x01, 0xef, 0x01, 0xef, 0x01, 0xef, 0x01,
    0xef, 0x01, 0xef, 0x01, 0xef, 0x01, 0xef, 0x01, 0xef, 0x01, 0xef, 0x01,
    0xef, 0x01, 0xef, 0x01, 0xef, 0x01, 0xef, 0x01, 0xef, 0x01, 0xef, 0x01,
    0xef, 0x01, 0xef, 0x01, 0xef, 0x01, 0xef, 0x01, 0xef, 0x01, 0xef, 0x01,
    0xef, 0x01, 0xef, 0x01, 0xef, 0x01, 0xef, 0x01, 0xef, 0x01, 0xef, 0x01,
    0xef, 0x01, 0xef, 0x01, 0xef, 0x01, 0xef, 0x01, 0xef, 0x01, 0xef, 0x01,
    0xef, 0x01, 0xef, 0x01, 0xef, 0x01, 0xef, 0x01, 0xef, 0x01, 0xef, 0x01,
    0xef, 0x01, 0xef, 0x01, 0xef, 0x01, 0xef, 0x01, 0xef, 0x01, 0xef, 0x01,
    0xef, 0x01, 0xef, 0x01, 0xef, 0x01, 0xef, 0x01, 0xef, 0x01, 0xef, 0x01,
    0xef, 0x01, 0xef, 0x01, 0xef, 0x01, 0xef, 0x01, 0xef, 0x01, 0xef, 0x01,
    0xef, 0x01, 0xef, 0x01, 0xef, 0x01, 0xef, 0x01, 0xef, 0x01, 0xef, 0x01,
    0xef, 0x01, 0xef, 0x01, 0xef, 0x01, 0xef, 0x01, 0xef, 0x01, 0xef, 0x01,
    0xef, 0x01, 0xef, 0x01, 0xef, 0x01, 0xef, 0x01, 0xef, 0x01, 0xef, 0x01,
    0xef, 0x01, 0xef, 0x01, 0xef, 0x01, 0xef, 0x01, 0xef, 0x01, 0xef, 0x01,
    0xef, 0x01, 0xef, 0x01, 0xef, 0x01, 0xef, 0x01, 0xef, 0x01, 0xef, 0x01,
    0xef, 0x01, 0xef, 0x01, 0xef, 0x01, 0xef, 0x01, 0xef, 0x01, 0xef, 0x01,
    0xef, 0x01, 0xef, 0x01, 0xef, 0x01, 0xef, 0x01, 0xef, 0x01, 0xef, 0x01,
    0xef, 0x01, 0xef, 0x01, 0xef, 0x01, 0xef, 0x01, 0xef, 0x01, 0xef, 0x01,
    0xef, 0x01, 0xef, 0x01, 0xef, 0x01, 0xef, 0x01, 0xcf, 0x01, 0x6d, 0x22,
    0x06, 0x94, 0x40, 0xed, 0x60, 0xfd, 0x40, 0xf5, 0x60, 0xf5, 0x60, 0xf5,
    0x40, 0xf5, 0x45, 0xac, 0xac, 0x3a, 0xef, 0x01, 0xef, 0x01, 0xef, 0x01,
    0xef, 0x01, 0xef, 0x01, 0xef, 0x01, 0xef, 0x01, 0xef, 0x01, 0xef, 0x01,
    0xef, 0x01, 0xef, 0x01, 0xef, 0x01, 0xef, 0x01, 0xef, 0x01, 0xef, 0x01,
    0xef, 0x01, 0xef, 0x01, 0xef, 0x01, 0xef, 0x01, 0xef, 0x01, 0xef, 0x01,
    0xef, 0x01, 0xef, 0x01, 0xef, 0x01, 0xce, 0x01, 0xe7, 0x00, 0x00, 0x00,
    0x00, 0x00, 0x00, 0x00, 0x00, 0x00, 0x00, 0x00, 0x00, 0x00, 0x00, 0x00,
    0x00, 0x00, 0xc6, 0x00, 0xae, 0x01, 0x10, 0x02, 0xef, 0x01, 0xef, 0x01,
    0xef, 0x01, 0xef, 0x01, 0xef, 0x01, 0xef, 0x01, 0xef, 0x01, 0xef, 0x01,
    0xef, 0x01, 0xef, 0x01, 0xef, 0x01, 0xef, 0x01, 0xef, 0x01, 0xef, 0x01,
    0xef, 0x01, 0xef, 0x01, 0xef, 0x01, 0xef, 0x01, 0xef, 0x01, 0xef, 0x01,
    0xef, 0x01, 0xef, 0x01, 0xef, 0x01, 0xef, 0x01, 0xef, 0x01, 0xef, 0x01,
    0xef, 0x01, 0xef, 0x01, 0xef, 0x01, 0xef, 0x01, 0xef, 0x01, 0xef, 0x01,
    0xef, 0x01, 0xef, 0x01, 0xef, 0x01, 0xef, 0x01, 0xef, 0x01, 0xef, 0x01,
    0xef, 0x01, 0xef, 0x01, 0xef, 0x01, 0xef, 0x01, 0xef, 0x01, 0xef, 0x01,
    0xef, 0x01, 0xef, 0x01, 0xef, 0x01, 0xef, 0x01, 0xef, 0x01, 0xef, 0x01,
    0xef, 0x01, 0xef, 0x01, 0xef, 0x01, 0xef, 0x01, 0xef, 0x01, 0xef, 0x01,
    0xef, 0x01, 0xef, 0x01, 0xef, 0x01, 0xef, 0x01, 0xef, 0x01, 0xef, 0x01,
    0xef, 0x01, 0xef, 0x01, 0xef, 0x01, 0xef, 0x01, 0xef, 0x01, 0xef, 0x01,
    0xef, 0x01, 0xef, 0x01, 0xef, 0x01, 0xef, 0x01, 0xef, 0x01, 0xef, 0x01,
    0xef, 0x01, 0xef, 0x01, 0xef, 0x01, 0xef, 0x01, 0xef, 0x01, 0xef, 0x01,
    0xef, 0x01, 0xef, 0x01, 0xef, 0x01, 0xef, 0x01, 0xef, 0x01, 0xef, 0x01,
    0xef, 0x01, 0xef, 0x01, 0xef, 0x01, 0xef, 0x01, 0xef, 0x01, 0xef, 0x01,
    0xef, 0x01, 0xef, 0x01, 0xef, 0x01, 0xef, 0x01, 0xef, 0x01, 0xef, 0x01,
    0xef, 0x01, 0xef, 0x01, 0xef, 0x01, 0xef, 0x01, 0xef, 0x01, 0xef, 0x01,
    0xef, 0x01, 0xef, 0x01, 0xef, 0x01, 0xef, 0x01, 0xef, 0x01, 0xef, 0x01,
    0xef, 0x01, 0xef, 0x01, 0xef, 0x01, 0xef, 0x01, 0xef, 0x01, 0xef, 0x01,
    0xef, 0x01, 0xef, 0x01, 0xef, 0x01, 0xef, 0x01, 0xef, 0x01, 0xef, 0x01,
    0xef, 0x01, 0xef, 0x01, 0xef, 0x01, 0xef, 0x01, 0xef, 0x01, 0xef, 0x01,
    0xef, 0x01, 0xef, 0x01, 0xef, 0x01, 0xef, 0x01, 0xef, 0x01, 0xef, 0x01,
    0xef, 0x01, 0xef, 0x01, 0xef, 0x01, 0xef, 0x01, 0xef, 0x01, 0xef, 0x01,
    0xef, 0x01, 0xef, 0x01, 0xef, 0x01, 0xef, 0x01, 0xef, 0x01, 0xef, 0x01,
    0xef, 0x01, 0xef, 0x01, 0xef, 0x01, 0xef, 0x01, 0xef, 0x01, 0xef, 0x01,
    0xef, 0x01, 0xef, 0x01, 0xef, 0x01, 0xef, 0x01, 0xef, 0x01, 0xef, 0x01,
    0xef, 0x01, 0xef, 0x01, 0xef, 0x01, 0xef, 0x01, 0xef, 0x01, 0xef, 0x01,
    0xef, 0x01, 0xef, 0x01, 0xef, 0x01, 0xef, 0x01, 0xef, 0x01, 0xef, 0x01,
    0xef, 0x01, 0xef, 0x01, 0xef, 0x01, 0xef, 0x01, 0xef, 0x01, 0xef, 0x01,
    0xef, 0x01, 0xef, 0x01, 0xef, 0x01, 0xef, 0x01, 0xef, 0x01, 0xef, 0x01,
    0xcf, 0x01, 0xcf, 0x01, 0x6d, 0x22, 0xe6, 0x93, 0x41, 0xed, 0x60, 0xf5,
    0x40, 0xf5, 0x60, 0xf5, 0x60, 0xf5, 0x40, 0xf5, 0x25, 0xa4, 0x6d, 0x2a,
    0xcf, 0x01, 0xef, 0x01, 0xef, 0x01, 0xef, 0x01, 0xef, 0x01, 0xef, 0x01,
    0xef, 0x01, 0xef, 0x01, 0xef, 0x01, 0xef, 0x01, 0xef, 0x01, 0xef, 0x01,
    0xef, 0x01, 0xef, 0x01, 0xef, 0x01, 0xef, 0x01, 0xef, 0x01, 0xef, 0x01,
    0xef, 0x01, 0xef, 0x01, 0xef, 0x01, 0xef, 0x01, 0xef, 0x01, 0xae, 0x01,
    0xc5, 0x00, 0x00, 0x00, 0x00, 0x00, 0x00, 0x00, 0x00, 0x00, 0x00, 0x00,
    0x00, 0x00, 0x00, 0x00, 0x00, 0x00, 0x21, 0x00, 0x29, 0x01, 0xee, 0x01,
    0xef, 0x01, 0xef, 0x01, 0xef, 0x01, 0xef, 0x01, 0xef, 0x01, 0xef, 0x01,
    0xef, 0x01, 0xef, 0x01, 0xef, 0x01, 0xef, 0x01, 0xef, 0x01, 0xef, 0x01,
    0xef, 0x01, 0xef, 0x01, 0xef, 0x01, 0xef, 0x01, 0xef, 0x01, 0xef, 0x01,
    0xef, 0x01, 0xef, 0x01, 0xef, 0x01, 0xef, 0x01, 0xef, 0x01, 0xef, 0x01,
    0xef, 0x01, 0xef, 0x01, 0xef, 0x01, 0xef, 0x01, 0xef, 0x01, 0xef, 0x01,
    0xef, 0x01, 0xef, 0x01, 0xef, 0x01, 0xef, 0x01, 0xef, 0x01, 0xef, 0x01,
    0xef, 0x01, 0xef, 0x01, 0xef, 0x01, 0xef, 0x01, 0xef, 0x01, 0xef, 0x01,
    0xef, 0x01, 0xef, 0x01, 0xef, 0x01, 0xef, 0x01, 0xef, 0x01, 0xef, 0x01,
    0xef, 0x01, 0xef, 0x01, 0xef, 0x01, 0xef, 0x01, 0xef, 0x01, 0xef, 0x01,
    0xef, 0x01, 0xef, 0x01, 0xef, 0x01, 0xef, 0x01, 0xef, 0x01, 0xef, 0x01,
    0xef, 0x01, 0xef, 0x01, 0xef, 0x01, 0xef, 0x01, 0xef, 0x01, 0xef, 0x01,
    0xef, 0x01, 0xef, 0x01, 0xef, 0x01, 0xef, 0x01, 0xef, 0x01, 0xef, 0x01,
    0xef, 0x01, 0xef, 0x01, 0xef, 0x01, 0xef, 0x01, 0xef, 0x01, 0xef, 0x01,
    0xef, 0x01, 0xef, 0x01, 0xef, 0x01, 0xef, 0x01, 0xef, 0x01, 0xef, 0x01,
    0xef, 0x01, 0xef, 0x01, 0xef, 0x01, 0xef, 0x01, 0xef, 0x01, 0xef, 0x01,
    0xef, 0x01, 0xef, 0x01, 0xef, 0x01, 0xef, 0x01, 0xef, 0x01, 0xef, 0x01,
    0xef, 0x01, 0xef, 0x01, 0xef, 0x01, 0xef, 0x01, 0xef, 0x01, 0xef, 0x01,
    0xef, 0x01, 0xef, 0x01, 0xef, 0x01, 0xef, 0x01, 0xef, 0x01, 0xef, 0x01,
    0xef, 0x01, 0xef, 0x01, 0xef, 0x01, 0xef, 0x01, 0xef, 0x01, 0xef, 0x01,
    0xef, 0x01, 0xef, 0x01, 0xef, 0x01, 0xef, 0x01, 0xef, 0x01, 0xef, 0x01,
    0xef, 0x01, 0xef, 0x01, 0xef, 0x01, 0xef, 0x01, 0xef, 0x01, 0xef, 0x01,
    0xef, 0x01, 0xef, 0x01, 0xef, 0x01, 0xef, 0x01, 0xef, 0x01, 0xef, 0x01,
    0xef, 0x01, 0xef, 0x01, 0xef, 0x01, 0xef, 0x01, 0xef, 0x01, 0xef, 0x01,
    0xef, 0x01, 0xef, 0x01, 0xef, 0x01, 0xef, 0x01, 0xef, 0x01, 0xef, 0x01,
    0xef, 0x01, 0xef, 0x01, 0xef, 0x01, 0xef, 0x01, 0xef, 0x01, 0xef, 0x01,
    0xef, 0x01, 0xef, 0x01, 0xef, 0x01, 0xef, 0x01, 0xef, 0x01, 0xef, 0x01,
    0xef, 0x01, 0xef, 0x01, 0xef, 0x01, 0xef, 0x01, 0xef, 0x01, 0xef, 0x01,
    0xef, 0x01, 0xef, 0x01, 0xef, 0x01, 0xef, 0x01, 0xef, 0x01, 0xef, 0x01,
    0xef, 0x01, 0xef, 0x01, 0xef, 0x01, 0xef, 0x01, 0xef, 0x01, 0xef, 0x01,
    0xef, 0x01, 0xef, 0x01, 0xef, 0x01, 0xef, 0x01, 0xef, 0x01, 0xef, 0x01,
    0xef, 0x01, 0xef, 0x01, 0xef, 0x01, 0xef, 0x01, 0xcf, 0x01, 0x6d, 0x22,
    0x06, 0x9c, 0x40, 0xf5, 0x60, 0xf5, 0x40, 0xf5, 0x60, 0xf5, 0x60, 0xfd,
    0x40, 0xed, 0xe6, 0x93, 0x4d, 0x22, 0xef, 0x01, 0xef, 0x01, 0xef, 0x01,
    0xef, 0x01, 0xef, 0x01, 0xef, 0x01, 0xef, 0x01, 0xef, 0x01, 0xef, 0x01,
    0xef, 0x01, 0xef, 0x01, 0xef, 0x01, 0xef, 0x01, 0xef, 0x01, 0xef, 0x01,
    0xef, 0x01, 0xef, 0x01, 0xef, 0x01, 0xef, 0x01, 0xef, 0x01, 0xef, 0x01,
    0xef, 0x01, 0xad, 0x01, 0x84, 0x00, 0x00, 0x00, 0x00, 0x00, 0x00, 0x00,
    0x00, 0x00, 0x00, 0x00, 0x00, 0x00, 0x00, 0x00, 0x00, 0x00, 0x00, 0x00,
    0x63, 0x00, 0x6b, 0x01, 0xef, 0x01, 0xef, 0x01, 0xef, 0x01, 0xef, 0x01,
    0xef, 0x01, 0xef, 0x01, 0xef, 0x01, 0xef, 0x01, 0xef, 0x01, 0xef, 0x01,
    0xef, 0x01, 0xef, 0x01, 0xef, 0x01, 0xef, 0x01, 0xef, 0x01, 0xef, 0x01,
    0xef, 0x01, 0xef, 0x01, 0xef, 0x01, 0xef, 0x01, 0xef, 0x01, 0xef, 0x01,
    0xef, 0x01, 0xef, 0x01, 0xef, 0x01, 0xef, 0x01, 0xef, 0x01, 0xef, 0x01,
    0xef, 0x01, 0xef, 0x01, 0xef, 0x01, 0xef, 0x01, 0xef, 0x01, 0xef, 0x01,
    0xef, 0x01, 0xef, 0x01, 0xef, 0x01, 0xef, 0x01, 0xef, 0x01, 0xef, 0x01,
    0xef, 0x01, 0xef, 0x01, 0xef, 0x01, 0xef, 0x01, 0xef, 0x01, 0xef, 0x01,
    0xef, 0x01, 0xef, 0x01, 0xef, 0x01, 0xef, 0x01, 0xef, 0x01, 0xef, 0x01,
    0xef, 0x01, 0xef, 0x01, 0xef, 0x01, 0xef, 0x01, 0xef, 0x01, 0xef, 0x01,
    0xef, 0x01, 0xef, 0x01, 0xef, 0x01, 0xef, 0x01, 0xef, 0x01, 0xef, 0x01,
    0xef, 0x01, 0xef, 0x01, 0xef, 0x01, 0xef, 0x01, 0xef, 0x01, 0xef, 0x01,
    0xef, 0x01, 0xef, 0x01, 0xef, 0x01, 0xef, 0x01, 0xef, 0x01, 0xef, 0x01,
    0xef, 0x01, 0xef, 0x01, 0xef, 0x01, 0xef, 0x01, 0xef, 0x01, 0xef, 0x01,
    0xef, 0x01, 0xef, 0x01, 0xef, 0x01, 0xef, 0x01, 0xef, 0x01, 0xef, 0x01,
    0xef, 0x01, 0xef, 0x01, 0xef, 0x01, 0xef, 0x01, 0xef, 0x01, 0xef, 0x01,
    0xef, 0x01, 0xef, 0x01, 0xef, 0x01, 0xef, 0x01, 0xef, 0x01, 0xef, 0x01,
    0xef, 0x01, 0xef, 0x01, 0xef, 0x01, 0xef, 0x01, 0xef, 0x01, 0xef, 0x01,
    0xef, 0x01, 0xef, 0x01, 0xef, 0x01, 0xef, 0x01, 0xef, 0x01, 0xef, 0x01,
    0xef, 0x01, 0xef, 0x01, 0xef, 0x01, 0xef, 0x01, 0xef, 0x01, 0xef, 0x01,
    0xef, 0x01, 0xef, 0x01, 0xef, 0x01, 0xef, 0x01, 0xef, 0x01, 0xef, 0x01,
    0xef, 0x01, 0xef, 0x01, 0xef, 0x01, 0xef, 0x01, 0xef, 0x01, 0xef, 0x01,
    0xef, 0x01, 0xef, 0x01, 0xef, 0x01, 0xef, 0x01, 0xef, 0x01, 0xef, 0x01,
    0xef, 0x01, 0xef, 0x01, 0xef, 0x01, 0xef, 0x01, 0xef, 0x01, 0xef, 0x01,
    0xef, 0x01, 0xef, 0x01, 0xef, 0x01, 0xef, 0x01, 0xef, 0x01, 0xef, 0x01,
    0xef, 0x01, 0xef, 0x01, 0xef, 0x01, 0xef, 0x01, 0xef, 0x01, 0xef, 0x01,
    0xef, 0x01, 0xef, 0x01, 0xef, 0x01, 0xef, 0x01, 0xef, 0x01, 0xef, 0x01,
    0xef, 0x01, 0xef, 0x01, 0xef, 0x01, 0xef, 0x01, 0xef, 0x01, 0xef, 0x01,
    0xef, 0x01, 0xef, 0x01, 0xef, 0x01, 0xef, 0x01, 0xef, 0x01, 0xef, 0x01,
    0xef, 0x01, 0xef, 0x01, 0xef, 0x01, 0xef, 0x01, 0xef, 0x01, 0xef, 0x01,
    0xef, 0x01, 0xef, 0x01, 0xef, 0x01, 0xef, 0x01, 0xef, 0x01, 0xef, 0x01,
    0xef, 0x01, 0xd0, 0x01, 0x8c, 0x32, 0x45, 0xac, 0x60, 0xf5, 0x60, 0xfd,
    0x60, 0xf5, 0x60, 0xf5, 0x60, 0xfd, 0x21, 0xe5, 0xc7, 0x83, 0x2e, 0x1a,
    0xd0, 0x01, 0xef, 0x01, 0xef, 0x01, 0xef, 0x01, 0xef, 0x01, 0xef, 0x01,
    0xef, 0x01, 0xef, 0x01, 0xef, 0x01, 0xef, 0x01, 0xef, 0x01, 0xef, 0x01,
    0xef, 0x01, 0xef, 0x01, 0xef, 0x01, 0xef, 0x01, 0xef, 0x01, 0xef, 0x01,
    0xef, 0x01, 0xef, 0x01, 0xef, 0x01, 0x8c, 0x01, 0x42, 0x00, 0x00, 0x00,
    0x00, 0x00, 0x00, 0x00, 0x00, 0x00, 0x00, 0x00, 0x00, 0x00, 0x00, 0x00,
    0x00, 0x00, 0x00, 0x00, 0x00, 0x00, 0xa5, 0x00, 0xad, 0x01, 0xf0, 0x01,
    0xef, 0x01, 0xef, 0x01, 0xef, 0x01, 0xef, 0x01, 0xef, 0x01, 0xef, 0x01,
    0xef, 0x01, 0xef, 0x01, 0xef, 0x01, 0xef, 0x01, 0xef, 0x01, 0xef, 0x01,
    0xef, 0x01, 0xef, 0x01, 0xef, 0x01, 0xef, 0x01, 0xef, 0x01, 0xef, 0x01,
    0xef, 0x01, 0xef, 0x01, 0xef, 0x01, 0xef, 0x01, 0xef, 0x01, 0xef, 0x01,
    0xef, 0x01, 0xef, 0x01, 0xef, 0x01, 0xef, 0x01, 0xef, 0x01, 0xef, 0x01,
    0xef, 0x01, 0xef, 0x01, 0xef, 0x01, 0xef, 0x01, 0xef, 0x01, 0xef, 0x01,
    0xef, 0x01, 0xef, 0x01, 0xef, 0x01, 0xef, 0x01, 0xef, 0x01, 0xef, 0x01,
    0xef, 0x01, 0xef, 0x01, 0xef, 0x01, 0xef, 0x01, 0xef, 0x01, 0xef, 0x01,
    0xef, 0x01, 0xef, 0x01, 0xef, 0x01, 0xef, 0x01, 0xef, 0x01, 0xef, 0x01,
    0xef, 0x01, 0xef, 0x01, 0xef, 0x01, 0xef, 0x01, 0xef, 0x01, 0xef, 0x01,
    0xef, 0x01, 0xef, 0x01, 0xef, 0x01, 0xef, 0x01, 0xef, 0x01, 0xef, 0x01,
    0xef, 0x01, 0xef, 0x01, 0xef, 0x01, 0xef, 0x01, 0xef, 0x01, 0xef, 0x01,
    0xef, 0x01, 0xef, 0x01, 0xef, 0x01, 0xef, 0x01, 0xef, 0x01, 0xef, 0x01,
    0xef, 0x01, 0xef, 0x01, 0xef, 0x01, 0xef, 0x01, 0xef, 0x01, 0xef, 0x01,
    0xef, 0x01, 0xef, 0x01, 0xef, 0x01, 0xef, 0x01, 0xef, 0x01, 0xef, 0x01,
    0xef, 0x01, 0xef, 0x01, 0xef, 0x01, 0xef, 0x01, 0xef, 0x01, 0xef, 0x01,
    0xef, 0x01, 0xef, 0x01, 0xef, 0x01, 0xef, 0x01, 0xef, 0x01, 0xef, 0x01,
    0xef, 0x01, 0xef, 0x01, 0xef, 0x01, 0xef, 0x01, 0xef, 0x01, 0xef, 0x01,
    0xef, 0x01, 0xef, 0x01, 0xef, 0x01, 0xef, 0x01, 0xef, 0x01, 0xef, 0x01,
    0xef, 0x01, 0xef, 0x01, 0xef, 0x01, 0xef, 0x01, 0xef, 0x01, 0xef, 0x01,
    0xef, 0x01, 0xef, 0x01, 0xef, 0x01, 0xef, 0x01, 0xef, 0x01, 0xef, 0x01,
    0xef, 0x01, 0xef, 0x01, 0xef, 0x01, 0xef, 0x01, 0xef, 0x01, 0xef, 0x01,
    0xef, 0x01, 0xef, 0x01, 0xef, 0x01, 0xef, 0x01, 0xef, 0x01, 0xef, 0x01,
    0xef, 0x01, 0xef, 0x01, 0xef, 0x01, 0xef, 0x01, 0xef, 0x01, 0xef, 0x01,
    0xef, 0x01, 0xef, 0x01, 0xef, 0x01, 0xef, 0x01, 0xef, 0x01, 0xef, 0x01,
    0xef, 0x01, 0xef, 0x01, 0xef, 0x01, 0xef, 0x01, 0xef, 0x01, 0xef, 0x01,
    0xef, 0x01, 0xef, 0x01, 0xef, 0x01, 0xef, 0x01, 0xef, 0x01, 0xef, 0x01,
    0xef, 0x01, 0xef, 0x01, 0xef, 0x01, 0xef, 0x01, 0xef, 0x01, 0xef, 0x01,
    0xef, 0x01, 0xef, 0x01, 0xef, 0x01, 0xef, 0x01, 0xef, 0x01, 0xef, 0x01,
    0xef, 0x01, 0xef, 0x01, 0xef, 0x01, 0xef, 0x01, 0xef, 0x01, 0xef, 0x01,
    0xef, 0x01, 0xef, 0x01, 0xef, 0x01, 0xef, 0x01, 0xef, 0x01, 0xac, 0x32,
    0x06, 0x9c, 0x01, 0xe5, 0x60, 0xfd, 0x60, 0xfd, 0x60, 0xfd, 0x80, 0xfd,
    0x01, 0xe5, 0x2a, 0x5b, 0xef, 0x01, 0xef, 0x01, 0xef, 0x01, 0xef, 0x01,
    0xef, 0x01, 0xef, 0x01, 0xef, 0x01, 0xef, 0x01, 0xef, 0x01, 0xef, 0x01,
    0xef, 0x01, 0xef, 0x01, 0xef, 0x01, 0xef, 0x01, 0xef, 0x01, 0xef, 0x01,
    0xef, 0x01, 0xef, 0x01, 0xef, 0x01, 0xef, 0x01, 0xef, 0x01, 0x6b, 0x01,
    0x21, 0x00, 0x00, 0x00, 0x00, 0x00, 0x00, 0x00, 0x00, 0x00, 0x00, 0x00,
    0x00, 0x00, 0x00, 0x00, 0x00, 0x00, 0x00, 0x00, 0x00, 0x00, 0x01, 0x00,
    0x07, 0x01, 0xce, 0x01, 0x0f, 0x02, 0xef, 0x01, 0xef, 0x01, 0xef, 0x01,
    0xef, 0x01, 0xef, 0x01, 0xef, 0x01, 0xef, 0x01, 0xef, 0x01, 0xef, 0x01,
    0xef, 0x01, 0xef, 0x01, 0xef, 0x01, 0xef, 0x01, 0xef, 0x01, 0xef, 0x01,
    0xef, 0x01, 0xef, 0x01, 0xef, 0x01, 0xef, 0x01, 0xef, 0x01, 0xef, 0x01,
    0xef, 0x01, 0xef, 0x01, 0xef, 0x01, 0xef, 0x01, 0xef, 0x01, 0xef, 0x01,
    0xef, 0x01, 0xef, 0x01, 0xef, 0x01, 0xef, 0x01, 0xef, 0x01, 0xef, 0x01,
    0xef, 0x01, 0xef, 0x01, 0xef, 0x01, 0xef, 0x01, 0xef, 0x01, 0xef, 0x01,
    0xef, 0x01, 0xef, 0x01, 0xef, 0x01, 0xef, 0x01, 0xef, 0x01, 0xef, 0x01,
    0xef, 0x01, 0xef, 0x01, 0xef, 0x01, 0xef, 0x01, 0xef, 0x01, 0xef, 0x01,
    0xef, 0x01, 0xef, 0x01, 0xef, 0x01, 0xef, 0x01, 0xef, 0x01, 0xef, 0x01,
    0xef, 0x01, 0xef, 0x01, 0xef, 0x01, 0xef, 0x01, 0xef, 0x01, 0xef, 0x01,
    0xef, 0x01, 0xef, 0x01, 0xef, 0x01, 0xef, 0x01, 0xef, 0x01, 0xef, 0x01,
    0xef, 0x01, 0xef, 0x01, 0xef, 0x01, 0xef, 0x01, 0xef, 0x01, 0xef, 0x01,
    0xef, 0x01, 0xef, 0x01, 0xef, 0x01, 0xef, 0x01, 0xef, 0x01, 0xef, 0x01,
    0xef, 0x01, 0xef, 0x01, 0xef, 0x01, 0xef, 0x01, 0xef, 0x01, 0xef, 0x01,
    0xef, 0x01, 0xef, 0x01, 0xef, 0x01, 0xef, 0x01, 0xef, 0x01, 0xef, 0x01,
    0xef, 0x01, 0xef, 0x01, 0xef, 0x01, 0xef, 0x01, 0xef, 0x01, 0xef, 0x01,
    0xef, 0x01, 0xef, 0x01, 0xef, 0x01, 0xef, 0x01, 0xef, 0x01, 0xef, 0x01,
    0xef, 0x01, 0xef, 0x01, 0xef, 0x01, 0xef, 0x01, 0xef, 0x01, 0xef, 0x01,
    0xef, 0x01, 0xef, 0x01, 0xef, 0x01, 0xef, 0x01, 0xef, 0x01, 0xef, 0x01,
    0xef, 0x01, 0xef, 0x01, 0xef, 0x01, 0xef, 0x01, 0xef, 0x01, 0xef, 0x01,
    0xef, 0x01, 0xef, 0x01, 0xef, 0x01, 0xef, 0x01, 0xef, 0x01, 0xef, 0x01,
    0xef, 0x01, 0xef, 0x01, 0xef, 0x01, 0xef, 0x01, 0xef, 0x01, 0xef, 0x01,
    0xef, 0x01, 0xef, 0x01, 0xef, 0x01, 0xef, 0x01, 0xef, 0x01, 0xef, 0x01,
    0xef, 0x01, 0xef, 0x01, 0xef, 0x01, 0xef, 0x01, 0xef, 0x01, 0xef, 0x01,
    0xef, 0x01, 0xef, 0x01, 0xef, 0x01, 0xef, 0x01, 0xef, 0x01, 0xef, 0x01,
    0xef, 0x01, 0xef, 0x01, 0xef, 0x01, 0xef, 0x01, 0xef, 0x01, 0xef, 0x01,
    0xef, 0x01, 0xef, 0x01, 0xef, 0x01, 0xef, 0x01, 0xef, 0x01, 0xef, 0x01,
    0xef, 0x01, 0xef, 0x01, 0xef, 0x01, 0xef, 0x01, 0xef, 0x01, 0xef, 0x01,
    0xef, 0x01, 0xef, 0x01, 0xef, 0x01, 0xef, 0x01, 0xef, 0x01, 0xef, 0x01,
    0xef, 0x01, 0xef, 0x01, 0xef, 0x01, 0xef, 0x01, 0xef, 0x01, 0xef, 0x01,
    0xef, 0x01, 0xef, 0x01, 0x4d, 0x22, 0x2a, 0x5b, 0xe7, 0x8b, 0x25, 0xa4,
    0x65, 0xac, 0x64, 0xac, 0x25, 0xa4, 0xcb, 0x42, 0x0f, 0x02, 0xef, 0x01,
    0xef, 0x01, 0xef, 0x01, 0xef, 0x01, 0xef, 0x01, 0xef, 0x01, 0xef, 0x01,
    0xef, 0x01, 0xef, 0x01, 0xef, 0x01, 0xef, 0x01, 0xef, 0x01, 0xef, 0x01,
    0xef, 0x01, 0xef, 0x01, 0xef, 0x01, 0xef, 0x01, 0xef, 0x01, 0xef, 0x01,
    0xef, 0x01, 0x29, 0x01, 0x00, 0x00, 0x00, 0x00, 0x00, 0x00, 0x00, 0x00,
    0x00, 0x00, 0x00, 0x00, 0x00, 0x00, 0x00, 0x00, 0x00, 0x00, 0x00, 0x00,
    0x00, 0x00, 0x00, 0x00, 0x42, 0x00, 0x29, 0x01, 0xef, 0x01, 0xef, 0x01,
    0xef, 0x01, 0xef, 0x01, 0xef, 0x01, 0xef, 0x01, 0xef, 0x01, 0xef, 0x01,
    0xef, 0x01, 0xef, 0x01, 0xef, 0x01, 0xef, 0x01, 0xef, 0x01, 0xef, 0x01,
    0xef, 0x01, 0xef, 0x01, 0xef, 0x01, 0xef, 0x01, 0xef, 0x01, 0xef, 0x01,
    0xef, 0x01, 0xef, 0x01, 0xef, 0x01, 0xef, 0x01, 0xef, 0x01, 0xef, 0x01,
    0xef, 0x01, 0xef, 0x01, 0xef, 0x01, 0xef, 0x01, 0xef, 0x01, 0xef, 0x01,
    0xef, 0x01, 0xef, 0x01, 0xef, 0x01, 0xef, 0x01, 0xef, 0x01, 0xef, 0x01,
    0xef, 0x01, 0xef, 0x01, 0xef, 0x01, 0xef, 0x01, 0xef, 0x01, 0xef, 0x01,
    0xef, 0x01, 0xef, 0x01, 0xef, 0x01, 0xef, 0x01, 0xef, 0x01, 0xef, 0x01,
    0xef, 0x01, 0xef, 0x01, 0xef, 0x01, 0xef, 0x01, 0xef, 0x01, 0xef, 0x01,
    0xef, 0x01, 0xef, 0x01, 0xef, 0x01, 0xef, 0x01, 0xef, 0x01, 0xef, 0x01,
    0xef, 0x01, 0xef, 0x01, 0xef, 0x01, 0xef, 0x01, 0xef, 0x01, 0xef, 0x01,
    0xef, 0x01, 0xef, 0x01, 0xef, 0x01, 0xef, 0x01, 0xef, 0x01, 0xef, 0x01,
    0xef, 0x01, 0xef, 0x01, 0xef, 0x01, 0xef, 0x01, 0xef, 0x01, 0xef, 0x01,
    0xef, 0x01, 0xef, 0x01, 0xef, 0x01, 0xef, 0x01, 0xef, 0x01, 0xef, 0x01,
    0xef, 0x01, 0xef, 0x01, 0xef, 0x01, 0xef, 0x01, 0xef, 0x01, 0xef, 0x01,
    0xef, 0x01, 0xef, 0x01, 0xef, 0x01, 0xef, 0x01, 0xef, 0x01, 0xef, 0x01,
    0xef, 0x01, 0xef, 0x01, 0xef, 0x01, 0xef, 0x01, 0xef, 0x01, 0xef, 0x01,
    0xef, 0x01, 0xef, 0x01, 0xef, 0x01, 0xef, 0x01, 0xef, 0x01, 0xef, 0x01,
    0xef, 0x01, 0xef, 0x01, 0xef, 0x01, 0xef, 0x01, 0xef, 0x01, 0xef, 0x01,
    0xef, 0x01, 0xef, 0x01, 0xef, 0x01, 0xef, 0x01, 0xef, 0x01, 0xef, 0x01,
    0xef, 0x01, 0xef, 0x01, 0xef, 0x01, 0xef, 0x01, 0xef, 0x01, 0xef, 0x01,
    0xef, 0x01, 0xef, 0x01, 0xef, 0x01, 0xef, 0x01, 0xef, 0x01, 0xef, 0x01,
    0xef, 0x01, 0xef, 0x01, 0xef, 0x01, 0xef, 0x01, 0xef, 0x01, 0xef, 0x01,
    0xef, 0x01, 0xef, 0x01, 0xef, 0x01, 0xef, 0x01, 0xef, 0x01, 0xef, 0x01,
    0xef, 0x01, 0xef, 0x01, 0xef, 0x01, 0xef, 0x01, 0xef, 0x01, 0xef, 0x01,
    0xef, 0x01, 0xef, 0x01, 0xef, 0x01, 0xef, 0x01, 0xef, 0x01, 0xef, 0x01,
    0xef, 0x01, 0xef, 0x01, 0xef, 0x01, 0xef, 0x01, 0xef, 0x01, 0xef, 0x01,
    0xef, 0x01, 0xef, 0x01, 0xef, 0x01, 0xef, 0x01, 0xef, 0x01, 0xef, 0x01,
    0xef, 0x01, 0xef, 0x01, 0xef, 0x01, 0xef, 0x01, 0xef, 0x01, 0xef, 0x01,
    0xef, 0x01, 0xef, 0x01, 0xef, 0x01, 0xef, 0x01, 0xef, 0x01, 0xef, 0x01,
    0xef, 0x01, 0xef, 0x01, 0xef, 0x01, 0xef, 0x01, 0xcf, 0x01, 0xef, 0x01,
    0x2e, 0x12, 0x6d, 0x22, 0x6d, 0x2a, 0x6d, 0x22, 0x4d, 0x22, 0x0e, 0x0a,
    0xef, 0x01, 0xef, 0x01, 0xef, 0x01, 0xef, 0x01, 0xef, 0x01, 0xef, 0x01,
    0xef, 0x01, 0xef, 0x01, 0xef, 0x01, 0xef, 0x01, 0xef, 0x01, 0xef, 0x01,
    0xef, 0x01, 0xef, 0x01, 0xef, 0x01, 0xef, 0x01, 0xef, 0x01, 0xef, 0x01,
    0xef, 0x01, 0x10, 0x02, 0xce, 0x01, 0xe7, 0x00, 0x00, 0x00, 0x00, 0x00,
    0x00, 0x00, 0x00, 0x00, 0x00, 0x00, 0x00, 0x00, 0x00, 0x00, 0x00, 0x00,
    0x00, 0x00, 0x00, 0x00, 0x00, 0x00, 0x00, 0x00, 0x00, 0x00, 0x63, 0x00,
    0x6b, 0x01, 0xf0, 0x01, 0xef, 0x01, 0xef, 0x01, 0xef, 0x01, 0xef, 0x01,
    0xef, 0x01, 0xef, 0x01, 0xef, 0x01, 0xef, 0x01, 0xef, 0x01, 0xef, 0x01,
    0xef, 0x01, 0xef, 0x01, 0xef, 0x01, 0xef, 0x01, 0xef, 0x01, 0xef, 0x01,
    0xef, 0x01, 0xef, 0x01, 0xef, 0x01, 0xef, 0x01, 0xef, 0x01, 0xef, 0x01,
    0xef, 0x01, 0xef, 0x01, 0xef, 0x01, 0xef, 0x01, 0xef, 0x01, 0xef, 0x01,
    0xef, 0x01, 0xef, 0x01, 0xef, 0x01, 0xef, 0x01, 0xef, 0x01, 0xef, 0x01,
    0xef, 0x01, 0xef, 0x01, 0xef, 0x01, 0xef, 0x01, 0xef, 0x01, 0xef, 0x01,
    0xef, 0x01, 0xef, 0x01, 0xef, 0x01, 0xef, 0x01, 0xef, 0x01, 0xef, 0x01,
    0xef, 0x01, 0xef, 0x01, 0xef, 0x01, 0xef, 0x01, 0xef, 0x01, 0xef, 0x01,
    0xef, 0x01, 0xef, 0x01, 0xef, 0x01, 0xef, 0x01, 0xef, 0x01, 0xef, 0x01,
    0xef, 0x01, 0xef, 0x01, 0xef, 0x01, 0xef, 0x01, 0xef, 0x01, 0xef, 0x01,
    0xef, 0x01, 0xef, 0x01, 0xef, 0x01, 0xef, 0x01, 0xef, 0x01, 0xef, 0x01,
    0xef, 0x01, 0xef, 0x01, 0xef, 0x01, 0xef, 0x01, 0xef, 0x01, 0xef, 0x01,
    0xef, 0x01, 0xef, 0x01, 0xef, 0x01, 0xef, 0x01, 0xef, 0x01, 0xef, 0x01,
    0xef, 0x01, 0xef, 0x01, 0xef, 0x01, 0xef, 0x01, 0xef, 0x01, 0xef, 0x01,
    0xef, 0x01, 0xef, 0x01, 0xef, 0x01, 0xef, 0x01, 0xef, 0x01, 0xef, 0x01,
    0xef, 0x01, 0xef, 0x01, 0xef, 0x01, 0xef, 0x01, 0xef, 0x01, 0xef, 0x01,
    0xef, 0x01, 0xef, 0x01, 0xef, 0x01, 0xef, 0x01, 0xef, 0x01, 0xef, 0x01,
    0xef, 0x01, 0xef, 0x01, 0xef, 0x01, 0xef, 0x01, 0xef, 0x01, 0xef, 0x01,
    0xef, 0x01, 0xef, 0x01, 0xef, 0x01, 0xef, 0x01, 0xef, 0x01, 0xef, 0x01,
    0xef, 0x01, 0xef, 0x01, 0xef, 0x01, 0xef, 0x01, 0xef, 0x01, 0xef, 0x01,
    0xef, 0x01, 0xef, 0x01, 0xef, 0x01, 0xef, 0x01, 0xef, 0x01, 0xef, 0x01,
    0xef, 0x01, 0xef, 0x01, 0xef, 0x01, 0xef, 0x01, 0xef, 0x01, 0xef, 0x01,
    0xef, 0x01, 0xef, 0x01, 0xef, 0x01, 0xef, 0x01, 0xef, 0x01, 0xef, 0x01,
    0xef, 0x01, 0xef, 0x01, 0xef, 0x01, 0xef, 0x01, 0xef, 0x01, 0xef, 0x01,
    0xef, 0x01, 0xef, 0x01, 0xef, 0x01, 0xef, 0x01, 0xef, 0x01, 0xef, 0x01,
    0xef, 0x01, 0xef, 0x01, 0xef, 0x01, 0xef, 0x01, 0xef, 0x01, 0xef, 0x01,
    0xef, 0x01, 0xef, 0x01, 0xef, 0x01, 0xef, 0x01, 0xef, 0x01, 0xef, 0x01,
    0xef, 0x01, 0xef, 0x01, 0xef, 0x01, 0xef, 0x01, 0xef, 0x01, 0xef, 0x01,
    0xef, 0x01, 0xef, 0x01, 0xef, 0x01, 0xef, 0x01, 0xef, 0x01, 0xef, 0x01,
    0xef, 0x01, 0xef, 0x01, 0xef, 0x01, 0xef, 0x01, 0xef, 0x01, 0xef, 0x01,
    0xef, 0x01, 0xef, 0x01, 0xd0, 0x01, 0xcf, 0x01, 0xcf, 0x01, 0xd0, 0x01,
    0xcf, 0x01, 0xef, 0x01, 0xef, 0x01, 0xef, 0x01, 0xef, 0x01, 0xef, 0x01,
    0xef, 0x01, 0xef, 0x01, 0xef, 0x01, 0xef, 0x01, 0xef, 0x01, 0xef, 0x01,
    0xef, 0x01, 0xef, 0x01, 0xef, 0x01, 0xef, 0x01, 0xef, 0x01, 0xef, 0x01,
    0xef, 0x01, 0xef, 0x01, 0xef, 0x01, 0x10, 0x02, 0xad, 0x01, 0x84, 0x00,
    0x00, 0x00, 0x00, 0x00, 0x00, 0x00, 0x00, 0x00, 0x00, 0x00, 0x00, 0x00,
    0x00, 0x00, 0x00, 0x00, 0x00, 0x00, 0x00, 0x00, 0x00, 0x00, 0x00, 0x00,
    0x00, 0x00, 0x00, 0x00, 0xa5, 0x00, 0x8c, 0x01, 0x0f, 0x02, 0xef, 0x01,
    0xef, 0x01, 0xef, 0x01, 0xef, 0x01, 0xef, 0x01, 0xef, 0x01, 0xef, 0x01,
    0xef, 0x01, 0xef, 0x01, 0xef, 0x01, 0xef, 0x01, 0xef, 0x01, 0xef, 0x01,
    0xef, 0x01, 0xef, 0x01, 0xef, 0x01, 0xef, 0x01, 0xef, 0x01, 0xef, 0x01,
    0xef, 0x01, 0xef, 0x01, 0xef, 0x01, 0xef, 0x01, 0xef, 0x01, 0xef, 0x01,
    0xef, 0x01, 0xef, 0x01, 0xef, 0x01, 0xef, 0x01, 0xef, 0x01, 0xef, 0x01,
    0xef, 0x01, 0xef, 0x01, 0xef, 0x01, 0xef, 0x01, 0xef, 0x01, 0xef, 0x01,
    0xef, 0x01, 0xef, 0x01, 0xef, 0x01, 0xef, 0x01, 0xef, 0x01, 0xef, 0x01,
    0xef, 0x01, 0xef, 0x01, 0xef, 0x01, 0xef, 0x01, 0xef, 0x01, 0xef, 0x01,
    0xef, 0x01, 0xef, 0x01, 0xef, 0x01, 0xef, 0x01, 0xef, 0x01, 0xef, 0x01,
    0xef, 0x01, 0xef, 0x01, 0xef, 0x01, 0xef, 0x01, 0xef, 0x01, 0xef, 0x01,
    0xef, 0x01, 0xef, 0x01, 0xef, 0x01, 0xef, 0x01, 0xef, 0x01, 0xef, 0x01,
    0xef, 0x01, 0xef, 0x01, 0xef, 0x01, 0xef, 0x01, 0xef, 0x01, 0xef, 0x01,
    0xef, 0x01, 0xef, 0x01, 0xef, 0x01, 0xef, 0x01, 0xef, 0x01, 0xef, 0x01,
    0xef, 0x01, 0xef, 0x01, 0xef, 0x01, 0xef, 0x01, 0xef, 0x01, 0xef, 0x01,
    0xef, 0x01, 0xef, 0x01, 0xef, 0x01, 0xef, 0x01, 0xef, 0x01, 0xef, 0x01,
    0xef, 0x01, 0xef, 0x01, 0xef, 0x01, 0xef, 0x01, 0xef, 0x01, 0xef, 0x01,
    0xef, 0x01, 0xef, 0x01, 0xef, 0x01, 0xef, 0x01, 0xef, 0x01, 0xef, 0x01,
    0xef, 0x01, 0xef, 0x01, 0xef, 0x01, 0xef, 0x01, 0xef, 0x01, 0xef, 0x01,
    0xef, 0x01, 0xef, 0x01, 0xef, 0x01, 0xef, 0x01, 0xef, 0x01, 0xef, 0x01,
    0xef, 0x01, 0xef, 0x01, 0xef, 0x01, 0xef, 0x01, 0xef, 0x01, 0xef, 0x01,
    0xef, 0x01, 0xef, 0x01, 0xef, 0x01, 0xef, 0x01, 0xef, 0x01, 0xef, 0x01,
    0xef, 0x01, 0xef, 0x01, 0xef, 0x01, 0xef, 0x01, 0xef, 0x01, 0xef, 0x01,
    0xef, 0x01, 0xef, 0x01, 0xef, 0x01, 0xef, 0x01, 0xef, 0x01, 0xef, 0x01,
    0xef, 0x01, 0xef, 0x01, 0xef, 0x01, 0xef, 0x01, 0xef, 0x01, 0xef, 0x01,
    0xef, 0x01, 0xef, 0x01, 0xef, 0x01, 0xef, 0x01, 0xef, 0x01, 0xef, 0x01,
    0xef, 0x01, 0xef, 0x01, 0xef, 0x01, 0xef, 0x01, 0xef, 0x01, 0xef, 0x01,
    0xef, 0x01, 0xef, 0x01, 0xef, 0x01, 0xef, 0x01, 0xef, 0x01, 0xef, 0x01,
    0xef, 0x01, 0xef, 0x01, 0xef, 0x01, 0xef, 0x01, 0xef, 0x01, 0xef, 0x01,
    0xef, 0x01, 0xef, 0x01, 0xef, 0x01, 0xef, 0x01, 0xef, 0x01, 0xef, 0x01,
    0xef, 0x01, 0xef, 0x01, 0xef, 0x01, 0xef, 0x01, 0xef, 0x01, 0xef, 0x01,
    0xef, 0x01, 0xef, 0x01, 0xef, 0x01, 0xef, 0x01, 0xef, 0x01, 0xef, 0x01,
    0xef, 0x01, 0xef, 0x01, 0xef, 0x01, 0xef, 0x01, 0xef, 0x01, 0xef, 0x01,
    0xef, 0x01, 0xef, 0x01, 0xef, 0x01, 0xef, 0x01, 0xef, 0x01, 0xef, 0x01,
    0xef, 0x01, 0xef, 0x01, 0xef, 0x01, 0xef, 0x01, 0xef, 0x01, 0xef, 0x01,
    0xef, 0x01, 0xef, 0x01, 0xef, 0x01, 0xef, 0x01, 0xef, 0x01, 0x0f, 0x02,
    0xac, 0x01, 0x63, 0x00, 0x00, 0x00, 0x00, 0x00, 0x00, 0x00, 0x00, 0x00,
    0x00, 0x00, 0x00, 0x00, 0x00, 0x00, 0x00, 0x00, 0x00, 0x00, 0x00, 0x00,
    0x00, 0x00, 0x00, 0x00, 0x00, 0x00, 0x00, 0x00, 0x00, 0x00, 0xc6, 0x00,
    0xad, 0x01, 0x10, 0x02, 0xef, 0x01, 0xef, 0x01, 0xef, 0x01, 0xef, 0x01,
    0xef, 0x01, 0xef, 0x01, 0xef, 0x01, 0xef, 0x01, 0xef, 0x01, 0xef, 0x01,
    0xef, 0x01, 0xef, 0x01, 0xef, 0x01, 0xef, 0x01, 0xef, 0x01, 0xef, 0x01,
    0xef, 0x01, 0xef, 0x01, 0xef, 0x01, 0xef, 0x01, 0xef, 0x01, 0xef, 0x01,
    0xef, 0x01, 0xef, 0x01, 0xef, 0x01, 0xef, 0x01, 0xef, 0x01, 0xef, 0x01,
    0xef, 0x01, 0xef, 0x01, 0xef, 0x01, 0xef, 0x01, 0xef, 0x01, 0xef, 0x01,
    0xef, 0x01, 0xef, 0x01, 0xef, 0x01, 0xef, 0x01, 0xef, 0x01, 0xef, 0x01,
    0xef, 0x01, 0xef, 0x01, 0xef, 0x01, 0xef, 0x01, 0xef, 0x01, 0xef, 0x01,
    0xef, 0x01, 0xef, 0x01, 0xef, 0x01, 0xef, 0x01, 0xef, 0x01, 0xef, 0x01,
    0xef, 0x01, 0xef, 0x01, 0xef, 0x01, 0xef, 0x01, 0xef, 0x01, 0xef, 0x01,
    0xef, 0x01, 0xef, 0x01, 0xef, 0x01, 0xef, 0x01, 0xef, 0x01, 0xef, 0x01,
    0xef, 0x01, 0xef, 0x01, 0xef, 0x01, 0xef, 0x01, 0xef, 0x01, 0xef, 0x01,
    0xef, 0x01, 0xef, 0x01, 0xef, 0x01, 0xef, 0x01, 0xef, 0x01, 0xef, 0x01,
    0xef, 0x01, 0xef, 0x01, 0xef, 0x01, 0xef, 0x01, 0xef, 0x01, 0xef, 0x01,
    0xef, 0x01, 0xef, 0x01, 0xef, 0x01, 0xef, 0x01, 0xef, 0x01, 0xef, 0x01,
    0xef, 0x01, 0xef, 0x01, 0xef, 0x01, 0xef, 0x01, 0xef, 0x01, 0xef, 0x01,
    0xef, 0x01, 0xef, 0x01, 0xef, 0x01, 0xef, 0x01, 0xef, 0x01, 0xef, 0x01,
    0xef, 0x01, 0xef, 0x01, 0xef, 0x01, 0xef, 0x01, 0xef, 0x01, 0xef, 0x01,
    0xef, 0x01, 0xef, 0x01, 0xef, 0x01, 0xef, 0x01, 0xef, 0x01, 0xef, 0x01,
    0xef, 0x01, 0xef, 0x01, 0xef, 0x01, 0xef, 0x01, 0xef, 0x01, 0xef, 0x01,
    0xef, 0x01, 0xef, 0x01, 0xef, 0x01, 0xef, 0x01, 0xef, 0x01, 0xef, 0x01,
    0xef, 0x01, 0xef, 0x01, 0xef, 0x01, 0xef, 0x01, 0xef, 0x01, 0xef, 0x01,
    0xef, 0x01, 0xef, 0x01, 0xef, 0x01, 0xef, 0x01, 0xef, 0x01, 0xef, 0x01,
    0xef, 0x01, 0xef, 0x01, 0xef, 0x01, 0xef, 0x01, 0xef, 0x01, 0xef, 0x01,
    0xef, 0x01, 0xef, 0x01, 0xef, 0x01, 0xef, 0x01, 0xef, 0x01, 0xef, 0x01,
    0xef, 0x01, 0xef, 0x01, 0xef, 0x01, 0xef, 0x01, 0xef, 0x01, 0xef, 0x01,
    0xef, 0x01, 0xef, 0x01, 0xef, 0x01, 0xef, 0x01, 0xef, 0x01, 0xef, 0x01,
    0xef, 0x01, 0xef, 0x01, 0xef, 0x01, 0xef, 0x01, 0xef, 0x01, 0xef, 0x01,
    0xef, 0x01, 0xef, 0x01, 0xef, 0x01, 0xef, 0x01, 0xef, 0x01, 0xef, 0x01,
    0xef, 0x01, 0xef, 0x01, 0xef, 0x01, 0xef, 0x01, 0xef, 0x01, 0xef, 0x01,
    0xef, 0x01, 0xef, 0x01, 0xef, 0x01, 0xef, 0x01, 0xef, 0x01, 0xef, 0x01,
    0xef, 0x01, 0xef, 0x01, 0xef, 0x01, 0xef, 0x01, 0xef, 0x01, 0xef, 0x01,
    0xef, 0x01, 0xef, 0x01, 0xef, 0x01, 0xef, 0x01, 0xef, 0x01, 0xef, 0x01,
    0xef, 0x01, 0xef, 0x01, 0xef, 0x01, 0xef, 0x01, 0xef, 0x01, 0xef, 0x01,
    0xef, 0x01, 0xef, 0x01, 0xef, 0x01, 0xef, 0x01, 0xef, 0x01, 0xef, 0x01,
    0xef, 0x01, 0xef, 0x01, 0x4b, 0x01, 0x42, 0x00, 0x00, 0x00, 0x00, 0x00,
    0x00, 0x00, 0x00, 0x00, 0x00, 0x00, 0x00, 0x00, 0x00, 0x00, 0x00, 0x00,
    0x00, 0x00, 0x00, 0x00, 0x00, 0x00, 0x00, 0x00, 0x00, 0x00, 0x00, 0x00,
    0x00, 0x00, 0x21, 0x00, 0xe7, 0x00, 0xce, 0x01, 0x10, 0x02, 0xef, 0x01,
    0xef, 0x01, 0xef, 0x01, 0xef, 0x01, 0xef, 0x01, 0xef, 0x01, 0xef, 0x01,
    0xef, 0x01, 0xef, 0x01, 0xef, 0x01, 0xef, 0x01, 0xef, 0x01, 0xef, 0x01,
    0xef, 0x01, 0xef, 0x01, 0xef, 0x01, 0xef, 0x01, 0xef, 0x01, 0xef, 0x01,
    0xef, 0x01, 0xef, 0x01, 0xef, 0x01, 0xef, 0x01, 0xef, 0x01, 0xef, 0x01,
    0xef, 0x01, 0xef, 0x01, 0xef, 0x01, 0xef, 0x01, 0xef, 0x01, 0xef, 0x01,
    0xef, 0x01, 0xef, 0x01, 0xef, 0x01, 0xef, 0x01, 0xef, 0x01, 0xef, 0x01,
    0xef, 0x01, 0xef, 0x01, 0xef, 0x01, 0xef, 0x01, 0xef, 0x01, 0xef, 0x01,
    0xef, 0x01, 0xef, 0x01, 0xef, 0x01, 0xef, 0x01, 0xef, 0x01, 0xef, 0x01,
    0xef, 0x01, 0xef, 0x01, 0xef, 0x01, 0xef, 0x01, 0xef, 0x01, 0xef, 0x01,
    0xef, 0x01, 0xef, 0x01, 0xef, 0x01, 0xef, 0x01, 0xef, 0x01, 0xef, 0x01,
    0xef, 0x01, 0xef, 0x01, 0xef, 0x01, 0xef, 0x01, 0xef, 0x01, 0xef, 0x01,
    0xef, 0x01, 0xef, 0x01, 0xef, 0x01, 0xef, 0x01, 0xef, 0x01, 0xef, 0x01,
    0xef, 0x01, 0xef, 0x01, 0xef, 0x01, 0xef, 0x01, 0xef, 0x01, 0xef, 0x01,
    0xef, 0x01, 0xef, 0x01, 0xef, 0x01, 0xef, 0x01, 0xef, 0x01, 0xef, 0x01,
    0xef, 0x01, 0xef, 0x01, 0xef, 0x01, 0xef, 0x01, 0xef, 0x01, 0xef, 0x01,
    0xef, 0x01, 0xef, 0x01, 0xef, 0x01, 0xef, 0x01, 0xef, 0x01, 0xef, 0x01,
    0xef, 0x01, 0xef, 0x01, 0xef, 0x01, 0xef, 0x01, 0xef, 0x01, 0xef, 0x01,
    0xef, 0x01, 0xef, 0x01, 0xef, 0x01, 0xef, 0x01, 0xef, 0x01, 0xef, 0x01,
    0xef, 0x01, 0xef, 0x01, 0xef, 0x01, 0xef, 0x01, 0xef, 0x01, 0xef, 0x01,
    0xef, 0x01, 0xef, 0x01, 0xef, 0x01, 0xef, 0x01, 0xef, 0x01, 0xef, 0x01,
    0xef, 0x01, 0xef, 0x01, 0xef, 0x01, 0xef, 0x01, 0xef, 0x01, 0xef, 0x01,
    0xef, 0x01, 0xef, 0x01, 0xef, 0x01, 0xef, 0x01, 0xef, 0x01, 0xef, 0x01,
    0xef, 0x01, 0xef, 0x01, 0xef, 0x01, 0xef, 0x01, 0xef, 0x01, 0xef, 0x01,
    0xef, 0x01, 0xef, 0x01, 0xef, 0x01, 0xef, 0x01, 0xef, 0x01, 0xef, 0x01,
    0xef, 0x01, 0xef, 0x01, 0xef, 0x01, 0xef, 0x01, 0xef, 0x01, 0xef, 0x01,
    0xef, 0x01, 0xef, 0x01, 0xef, 0x01, 0xef, 0x01, 0xef, 0x01, 0xef, 0x01,
    0xef, 0x01, 0xef, 0x01, 0xef, 0x01, 0xef, 0x01, 0xef, 0x01, 0xef, 0x01,
    0xef, 0x01, 0xef, 0x01, 0xef, 0x01, 0xef, 0x01, 0xef, 0x01, 0xef, 0x01,
    0xef, 0x01, 0xef, 0x01, 0xef, 0x01, 0xef, 0x01, 0xef, 0x01, 0xef, 0x01,
    0xef, 0x01, 0xef, 0x01, 0xef, 0x01, 0xef, 0x01, 0xef, 0x01, 0xef, 0x01,
    0xef, 0x01, 0xef, 0x01, 0xef, 0x01, 0xef, 0x01, 0xef, 0x01, 0xef, 0x01,
    0xef, 0x01, 0xef, 0x01, 0xef, 0x01, 0xef, 0x01, 0xef, 0x01, 0xef, 0x01,
    0xef, 0x01, 0xef, 0x01, 0xef, 0x01, 0xef, 0x01, 0xef, 0x01, 0xef, 0x01,
    0xef, 0x01, 0xef, 0x01, 0xef, 0x01, 0xef, 0x01, 0xef, 0x01, 0xef, 0x01,
    0xef, 0x01, 0xef, 0x01, 0xf0, 0x01, 0xef, 0x01, 0x08, 0x01, 0x21, 0x00,
    0x00, 0x00, 0x00, 0x00, 0x00, 0x00, 0x00, 0x00, 0x00, 0x00, 0x00, 0x00,
    0x00, 0x00, 0x00, 0x00, 0x00, 0x00, 0x00, 0x00, 0x00, 0x00, 0x00, 0x00,
    0x00, 0x00, 0x00, 0x00, 0x00, 0x00, 0x00, 0x00, 0x21, 0x00, 0x08, 0x01,
    0xee, 0x01, 0xf0, 0x01, 0xef, 0x01, 0xef, 0x01, 0xef, 0x01, 0xef, 0x01,
    0xef, 0x01, 0xef, 0x01, 0xef, 0x01, 0xef, 0x01, 0xef, 0x01, 0xef, 0x01,
    0xef, 0x01, 0xef, 0x01, 0xef, 0x01, 0xef, 0x01, 0xef, 0x01, 0xef, 0x01,
    0xef, 0x01, 0xef, 0x01, 0xef, 0x01, 0xef, 0x01, 0xef, 0x01, 0xef, 0x01,
    0xef, 0x01, 0xef, 0x01, 0xef, 0x01, 0xef, 0x01, 0xef, 0x01, 0xef, 0x01,
    0xef, 0x01, 0xef, 0x01, 0xef, 0x01, 0xef, 0x01, 0xef, 0x01, 0xef, 0x01,
    0xef, 0x01, 0xef, 0x01, 0xef, 0x01, 0xef, 0x01, 0xef, 0x01, 0xef, 0x01,
    0xef, 0x01, 0xef, 0x01, 0xef, 0x01, 0xef, 0x01, 0xef, 0x01, 0xef, 0x01,
    0xef, 0x01, 0xef, 0x01, 0xef, 0x01, 0xef, 0x01, 0xef, 0x01, 0xef, 0x01,
    0xef, 0x01, 0xef, 0x01, 0xef, 0x01, 0xef, 0x01, 0xef, 0x01, 0xef, 0x01,
    0xef, 0x01, 0xef, 0x01, 0xef, 0x01, 0xef, 0x01, 0xef, 0x01, 0xef, 0x01,
    0xef, 0x01, 0xef, 0x01, 0xef, 0x01, 0xef, 0x01, 0xef, 0x01, 0xef, 0x01,
    0xef, 0x01, 0xef, 0x01, 0xef, 0x01, 0xef, 0x01, 0xef, 0x01, 0xef, 0x01,
    0xef, 0x01, 0xef, 0x01, 0xef, 0x01, 0xef, 0x01, 0xef, 0x01, 0xef, 0x01,
    0xef, 0x01, 0xef, 0x01, 0xef, 0x01, 0xef, 0x01, 0xef, 0x01, 0xef, 0x01,
    0xef, 0x01, 0xef, 0x01, 0xef, 0x01, 0xef, 0x01, 0xef, 0x01, 0xef, 0x01,
    0xef, 0x01, 0xef, 0x01, 0xef, 0x01, 0xef, 0x01, 0xef, 0x01, 0xef, 0x01,
    0xef, 0x01, 0xef, 0x01, 0xef, 0x01, 0xef, 0x01, 0xef, 0x01, 0xef, 0x01,
    0xef, 0x01, 0xef, 0x01, 0xef, 0x01, 0xef, 0x01, 0xef, 0x01, 0xef, 0x01,
    0xef, 0x01, 0xef, 0x01, 0xef, 0x01, 0xef, 0x01, 0xef, 0x01, 0xef, 0x01,
    0xef, 0x01, 0xef, 0x01, 0xef, 0x01, 0xef, 0x01, 0xef, 0x01, 0xef, 0x01,
    0xef, 0x01, 0xef, 0x01, 0xef, 0x01, 0xef, 0x01, 0xef, 0x01, 0xef, 0x01,
    0xef, 0x01, 0xef, 0x01, 0xef, 0x01, 0xef, 0x01, 0xef, 0x01, 0xef, 0x01,
    0xef, 0x01, 0xef, 0x01, 0xef, 0x01, 0xef, 0x01, 0xef, 0x01, 0xef, 0x01,
    0xef, 0x01, 0xef, 0x01, 0xef, 0x01, 0xef, 0x01, 0xef, 0x01, 0xef, 0x01,
    0xef, 0x01, 0xef, 0x01, 0xef, 0x01, 0xef, 0x01, 0xef, 0x01, 0xef, 0x01,
    0xef, 0x01, 0xef, 0x01, 0xef, 0x01, 0xef, 0x01, 0xef, 0x01, 0xef, 0x01,
    0xef, 0x01, 0xef, 0x01, 0xef, 0x01, 0xef, 0x01, 0xef, 0x01, 0xef, 0x01,
    0xef, 0x01, 0xef, 0x01, 0xef, 0x01, 0xef, 0x01, 0xef, 0x01, 0xef, 0x01,
    0xef, 0x01, 0xef, 0x01, 0xef, 0x01, 0xef, 0x01, 0xef, 0x01, 0xef, 0x01,
    0xef, 0x01, 0xef, 0x01, 0xef, 0x01, 0xef, 0x01, 0xef, 0x01, 0xef, 0x01,
    0xef, 0x01, 0xef, 0x01, 0xef, 0x01, 0xef, 0x01, 0xef, 0x01, 0xef, 0x01,
    0xef, 0x01, 0xef, 0x01, 0xef, 0x01, 0xef, 0x01, 0xef, 0x01, 0xef, 0x01,
    0xef, 0x01, 0xef, 0x01, 0xef, 0x01, 0xef, 0x01, 0xef, 0x01, 0xef, 0x01,
    0xef, 0x01, 0xef, 0x01, 0xef, 0x01, 0xef, 0x01, 0x0f, 0x02, 0xce, 0x01,
    0xc6, 0x00, 0x00, 0x00, 0x00, 0x00, 0x00, 0x00, 0x00, 0x00, 0x00, 0x00,
    0x00, 0x00, 0x00, 0x00, 0x00, 0x00, 0x00, 0x00, 0x00, 0x00, 0x00, 0x00,
    0x00, 0x00, 0x00, 0x00, 0x00, 0x00, 0x00, 0x00, 0x00, 0x00, 0x00, 0x00,
    0x00, 0x00, 0x42, 0x00, 0x29, 0x01, 0xcf, 0x01, 0x0f, 0x02, 0xef, 0x01,
    0xef, 0x01, 0xef, 0x01, 0xef, 0x01, 0xef, 0x01, 0xef, 0x01, 0xef, 0x01,
    0xef, 0x01, 0xef, 0x01, 0xef, 0x01, 0xef, 0x01, 0xef, 0x01, 0xef, 0x01,
    0xef, 0x01, 0xef, 0x01, 0xef, 0x01, 0xef, 0x01, 0xef, 0x01, 0xef, 0x01,
    0xef, 0x01, 0xef, 0x01, 0xef, 0x01, 0xef, 0x01, 0xef, 0x01, 0xef, 0x01,
    0xef, 0x01, 0xef, 0x01, 0xef, 0x01, 0xef, 0x01, 0xef, 0x01, 0xef, 0x01,
    0xef, 0x01, 0xef, 0x01, 0xef, 0x01, 0xef, 0x01, 0xef, 0x01, 0xef, 0x01,
    0xef, 0x01, 0xef, 0x01, 0xef, 0x01, 0xef, 0x01, 0xef, 0x01, 0xef, 0x01,
    0xef, 0x01, 0xef, 0x01, 0xef, 0x01, 0xef, 0x01, 0xef, 0x01, 0xef, 0x01,
    0xef, 0x01, 0xef, 0x01, 0xef, 0x01, 0xef, 0x01, 0xef, 0x01, 0xef, 0x01,
    0xef, 0x01, 0xef, 0x01, 0xef, 0x01, 0xef, 0x01, 0xef, 0x01, 0xef, 0x01,
    0xef, 0x01, 0xef, 0x01, 0xef, 0x01, 0xef, 0x01, 0xef, 0x01, 0xef, 0x01,
    0xef, 0x01, 0xef, 0x01, 0xef, 0x01, 0xef, 0x01, 0xef, 0x01, 0xef, 0x01,
    0xef, 0x01, 0xef, 0x01, 0xef, 0x01, 0xef, 0x01, 0xef, 0x01, 0xef, 0x01,
    0xef, 0x01, 0xef, 0x01, 0xef, 0x01, 0xef, 0x01, 0xef, 0x01, 0xef, 0x01,
    0xef, 0x01, 0xef, 0x01, 0xef, 0x01, 0xef, 0x01, 0xef, 0x01, 0xef, 0x01,
    0xef, 0x01, 0xef, 0x01, 0xef, 0x01, 0xef, 0x01, 0xef, 0x01, 0xef, 0x01,
    0xef, 0x01, 0xef, 0x01, 0xef, 0x01, 0xef, 0x01, 0xef, 0x01, 0xef, 0x01,
    0xef, 0x01, 0xef, 0x01, 0xef, 0x01, 0xef, 0x01, 0xef, 0x01, 0xef, 0x01,
    0xef, 0x01, 0xef, 0x01, 0xef, 0x01, 0xef, 0x01, 0xef, 0x01, 0xef, 0x01,
    0xef, 0x01, 0xef, 0x01, 0xef, 0x01, 0xef, 0x01, 0xef, 0x01, 0xef, 0x01,
    0xef, 0x01, 0xef, 0x01, 0xef, 0x01, 0xef, 0x01, 0xef, 0x01, 0xef, 0x01,
    0xef, 0x01, 0xef, 0x01, 0xef, 0x01, 0xef, 0x01, 0xef, 0x01, 0xef, 0x01,
    0xef, 0x01, 0xef, 0x01, 0xef, 0x01, 0xef, 0x01, 0xef, 0x01, 0xef, 0x01,
    0xef, 0x01, 0xef, 0x01, 0xef, 0x01, 0xef, 0x01, 0xef, 0x01, 0xef, 0x01,
    0xef, 0x01, 0xef, 0x01, 0xef, 0x01, 0xef, 0x01, 0xef, 0x01, 0xef, 0x01,
    0xef, 0x01, 0xef, 0x01, 0xef, 0x01, 0xef, 0x01, 0xef, 0x01, 0xef, 0x01,
    0xef, 0x01, 0xef, 0x01, 0xef, 0x01, 0xef, 0x01, 0xef, 0x01, 0xef, 0x01,
    0xef, 0x01, 0xef, 0x01, 0xef, 0x01, 0xef, 0x01, 0xef, 0x01, 0xef, 0x01,
    0xef, 0x01, 0xef, 0x01, 0xef, 0x01, 0xef, 0x01, 0xef, 0x01, 0xef, 0x01,
    0xef, 0x01, 0xef, 0x01, 0xef, 0x01, 0xef, 0x01, 0xef, 0x01, 0xef, 0x01,
    0xef, 0x01, 0xef, 0x01, 0xef, 0x01, 0xef, 0x01, 0xef, 0x01, 0xef, 0x01,
    0xef, 0x01, 0xef, 0x01, 0xef, 0x01, 0xef, 0x01, 0xef, 0x01, 0xef, 0x01,
    0xef, 0x01, 0xef, 0x01, 0xef, 0x01, 0xef, 0x01, 0xef, 0x01, 0xef, 0x01,
    0xef, 0x01, 0xef, 0x01, 0xef, 0x01, 0xef, 0x01, 0xef, 0x01, 0xef, 0x01,
    0x0f, 0x02, 0xad, 0x01, 0x85, 0x00, 0x00, 0x00, 0x00, 0x00, 0x00, 0x00,
    0x00, 0x00, 0x00, 0x00, 0x00, 0x00, 0x00, 0x00, 0x00, 0x00, 0x00, 0x00,
    0x00, 0x00, 0x00, 0x00, 0x00, 0x00, 0x00, 0x00, 0x00, 0x00, 0x00, 0x00,
    0x00, 0x00, 0x00, 0x00, 0x00, 0x00, 0x00, 0x00, 0x42, 0x00, 0x29, 0x01,
    0xef, 0x01, 0xef, 0x01, 0xef, 0x01, 0xef, 0x01, 0xef, 0x01, 0xef, 0x01,
    0xef, 0x01, 0xef, 0x01, 0xef, 0x01, 0xef, 0x01, 0xef, 0x01, 0xef, 0x01,
    0xef, 0x01, 0xef, 0x01, 0xef, 0x01, 0xef, 0x01, 0xef, 0x01, 0xef, 0x01,
    0xef, 0x01, 0xef, 0x01, 0xef, 0x01, 0xef, 0x01, 0xef, 0x01, 0xef, 0x01,
    0xef, 0x01, 0xef, 0x01, 0xef, 0x01, 0xef, 0x01, 0xef, 0x01, 0xef, 0x01,
    0xef, 0x01, 0xef, 0x01, 0xef, 0x01, 0xef, 0x01, 0xef, 0x01, 0xef, 0x01,
    0xef, 0x01, 0xef, 0x01, 0xef, 0x01, 0xef, 0x01, 0xef, 0x01, 0xef, 0x01,
    0xef, 0x01, 0xef, 0x01, 0xef, 0x01, 0xef, 0x01, 0xef, 0x01, 0xef, 0x01,
    0xef, 0x01, 0xef, 0x01, 0xef, 0x01, 0xef, 0x01, 0xef, 0x01, 0xef, 0x01,
    0xef, 0x01, 0xef, 0x01, 0xef, 0x01, 0xef, 0x01, 0xef, 0x01, 0xef, 0x01,
    0xef, 0x01, 0xef, 0x01, 0xef, 0x01, 0xef, 0x01, 0xef, 0x01, 0xef, 0x01,
    0xef, 0x01, 0xef, 0x01, 0xef, 0x01, 0xef, 0x01, 0xef, 0x01, 0xef, 0x01,
    0xef, 0x01, 0xef, 0x01, 0xef, 0x01, 0xef, 0x01, 0xef, 0x01, 0xef, 0x01,
    0xef, 0x01, 0xef, 0x01, 0xef, 0x01, 0xef, 0x01, 0xef, 0x01, 0xef, 0x01,
    0xef, 0x01, 0xef, 0x01, 0xef, 0x01, 0xef, 0x01, 0xef, 0x01, 0xef, 0x01,
    0xef, 0x01, 0xef, 0x01, 0xef, 0x01, 0xef, 0x01, 0xef, 0x01, 0xef, 0x01,
    0xef, 0x01, 0xef, 0x01, 0xef, 0x01, 0xef, 0x01, 0xef, 0x01, 0xef, 0x01,
    0xef, 0x01, 0xef, 0x01, 0xef, 0x01, 0xef, 0x01, 0xef, 0x01, 0xef, 0x01,
    0xef, 0x01, 0xef, 0x01, 0xef, 0x01, 0xef, 0x01, 0xef, 0x01, 0xef, 0x01,
    0xef, 0x01, 0xef, 0x01, 0xef, 0x01, 0xef, 0x01, 0xef, 0x01, 0xef, 0x01,
    0xef, 0x01, 0xef, 0x01, 0xef, 0x01, 0xef, 0x01, 0xef, 0x01, 0xef, 0x01,
    0xef, 0x01, 0xef, 0x01, 0xef, 0x01, 0xef, 0x01, 0xef, 0x01, 0xef, 0x01,
    0xef, 0x01, 0xef, 0x01, 0xef, 0x01, 0xef, 0x01, 0xef, 0x01, 0xef, 0x01,
    0xef, 0x01, 0xef, 0x01, 0xef, 0x01, 0xef, 0x01, 0xef, 0x01, 0xef, 0x01,
    0xef, 0x01, 0xef, 0x01, 0xef, 0x01, 0xef, 0x01, 0xef, 0x01, 0xef, 0x01,
    0xef, 0x01, 0xef, 0x01, 0xef, 0x01, 0xef, 0x01, 0xef, 0x01, 0xef, 0x01,
    0xef, 0x01, 0xef, 0x01, 0xef, 0x01, 0xef, 0x01, 0xef, 0x01, 0xef, 0x01,
    0xef, 0x01, 0xef, 0x01, 0xef, 0x01, 0xef, 0x01, 0xef, 0x01, 0xef, 0x01,
    0xef, 0x01, 0xef, 0x01, 0xef, 0x01, 0xef, 0x01, 0xef, 0x01, 0xef, 0x01,
    0xef, 0x01, 0xef, 0x01, 0xef, 0x01, 0xef, 0x01, 0xef, 0x01, 0xef, 0x01,
    0xef, 0x01, 0xef, 0x01, 0xef, 0x01, 0xef, 0x01, 0xef, 0x01, 0xef, 0x01,
    0xef, 0x01, 0xef, 0x01, 0xef, 0x01, 0xef, 0x01, 0xef, 0x01, 0xef, 0x01,
    0xef, 0x01, 0xef, 0x01, 0xef, 0x01, 0xef, 0x01, 0xef, 0x01, 0xef, 0x01,
    0xef, 0x01, 0xef, 0x01, 0xef, 0x01, 0xef, 0x01, 0xef, 0x01, 0xef, 0x01,
    0xef, 0x01, 0xef, 0x01, 0xef, 0x01, 0x6c, 0x01, 0x62, 0x00, 0x00, 0x00,
    0x00, 0x00, 0x00, 0x00, 0x00, 0x00, 0x00, 0x00, 0x00, 0x00, 0x00, 0x00,
    0x00, 0x00, 0x00, 0x00, 0x00, 0x00, 0x00, 0x00, 0x00, 0x00, 0x00, 0x00,
    0x00, 0x00, 0x00, 0x00, 0x00, 0x00, 0x00, 0x00, 0x00, 0x00, 0x00, 0x00,
    0x00, 0x00, 0x63, 0x00, 0x4a, 0x01, 0xef, 0x01, 0xef, 0x01, 0xef, 0x01,
    0xef, 0x01, 0xef, 0x01, 0xef, 0x01, 0xef, 0x01, 0xef, 0x01, 0xef, 0x01,
    0xef, 0x01, 0xef, 0x01, 0xef, 0x01, 0xef, 0x01, 0xef, 0x01, 0xef, 0x01,
    0xef, 0x01, 0xef, 0x01, 0xef, 0x01, 0xef, 0x01, 0xef, 0x01, 0xef, 0x01,
    0xef, 0x01, 0xef, 0x01, 0xef, 0x01, 0xef, 0x01, 0xef, 0x01, 0xef, 0x01,
    0xef, 0x01, 0xef, 0x01, 0xef, 0x01, 0xef, 0x01, 0xef, 0x01, 0xef, 0x01,
    0xef, 0x01, 0xef, 0x01, 0xef, 0x01, 0xef, 0x01, 0xef, 0x01, 0xef, 0x01,
    0xef, 0x01, 0xef, 0x01, 0xef, 0x01, 0xef, 0x01, 0xef, 0x01, 0xef, 0x01,
    0xef, 0x01, 0xef, 0x01, 0xef, 0x01, 0xef, 0x01, 0xef, 0x01, 0xef, 0x01,
    0xef, 0x01, 0xef, 0x01, 0xef, 0x01, 0xef, 0x01, 0xef, 0x01, 0xef, 0x01,
    0xef, 0x01, 0xef, 0x01, 0xef, 0x01, 0xef, 0x01, 0xef, 0x01, 0xef, 0x01,
    0xef, 0x01, 0xef, 0x01, 0xef, 0x01, 0xef, 0x01, 0xef, 0x01, 0xef, 0x01,
    0xef, 0x01, 0xef, 0x01, 0xef, 0x01, 0xef, 0x01, 0xef, 0x01, 0xef, 0x01,
    0xef, 0x01, 0xef, 0x01, 0xef, 0x01, 0xef, 0x01, 0xef, 0x01, 0xef, 0x01,
    0xef, 0x01, 0xef, 0x01, 0xef, 0x01, 0xef, 0x01, 0xef, 0x01, 0xef, 0x01,
    0xef, 0x01, 0xef, 0x01, 0xef, 0x01, 0xef, 0x01, 0xef, 0x01, 0xef, 0x01,
    0xef, 0x01, 0xef, 0x01, 0xef, 0x01, 0xef, 0x01, 0xef, 0x01, 0xef, 0x01,
    0xef, 0x01, 0xef, 0x01, 0xef, 0x01, 0xef, 0x01, 0xef, 0x01, 0xef, 0x01,
    0xef, 0x01, 0xef, 0x01, 0xef, 0x01, 0xef, 0x01, 0xef, 0x01, 0xef, 0x01,
    0xef, 0x01, 0xef, 0x01, 0xef, 0x01, 0xef, 0x01, 0xef, 0x01, 0xef, 0x01,
    0xef, 0x01, 0xef, 0x01, 0xef, 0x01, 0xef, 0x01, 0xef, 0x01, 0xef, 0x01,
    0xef, 0x01, 0xef, 0x01, 0xef, 0x01, 0xef, 0x01, 0xef, 0x01, 0xef, 0x01,
    0xef, 0x01, 0xef, 0x01, 0xef, 0x01, 0xef, 0x01, 0xef, 0x01, 0xef, 0x01,
    0xef, 0x01, 0xef, 0x01, 0xef, 0x01, 0xef, 0x01, 0xef, 0x01, 0xef, 0x01,
    0xef, 0x01, 0xef, 0x01, 0xef, 0x01, 0xef, 0x01, 0xef, 0x01, 0xef, 0x01,
    0xef, 0x01, 0xef, 0x01, 0xef, 0x01, 0xef, 0x01, 0xef, 0x01, 0xef, 0x01,
    0xef, 0x01, 0xef, 0x01, 0xef, 0x01, 0xef, 0x01, 0xef, 0x01, 0xef, 0x01,
    0xef, 0x01, 0xef, 0x01, 0xef, 0x01, 0xef, 0x01, 0xef, 0x01, 0xef, 0x01,
    0xef, 0x01, 0xef, 0x01, 0xef, 0x01, 0xef, 0x01, 0xef, 0x01, 0xef, 0x01,
    0xef, 0x01, 0xef, 0x01, 0xef, 0x01, 0xef, 0x01, 0xef, 0x01, 0xef, 0x01,
    0xef, 0x01, 0xef, 0x01, 0xef, 0x01, 0xef, 0x01, 0xef, 0x01, 0xef, 0x01,
    0xef, 0x01, 0xef, 0x01, 0xef, 0x01, 0xef, 0x01, 0xef, 0x01, 0xef, 0x01,
    0xef, 0x01, 0xef, 0x01, 0xef, 0x01, 0xef, 0x01, 0xef, 0x01, 0xef, 0x01,
    0xef, 0x01, 0xef, 0x01, 0xef, 0x01, 0xef, 0x01, 0xef, 0x01, 0xef, 0x01,
    0xef, 0x01, 0xef, 0x01, 0xef, 0x01, 0xef, 0x01, 0xef, 0x01, 0x2a, 0x01,
    0x20, 0x00, 0x00, 0x00, 0x00, 0x00, 0x00, 0x00, 0x00, 0x00, 0x00, 0x00,
    0x00, 0x00, 0x00, 0x00, 0x00, 0x00, 0x00, 0x00, 0x00, 0x00, 0x00, 0x00,
    0x00, 0x00, 0x00, 0x00, 0x00, 0x00, 0x00, 0x00, 0x00, 0x00, 0x00, 0x00,
    0x00, 0x00, 0x00, 0x00, 0x00, 0x00, 0x00, 0x00, 0x63, 0x00, 0x6b, 0x01,
    0xef, 0x01, 0xef, 0x01, 0xef, 0x01, 0xef, 0x01, 0xef, 0x01, 0xef, 0x01,
    0xef, 0x01, 0xef, 0x01, 0xef, 0x01, 0xef, 0x01, 0xef, 0x01, 0xef, 0x01,
    0xef, 0x01, 0xef, 0x01, 0xef, 0x01, 0xef, 0x01, 0xef, 0x01, 0xef, 0x01,
    0xef, 0x01, 0xef, 0x01, 0xef, 0x01, 0xef, 0x01, 0xef, 0x01, 0xef, 0x01,
    0xef, 0x01, 0xef, 0x01, 0xef, 0x01, 0xef, 0x01, 0xef, 0x01, 0xef, 0x01,
    0xef, 0x01, 0xef, 0x01, 0xef, 0x01, 0xef, 0x01, 0xef, 0x01, 0xef, 0x01,
    0xef, 0x01, 0xef, 0x01, 0xef, 0x01, 0xef, 0x01, 0xef, 0x01, 0xef, 0x01,
    0xef, 0x01, 0xef, 0x01, 0xef, 0x01, 0xef, 0x01, 0xef, 0x01, 0xef, 0x01,
    0xef, 0x01, 0xef, 0x01, 0xef, 0x01, 0xef, 0x01, 0xef, 0x01, 0xef, 0x01,
    0xef, 0x01, 0xef, 0x01, 0xef, 0x01, 0xef, 0x01, 0xef, 0x01, 0xef, 0x01,
    0xef, 0x01, 0xef, 0x01, 0xef, 0x01, 0xef, 0x01, 0xef, 0x01, 0xef, 0x01,
    0xef, 0x01, 0xef, 0x01, 0xef, 0x01, 0xef, 0x01, 0xef, 0x01, 0xef, 0x01,
    0xef, 0x01, 0xef, 0x01, 0xef, 0x01, 0xef, 0x01, 0xef, 0x01, 0xef, 0x01,
    0xef, 0x01, 0xef, 0x01, 0xef, 0x01, 0xef, 0x01, 0xef, 0x01, 0xef, 0x01,
    0xef, 0x01, 0xef, 0x01, 0xef, 0x01, 0xef, 0x01, 0xef, 0x01, 0xef, 0x01,
    0xef, 0x01, 0xef, 0x01, 0xef, 0x01, 0xef, 0x01, 0xef, 0x01, 0xef, 0x01,
    0xef, 0x01, 0xef, 0x01, 0xef, 0x01, 0xef, 0x01, 0xef, 0x01, 0xef, 0x01,
    0xef, 0x01, 0xef, 0x01, 0xef, 0x01, 0xef, 0x01, 0xef, 0x01, 0xef, 0x01,
    0xef, 0x01, 0xef, 0x01, 0xef, 0x01, 0xef, 0x01, 0xef, 0x01, 0xef, 0x01,
    0xef, 0x01, 0xef, 0x01, 0xef, 0x01, 0xef, 0x01, 0xef, 0x01, 0xef, 0x01,
    0xef, 0x01, 0xef, 0x01, 0xef, 0x01, 0xef, 0x01, 0xef, 0x01, 0xef, 0x01,
    0xef, 0x01, 0xef, 0x01, 0xef, 0x01, 0xef, 0x01, 0xef, 0x01, 0xef, 0x01,
    0xef, 0x01, 0xef, 0x01, 0xef, 0x01, 0xef, 0x01, 0xef, 0x01, 0xef, 0x01,
    0xef, 0x01, 0xef, 0x01, 0xef, 0x01, 0xef, 0x01, 0xef, 0x01, 0xef, 0x01,
    0xef, 0x01, 0xef, 0x01, 0xef, 0x01, 0xef, 0x01, 0xef, 0x01, 0xef, 0x01,
    0xef, 0x01, 0xef, 0x01, 0xef, 0x01, 0xef, 0x01, 0xef, 0x01, 0xef, 0x01,
    0xef, 0x01, 0xef, 0x01, 0xef, 0x01, 0xef, 0x01, 0xef, 0x01, 0xef, 0x01,
    0xef, 0x01, 0xef, 0x01, 0xef, 0x01, 0xef, 0x01, 0xef, 0x01, 0xef, 0x01,
    0xef, 0x01, 0xef, 0x01, 0xef, 0x01, 0xef, 0x01, 0xef, 0x01, 0xef, 0x01,
    0xef, 0x01, 0xef, 0x01, 0xef, 0x01, 0xef, 0x01, 0xef, 0x01, 0xef, 0x01,
    0xef, 0x01, 0xef, 0x01, 0xef, 0x01, 0xef, 0x01, 0xef, 0x01, 0xef, 0x01,
    0xef, 0x01, 0xef, 0x01, 0xef, 0x01, 0xef, 0x01, 0xef, 0x01, 0xef, 0x01,
    0xef, 0x01, 0xef, 0x01, 0xef, 0x01, 0xef, 0x01, 0xef, 0x01, 0xef, 0x01,
    0xef, 0x01, 0xef, 0x01, 0xef, 0x01, 0xef, 0x01, 0xef, 0x01, 0xef, 0x01,
    0xce, 0x01, 0xe7, 0x00, 0x00, 0x00, 0x00, 0x00, 0x00, 0x00, 0x00, 0x00,
    0x00, 0x00, 0x00, 0x00, 0x00, 0x00, 0x00, 0x00, 0x00, 0x00, 0x00, 0x00,
    0x00, 0x00, 0x00, 0x00, 0x00, 0x00, 0x00, 0x00, 0x00, 0x00, 0x00, 0x00,
    0x00, 0x00, 0x00, 0x00, 0x00, 0x00, 0x00, 0x00, 0x00, 0x00, 0x00, 0x00,
    0x00, 0x00, 0x63, 0x00, 0x6b, 0x01, 0xef, 0x01, 0xef, 0x01, 0xef, 0x01,
    0xef, 0x01, 0xef, 0x01, 0xef, 0x01, 0xef, 0x01, 0xef, 0x01, 0xef, 0x01,
    0xef, 0x01, 0xef, 0x01, 0xef, 0x01, 0xef, 0x01, 0xef, 0x01, 0xef, 0x01,
    0xef, 0x01, 0xef, 0x01, 0xef, 0x01, 0xef, 0x01, 0xef, 0x01, 0xef, 0x01,
    0xef, 0x01, 0xef, 0x01, 0xef, 0x01, 0xef, 0x01, 0xef, 0x01, 0xef, 0x01,
    0xef, 0x01, 0xef, 0x01, 0xef, 0x01, 0xef, 0x01, 0xef, 0x01, 0xef, 0x01,
    0xef, 0x01, 0xef, 0x01, 0xef, 0x01, 0xef, 0x01, 0xef, 0x01, 0xef, 0x01,
    0xef, 0x01, 0xef, 0x01, 0xef, 0x01, 0xef, 0x01, 0xef, 0x01, 0xef, 0x01,
    0xef, 0x01, 0xef, 0x01, 0xef, 0x01, 0xef, 0x01, 0xef, 0x01, 0xef, 0x01,
    0xef, 0x01, 0xef, 0x01, 0xef, 0x01, 0xef, 0x01, 0xef, 0x01, 0xef, 0x01,
    0xef, 0x01, 0xef, 0x01, 0xef, 0x01, 0xef, 0x01, 0xef, 0x01, 0xef, 0x01,
    0xef, 0x01, 0xef, 0x01, 0xef, 0x01, 0xef, 0x01, 0xef, 0x01, 0xef, 0x01,
    0xef, 0x01, 0xef, 0x01, 0xef, 0x01, 0xef, 0x01, 0xef, 0x01, 0xef, 0x01,
    0xef, 0x01, 0xef, 0x01, 0xef, 0x01, 0xef, 0x01, 0xef, 0x01, 0xef, 0x01,
    0xef, 0x01, 0xef, 0x01, 0xef, 0x01, 0xef, 0x01, 0xef, 0x01, 0xef, 0x01,
    0xef, 0x01, 0xef, 0x01, 0xef, 0x01, 0xef, 0x01, 0xef, 0x01, 0xef, 0x01,
    0xef, 0x01, 0xef, 0x01, 0xef, 0x01, 0xef, 0x01, 0xef, 0x01, 0xef, 0x01,
    0xef, 0x01, 0xef, 0x01, 0xef, 0x01, 0xef, 0x01, 0xef, 0x01, 0xef, 0x01,
    0xef, 0x01, 0xef, 0x01, 0xef, 0x01, 0xef, 0x01, 0xef, 0x01, 0xef, 0x01,
    0xef, 0x01, 0xef, 0x01, 0xef, 0x01, 0xef, 0x01, 0xef, 0x01, 0xef, 0x01,
    0xef, 0x01, 0xef, 0x01, 0xef, 0x01, 0xef, 0x01, 0xef, 0x01, 0xef, 0x01,
    0xef, 0x01, 0xef, 0x01, 0xef, 0x01, 0xef, 0x01, 0xef, 0x01, 0xef, 0x01,
    0xef, 0x01, 0xef, 0x01, 0xef, 0x01, 0xef, 0x01, 0xef, 0x01, 0xef, 0x01,
    0xef, 0x01, 0xef, 0x01, 0xef, 0x01, 0xef, 0x01, 0xef, 0x01, 0xef, 0x01,
    0xef, 0x01, 0xef, 0x01, 0xef, 0x01, 0xef, 0x01, 0xef, 0x01, 0xef, 0x01,
    0xef, 0x01, 0xef, 0x01, 0xef, 0x01, 0xef, 0x01, 0xef, 0x01, 0xef, 0x01,
    0xef, 0x01, 0xef, 0x01, 0xef, 0x01, 0xef, 0x01, 0xef, 0x01, 0xef, 0x01,
    0xef, 0x01, 0xef, 0x01, 0xef, 0x01, 0xef, 0x01, 0xef, 0x01, 0xef, 0x01,
    0xef, 0x01, 0xef, 0x01, 0xef, 0x01, 0xef, 0x01, 0xef, 0x01, 0xef, 0x01,
    0xef, 0x01, 0xef, 0x01, 0xef, 0x01, 0xef, 0x01, 0xef, 0x01, 0xef, 0x01,
    0xef, 0x01, 0xef, 0x01, 0xef, 0x01, 0xef, 0x01, 0xef, 0x01, 0xef, 0x01,
    0xef, 0x01, 0xef, 0x01, 0xef, 0x01, 0xef, 0x01, 0xef, 0x01, 0xef, 0x01,
    0xef, 0x01, 0xef, 0x01, 0xef, 0x01, 0xef, 0x01, 0xef, 0x01, 0xef, 0x01,
    0xef, 0x01, 0xef, 0x01, 0xef, 0x01, 0xef, 0x01, 0xef, 0x01, 0xef, 0x01,
    0xef, 0x01, 0x10, 0x02, 0xad, 0x01, 0x84, 0x00, 0x00, 0x00, 0x00, 0x00,
    0x00, 0x00, 0x00, 0x00, 0x00, 0x00, 0x00, 0x00, 0x00, 0x00, 0x00, 0x00,
    0x00, 0x00, 0x00, 0x00, 0x00, 0x00, 0x00, 0x00, 0x00, 0x00, 0x00, 0x00,
    0x00, 0x00, 0x00, 0x00, 0x00, 0x00, 0x00, 0x00, 0x00, 0x00, 0x00, 0x00,
    0x00, 0x00, 0x00, 0x00, 0x00, 0x00, 0x00, 0x00, 0x63, 0x00, 0x6b, 0x01,
    0xef, 0x01, 0xef, 0x01, 0xef, 0x01, 0xef, 0x01, 0xef, 0x01, 0xef, 0x01,
    0xef, 0x01, 0xef, 0x01, 0xef, 0x01, 0xef, 0x01, 0xef, 0x01, 0xef, 0x01,
    0xef, 0x01, 0xef, 0x01, 0xef, 0x01, 0xef, 0x01, 0xef, 0x01, 0xef, 0x01,
    0xef, 0x01, 0xef, 0x01, 0xef, 0x01, 0xef, 0x01, 0xef, 0x01, 0xef, 0x01,
    0xef, 0x01, 0xef, 0x01, 0xef, 0x01, 0xef, 0x01, 0xef, 0x01, 0xef, 0x01,
    0xef, 0x01, 0xef, 0x01, 0xef, 0x01, 0xef, 0x01, 0xef, 0x01, 0xef, 0x01,
    0xef, 0x01, 0xef, 0x01, 0xef, 0x01, 0xef, 0x01, 0xef, 0x01, 0xef, 0x01,
    0xef, 0x01, 0xef, 0x01, 0xef, 0x01, 0xef, 0x01, 0xef, 0x01, 0xef, 0x01,
    0xef, 0x01, 0xef, 0x01, 0xef, 0x01, 0xef, 0x01, 0xef, 0x01, 0xef, 0x01,
    0xef, 0x01, 0xef, 0x01, 0xef, 0x01, 0xef, 0x01, 0xef, 0x01, 0xef, 0x01,
    0xef, 0x01, 0xef, 0x01, 0xef, 0x01, 0xef, 0x01, 0xef, 0x01, 0xef, 0x01,
    0xef, 0x01, 0xef, 0x01, 0xef, 0x01, 0xef, 0x01, 0xef, 0x01, 0xef, 0x01,
    0xef, 0x01, 0xef, 0x01, 0xef, 0x01, 0xef, 0x01, 0xef, 0x01, 0xef, 0x01,
    0xef, 0x01, 0xef, 0x01, 0xef, 0x01, 0xef, 0x01, 0xef, 0x01, 0xef, 0x01,
    0xef, 0x01, 0xef, 0x01, 0xef, 0x01, 0xef, 0x01, 0xef, 0x01, 0xef, 0x01,
    0xef, 0x01, 0xef, 0x01, 0xef, 0x01, 0xef, 0x01, 0xef, 0x01, 0xef, 0x01,
    0xef, 0x01, 0xef, 0x01, 0xef, 0x01, 0xef, 0x01, 0xef, 0x01, 0xef, 0x01,
    0xef, 0x01, 0xef, 0x01, 0xef, 0x01, 0xef, 0x01, 0xef, 0x01, 0xef, 0x01,
    0xef, 0x01, 0xef, 0x01, 0xef, 0x01, 0xef, 0x01, 0xef, 0x01, 0xef, 0x01,
    0xef, 0x01, 0xef, 0x01, 0xef, 0x01, 0xef, 0x01, 0xef, 0x01, 0xef, 0x01,
    0xef, 0x01, 0xef, 0x01, 0xef, 0x01, 0xef, 0x01, 0xef, 0x01, 0xef, 0x01,
    0xef, 0x01, 0xef, 0x01, 0xef, 0x01, 0xef, 0x01, 0xef, 0x01, 0xef, 0x01,
    0xef, 0x01, 0xef, 0x01, 0xef, 0x01, 0xef, 0x01, 0xef, 0x01, 0xef, 0x01,
    0xef, 0x01, 0xef, 0x01, 0xef, 0x01, 0xef, 0x01, 0xef, 0x01, 0xef, 0x01,
    0xef, 0x01, 0xef, 0x01, 0xef, 0x01, 0xef, 0x01, 0xef, 0x01, 0xef, 0x01,
    0xef, 0x01, 0xef, 0x01, 0xef, 0x01, 0xef, 0x01, 0xef, 0x01, 0xef, 0x01,
    0xef, 0x01, 0xef, 0x01, 0xef, 0x01, 0xef, 0x01, 0xef, 0x01, 0xef, 0x01,
    0xef, 0x01, 0xef, 0x01, 0xef, 0x01, 0xef, 0x01, 0xef, 0x01, 0xef, 0x01,
    0xef, 0x01, 0xef, 0x01, 0xef, 0x01, 0xef, 0x01, 0xef, 0x01, 0xef, 0x01,
    0xef, 0x01, 0xef, 0x01, 0xef, 0x01, 0xef, 0x01, 0xef, 0x01, 0xef, 0x01,
    0xef, 0x01, 0xef, 0x01, 0xef, 0x01, 0xef, 0x01, 0xef, 0x01, 0xef, 0x01,
    0xef, 0x01, 0xef, 0x01, 0xef, 0x01, 0xef, 0x01, 0xef, 0x01, 0xef, 0x01,
    0xef, 0x01, 0xef, 0x01, 0xef, 0x01, 0xef, 0x01, 0xef, 0x01, 0xef, 0x01,
    0xef, 0x01, 0xef, 0x01, 0xef, 0x01, 0xef, 0x01, 0x8c, 0x01, 0x42, 0x00,
    0x00, 0x00, 0x00, 0x00, 0x00, 0x00, 0x00, 0x00, 0x00, 0x00, 0x00, 0x00,
    0x00, 0x00, 0x00, 0x00, 0x00, 0x00, 0x00, 0x00, 0x00, 0x00, 0x00, 0x00,
    0x00, 0x00, 0x00, 0x00, 0x00, 0x00, 0x00, 0x00, 0x00, 0x00, 0x00, 0x00,
    0x00, 0x00, 0x00, 0x00, 0x00, 0x00, 0x00, 0x00, 0x00, 0x00, 0x00, 0x00,
    0x00, 0x00, 0x63, 0x00, 0x6b, 0x01, 0xef, 0x01, 0xef, 0x01, 0xef, 0x01,
    0xef, 0x01, 0xef, 0x01, 0xef, 0x01, 0xef, 0x01, 0xef, 0x01, 0xef, 0x01,
    0xef, 0x01, 0xef, 0x01, 0xef, 0x01, 0xef, 0x01, 0xef, 0x01, 0xef, 0x01,
    0xef, 0x01, 0xef, 0x01, 0xef, 0x01, 0xef, 0x01, 0xef, 0x01, 0xef, 0x01,
    0xef, 0x01, 0xef, 0x01, 0xef, 0x01, 0xef, 0x01, 0xef, 0x01, 0xef, 0x01,
    0xef, 0x01, 0xef, 0x01, 0xef, 0x01, 0xef, 0x01, 0xef, 0x01, 0xef, 0x01,
    0xef, 0x01, 0xef, 0x01, 0xef, 0x01, 0xef, 0x01, 0xef, 0x01, 0xef, 0x01,
    0xef, 0x01, 0xef, 0x01, 0xef, 0x01, 0xef, 0x01, 0xef, 0x01, 0xef, 0x01,
    0xef, 0x01, 0xef, 0x01, 0xef, 0x01, 0xef, 0x01, 0xef, 0x01, 0xef, 0x01,
    0xef, 0x01, 0xef, 0x01, 0xef, 0x01, 0xef, 0x01, 0xef, 0x01, 0xef, 0x01,
    0xef, 0x01, 0xef, 0x01, 0xef, 0x01, 0xef, 0x01, 0xef, 0x01, 0xef, 0x01,
    0xef, 0x01, 0xef, 0x01, 0xef, 0x01, 0xef, 0x01, 0xef, 0x01, 0xef, 0x01,
    0xef, 0x01, 0xef, 0x01, 0xef, 0x01, 0xef, 0x01, 0xef, 0x01, 0xef, 0x01,
    0xef, 0x01, 0xef, 0x01, 0xef, 0x01, 0xef, 0x01, 0xef, 0x01, 0xef, 0x01,
    0xef, 0x01, 0xef, 0x01, 0xef, 0x01, 0xef, 0x01, 0xef, 0x01, 0xef, 0x01,
    0xef, 0x01, 0xef, 0x01, 0xef, 0x01, 0xef, 0x01, 0xef, 0x01, 0xef, 0x01,
    0xef, 0x01, 0xef, 0x01, 0xef, 0x01, 0xef, 0x01, 0xef, 0x01, 0xef, 0x01,
    0xef, 0x01, 0xef, 0x01, 0xef, 0x01, 0xef, 0x01, 0xef, 0x01, 0xef, 0x01,
    0xef, 0x01, 0xef, 0x01, 0xef, 0x01, 0xef, 0x01, 0xef, 0x01, 0xef, 0x01,
    0xef, 0x01, 0xef, 0x01, 0xef, 0x01, 0xef, 0x01, 0xef, 0x01, 0xef, 0x01,
    0xef, 0x01, 0xef, 0x01, 0xef, 0x01, 0xef, 0x01, 0xef, 0x01, 0xef, 0x01,
    0xef, 0x01, 0xef, 0x01, 0xef, 0x01, 0xef, 0x01, 0xef, 0x01, 0xef, 0x01,
    0xef, 0x01, 0xef, 0x01, 0xef, 0x01, 0xef, 0x01, 0xef, 0x01, 0xef, 0x01,
    0xef, 0x01, 0xef, 0x01, 0xef, 0x01, 0xef, 0x01, 0xef, 0x01, 0xef, 0x01,
    0xef, 0x01, 0xef, 0x01, 0xef, 0x01, 0xef, 0x01, 0xef, 0x01, 0xef, 0x01,
    0xef, 0x01, 0xef, 0x01, 0xef, 0x01, 0xef, 0x01, 0xef, 0x01, 0xef, 0x01,
    0xef, 0x01, 0xef, 0x01, 0xef, 0x01, 0xef, 0x01, 0xef, 0x01, 0xef, 0x01,
    0xef, 0x01, 0xef, 0x01, 0xef, 0x01, 0xef, 0x01, 0xef, 0x01, 0xef, 0x01,
    0xef, 0x01, 0xef, 0x01, 0xef, 0x01, 0xef, 0x01, 0xef, 0x01, 0xef, 0x01,
    0xef, 0x01, 0xef, 0x01, 0xef, 0x01, 0xef, 0x01, 0xef, 0x01, 0xef, 0x01,
    0xef, 0x01, 0xef, 0x01, 0xef, 0x01, 0xef, 0x01, 0xef, 0x01, 0xef, 0x01,
    0xef, 0x01, 0xef, 0x01, 0xef, 0x01, 0xef, 0x01, 0xef, 0x01, 0xef, 0x01,
    0xef, 0x01, 0xef, 0x01, 0xef, 0x01, 0xef, 0x01, 0xef, 0x01, 0xef, 0x01,
    0xef, 0x01, 0xef, 0x01, 0xef, 0x01, 0xef, 0x01, 0xef, 0x01, 0xef, 0x01,
    0x29, 0x01, 0x01, 0x00, 0x00, 0x00, 0x00, 0x00, 0x00, 0x00, 0x00, 0x00,
    0x00, 0x00, 0x00, 0x00, 0x00, 0x00, 0x00, 0x00, 0x00, 0x00, 0x00, 0x00,
    0x00, 0x00, 0x00, 0x00, 0x00, 0x00, 0x00, 0x00, 0x00, 0x00, 0x00, 0x00,
    0x00, 0x00, 0x00, 0x00, 0x00, 0x00, 0x00, 0x00, 0x00, 0x00, 0x00, 0x00,
    0x00, 0x00, 0x00, 0x00, 0x00, 0x00, 0x00, 0x00, 0x63, 0x00, 0x4a, 0x01,
    0xef, 0x01, 0xef, 0x01, 0xef, 0x01, 0xef, 0x01, 0xef, 0x01, 0xef, 0x01,
    0xef, 0x01, 0xef, 0x01, 0xef, 0x01, 0xef, 0x01, 0xef, 0x01, 0xef, 0x01,
    0xef, 0x01, 0xef, 0x01, 0xef, 0x01, 0xef, 0x01, 0xef, 0x01, 0xef, 0x01,
    0xef, 0x01, 0xef, 0x01, 0xef, 0x01, 0xef, 0x01, 0xef, 0x01, 0xef, 0x01,
    0xef, 0x01, 0xef, 0x01, 0xef, 0x01, 0xef, 0x01, 0xef, 0x01, 0xef, 0x01,
    0xef, 0x01, 0xef, 0x01, 0xef, 0x01, 0xef, 0x01, 0xef, 0x01, 0xef, 0x01,
    0xef, 0x01, 0xef, 0x01, 0xef, 0x01, 0xef, 0x01, 0xef, 0x01, 0xef, 0x01,
    0xef, 0x01, 0xef, 0x01, 0xef, 0x01, 0xef, 0x01, 0xef, 0x01, 0xef, 0x01,
    0xef, 0x01, 0xef, 0x01, 0xef, 0x01, 0xef, 0x01, 0xef, 0x01, 0xef, 0x01,
    0xef, 0x01, 0xef, 0x01, 0xef, 0x01, 0xef, 0x01, 0xef, 0x01, 0xef, 0x01,
    0xef, 0x01, 0xef, 0x01, 0xef, 0x01, 0xef, 0x01, 0xef, 0x01, 0xef, 0x01,
    0xef, 0x01, 0xef, 0x01, 0xef, 0x01, 0xef, 0x01, 0xef, 0x01, 0xef, 0x01,
    0xef, 0x01, 0xef, 0x01, 0xef, 0x01, 0xef, 0x01, 0xef, 0x01, 0xef, 0x01,
    0xef, 0x01, 0xef, 0x01, 0xef, 0x01, 0xef, 0x01, 0xef, 0x01, 0xef, 0x01,
    0xef, 0x01, 0xef, 0x01, 0xef, 0x01, 0xef, 0x01, 0xef, 0x01, 0xef, 0x01,
    0xef, 0x01, 0xef, 0x01, 0xef, 0x01, 0xef, 0x01, 0xef, 0x01, 0xef, 0x01,
    0xef, 0x01, 0xef, 0x01, 0xef, 0x01, 0xef, 0x01, 0xef, 0x01, 0xef, 0x01,
    0xef, 0x01, 0xef, 0x01, 0xef, 0x01, 0xef, 0x01, 0xef, 0x01, 0xef, 0x01,
    0xef, 0x01, 0xef, 0x01, 0xef, 0x01, 0xef, 0x01, 0xef, 0x01, 0xef, 0x01,
    0xef, 0x01, 0xef, 0x01, 0xef, 0x01, 0xef, 0x01, 0xef, 0x01, 0xef, 0x01,
    0xef, 0x01, 0xef, 0x01, 0xef, 0x01, 0xef, 0x01, 0xef, 0x01, 0xef, 0x01,
    0xef, 0x01, 0xef, 0x01, 0xef, 0x01, 0xef, 0x01, 0xef, 0x01, 0xef, 0x01,
    0xef, 0x01, 0xef, 0x01, 0xef, 0x01, 0xef, 0x01, 0xef, 0x01, 0xef, 0x01,
    0xef, 0x01, 0xef, 0x01, 0xef, 0x01, 0xef, 0x01, 0xef, 0x01, 0xef, 0x01,
    0xef, 0x01, 0xef, 0x01, 0xef, 0x01, 0xef, 0x01, 0xef, 0x01, 0xef, 0x01,
    0xef, 0x01, 0xef, 0x01, 0xef, 0x01, 0xef, 0x01, 0xef, 0x01, 0xef, 0x01,
    0xef, 0x01, 0xef, 0x01, 0xef, 0x01, 0xef, 0x01, 0xef, 0x01, 0xef, 0x01,
    0xef, 0x01, 0xef, 0x01, 0xef, 0x01, 0xef, 0x01, 0xef, 0x01, 0xef, 0x01,
    0xef, 0x01, 0xef, 0x01, 0xef, 0x01, 0xef, 0x01, 0xef, 0x01, 0xef, 0x01,
    0xef, 0x01, 0xef, 0x01, 0xef, 0x01, 0xef, 0x01, 0xef, 0x01, 0xef, 0x01,
    0xef, 0x01, 0xef, 0x01, 0xef, 0x01, 0xef, 0x01, 0xef, 0x01, 0xef, 0x01,
    0xef, 0x01, 0xef, 0x01, 0xef, 0x01, 0xef, 0x01, 0xef, 0x01, 0xef, 0x01,
    0xef, 0x01, 0xef, 0x01, 0xef, 0x01, 0xef, 0x01, 0xef, 0x01, 0xef, 0x01,
    0x10, 0x02, 0xae, 0x01, 0xc6, 0x00, 0x00, 0x00, 0x00, 0x00, 0x00, 0x00,
    0x00, 0x00, 0x00, 0x00, 0x00, 0x00, 0x00, 0x00, 0x00, 0x00, 0x00, 0x00,
    0x00, 0x00, 0x00, 0x00, 0x00, 0x00, 0x00, 0x00, 0x00, 0x00, 0x00, 0x00,
    0x00, 0x00, 0x00, 0x00, 0x00, 0x00, 0x00, 0x00, 0x00, 0x00, 0x00, 0x00,
    0x00, 0x00, 0x00, 0x00, 0x00, 0x00, 0x00, 0x00, 0x00, 0x00, 0x00, 0x00,
    0x00, 0x00, 0x63, 0x00, 0x49, 0x01, 0xef, 0x01, 0xf0, 0x01, 0xef, 0x01,
    0xef, 0x01, 0xef, 0x01, 0xef, 0x01, 0xef, 0x01, 0xef, 0x01, 0xef, 0x01,
    0xef, 0x01, 0xef, 0x01, 0xef, 0x01, 0xef, 0x01, 0xef, 0x01, 0xef, 0x01,
    0xef, 0x01, 0xef, 0x01, 0xef, 0x01, 0xef, 0x01, 0xef, 0x01, 0xef, 0x01,
    0xef, 0x01, 0xef, 0x01, 0xef, 0x01, 0xef, 0x01, 0xef, 0x01, 0xef, 0x01,
    0xef, 0x01, 0xef, 0x01, 0xef, 0x01, 0xef, 0x01, 0xef, 0x01, 0xef, 0x01,
    0xef, 0x01, 0xef, 0x01, 0xef, 0x01, 0xef, 0x01, 0xef, 0x01, 0xef, 0x01,
    0xef, 0x01, 0xef, 0x01, 0xef, 0x01, 0xef, 0x01, 0xef, 0x01, 0xef, 0x01,
    0xef, 0x01, 0xef, 0x01, 0xef, 0x01, 0xef, 0x01, 0xef, 0x01, 0xef, 0x01,
    0xef, 0x01, 0xef, 0x01, 0xef, 0x01, 0xef, 0x01, 0xef, 0x01, 0xef, 0x01,
    0xef, 0x01, 0xef, 0x01, 0xef, 0x01, 0xef, 0x01, 0xef, 0x01, 0xef, 0x01,
    0xef, 0x01, 0xef, 0x01, 0xef, 0x01, 0xef, 0x01, 0xef, 0x01, 0xef, 0x01,
    0xef, 0x01, 0xef, 0x01, 0xef, 0x01, 0xef, 0x01, 0xef, 0x01, 0xef, 0x01,
    0xef, 0x01, 0xef, 0x01, 0xef, 0x01, 0xef, 0x01, 0xef, 0x01, 0xef, 0x01,
    0xef, 0x01, 0xef, 0x01, 0xef, 0x01, 0xef, 0x01, 0xef, 0x01, 0xef, 0x01,
    0xef, 0x01, 0xef, 0x01, 0xef, 0x01, 0xef, 0x01, 0xef, 0x01, 0xef, 0x01,
    0xef, 0x01, 0xef, 0x01, 0xef, 0x01, 0xef, 0x01, 0xef, 0x01, 0xef, 0x01,
    0xef, 0x01, 0xef, 0x01, 0xef, 0x01, 0xef, 0x01, 0xef, 0x01, 0xef, 0x01,
    0xef, 0x01, 0xef, 0x01, 0xef, 0x01, 0xef, 0x01, 0xef, 0x01, 0xef, 0x01,
    0xef, 0x01, 0xef, 0x01, 0xef, 0x01, 0xef, 0x01, 0xef, 0x01, 0xef, 0x01,
    0xef, 0x01, 0xef, 0x01, 0xef, 0x01, 0xef, 0x01, 0xef, 0x01, 0xef, 0x01,
    0xef, 0x01, 0xef, 0x01, 0xef, 0x01, 0xef, 0x01, 0xef, 0x01, 0xef, 0x01,
    0xef, 0x01, 0xef, 0x01, 0xef, 0x01, 0xef, 0x01, 0xef, 0x01, 0xef, 0x01,
    0xef, 0x01, 0xef, 0x01, 0xef, 0x01, 0xef, 0x01, 0xef, 0x01, 0xef, 0x01,
    0xef, 0x01, 0xef, 0x01, 0xef, 0x01, 0xef, 0x01, 0xef, 0x01, 0xef, 0x01,
    0xef, 0x01, 0xef, 0x01, 0xef, 0x01, 0xef, 0x01, 0xef, 0x01, 0xef, 0x01,
    0xef, 0x01, 0xef, 0x01, 0xef, 0x01, 0xef, 0x01, 0xef, 0x01, 0xef, 0x01,
    0xef, 0x01, 0xef, 0x01, 0xef, 0x01, 0xef, 0x01, 0xef, 0x01, 0xef, 0x01,
    0xef, 0x01, 0xef, 0x01, 0xef, 0x01, 0xef, 0x01, 0xef, 0x01, 0xef, 0x01,
    0xef, 0x01, 0xef, 0x01, 0xef, 0x01, 0xef, 0x01, 0xef, 0x01, 0xef, 0x01,
    0xef, 0x01, 0xef, 0x01, 0xef, 0x01, 0xef, 0x01, 0xef, 0x01, 0xef, 0x01,
    0xef, 0x01, 0xef, 0x01, 0xef, 0x01, 0xef, 0x01, 0xef, 0x01, 0xef, 0x01,
    0xef, 0x01, 0xef, 0x01, 0xef, 0x01, 0xef, 0x01, 0xef, 0x01, 0xef, 0x01,
    0xef, 0x01, 0xef, 0x01, 0xef, 0x01, 0x8c, 0x01, 0x84, 0x00, 0x00, 0x00,
    0x00, 0x00, 0x00, 0x00, 0x00, 0x00, 0x00, 0x00, 0x00, 0x00, 0x00, 0x00,
    0x00, 0x00, 0x00, 0x00, 0x00, 0x00, 0x00, 0x00, 0x00, 0x00, 0x00, 0x00,
    0x00, 0x00, 0x00, 0x00, 0x00, 0x00, 0x00, 0x00, 0x00, 0x00, 0x00, 0x00,
    0x00, 0x00, 0x00, 0x00, 0x00, 0x00, 0x00, 0x00, 0x00, 0x00, 0x00, 0x00,
    0x00, 0x00, 0x00, 0x00, 0x00, 0x00, 0x00, 0x00, 0x42, 0x00, 0x29, 0x01,
    0xce, 0x01, 0xef, 0x01, 0xef, 0x01, 0xef, 0x01, 0xef, 0x01, 0xef, 0x01,
    0xef, 0x01, 0xef, 0x01, 0xef, 0x01, 0xef, 0x01, 0xef, 0x01, 0xef, 0x01,
    0xef, 0x01, 0xef, 0x01, 0xef, 0x01, 0xef, 0x01, 0xef, 0x01, 0xef, 0x01,
    0xef, 0x01, 0xef, 0x01, 0xef, 0x01, 0xef, 0x01, 0xef, 0x01, 0xef, 0x01,
    0xef, 0x01, 0xef, 0x01, 0xef, 0x01, 0xef, 0x01, 0xef, 0x01, 0xef, 0x01,
    0xef, 0x01, 0xef, 0x01, 0xef, 0x01, 0xef, 0x01, 0xef, 0x01, 0xef, 0x01,
    0xef, 0x01, 0xef, 0x01, 0xef, 0x01, 0xef, 0x01, 0xef, 0x01, 0xef, 0x01,
    0xef, 0x01, 0xef, 0x01, 0xef, 0x01, 0xef, 0x01, 0xef, 0x01, 0xef, 0x01,
    0xef, 0x01, 0xef, 0x01, 0xef, 0x01, 0xef, 0x01, 0xef, 0x01, 0xef, 0x01,
    0xef, 0x01, 0xef, 0x01, 0xef, 0x01, 0xef, 0x01, 0xef, 0x01, 0xef, 0x01,
    0xef, 0x01, 0xef, 0x01, 0xef, 0x01, 0xef, 0x01, 0xef, 0x01, 0xef, 0x01,
    0xef, 0x01, 0xef, 0x01, 0xef, 0x01, 0xef, 0x01, 0xef, 0x01, 0xef, 0x01,
    0xef, 0x01, 0xef, 0x01, 0xef, 0x01, 0xef, 0x01, 0xef, 0x01, 0xef, 0x01,
    0xef, 0x01, 0xef, 0x01, 0xef, 0x01, 0xef, 0x01, 0xef, 0x01, 0xef, 0x01,
    0xef, 0x01, 0xef, 0x01, 0xef, 0x01, 0xef, 0x01, 0xef, 0x01, 0xef, 0x01,
    0xef, 0x01, 0xef, 0x01, 0xef, 0x01, 0xef, 0x01, 0xef, 0x01, 0xef, 0x01,
    0xef, 0x01, 0xef, 0x01, 0xef, 0x01, 0xef, 0x01, 0xef, 0x01, 0xef, 0x01,
    0xef, 0x01, 0xef, 0x01, 0xef, 0x01, 0xef, 0x01, 0xef, 0x01, 0xef, 0x01,
    0xef, 0x01, 0xef, 0x01, 0xef, 0x01, 0xef, 0x01, 0xef, 0x01, 0xef, 0x01,
    0xef, 0x01, 0xef, 0x01, 0xef, 0x01, 0xef, 0x01, 0xef, 0x01, 0xef, 0x01,
    0xef, 0x01, 0xef, 0x01, 0xef, 0x01, 0xef, 0x01, 0xef, 0x01, 0xef, 0x01,
    0xef, 0x01, 0xef, 0x01, 0xef, 0x01, 0xef, 0x01, 0xef, 0x01, 0xef, 0x01,
    0xef, 0x01, 0xef, 0x01, 0xef, 0x01, 0xef, 0x01, 0xef, 0x01, 0xef, 0x01,
    0xef, 0x01, 0xef, 0x01, 0xef, 0x01, 0xef, 0x01, 0xef, 0x01, 0xef, 0x01,
    0xef, 0x01, 0xef, 0x01, 0xef, 0x01, 0xef, 0x01, 0xef, 0x01, 0xef, 0x01,
    0xef, 0x01, 0xef, 0x01, 0xef, 0x01, 0xef, 0x01, 0xef, 0x01, 0xef, 0x01,
    0xef, 0x01, 0xef, 0x01, 0xef, 0x01, 0xef, 0x01, 0xef, 0x01, 0xef, 0x01,
    0xef, 0x01, 0xef, 0x01, 0xef, 0x01, 0xef, 0x01, 0xef, 0x01, 0xef, 0x01,
    0xef, 0x01, 0xef, 0x01, 0xef, 0x01, 0xef, 0x01, 0xef, 0x01, 0xef, 0x01,
    0xef, 0x01, 0xef, 0x01, 0xef, 0x01, 0xef, 0x01, 0xef, 0x01, 0xef, 0x01,
    0xef, 0x01, 0xef, 0x01, 0xef, 0x01, 0xef, 0x01, 0xef, 0x01, 0xef, 0x01,
    0xef, 0x01, 0xef, 0x01, 0xef, 0x01, 0xef, 0x01, 0xef, 0x01, 0xef, 0x01,
    0xef, 0x01, 0xef, 0x01, 0xef, 0x01, 0xef, 0x01, 0xef, 0x01, 0x4a, 0x01,
    0x41, 0x00, 0x00, 0x00, 0x00, 0x00, 0x00, 0x00, 0x00, 0x00, 0x00, 0x00,
    0x00, 0x00, 0x00, 0x00, 0x00, 0x00, 0x00, 0x00, 0x00, 0x00, 0x00, 0x00,
    0x00, 0x00, 0x00, 0x00, 0x00, 0x00, 0x00, 0x00, 0x00, 0x00, 0x00, 0x00,
    0x00, 0x00, 0x00, 0x00, 0x00, 0x00, 0x00, 0x00, 0x00, 0x00, 0x00, 0x00,
    0x00, 0x00, 0x00, 0x00, 0x00, 0x00, 0x00, 0x00, 0x00, 0x00, 0x00, 0x00,
    0x00, 0x00, 0x42, 0x00, 0x08, 0x01, 0xce, 0x01, 0xef, 0x01, 0xef, 0x01,
    0xef, 0x01, 0xef, 0x01, 0xef, 0x01, 0xef, 0x01, 0xef, 0x01, 0xef, 0x01,
    0xef, 0x01, 0xef, 0x01, 0xef, 0x01, 0xef, 0x01, 0xef, 0x01, 0xef, 0x01,
    0xef, 0x01, 0xef, 0x01, 0xef, 0x01, 0xef, 0x01, 0xef, 0x01, 0xef, 0x01,
    0xef, 0x01, 0xef, 0x01, 0xef, 0x01, 0xef, 0x01, 0xef, 0x01, 0xef, 0x01,
    0xef, 0x01, 0xef, 0x01, 0xef, 0x01, 0xef, 0x01, 0xef, 0x01, 0xef, 0x01,
    0xef, 0x01, 0xef, 0x01, 0xef, 0x01, 0xef, 0x01, 0xef, 0x01, 0xef, 0x01,
    0xef, 0x01, 0xef, 0x01, 0xef, 0x01, 0xef, 0x01, 0xef, 0x01, 0xef, 0x01,
    0xef, 0x01, 0xef, 0x01, 0xef, 0x01, 0xef, 0x01, 0xef, 0x01, 0xef, 0x01,
    0xef, 0x01, 0xef, 0x01, 0xef, 0x01, 0xef, 0x01, 0xef, 0x01, 0xef, 0x01,
    0xef, 0x01, 0xef, 0x01, 0xef, 0x01, 0xef, 0x01, 0xef, 0x01, 0xef, 0x01,
    0xef, 0x01, 0xef, 0x01, 0xef, 0x01, 0xef, 0x01, 0xef, 0x01, 0xef, 0x01,
    0xef, 0x01, 0xef, 0x01, 0xef, 0x01, 0xef, 0x01, 0xef, 0x01, 0xef, 0x01,
    0xef, 0x01, 0xef, 0x01, 0xef, 0x01, 0xef, 0x01, 0xef, 0x01, 0xef, 0x01,
    0xef, 0x01, 0xef, 0x01, 0xef, 0x01, 0xef, 0x01, 0xef, 0x01, 0xef, 0x01,
    0xef, 0x01, 0xef, 0x01, 0xef, 0x01, 0xef, 0x01, 0xef, 0x01, 0xef, 0x01,
    0xef, 0x01, 0xef, 0x01, 0xef, 0x01, 0xef, 0x01, 0xef, 0x01, 0xef, 0x01,
    0xef, 0x01, 0xef, 0x01, 0xef, 0x01, 0xef, 0x01, 0xef, 0x01, 0xef, 0x01,
    0xef, 0x01, 0xef, 0x01, 0xef, 0x01, 0xef, 0x01, 0xef, 0x01, 0xef, 0x01,
    0xef, 0x01, 0xef, 0x01, 0xef, 0x01, 0xef, 0x01, 0xef, 0x01, 0xef, 0x01,
    0xef, 0x01, 0xef, 0x01, 0xef, 0x01, 0xef, 0x01, 0xef, 0x01, 0xef, 0x01,
    0xef, 0x01, 0xef, 0x01, 0xef, 0x01, 0xef, 0x01, 0xef, 0x01, 0xef, 0x01,
    0xef, 0x01, 0xef, 0x01, 0xef, 0x01, 0xef, 0x01, 0xef, 0x01, 0xef, 0x01,
    0xef, 0x01, 0xef, 0x01, 0xef, 0x01, 0xef, 0x01, 0xef, 0x01, 0xef, 0x01,
    0xef, 0x01, 0xef, 0x01, 0xef, 0x01, 0xef, 0x01, 0xef, 0x01, 0xef, 0x01,
    0xef, 0x01, 0xef, 0x01, 0xef, 0x01, 0xef, 0x01, 0xef, 0x01, 0xef, 0x01,
    0xef, 0x01, 0xef, 0x01, 0xef, 0x01, 0xef, 0x01, 0xef, 0x01, 0xef, 0x01,
    0xef, 0x01, 0xef, 0x01, 0xef, 0x01, 0xef, 0x01, 0xef, 0x01, 0xef, 0x01,
    0xef, 0x01, 0xef, 0x01, 0xef, 0x01, 0xef, 0x01, 0xef, 0x01, 0xef, 0x01,
    0xef, 0x01, 0xef, 0x01, 0xef, 0x01, 0xef, 0x01, 0xef, 0x01, 0xef, 0x01,
    0xef, 0x01, 0xef, 0x01, 0xef, 0x01, 0xef, 0x01, 0xef, 0x01, 0xef, 0x01,
    0xef, 0x01, 0xef, 0x01, 0xef, 0x01, 0xef, 0x01, 0xef, 0x01, 0xef, 0x01,
    0xef, 0x01, 0xef, 0x01, 0xef, 0x01, 0xef, 0x01, 0xef, 0x01, 0xef, 0x01,
    0xce, 0x01, 0xe7, 0x00, 0x00, 0x00, 0x00, 0x00, 0x00, 0x00, 0x00, 0x00,
    0x00, 0x00, 0x00, 0x00, 0x00, 0x00, 0x00, 0x00, 0x00, 0x00, 0x00, 0x00,
    0x00, 0x00, 0x00, 0x00, 0x00, 0x00, 0x00, 0x00, 0x00, 0x00, 0x00, 0x00,
    0x00, 0x00, 0x00, 0x00, 0x00, 0x00, 0x00, 0x00, 0x00, 0x00, 0x00, 0x00,
    0x00, 0x00, 0x00, 0x00, 0x00, 0x00, 0x00, 0x00, 0x00, 0x00, 0x00, 0x00,
    0x00, 0x00, 0x00, 0x00, 0x00, 0x00, 0x00, 0x00, 0x21, 0x00, 0xe7, 0x00,
    0xad, 0x01, 0xef, 0x01, 0xef, 0x01, 0xef, 0x01, 0xef, 0x01, 0xef, 0x01,
    0xef, 0x01, 0xef, 0x01, 0xef, 0x01, 0xef, 0x01, 0xef, 0x01, 0xef, 0x01,
    0xef, 0x01, 0xef, 0x01, 0xef, 0x01, 0xef, 0x01, 0xef, 0x01, 0xef, 0x01,
    0xef, 0x01, 0xef, 0x01, 0xef, 0x01, 0xef, 0x01, 0xef, 0x01, 0xef, 0x01,
    0xef, 0x01, 0xef, 0x01, 0xef, 0x01, 0xef, 0x01, 0xef, 0x01, 0xef, 0x01,
    0xef, 0x01, 0xef, 0x01, 0xef, 0x01, 0xef, 0x01, 0xef, 0x01, 0xef, 0x01,
    0xef, 0x01, 0xef, 0x01, 0xef, 0x01, 0xef, 0x01, 0xef, 0x01, 0xef, 0x01,
    0xef, 0x01, 0xef, 0x01, 0xef, 0x01, 0xef, 0x01, 0xef, 0x01, 0xef, 0x01,
    0xef, 0x01, 0xef, 0x01, 0xef, 0x01, 0xef, 0x01, 0xef, 0x01, 0xef, 0x01,
    0xef, 0x01, 0xef, 0x01, 0xef, 0x01, 0xef, 0x01, 0xef, 0x01, 0xef, 0x01,
    0xef, 0x01, 0xef, 0x01, 0xef, 0x01, 0xef, 0x01, 0xef, 0x01, 0xef, 0x01,
    0xef, 0x01, 0xef, 0x01, 0xef, 0x01, 0xef, 0x01, 0xef, 0x01, 0xef, 0x01,
    0xef, 0x01, 0xef, 0x01, 0xef, 0x01, 0xef, 0x01, 0xef, 0x01, 0xef, 0x01,
    0xef, 0x01, 0xef, 0x01, 0xef, 0x01, 0xef, 0x01, 0xef, 0x01, 0xef, 0x01,
    0xef, 0x01, 0xef, 0x01, 0xef, 0x01, 0xef, 0x01, 0xef, 0x01, 0xef, 0x01,
    0xef, 0x01, 0xef, 0x01, 0xef, 0x01, 0xef, 0x01, 0xef, 0x01, 0xef, 0x01,
    0xef, 0x01, 0xef, 0x01, 0xef, 0x01, 0xef, 0x01, 0xef, 0x01, 0xef, 0x01,
    0xef, 0x01, 0xef, 0x01, 0xef, 0x01, 0xef, 0x01, 0xef, 0x01, 0xef, 0x01,
    0xef, 0x01, 0xef, 0x01, 0xef, 0x01, 0xef, 0x01, 0xef, 0x01, 0xef, 0x01,
    0xef, 0x01, 0xef, 0x01, 0xef, 0x01, 0xef, 0x01, 0xef, 0x01, 0xef, 0x01,
    0xef, 0x01, 0xef, 0x01, 0xef, 0x01, 0xef, 0x01, 0xef, 0x01, 0xef, 0x01,
    0xef, 0x01, 0xef, 0x01, 0xef, 0x01, 0xef, 0x01, 0xef, 0x01, 0xef, 0x01,
    0xef, 0x01, 0xef, 0x01, 0xef, 0x01, 0xef, 0x01, 0xef, 0x01, 0xef, 0x01,
    0xef, 0x01, 0xef, 0x01, 0xef, 0x01, 0xef, 0x01, 0xef, 0x01, 0xef, 0x01,
    0xef, 0x01, 0xef, 0x01, 0xef, 0x01, 0xef, 0x01, 0xef, 0x01, 0xef, 0x01,
    0xef, 0x01, 0xef, 0x01, 0xef, 0x01, 0xef, 0x01, 0xef, 0x01, 0xef, 0x01,
    0xef, 0x01, 0xef, 0x01, 0xef, 0x01, 0xef, 0x01, 0xef, 0x01, 0xef, 0x01,
    0xef, 0x01, 0xef, 0x01, 0xef, 0x01, 0xef, 0x01, 0xef, 0x01, 0xef, 0x01,
    0xef, 0x01, 0xef, 0x01, 0xef, 0x01, 0xef, 0x01, 0xef, 0x01, 0xef, 0x01,
    0xef, 0x01, 0xef, 0x01, 0xef, 0x01, 0xef, 0x01, 0xef, 0x01, 0xef, 0x01,
    0xef, 0x01, 0xef, 0x01, 0xef, 0x01, 0xef, 0x01, 0xef, 0x01, 0xef, 0x01,
    0xef, 0x01, 0xef, 0x01, 0xef, 0x01, 0xef, 0x01, 0xef, 0x01, 0xef, 0x01,
    0xef, 0x01, 0x10, 0x02, 0xad, 0x01, 0x84, 0x00, 0x00, 0x00, 0x00, 0x00,
    0x00, 0x00, 0x00, 0x00, 0x00, 0x00, 0x00, 0x00, 0x00, 0x00, 0x00, 0x00,
    0x00, 0x00, 0x00, 0x00, 0x00, 0x00, 0x00, 0x00, 0x00, 0x00, 0x00, 0x00,
    0x00, 0x00, 0x00, 0x00, 0x00, 0x00, 0x00, 0x00, 0x00, 0x00, 0x00, 0x00,
    0x00, 0x00, 0x00, 0x00, 0x00, 0x00, 0x00, 0x00, 0x00, 0x00, 0x00, 0x00,
    0x00, 0x00, 0x00, 0x00, 0x00, 0x00, 0x00, 0x00, 0x00, 0x00, 0x00, 0x00,
    0x00, 0x00, 0x21, 0x00, 0xc6, 0x00, 0xad, 0x01, 0xef, 0x01, 0xef, 0x01,
    0xef, 0x01, 0xef, 0x01, 0xef, 0x01, 0xef, 0x01, 0xef, 0x01, 0xef, 0x01,
    0xef, 0x01, 0xef, 0x01, 0xef, 0x01, 0xef, 0x01, 0xef, 0x01, 0xef, 0x01,
    0xef, 0x01, 0xef, 0x01, 0xef, 0x01, 0xef, 0x01, 0xef, 0x01, 0xef, 0x01,
    0xef, 0x01, 0xef, 0x01, 0xef, 0x01, 0xef, 0x01, 0xef, 0x01, 0xef, 0x01,
    0xef, 0x01, 0xef, 0x01, 0xef, 0x01, 0xef, 0x01, 0xef, 0x01, 0xef, 0x01,
    0xef, 0x01, 0xef, 0x01, 0xef, 0x01, 0xef, 0x01, 0xef, 0x01, 0xef, 0x01,
    0xef, 0x01, 0xef, 0x01, 0xef, 0x01, 0xef, 0x01, 0xef, 0x01, 0xef, 0x01,
    0xef, 0x01, 0xef, 0x01, 0xef, 0x01, 0xef, 0x01, 0xef, 0x01, 0xef, 0x01,
    0xef, 0x01, 0xef, 0x01, 0xef, 0x01, 0xef, 0x01, 0xef, 0x01, 0xef, 0x01,
    0xef, 0x01, 0xef, 0x01, 0xef, 0x01, 0xef, 0x01, 0xef, 0x01, 0xef, 0x01,
    0xef, 0x01, 0xef, 0x01, 0xef, 0x01, 0xef, 0x01, 0xef, 0x01, 0xef, 0x01,
    0xef, 0x01, 0xef, 0x01, 0xef, 0x01, 0xef, 0x01, 0xef, 0x01, 0xef, 0x01,
    0xef, 0x01, 0xef, 0x01, 0xef, 0x01, 0xef, 0x01, 0xef, 0x01, 0xef, 0x01,
    0xef, 0x01, 0xef, 0x01, 0xef, 0x01, 0xef, 0x01, 0xef, 0x01, 0xef, 0x01,
    0xef, 0x01, 0xef, 0x01, 0xef, 0x01, 0xef, 0x01, 0xef, 0x01, 0xef, 0x01,
    0xef, 0x01, 0xef, 0x01, 0xef, 0x01, 0xef, 0x01, 0xef, 0x01, 0xef, 0x01,
    0xef, 0x01, 0xef, 0x01, 0xef, 0x01, 0xef, 0x01, 0xef, 0x01, 0xef, 0x01,
    0xef, 0x01, 0xef, 0x01, 0xef, 0x01, 0xef, 0x01, 0xef, 0x01, 0xef, 0x01,
    0xef, 0x01, 0xef, 0x01, 0xef, 0x01, 0xef, 0x01, 0xef, 0x01, 0xef, 0x01,
    0xef, 0x01, 0xef, 0x01, 0xef, 0x01, 0xef, 0x01, 0xef, 0x01, 0xef, 0x01,
    0xef, 0x01, 0xef, 0x01, 0xef, 0x01, 0xef, 0x01, 0xef, 0x01, 0xef, 0x01,
    0xef, 0x01, 0xef, 0x01, 0xef, 0x01, 0xef, 0x01, 0xef, 0x01, 0xef, 0x01,
    0xef, 0x01, 0xef, 0x01, 0xef, 0x01, 0xef, 0x01, 0xef, 0x01, 0xef, 0x01,
    0xef, 0x01, 0xef, 0x01, 0xef, 0x01, 0xef, 0x01, 0xef, 0x01, 0xef, 0x01,
    0xef, 0x01, 0xef, 0x01, 0xef, 0x01, 0xef, 0x01, 0xef, 0x01, 0xef, 0x01,
    0xef, 0x01, 0xef, 0x01, 0xef, 0x01, 0xef, 0x01, 0xef, 0x01, 0xef, 0x01,
    0xef, 0x01, 0xef, 0x01, 0xef, 0x01, 0xef, 0x01, 0xef, 0x01, 0xef, 0x01,
    0xef, 0x01, 0xef, 0x01, 0xef, 0x01, 0xef, 0x01, 0xef, 0x01, 0xef, 0x01,
    0xef, 0x01, 0xef, 0x01, 0xef, 0x01, 0xef, 0x01, 0xef, 0x01, 0xef, 0x01,
    0xef, 0x01, 0xef, 0x01, 0xef, 0x01, 0xef, 0x01, 0xef, 0x01, 0xef, 0x01,
    0xef, 0x01, 0xef, 0x01, 0xef, 0x01, 0xef, 0x01, 0xef, 0x01, 0xef, 0x01,
    0xef, 0x01, 0xef, 0x01, 0xef, 0x01, 0xef, 0x01, 0x4b, 0x01, 0x41, 0x00,
    0x00, 0x00, 0x00, 0x00, 0x00, 0x00, 0x00, 0x00, 0x00, 0x00, 0x00, 0x00,
    0x00, 0x00, 0x00, 0x00, 0x00, 0x00, 0x00, 0x00, 0x00, 0x00, 0x00, 0x00,
    0x00, 0x00, 0x00, 0x00, 0x00, 0x00, 0x00, 0x00, 0x00, 0x00, 0x00, 0x00,
    0x00, 0x00, 0x00, 0x00, 0x00, 0x00, 0x00, 0x00, 0x00, 0x00, 0x00, 0x00,
    0x00, 0x00, 0x00, 0x00, 0x00, 0x00, 0x00, 0x00, 0x00, 0x00, 0x00, 0x00,
    0x00, 0x00, 0x00, 0x00, 0x00, 0x00, 0x00, 0x00, 0x21, 0x00, 0xa5, 0x00,
    0x8c, 0x01, 0xef, 0x01, 0xef, 0x01, 0xef, 0x01, 0xef, 0x01, 0xef, 0x01,
    0xef, 0x01, 0xef, 0x01, 0xef, 0x01, 0xef, 0x01, 0xef, 0x01, 0xef, 0x01,
    0xef, 0x01, 0xef, 0x01, 0xef, 0x01, 0xef, 0x01, 0xef, 0x01, 0xef, 0x01,
    0xef, 0x01, 0xef, 0x01, 0xef, 0x01, 0xef, 0x01, 0xef, 0x01, 0xef, 0x01,
    0xef, 0x01, 0xef, 0x01, 0xef, 0x01, 0xef, 0x01, 0xef, 0x01, 0xef, 0x01,
    0xef, 0x01, 0xef, 0x01, 0xef, 0x01, 0xef, 0x01, 0xef, 0x01, 0xef, 0x01,
    0xef, 0x01, 0xef, 0x01, 0xef, 0x01, 0xef, 0x01, 0xef, 0x01, 0xef, 0x01,
    0xef, 0x01, 0xef, 0x01, 0xef, 0x01, 0xef, 0x01, 0xef, 0x01, 0xef, 0x01,
    0xef, 0x01, 0xef, 0x01, 0xef, 0x01, 0xef, 0x01, 0xef, 0x01, 0xef, 0x01,
    0xef, 0x01, 0xef, 0x01, 0xef, 0x01, 0xef, 0x01, 0xef, 0x01, 0xef, 0x01,
    0xef, 0x01, 0xef, 0x01, 0xef, 0x01, 0xef, 0x01, 0xef, 0x01, 0xef, 0x01,
    0xef, 0x01, 0xef, 0x01, 0xef, 0x01, 0xef, 0x01, 0xef, 0x01, 0xef, 0x01,
    0xef, 0x01, 0xef, 0x01, 0xef, 0x01, 0xef, 0x01, 0xef, 0x01, 0xef, 0x01,
    0xef, 0x01, 0xef, 0x01, 0xef, 0x01, 0xef, 0x01, 0xef, 0x01, 0xef, 0x01,
    0xef, 0x01, 0xef, 0x01, 0xef, 0x01, 0xef, 0x01, 0xef, 0x01, 0xef, 0x01,
    0xef, 0x01, 0xef, 0x01, 0xef, 0x01, 0xef, 0x01, 0xef, 0x01, 0xef, 0x01,
    0xef, 0x01, 0xef, 0x01, 0xef, 0x01, 0xef, 0x01, 0xef, 0x01, 0xef, 0x01,
    0xef, 0x01, 0xef, 0x01, 0xef, 0x01, 0xef, 0x01, 0xef, 0x01, 0xef, 0x01,
    0xef, 0x01, 0xef, 0x01, 0xef, 0x01, 0xef, 0x01, 0xef, 0x01, 0xef, 0x01,
    0xef, 0x01, 0xef, 0x01, 0xef, 0x01, 0xef, 0x01, 0xef, 0x01, 0xef, 0x01,
    0xef, 0x01, 0xef, 0x01, 0xef, 0x01, 0xef, 0x01, 0xef, 0x01, 0xef, 0x01,
    0xef, 0x01, 0xef, 0x01, 0xef, 0x01, 0xef, 0x01, 0xef, 0x01, 0xef, 0x01,
    0xef, 0x01, 0xef, 0x01, 0xef, 0x01, 0xef, 0x01, 0xef, 0x01, 0xef, 0x01,
    0xef, 0x01, 0xef, 0x01, 0xef, 0x01, 0xef, 0x01, 0xef, 0x01, 0xef, 0x01,
    0xef, 0x01, 0xef, 0x01, 0xef, 0x01, 0xef, 0x01, 0xef, 0x01, 0xef, 0x01,
    0xef, 0x01, 0xef, 0x01, 0xef, 0x01, 0xef, 0x01, 0xef, 0x01, 0xef, 0x01,
    0xef, 0x01, 0xef, 0x01, 0xef, 0x01, 0xef, 0x01, 0xef, 0x01, 0xef, 0x01,
    0xef, 0x01, 0xef, 0x01, 0xef, 0x01, 0xef, 0x01, 0xef, 0x01, 0xef, 0x01,
    0xef, 0x01, 0xef, 0x01, 0xef, 0x01, 0xef, 0x01, 0xef, 0x01, 0xef, 0x01,
    0xef, 0x01, 0xef, 0x01, 0xef, 0x01, 0xef, 0x01, 0xef, 0x01, 0xef, 0x01,
    0xef, 0x01, 0xef, 0x01, 0xef, 0x01, 0xef, 0x01, 0xef, 0x01, 0xef, 0x01,
    0xef, 0x01, 0xef, 0x01, 0xef, 0x01, 0xef, 0x01, 0xf0, 0x01, 0xce, 0x01,
    0xe7, 0x00, 0x00, 0x00, 0x00, 0x00, 0x00, 0x00, 0x00, 0x00, 0x00, 0x00,
    0x00, 0x00, 0x00, 0x00, 0x00, 0x00, 0x00, 0x00, 0x00, 0x00, 0x00, 0x00,
    0x00, 0x00, 0x00, 0x00, 0x00, 0x00, 0x00, 0x00, 0x00, 0x00, 0x00, 0x00,
    0x00, 0x00, 0x00, 0x00, 0x00, 0x00, 0x00, 0x00, 0x00, 0x00, 0x00, 0x00,
    0x00, 0x00, 0x00, 0x00, 0x00, 0x00, 0x00, 0x00, 0x00, 0x00, 0x00, 0x00,
    0x00, 0x00, 0x00, 0x00, 0x00, 0x00, 0x00, 0x00, 0x00, 0x00, 0x00, 0x00,
    0x00, 0x00, 0x00, 0x00, 0x84, 0x00, 0x6b, 0x01, 0xef, 0x01, 0xef, 0x01,
    0xef, 0x01, 0xef, 0x01, 0xef, 0x01, 0xef, 0x01, 0xef, 0x01, 0xef, 0x01,
    0xef, 0x01, 0xef, 0x01, 0xef, 0x01, 0xef, 0x01, 0xef, 0x01, 0xef, 0x01,
    0xef, 0x01, 0xef, 0x01, 0xef, 0x01, 0xef, 0x01, 0xef, 0x01, 0xef, 0x01,
    0xef, 0x01, 0xef, 0x01, 0xef, 0x01, 0xef, 0x01, 0xef, 0x01, 0xef, 0x01,
    0xef, 0x01, 0xef, 0x01, 0xef, 0x01, 0xef, 0x01, 0xef, 0x01, 0xef, 0x01,
    0xef, 0x01, 0xef, 0x01, 0xef, 0x01, 0xef, 0x01, 0xef, 0x01, 0xef, 0x01,
    0xef, 0x01, 0xef, 0x01, 0xef, 0x01, 0xef, 0x01, 0xef, 0x01, 0xef, 0x01,
    0xef, 0x01, 0xef, 0x01, 0xef, 0x01, 0xef, 0x01, 0xef, 0x01, 0xef, 0x01,
    0xef, 0x01, 0xef, 0x01, 0xef, 0x01, 0xef, 0x01, 0xef, 0x01, 0xef, 0x01,
    0xef, 0x01, 0xef, 0x01, 0xef, 0x01, 0xef, 0x01, 0xef, 0x01, 0xef, 0x01,
    0xef, 0x01, 0xef, 0x01, 0xef, 0x01, 0xef, 0x01, 0xef, 0x01, 0xef, 0x01,
    0xef, 0x01, 0xef, 0x01, 0xef, 0x01, 0xef, 0x01, 0xef, 0x01, 0xef, 0x01,
    0xef, 0x01, 0xef, 0x01, 0xef, 0x01, 0xef, 0x01, 0xef, 0x01, 0xef, 0x01,
    0xef, 0x01, 0xef, 0x01, 0xef, 0x01, 0xef, 0x01, 0xef, 0x01, 0xef, 0x01,
    0xef, 0x01, 0xef, 0x01, 0xef, 0x01, 0xef, 0x01, 0xef, 0x01, 0xef, 0x01,
    0xef, 0x01, 0xef, 0x01, 0xef, 0x01, 0xef, 0x01, 0xef, 0x01, 0xef, 0x01,
    0xef, 0x01, 0xef, 0x01, 0xef, 0x01, 0xef, 0x01, 0xef, 0x01, 0xef, 0x01,
    0xef, 0x01, 0xef, 0x01, 0xef, 0x01, 0xef, 0x01, 0xef, 0x01, 0xef, 0x01,
    0xef, 0x01, 0xef, 0x01, 0xef, 0x01, 0xef, 0x01, 0xef, 0x01, 0xef, 0x01,
    0xef, 0x01, 0xef, 0x01, 0xef, 0x01, 0xef, 0x01, 0xef, 0x01, 0xef, 0x01,
    0xef, 0x01, 0xef, 0x01, 0xef, 0x01, 0xef, 0x01, 0xef, 0x01, 0xef, 0x01,
    0xef, 0x01, 0xef, 0x01, 0xef, 0x01, 0xef, 0x01, 0xef, 0x01, 0xef, 0x01,
    0xef, 0x01, 0xef, 0x01, 0xef, 0x01, 0xef, 0x01, 0xef, 0x01, 0xef, 0x01,
    0xef, 0x01, 0xef, 0x01, 0xef, 0x01, 0xef, 0x01, 0xef, 0x01, 0xef, 0x01,
    0xef, 0x01, 0xef, 0x01, 0xef, 0x01, 0xef, 0x01, 0xef, 0x01, 0xef, 0x01,
    0xef, 0x01, 0xef, 0x01, 0xef, 0x01, 0xef, 0x01, 0xef, 0x01, 0xef, 0x01,
    0xef, 0x01, 0xef, 0x01, 0xef, 0x01, 0xef, 0x01, 0xef, 0x01, 0xef, 0x01,
    0xef, 0x01, 0xef, 0x01, 0xef, 0x01, 0xef, 0x01, 0xef, 0x01, 0xef, 0x01,
    0xef, 0x01, 0xef, 0x01, 0xef, 0x01, 0xef, 0x01, 0xef, 0x01, 0xef, 0x01,
    0xef, 0x01, 0xef, 0x01, 0xef, 0x01, 0xef, 0x01, 0xef, 0x01, 0xef, 0x01,
    0xef, 0x01, 0xef, 0x01, 0xef, 0x01, 0xef, 0x01, 0xef, 0x01, 0xef, 0x01,
    0x10, 0x02, 0xac, 0x01, 0x84, 0x00, 0x00, 0x00, 0x00, 0x00, 0x00, 0x00,
    0x00, 0x00, 0x00, 0x00, 0x00, 0x00, 0x00, 0x00, 0x00, 0x00, 0x00, 0x00,
    0x00, 0x00, 0x00, 0x00, 0x00, 0x00, 0x00, 0x00, 0x00, 0x00, 0x00, 0x00,
    0x00, 0x00, 0x00, 0x00, 0x00, 0x00, 0x00, 0x00, 0x00, 0x00, 0x00, 0x00,
    0x00, 0x00, 0x00, 0x00, 0x00, 0x00, 0x00, 0x00, 0x00, 0x00, 0x00, 0x00,
    0x00, 0x00, 0x00, 0x00, 0x00, 0x00, 0x00, 0x00, 0x00, 0x00, 0x00, 0x00,
    0x00, 0x00, 0x00, 0x00, 0x00, 0x00, 0x00, 0x00, 0x00, 0x00, 0x63, 0x00,
    0x29, 0x01, 0xce, 0x01, 0xf0, 0x01, 0xef, 0x01, 0xef, 0x01, 0xef, 0x01,
    0xef, 0x01, 0xef, 0x01, 0xef, 0x01, 0xef, 0x01, 0xef, 0x01, 0xef, 0x01,
    0xef, 0x01, 0xef, 0x01, 0xef, 0x01, 0xef, 0x01, 0xef, 0x01, 0xef, 0x01,
    0xef, 0x01, 0xef, 0x01, 0xef, 0x01, 0xef, 0x01, 0xef, 0x01, 0xef, 0x01,
    0xef, 0x01, 0xef, 0x01, 0xef, 0x01, 0xef, 0x01, 0xef, 0x01, 0xef, 0x01,
    0xef, 0x01, 0xef, 0x01, 0xef, 0x01, 0xef, 0x01, 0xef, 0x01, 0xef, 0x01,
    0xef, 0x01, 0xef, 0x01, 0xef, 0x01, 0xef, 0x01, 0xef, 0x01, 0xef, 0x01,
    0xef, 0x01, 0xef, 0x01, 0xef, 0x01, 0xef, 0x01, 0xef, 0x01, 0xef, 0x01,
    0xef, 0x01, 0xef, 0x01, 0xef, 0x01, 0xef, 0x01, 0xef, 0x01, 0xef, 0x01,
    0xef, 0x01, 0xef, 0x01, 0xef, 0x01, 0xef, 0x01, 0xef, 0x01, 0xef, 0x01,
    0xef, 0x01, 0xef, 0x01, 0xef, 0x01, 0xef, 0x01, 0xef, 0x01, 0xef, 0x01,
    0xef, 0x01, 0xef, 0x01, 0xef, 0x01, 0xef, 0x01, 0xef, 0x01, 0xef, 0x01,
    0xef, 0x01, 0xef, 0x01, 0xef, 0x01, 0xef, 0x01, 0xef, 0x01, 0xef, 0x01,
    0xef, 0x01, 0xef, 0x01, 0xef, 0x01, 0xef, 0x01, 0xef, 0x01, 0xef, 0x01,
    0xef, 0x01, 0xef, 0x01, 0xef, 0x01, 0xef, 0x01, 0xef, 0x01, 0xef, 0x01,
    0xef, 0x01, 0xef, 0x01, 0xef, 0x01, 0xef, 0x01, 0xef, 0x01, 0xef, 0x01,
    0xef, 0x01, 0xef, 0x01, 0xef, 0x01, 0xef, 0x01, 0xef, 0x01, 0xef, 0x01,
    0xef, 0x01, 0xef, 0x01, 0xef, 0x01, 0xef, 0x01, 0xef, 0x01, 0xef, 0x01,
    0xef, 0x01, 0xef, 0x01, 0xef, 0x01, 0xef, 0x01, 0xef, 0x01, 0xef, 0x01,
    0xef, 0x01, 0xef, 0x01, 0xef, 0x01, 0xef, 0x01, 0xef, 0x01, 0xef, 0x01,
    0xef, 0x01, 0xef, 0x01, 0xef, 0x01, 0xef, 0x01, 0xef, 0x01, 0xef, 0x01,
    0xef, 0x01, 0xef, 0x01, 0xef, 0x01, 0xef, 0x01, 0xef, 0x01, 0xef, 0x01,
    0xef, 0x01, 0xef, 0x01, 0xef, 0x01, 0xef, 0x01, 0xef, 0x01, 0xef, 0x01,
    0xef, 0x01, 0xef, 0x01, 0xef, 0x01, 0xef, 0x01, 0xef, 0x01, 0xef, 0x01,
    0xef, 0x01, 0xef, 0x01, 0xef, 0x01, 0xef, 0x01, 0xef, 0x01, 0xef, 0x01,
    0xef, 0x01, 0xef, 0x01, 0xef, 0x01, 0xef, 0x01, 0xef, 0x01, 0xef, 0x01,
    0xef, 0x01, 0xef, 0x01, 0xef, 0x01, 0xef, 0x01, 0xef, 0x01, 0xef, 0x01,
    0xef, 0x01, 0xef, 0x01, 0xef, 0x01, 0xef, 0x01, 0xef, 0x01, 0xef, 0x01,
    0xef, 0x01, 0xef, 0x01, 0xef, 0x01, 0xef, 0x01, 0xef, 0x01, 0xef, 0x01,
    0xef, 0x01, 0xef, 0x01, 0xef, 0x01, 0xef, 0x01, 0xef, 0x01, 0xef, 0x01,
    0xef, 0x01, 0xef, 0x01, 0xef, 0x01, 0xef, 0x01, 0xef, 0x01, 0xef, 0x01,
    0xef, 0x01, 0xef, 0x01, 0xef, 0x01, 0x4a, 0x01, 0x22, 0x00, 0x00, 0x00,
    0x00, 0x00, 0x00, 0x00, 0x00, 0x00, 0x00, 0x00, 0x00, 0x00, 0x00, 0x00,
    0x00, 0x00, 0x00, 0x00, 0x00, 0x00, 0x00, 0x00, 0x00, 0x00, 0x00, 0x00,
    0x00, 0x00, 0x00, 0x00, 0x00, 0x00, 0x00, 0x00, 0x00, 0x00, 0x00, 0x00,
    0x00, 0x00, 0x00, 0x00, 0x00, 0x00, 0x00, 0x00, 0x00, 0x00, 0x00, 0x00,
    0x00, 0x00, 0x00, 0x00, 0x00, 0x00, 0x00, 0x00, 0x00, 0x00, 0x00, 0x00,
    0x00, 0x00, 0x00, 0x00, 0x00, 0x00, 0x00, 0x00, 0x00, 0x00, 0x00, 0x00,
    0x00, 0x00, 0x00, 0x00, 0x22, 0x00, 0xe7, 0x00, 0xad, 0x01, 0xef, 0x01,
    0xef, 0x01, 0xef, 0x01, 0xef, 0x01, 0xef, 0x01, 0xef, 0x01, 0xef, 0x01,
    0xef, 0x01, 0xef, 0x01, 0xef, 0x01, 0xef, 0x01, 0xef, 0x01, 0xef, 0x01,
    0xef, 0x01, 0xef, 0x01, 0xef, 0x01, 0xef, 0x01, 0xef, 0x01, 0xef, 0x01,
    0xef, 0x01, 0xef, 0x01, 0xef, 0x01, 0xef, 0x01, 0xef, 0x01, 0xef, 0x01,
    0xef, 0x01, 0xef, 0x01, 0xef, 0x01, 0xef, 0x01, 0xef, 0x01, 0xef, 0x01,
    0xef, 0x01, 0xef, 0x01, 0xef, 0x01, 0xef, 0x01, 0xef, 0x01, 0xef, 0x01,
    0xef, 0x01, 0xef, 0x01, 0xef, 0x01, 0xef, 0x01, 0xef, 0x01, 0xef, 0x01,
    0xef, 0x01, 0xef, 0x01, 0xef, 0x01, 0xef, 0x01, 0xef, 0x01, 0xef, 0x01,
    0xef, 0x01, 0xef, 0x01, 0xef, 0x01, 0xef, 0x01, 0xef, 0x01, 0xef, 0x01,
    0xef, 0x01, 0xef, 0x01, 0xef, 0x01, 0xef, 0x01, 0xef, 0x01, 0xef, 0x01,
    0xef, 0x01, 0xef, 0x01, 0xef, 0x01, 0xef, 0x01, 0xef, 0x01, 0xef, 0x01,
    0xef, 0x01, 0xef, 0x01, 0xef, 0x01, 0xef, 0x01, 0xef, 0x01, 0xef, 0x01,
    0xef, 0x01, 0xef, 0x01, 0xef, 0x01, 0xef, 0x01, 0xef, 0x01, 0xef, 0x01,
    0xef, 0x01, 0xef, 0x01, 0xef, 0x01, 0xef, 0x01, 0xef, 0x01, 0xef, 0x01,
    0xef, 0x01, 0xef, 0x01, 0xef, 0x01, 0xef, 0x01, 0xef, 0x01, 0xef, 0x01,
    0xef, 0x01, 0xef, 0x01, 0xef, 0x01, 0xef, 0x01, 0xef, 0x01, 0xef, 0x01,
    0xef, 0x01, 0xef, 0x01, 0xef, 0x01, 0xef, 0x01, 0xef, 0x01, 0xef, 0x01,
    0xef, 0x01, 0xef, 0x01, 0xef, 0x01, 0xef, 0x01, 0xef, 0x01, 0xef, 0x01,
    0xef, 0x01, 0xef, 0x01, 0xef, 0x01, 0xef, 0x01, 0xef, 0x01, 0xef, 0x01,
    0xef, 0x01, 0xef, 0x01, 0xef, 0x01, 0xef, 0x01, 0xef, 0x01, 0xef, 0x01,
    0xef, 0x01, 0xef, 0x01, 0xef, 0x01, 0xef, 0x01, 0xef, 0x01, 0xef, 0x01,
    0xef, 0x01, 0xef, 0x01, 0xef, 0x01, 0xef, 0x01, 0xef, 0x01, 0xef, 0x01,
    0xef, 0x01, 0xef, 0x01, 0xef, 0x01, 0xef, 0x01, 0xef, 0x01, 0xef, 0x01,
    0xef, 0x01, 0xef, 0x01, 0xef, 0x01, 0xef, 0x01, 0xef, 0x01, 0xef, 0x01,
    0xef, 0x01, 0xef, 0x01, 0xef, 0x01, 0xef, 0x01, 0xef, 0x01, 0xef, 0x01,
    0xef, 0x01, 0xef, 0x01, 0xef, 0x01, 0xef, 0x01, 0xef, 0x01, 0xef, 0x01,
    0xef, 0x01, 0xef, 0x01, 0xef, 0x01, 0xef, 0x01, 0xef, 0x01, 0xef, 0x01,
    0xef, 0x01, 0xef, 0x01, 0xef, 0x01, 0xef, 0x01, 0xef, 0x01, 0xef, 0x01,
    0xef, 0x01, 0xef, 0x01, 0xef, 0x01, 0xef, 0x01, 0xef, 0x01, 0xef, 0x01,
    0xef, 0x01, 0xef, 0x01, 0xef, 0x01, 0xef, 0x01, 0xef, 0x01, 0xef, 0x01,
    0xef, 0x01, 0xef, 0x01, 0xef, 0x01, 0x10, 0x02, 0xce, 0x01, 0xc6, 0x00,
    0x00, 0x00, 0x00, 0x00, 0x00, 0x00, 0x00, 0x00, 0x00, 0x00, 0x00, 0x00,
    0x00, 0x00, 0x00, 0x00, 0x00, 0x00, 0x00, 0x00, 0x00, 0x00, 0x00, 0x00,
    0x00, 0x00, 0x00, 0x00, 0x00, 0x00, 0x00, 0x00, 0x00, 0x00, 0x00, 0x00,
    0x00, 0x00, 0x00, 0x00, 0x00, 0x00, 0x00, 0x00, 0x00, 0x00, 0x00, 0x00,
    0x00, 0x00, 0x00, 0x00, 0x00, 0x00, 0x00, 0x00, 0x00, 0x00, 0x00, 0x00,
    0x00, 0x00, 0x00, 0x00, 0x00, 0x00, 0x00, 0x00, 0x00, 0x00, 0x00, 0x00,
    0x00, 0x00, 0x00, 0x00, 0x00, 0x00, 0x00, 0x00, 0x00, 0x00, 0x21, 0x00,
    0xc6, 0x00, 0x8c, 0x01, 0xef, 0x01, 0xef, 0x01, 0xef, 0x01, 0xef, 0x01,
    0xef, 0x01, 0xef, 0x01, 0xef, 0x01, 0xef, 0x01, 0xef, 0x01, 0xef, 0x01,
    0xef, 0x01, 0xef, 0x01, 0xef, 0x01, 0xef, 0x01, 0xef, 0x01, 0xef, 0x01,
    0xef, 0x01, 0xef, 0x01, 0xef, 0x01, 0xef, 0x01, 0xef, 0x01, 0xef, 0x01,
    0xef, 0x01, 0xef, 0x01, 0xef, 0x01, 0xef, 0x01, 0xef, 0x01, 0xef, 0x01,
    0xef, 0x01, 0xef, 0x01, 0xef, 0x01, 0xef, 0x01, 0xef, 0x01, 0xef, 0x01,
    0xef, 0x01, 0xef, 0x01, 0xef, 0x01, 0xef, 0x01, 0xef, 0x01, 0xef, 0x01,
    0xef, 0x01, 0xef, 0x01, 0xef, 0x01, 0xef, 0x01, 0xef, 0x01, 0xef, 0x01,
    0xef, 0x01, 0xef, 0x01, 0xef, 0x01, 0xef, 0x01, 0xef, 0x01, 0xef, 0x01,
    0xef, 0x01, 0xef, 0x01, 0xef, 0x01, 0xef, 0x01, 0xef, 0x01, 0xef, 0x01,
    0xef, 0x01, 0xef, 0x01, 0xef, 0x01, 0xef, 0x01, 0xef, 0x01, 0xef, 0x01,
    0xef, 0x01, 0xef, 0x01, 0xef, 0x01, 0xef, 0x01, 0xef, 0x01, 0xef, 0x01,
    0xef, 0x01, 0xef, 0x01, 0xef, 0x01, 0xef, 0x01, 0xef, 0x01, 0xef, 0x01,
    0xef, 0x01, 0xef, 0x01, 0xef, 0x01, 0xef, 0x01, 0xef, 0x01, 0xef, 0x01,
    0xef, 0x01, 0xef, 0x01, 0xef, 0x01, 0xef, 0x01, 0xef, 0x01, 0xef, 0x01,
    0xef, 0x01, 0xef, 0x01, 0xef, 0x01, 0xef, 0x01, 0xef, 0x01, 0xef, 0x01,
    0xef, 0x01, 0xef, 0x01, 0xef, 0x01, 0xef, 0x01, 0xef, 0x01, 0xef, 0x01,
    0xef, 0x01, 0xef, 0x01, 0xef, 0x01, 0xef, 0x01, 0xef, 0x01, 0xef, 0x01,
    0xef, 0x01, 0xef, 0x01, 0xef, 0x01, 0xef, 0x01, 0xef, 0x01, 0xef, 0x01,
    0xef, 0x01, 0xef, 0x01, 0xef, 0x01, 0xef, 0x01, 0xef, 0x01, 0xef, 0x01,
    0xef, 0x01, 0xef, 0x01, 0xef, 0x01, 0xef, 0x01, 0xef, 0x01, 0xef, 0x01,
    0xef, 0x01, 0xef, 0x01, 0xef, 0x01, 0xef, 0x01, 0xef, 0x01, 0xef, 0x01,
    0xef, 0x01, 0xef, 0x01, 0xef, 0x01, 0xef, 0x01, 0xef, 0x01, 0xef, 0x01,
    0xef, 0x01, 0xef, 0x01, 0xef, 0x01, 0xef, 0x01, 0xef, 0x01, 0xef, 0x01,
    0xef, 0x01, 0xef, 0x01, 0xef, 0x01, 0xef, 0x01, 0xef, 0x01, 0xef, 0x01,
    0xef, 0x01, 0xef, 0x01, 0xef, 0x01, 0xef, 0x01, 0xef, 0x01, 0xef, 0x01,
    0xef, 0x01, 0xef, 0x01, 0xef, 0x01, 0xef, 0x01, 0xef, 0x01, 0xef, 0x01,
    0xef, 0x01, 0xef, 0x01, 0xef, 0x01, 0xef, 0x01, 0xef, 0x01, 0xef, 0x01,
    0xef, 0x01, 0xef, 0x01, 0xef, 0x01, 0xef, 0x01, 0xef, 0x01, 0xef, 0x01,
    0xef, 0x01, 0xef, 0x01, 0xef, 0x01, 0xef, 0x01, 0xef, 0x01, 0xef, 0x01,
    0xef, 0x01, 0xef, 0x01, 0xef, 0x01, 0xef, 0x01, 0xef, 0x01, 0xf0, 0x01,
    0x8c, 0x01, 0x83, 0x00, 0x00, 0x00, 0x00, 0x00, 0x00, 0x00, 0x00, 0x00,
    0x00, 0x00, 0x00, 0x00, 0x00, 0x00, 0x00, 0x00, 0x00, 0x00, 0x00, 0x00,
    0x00, 0x00, 0x00, 0x00, 0x00, 0x00, 0x00, 0x00, 0x00, 0x00, 0x00, 0x00,
    0x00, 0x00, 0x00, 0x00, 0x00, 0x00, 0x00, 0x00, 0x00, 0x00, 0x00, 0x00,
    0x00, 0x00, 0x00, 0x00, 0x00, 0x00, 0x00, 0x00, 0x00, 0x00, 0x00, 0x00,
    0x00, 0x00, 0x00, 0x00, 0x00, 0x00, 0x00, 0x00, 0x00, 0x00, 0x00, 0x00,
    0x00, 0x00, 0x00, 0x00, 0x00, 0x00, 0x00, 0x00, 0x00, 0x00, 0x00, 0x00,
    0x00, 0x00, 0x00, 0x00, 0x20, 0x00, 0x84, 0x00, 0x4a, 0x01, 0xef, 0x01,
    0xef, 0x01, 0xef, 0x01, 0xef, 0x01, 0xef, 0x01, 0xef, 0x01, 0xef, 0x01,
    0xef, 0x01, 0xef, 0x01, 0xef, 0x01, 0xef, 0x01, 0xef, 0x01, 0xef, 0x01,
    0xef, 0x01, 0xef, 0x01, 0xef, 0x01, 0xef, 0x01, 0xef, 0x01, 0xef, 0x01,
    0xef, 0x01, 0xef, 0x01, 0xef, 0x01, 0xef, 0x01, 0xef, 0x01, 0xef, 0x01,
    0xef, 0x01, 0xef, 0x01, 0xef, 0x01, 0xef, 0x01, 0xef, 0x01, 0xef, 0x01,
    0xef, 0x01, 0xef, 0x01, 0xef, 0x01, 0xef, 0x01, 0xef, 0x01, 0xef, 0x01,
    0xef, 0x01, 0xef, 0x01, 0xef, 0x01, 0xef, 0x01, 0xef, 0x01, 0xef, 0x01,
    0xef, 0x01, 0xef, 0x01, 0xef, 0x01, 0xef, 0x01, 0xef, 0x01, 0xef, 0x01,
    0xef, 0x01, 0xef, 0x01, 0xef, 0x01, 0xef, 0x01, 0xef, 0x01, 0xef, 0x01,
    0xef, 0x01, 0xef, 0x01, 0xef, 0x01, 0xef, 0x01, 0xef, 0x01, 0xef, 0x01,
    0xef, 0x01, 0xef, 0x01, 0xef, 0x01, 0xef, 0x01, 0xef, 0x01, 0xef, 0x01,
    0xef, 0x01, 0xef, 0x01, 0xef, 0x01, 0xef, 0x01, 0xef, 0x01, 0xef, 0x01,
    0xef, 0x01, 0xef, 0x01, 0xef, 0x01, 0xef, 0x01, 0xef, 0x01, 0xef, 0x01,
    0xef, 0x01, 0xef, 0x01, 0xef, 0x01, 0xef, 0x01, 0xef, 0x01, 0xef, 0x01,
    0xef, 0x01, 0xef, 0x01, 0xef, 0x01, 0xef, 0x01, 0xef, 0x01, 0xef, 0x01,
    0xef, 0x01, 0xef, 0x01, 0xef, 0x01, 0xef, 0x01, 0xef, 0x01, 0xef, 0x01,
    0xef, 0x01, 0xef, 0x01, 0xef, 0x01, 0xef, 0x01, 0xef, 0x01, 0xef, 0x01,
    0xef, 0x01, 0xef, 0x01, 0xef, 0x01, 0xef, 0x01, 0xef, 0x01, 0xef, 0x01,
    0xef, 0x01, 0xef, 0x01, 0xef, 0x01, 0xef, 0x01, 0xef, 0x01, 0xef, 0x01,
    0xef, 0x01, 0xef, 0x01, 0xef, 0x01, 0xef, 0x01, 0xef, 0x01, 0xef, 0x01,
    0xef, 0x01, 0xef, 0x01, 0xef, 0x01, 0xef, 0x01, 0xef, 0x01, 0xef, 0x01,
    0xef, 0x01, 0xef, 0x01, 0xef, 0x01, 0xef, 0x01, 0xef, 0x01, 0xef, 0x01,
    0xef, 0x01, 0xef, 0x01, 0xef, 0x01, 0xef, 0x01, 0xef, 0x01, 0xef, 0x01,
    0xef, 0x01, 0xef, 0x01, 0xef, 0x01, 0xef, 0x01, 0xef, 0x01, 0xef, 0x01,
    0xef, 0x01, 0xef, 0x01, 0xef, 0x01, 0xef, 0x01, 0xef, 0x01, 0xef, 0x01,
    0xef, 0x01, 0xef, 0x01, 0xef, 0x01, 0xef, 0x01, 0xef, 0x01, 0xef, 0x01,
    0xef, 0x01, 0xef, 0x01, 0xef, 0x01, 0xef, 0x01, 0xef, 0x01, 0xef, 0x01,
    0xef, 0x01, 0xef, 0x01, 0xef, 0x01, 0xef, 0x01, 0xef, 0x01, 0xef, 0x01,
    0xef, 0x01, 0xef, 0x01, 0xef, 0x01, 0xef, 0x01, 0xef, 0x01, 0xef, 0x01,
    0xef, 0x01, 0xef, 0x01, 0xef, 0x01, 0xef, 0x01, 0xef, 0x01, 0xef, 0x01,
    0xef, 0x01, 0xef, 0x01, 0x29, 0x01, 0x21, 0x00, 0x00, 0x00, 0x00, 0x00,
    0x00, 0x00, 0x00, 0x00, 0x00, 0x00, 0x00, 0x00, 0x00, 0x00, 0x00, 0x00,
    0x00, 0x00, 0x00, 0x00, 0x00, 0x00, 0x00, 0x00, 0x00, 0x00, 0x00, 0x00,
    0x00, 0x00, 0x00, 0x00, 0x00, 0x00, 0x00, 0x00, 0x00, 0x00, 0x00, 0x00,
    0x00, 0x00, 0x00, 0x00, 0x00, 0x00, 0x00, 0x00, 0x00, 0x00, 0x00, 0x00,
    0x00, 0x00, 0x00, 0x00, 0x00, 0x00, 0x00, 0x00, 0x00, 0x00, 0x00, 0x00,
    0x00, 0x00, 0x00, 0x00, 0x00, 0x00, 0x00, 0x00, 0x00, 0x00, 0x00, 0x00,
    0x00, 0x00, 0x00, 0x00, 0x00, 0x00, 0x00, 0x00, 0x00, 0x00, 0x00, 0x00,
    0x63, 0x00, 0x08, 0x01, 0xce, 0x01, 0xf0, 0x01, 0xef, 0x01, 0xef, 0x01,
    0xef, 0x01, 0xef, 0x01, 0xef, 0x01, 0xef, 0x01, 0xef, 0x01, 0xef, 0x01,
    0xef, 0x01, 0xef, 0x01, 0xef, 0x01, 0xef, 0x01, 0xef, 0x01, 0xef, 0x01,
    0xef, 0x01, 0xef, 0x01, 0xef, 0x01, 0xef, 0x01, 0xef, 0x01, 0xef, 0x01,
    0xef, 0x01, 0xef, 0x01, 0xef, 0x01, 0xef, 0x01, 0xef, 0x01, 0xef, 0x01,
    0xef, 0x01, 0xef, 0x01, 0xef, 0x01, 0xef, 0x01, 0xef, 0x01, 0xef, 0x01,
    0xef, 0x01, 0xef, 0x01, 0xef, 0x01, 0xef, 0x01, 0xef, 0x01, 0xef, 0x01,
    0xef, 0x01, 0xef, 0x01, 0xef, 0x01, 0xef, 0x01, 0xef, 0x01, 0xef, 0x01,
    0xef, 0x01, 0xef, 0x01, 0xef, 0x01, 0xef, 0x01, 0xef, 0x01, 0xef, 0x01,
    0xef, 0x01, 0xef, 0x01, 0xef, 0x01, 0xef, 0x01, 0xef, 0x01, 0xef, 0x01,
    0xef, 0x01, 0xef, 0x01, 0xef, 0x01, 0xef, 0x01, 0xef, 0x01, 0xef, 0x01,
    0xef, 0x01, 0xef, 0x01, 0xef, 0x01, 0xef, 0x01, 0xef, 0x01, 0xef, 0x01,
    0xef, 0x01, 0xef, 0x01, 0xef, 0x01, 0xef, 0x01, 0xef, 0x01, 0xef, 0x01,
    0xef, 0x01, 0xef, 0x01, 0xef, 0x01, 0xef, 0x01, 0xef, 0x01, 0xef, 0x01,
    0xef, 0x01, 0xef, 0x01, 0xef, 0x01, 0xef, 0x01, 0xef, 0x01, 0xef, 0x01,
    0xef, 0x01, 0xef, 0x01, 0xef, 0x01, 0xef, 0x01, 0xef, 0x01, 0xef, 0x01,
    0xef, 0x01, 0xef, 0x01, 0xef, 0x01, 0xef, 0x01, 0xef, 0x01, 0xef, 0x01,
    0xef, 0x01, 0xef, 0x01, 0xef, 0x01, 0xef, 0x01, 0xef, 0x01, 0xef, 0x01,
    0xef, 0x01, 0xef, 0x01, 0xef, 0x01, 0xef, 0x01, 0xef, 0x01, 0xef, 0x01,
    0xef, 0x01, 0xef, 0x01, 0xef, 0x01, 0xef, 0x01, 0xef, 0x01, 0xef, 0x01,
    0xef, 0x01, 0xef, 0x01, 0xef, 0x01, 0xef, 0x01, 0xef, 0x01, 0xef, 0x01,
    0xef, 0x01, 0xef, 0x01, 0xef, 0x01, 0xef, 0x01, 0xef, 0x01, 0xef, 0x01,
    0xef, 0x01, 0xef, 0x01, 0xef, 0x01, 0xef, 0x01, 0xef, 0x01, 0xef, 0x01,
    0xef, 0x01, 0xef, 0x01, 0xef, 0x01, 0xef, 0x01, 0xef, 0x01, 0xef, 0x01,
    0xef, 0x01, 0xef, 0x01, 0xef, 0x01, 0xef, 0x01, 0xef, 0x01, 0xef, 0x01,
    0xef, 0x01, 0xef, 0x01, 0xef, 0x01, 0xef, 0x01, 0xef, 0x01, 0xef, 0x01,
    0xef, 0x01, 0xef, 0x01, 0xef, 0x01, 0xef, 0x01, 0xef, 0x01, 0xef, 0x01,
    0xef, 0x01, 0xef, 0x01, 0xef, 0x01, 0xef, 0x01, 0xef, 0x01, 0xef, 0x01,
    0xef, 0x01, 0xef, 0x01, 0xef, 0x01, 0xef, 0x01, 0xef, 0x01, 0xef, 0x01,
    0xef, 0x01, 0xef, 0x01, 0xef, 0x01, 0xef, 0x01, 0xef, 0x01, 0xef, 0x01,
    0xef, 0x01, 0xef, 0x01, 0x10, 0x02, 0xad, 0x01, 0xa5, 0x00, 0x00, 0x00,
    0x00, 0x00, 0x00, 0x00, 0x00, 0x00, 0x00, 0x00, 0x00, 0x00, 0x00, 0x00,
    0x00, 0x00, 0x00, 0x00, 0x00, 0x00, 0x00, 0x00, 0x00, 0x00, 0x00, 0x00,
    0x00, 0x00, 0x00, 0x00, 0x00, 0x00, 0x00, 0x00, 0x00, 0x00, 0x00, 0x00,
    0x00, 0x00, 0x00, 0x00, 0x00, 0x00, 0x00, 0x00, 0x00, 0x00, 0x00, 0x00,
    0x00, 0x00, 0x00, 0x00, 0x00, 0x00, 0x00, 0x00, 0x00, 0x00, 0x00, 0x00,
    0x00, 0x00, 0x00, 0x00, 0x00, 0x00, 0x00, 0x00, 0x00, 0x00, 0x00, 0x00,
    0x00, 0x00, 0x00, 0x00, 0x00, 0x00, 0x00, 0x00, 0x00, 0x00, 0x00, 0x00,
    0x00, 0x00, 0x00, 0x00, 0x00, 0x00, 0x41, 0x00, 0xc6, 0x00, 0x8c, 0x01,
    0xef, 0x01, 0xf0, 0x01, 0xef, 0x01, 0xef, 0x01, 0xef, 0x01, 0xef, 0x01,
    0xef, 0x01, 0xef, 0x01, 0xef, 0x01, 0xef, 0x01, 0xef, 0x01, 0xef, 0x01,
    0xef, 0x01, 0xef, 0x01, 0xef, 0x01, 0xef, 0x01, 0xef, 0x01, 0xef, 0x01,
    0xef, 0x01, 0xef, 0x01, 0xef, 0x01, 0xef, 0x01, 0xef, 0x01, 0xef, 0x01,
    0xef, 0x01, 0xef, 0x01, 0xef, 0x01, 0xef, 0x01, 0xef, 0x01, 0xef, 0x01,
    0xef, 0x01, 0xef, 0x01, 0xef, 0x01, 0xef, 0x01, 0xef, 0x01, 0xef, 0x01,
    0xef, 0x01, 0xef, 0x01, 0xef, 0x01, 0xef, 0x01, 0xef, 0x01, 0xef, 0x01,
    0xef, 0x01, 0xef, 0x01, 0xef, 0x01, 0xef, 0x01, 0xef, 0x01, 0xef, 0x01,
    0xef, 0x01, 0xef, 0x01, 0xef, 0x01, 0xef, 0x01, 0xef, 0x01, 0xef, 0x01,
    0xef, 0x01, 0xef, 0x01, 0xef, 0x01, 0xef, 0x01, 0xef, 0x01, 0xef, 0x01,
    0xef, 0x01, 0xef, 0x01, 0xef, 0x01, 0xef, 0x01, 0xef, 0x01, 0xef, 0x01,
    0xef, 0x01, 0xef, 0x01, 0xef, 0x01, 0xef, 0x01, 0xef, 0x01, 0xef, 0x01,
    0xef, 0x01, 0xef, 0x01, 0xef, 0x01, 0xef, 0x01, 0xef, 0x01, 0xef, 0x01,
    0xef, 0x01, 0xef, 0x01, 0xef, 0x01, 0xef, 0x01, 0xef, 0x01, 0xef, 0x01,
    0xef, 0x01, 0xef, 0x01, 0xef, 0x01, 0xef, 0x01, 0xef, 0x01, 0xef, 0x01,
    0xef, 0x01, 0xef, 0x01, 0xef, 0x01, 0xef, 0x01, 0xef, 0x01, 0xef, 0x01,
    0xef, 0x01, 0xef, 0x01, 0xef, 0x01, 0xef, 0x01, 0xef, 0x01, 0xef, 0x01,
    0xef, 0x01, 0xef, 0x01, 0xef, 0x01, 0xef, 0x01, 0xef, 0x01, 0xef, 0x01,
    0xef, 0x01, 0xef, 0x01, 0xef, 0x01, 0xef, 0x01, 0xef, 0x01, 0xef, 0x01,
    0xef, 0x01, 0xef, 0x01, 0xef, 0x01, 0xef, 0x01, 0xef, 0x01, 0xef, 0x01,
    0xef, 0x01, 0xef, 0x01, 0xef, 0x01, 0xef, 0x01, 0xef, 0x01, 0xef, 0x01,
    0xef, 0x01, 0xef, 0x01, 0xef, 0x01, 0xef, 0x01, 0xef, 0x01, 0xef, 0x01,
    0xef, 0x01, 0xef, 0x01, 0xef, 0x01, 0xef, 0x01, 0xef, 0x01, 0xef, 0x01,
    0xef, 0x01, 0xef, 0x01, 0xef, 0x01, 0xef, 0x01, 0xef, 0x01, 0xef, 0x01,
    0xef, 0x01, 0xef, 0x01, 0xef, 0x01, 0xef, 0x01, 0xef, 0x01, 0xef, 0x01,
    0xef, 0x01, 0xef, 0x01, 0xef, 0x01, 0xef, 0x01, 0xef, 0x01, 0xef, 0x01,
    0xef, 0x01, 0xef, 0x01, 0xef, 0x01, 0xef, 0x01, 0xef, 0x01, 0xef, 0x01,
    0xef, 0x01, 0xef, 0x01, 0xef, 0x01, 0xef, 0x01, 0xef, 0x01, 0xef, 0x01,
    0xef, 0x01, 0xef, 0x01, 0xef, 0x01, 0xef, 0x01, 0xef, 0x01, 0xef, 0x01,
    0xef, 0x01, 0xef, 0x01, 0xef, 0x01, 0xef, 0x01, 0xef, 0x01, 0x4b, 0x01,
    0x42, 0x00, 0x00, 0x00, 0x00, 0x00, 0x00, 0x00, 0x00, 0x00, 0x00, 0x00,
    0x00, 0x00, 0x00, 0x00, 0x00, 0x00, 0x00, 0x00, 0x00, 0x00, 0x00, 0x00,
    0x00, 0x00, 0x00, 0x00, 0x00, 0x00, 0x00, 0x00, 0x00, 0x00, 0x00, 0x00,
    0x00, 0x00, 0x00, 0x00, 0x00, 0x00, 0x00, 0x00, 0x00, 0x00, 0x00, 0x00,
    0x00, 0x00, 0x00, 0x00, 0x00, 0x00, 0x00, 0x00, 0x00, 0x00, 0x00, 0x00,
    0x00, 0x00, 0x00, 0x00, 0x00, 0x00, 0x00, 0x00, 0x00, 0x00, 0x00, 0x00,
    0x00, 0x00, 0x00, 0x00, 0x00, 0x00, 0x00, 0x00, 0x00, 0x00, 0x00, 0x00,
    0x00, 0x00, 0x00, 0x00, 0x00, 0x00, 0x00, 0x00, 0x00, 0x00, 0x00, 0x00,
    0x21, 0x00, 0x84, 0x00, 0x4a, 0x01, 0xef, 0x01, 0x0f, 0x02, 0xef, 0x01,
    0xef, 0x01, 0xef, 0x01, 0xef, 0x01, 0xef, 0x01, 0xef, 0x01, 0xef, 0x01,
    0xef, 0x01, 0xef, 0x01, 0xef, 0x01, 0xef, 0x01, 0xef, 0x01, 0xef, 0x01,
    0xef, 0x01, 0xef, 0x01, 0xef, 0x01, 0xef, 0x01, 0xef, 0x01, 0xef, 0x01,
    0xef, 0x01, 0xef, 0x01, 0xef, 0x01, 0xef, 0x01, 0xef, 0x01, 0xef, 0x01,
    0xef, 0x01, 0xef, 0x01, 0xef, 0x01, 0xef, 0x01, 0xef, 0x01, 0xef, 0x01,
    0xef, 0x01, 0xef, 0x01, 0xef, 0x01, 0xef, 0x01, 0xef, 0x01, 0xef, 0x01,
    0xef, 0x01, 0xef, 0x01, 0xef, 0x01, 0xef, 0x01, 0xef, 0x01, 0xef, 0x01,
    0xef, 0x01, 0xef, 0x01, 0xef, 0x01, 0xef, 0x01, 0xef, 0x01, 0xef, 0x01,
    0xef, 0x01, 0xef, 0x01, 0xef, 0x01, 0xef, 0x01, 0xef, 0x01, 0xef, 0x01,
    0xef, 0x01, 0xef, 0x01, 0xef, 0x01, 0xef, 0x01, 0xef, 0x01, 0xef, 0x01,
    0xef, 0x01, 0xef, 0x01, 0xef, 0x01, 0xef, 0x01, 0xef, 0x01, 0xef, 0x01,
    0xef, 0x01, 0xef, 0x01, 0xef, 0x01, 0xef, 0x01, 0xef, 0x01, 0xef, 0x01,
    0xef, 0x01, 0xef, 0x01, 0xef, 0x01, 0xef, 0x01, 0xef, 0x01, 0xef, 0x01,
    0xef, 0x01, 0xef, 0x01, 0xef, 0x01, 0xef, 0x01, 0xef, 0x01, 0xef, 0x01,
    0xef, 0x01, 0xef, 0x01, 0xef, 0x01, 0xef, 0x01, 0xef, 0x01, 0xef, 0x01,
    0xef, 0x01, 0xef, 0x01, 0xef, 0x01, 0xef, 0x01, 0xef, 0x01, 0xef, 0x01,
    0xef, 0x01, 0xef, 0x01, 0xef, 0x01, 0xef, 0x01, 0xef, 0x01, 0xef, 0x01,
    0xef, 0x01, 0xef, 0x01, 0xef, 0x01, 0xef, 0x01, 0xef, 0x01, 0xef, 0x01,
    0xef, 0x01, 0xef, 0x01, 0xef, 0x01, 0xef, 0x01, 0xef, 0x01, 0xef, 0x01,
    0xef, 0x01, 0xef, 0x01, 0xef, 0x01, 0xef, 0x01, 0xef, 0x01, 0xef, 0x01,
    0xef, 0x01, 0xef, 0x01, 0xef, 0x01, 0xef, 0x01, 0xef, 0x01, 0xef, 0x01,
    0xef, 0x01, 0xef, 0x01, 0xef, 0x01, 0xef, 0x01, 0xef, 0x01, 0xef, 0x01,
    0xef, 0x01, 0xef, 0x01, 0xef, 0x01, 0xef, 0x01, 0xef, 0x01, 0xef, 0x01,
    0xef, 0x01, 0xef, 0x01, 0xef, 0x01, 0xef, 0x01, 0xef, 0x01, 0xef, 0x01,
    0xef, 0x01, 0xef, 0x01, 0xef, 0x01, 0xef, 0x01, 0xef, 0x01, 0xef, 0x01,
    0xef, 0x01, 0xef, 0x01, 0xef, 0x01, 0xef, 0x01, 0xef, 0x01, 0xef, 0x01,
    0xef, 0x01, 0xef, 0x01, 0xef, 0x01, 0xef, 0x01, 0xef, 0x01, 0xef, 0x01,
    0xef, 0x01, 0xef, 0x01, 0xef, 0x01, 0xef, 0x01, 0xef, 0x01, 0xef, 0x01,
    0xef, 0x01, 0xef, 0x01, 0xef, 0x01, 0xef, 0x01, 0xef, 0x01, 0x0f, 0x02,
    0xce, 0x01, 0xc7, 0x00, 0x00, 0x00, 0x00, 0x00, 0x00, 0x00, 0x00, 0x00,
    0x00, 0x00, 0x00, 0x00, 0x00, 0x00, 0x00, 0x00, 0x00, 0x00, 0x00, 0x00,
    0x00, 0x00, 0x00, 0x00, 0x00, 0x00, 0x00, 0x00, 0x00, 0x00, 0x00, 0x00,
    0x00, 0x00, 0x00, 0x00, 0x00, 0x00, 0x00, 0x00, 0x00, 0x00, 0x00, 0x00,
    0x00, 0x00, 0x00, 0x00, 0x00, 0x00, 0x00, 0x00, 0x00, 0x00, 0x00, 0x00,
    0x00, 0x00, 0x00, 0x00, 0x00, 0x00, 0x00, 0x00, 0x00, 0x00, 0x00, 0x00,
    0x00, 0x00, 0x00, 0x00, 0x00, 0x00, 0x00, 0x00, 0x00, 0x00, 0x00, 0x00,
    0x00, 0x00, 0x00, 0x00, 0x00, 0x00, 0x00, 0x00, 0x00, 0x00, 0x00, 0x00,
    0x00, 0x00, 0x00, 0x00, 0x00, 0x00, 0x00, 0x00, 0x42, 0x00, 0x08, 0x01,
    0xad, 0x01, 0xef, 0x01, 0xef, 0x01, 0xef, 0x01, 0xef, 0x01, 0xef, 0x01,
    0xef, 0x01, 0xef, 0x01, 0xef, 0x01, 0xef, 0x01, 0xef, 0x01, 0xef, 0x01,
    0xef, 0x01, 0xef, 0x01, 0xef, 0x01, 0xef, 0x01, 0xef, 0x01, 0xef, 0x01,
    0xef, 0x01, 0xef, 0x01, 0xef, 0x01, 0xef, 0x01, 0xef, 0x01, 0xef, 0x01,
    0xef, 0x01, 0xef, 0x01, 0xef, 0x01, 0xef, 0x01, 0xef, 0x01, 0xef, 0x01,
    0xef, 0x01, 0xef, 0x01, 0xef, 0x01, 0xef, 0x01, 0xef, 0x01, 0xef, 0x01,
    0xef, 0x01, 0xef, 0x01, 0xef, 0x01, 0xef, 0x01, 0xef, 0x01, 0xef, 0x01,
    0xef, 0x01, 0xef, 0x01, 0xef, 0x01, 0xef, 0x01, 0xef, 0x01, 0xef, 0x01,
    0xef, 0x01, 0xef, 0x01, 0xef, 0x01, 0xef, 0x01, 0xef, 0x01, 0xef, 0x01,
    0xef, 0x01, 0xef, 0x01, 0xef, 0x01, 0xef, 0x01, 0xef, 0x01, 0xef, 0x01,
    0xef, 0x01, 0xef, 0x01, 0xef, 0x01, 0xef, 0x01, 0xef, 0x01, 0xef, 0x01,
    0xef, 0x01, 0xef, 0x01, 0xef, 0x01, 0xef, 0x01, 0xef, 0x01, 0xef, 0x01,
    0xef, 0x01, 0xef, 0x01, 0xef, 0x01, 0xef, 0x01, 0xef, 0x01, 0xef, 0x01,
    0xef, 0x01, 0xef, 0x01, 0xef, 0x01, 0xef, 0x01, 0xef, 0x01, 0xef, 0x01,
    0xef, 0x01, 0xef, 0x01, 0xef, 0x01, 0xef, 0x01, 0xef, 0x01, 0xef, 0x01,
    0xef, 0x01, 0xef, 0x01, 0xef, 0x01, 0xef, 0x01, 0xef, 0x01, 0xef, 0x01,
    0xef, 0x01, 0xef, 0x01, 0xef, 0x01, 0xef, 0x01, 0xef, 0x01, 0xef, 0x01,
    0xef, 0x01, 0xef, 0x01, 0xef, 0x01, 0xef, 0x01, 0xef, 0x01, 0xef, 0x01,
    0xef, 0x01, 0xef, 0x01, 0xef, 0x01, 0xef, 0x01, 0xef, 0x01, 0xef, 0x01,
    0xef, 0x01, 0xef, 0x01, 0xef, 0x01, 0xef, 0x01, 0xef, 0x01, 0xef, 0x01,
    0xef, 0x01, 0xef, 0x01, 0xef, 0x01, 0xef, 0x01, 0xef, 0x01, 0xef, 0x01,
    0xef, 0x01, 0xef, 0x01, 0xef, 0x01, 0xef, 0x01, 0xef, 0x01, 0xef, 0x01,
    0xef, 0x01, 0xef, 0x01, 0xef, 0x01, 0xef, 0x01, 0xef, 0x01, 0xef, 0x01,
    0xef, 0x01, 0xef, 0x01, 0xef, 0x01, 0xef, 0x01, 0xef, 0x01, 0xef, 0x01,
    0xef, 0x01, 0xef, 0x01, 0xef, 0x01, 0xef, 0x01, 0xef, 0x01, 0xef, 0x01,
    0xef, 0x01, 0xef, 0x01, 0xef, 0x01, 0xef, 0x01, 0xef, 0x01, 0xef, 0x01,
    0xef, 0x01, 0xef, 0x01, 0xef, 0x01, 0xef, 0x01, 0xef, 0x01, 0xef, 0x01,
    0xef, 0x01, 0xef, 0x01, 0xef, 0x01, 0xef, 0x01, 0xef, 0x01, 0xef, 0x01,
    0xef, 0x01, 0xef, 0x01, 0xef, 0x01, 0xef, 0x01, 0xef, 0x01, 0xef, 0x01,
    0xef, 0x01, 0x10, 0x02, 0x8c, 0x01, 0x63, 0x00, 0x00, 0x00, 0x00, 0x00,
    0x00, 0x00, 0x00, 0x00, 0x00, 0x00, 0x00, 0x00, 0x00, 0x00, 0x00, 0x00,
    0x00, 0x00, 0x00, 0x00, 0x00, 0x00, 0x00, 0x00, 0x00, 0x00, 0x00, 0x00,
    0x00, 0x00, 0x00, 0x00, 0x00, 0x00, 0x00, 0x00, 0x00, 0x00, 0x00, 0x00,
    0x00, 0x00, 0x00, 0x00, 0x00, 0x00, 0x00, 0x00, 0x00, 0x00, 0x00, 0x00,
    0x00, 0x00, 0x00, 0x00, 0x00, 0x00, 0x00, 0x00, 0x00, 0x00, 0x00, 0x00,
    0x00, 0x00, 0x00, 0x00, 0x00, 0x00, 0x00, 0x00, 0x00, 0x00, 0x00, 0x00,
    0x00, 0x00, 0x00, 0x00, 0x00, 0x00, 0x00, 0x00, 0x00, 0x00, 0x00, 0x00,
    0x00, 0x00, 0x00, 0x00, 0x00, 0x00, 0x00, 0x00, 0x00, 0x00, 0x00, 0x00,
    0x00, 0x00, 0x21, 0x00, 0xc6, 0x00, 0x6b, 0x01, 0xef, 0x01, 0xf0, 0x01,
    0xef, 0x01, 0xef, 0x01, 0xef, 0x01, 0xef, 0x01, 0xef, 0x01, 0xef, 0x01,
    0xef, 0x01, 0xef, 0x01, 0xef, 0x01, 0xef, 0x01, 0xef, 0x01, 0xef, 0x01,
    0xef, 0x01, 0xef, 0x01, 0xef, 0x01, 0xef, 0x01, 0xef, 0x01, 0xef, 0x01,
    0xef, 0x01, 0xef, 0x01, 0xef, 0x01, 0xef, 0x01, 0xef, 0x01, 0xef, 0x01,
    0xef, 0x01, 0xef, 0x01, 0xef, 0x01, 0xef, 0x01, 0xef, 0x01, 0xef, 0x01,
    0xef, 0x01, 0xef, 0x01, 0xef, 0x01, 0xef, 0x01, 0xef, 0x01, 0xef, 0x01,
    0xef, 0x01, 0xef, 0x01, 0xef, 0x01, 0xef, 0x01, 0xef, 0x01, 0xef, 0x01,
    0xef, 0x01, 0xef, 0x01, 0xef, 0x01, 0xef, 0x01, 0xef, 0x01, 0xef, 0x01,
    0xef, 0x01, 0xef, 0x01, 0xef, 0x01, 0xef, 0x01, 0xef, 0x01, 0xef, 0x01,
    0xef, 0x01, 0xef, 0x01, 0xef, 0x01, 0xef, 0x01, 0xef, 0x01, 0xef, 0x01,
    0xef, 0x01, 0xef, 0x01, 0xef, 0x01, 0xef, 0x01, 0xef, 0x01, 0xef, 0x01,
    0xef, 0x01, 0xef, 0x01, 0xef, 0x01, 0xef, 0x01, 0xef, 0x01, 0xef, 0x01,
    0xef, 0x01, 0xef, 0x01, 0xef, 0x01, 0xef, 0x01, 0xef, 0x01, 0xef, 0x01,
    0xef, 0x01, 0xef, 0x01, 0xef, 0x01, 0xef, 0x01, 0xef, 0x01, 0xef, 0x01,
    0xef, 0x01, 0xef, 0x01, 0xef, 0x01, 0xef, 0x01, 0xef, 0x01, 0xef, 0x01,
    0xef, 0x01, 0xef, 0x01, 0xef, 0x01, 0xef, 0x01, 0xef, 0x01, 0xef, 0x01,
    0xef, 0x01, 0xef, 0x01, 0xef, 0x01, 0xef, 0x01, 0xef, 0x01, 0xef, 0x01,
    0xef, 0x01, 0xef, 0x01, 0xef, 0x01, 0xef, 0x01, 0xef, 0x01, 0xef, 0x01,
    0xef, 0x01, 0xef, 0x01, 0xef, 0x01, 0xef, 0x01, 0xef, 0x01, 0xef, 0x01,
    0xef, 0x01, 0xef, 0x01, 0xef, 0x01, 0xef, 0x01, 0xef, 0x01, 0xef, 0x01,
    0xef, 0x01, 0xef, 0x01, 0xef, 0x01, 0xef, 0x01, 0xef, 0x01, 0xef, 0x01,
    0xef, 0x01, 0xef, 0x01, 0xef, 0x01, 0xef, 0x01, 0xef, 0x01, 0xef, 0x01,
    0xef, 0x01, 0xef, 0x01, 0xef, 0x01, 0xef, 0x01, 0xef, 0x01, 0xef, 0x01,
    0xef, 0x01, 0xef, 0x01, 0xef, 0x01, 0xef, 0x01, 0xef, 0x01, 0xef, 0x01,
    0xef, 0x01, 0xef, 0x01, 0xef, 0x01, 0xef, 0x01, 0xef, 0x01, 0xef, 0x01,
    0xef, 0x01, 0xef, 0x01, 0xef, 0x01, 0xef, 0x01, 0xef, 0x01, 0xef, 0x01,
    0xef, 0x01, 0xef, 0x01, 0xef, 0x01, 0xef, 0x01, 0xef, 0x01, 0xef, 0x01,
    0xef, 0x01, 0xef, 0x01, 0xef, 0x01, 0xef, 0x01, 0xef, 0x01, 0xef, 0x01,
    0xef, 0x01, 0xef, 0x01, 0xef, 0x01, 0xcf, 0x01, 0x08, 0x01, 0x00, 0x00,
    0x00, 0x00, 0x00, 0x00, 0x00, 0x00, 0x00, 0x00, 0x00, 0x00, 0x00, 0x00,
    0x00, 0x00, 0x00, 0x00, 0x00, 0x00, 0x00, 0x00, 0x00, 0x00, 0x00, 0x00,
    0x00, 0x00, 0x00, 0x00, 0x00, 0x00, 0x00, 0x00, 0x00, 0x00, 0x00, 0x00,
    0x00, 0x00, 0x00, 0x00, 0x00, 0x00, 0x00, 0x00, 0x00, 0x00, 0x00, 0x00,
    0x00, 0x00, 0x00, 0x00, 0x00, 0x00, 0x00, 0x00, 0x00, 0x00, 0x00, 0x00,
    0x00, 0x00, 0x00, 0x00, 0x00, 0x00, 0x00, 0x00, 0x00, 0x00, 0x00, 0x00,
    0x00, 0x00, 0x00, 0x00, 0x00, 0x00, 0x00, 0x00, 0x00, 0x00, 0x00, 0x00,
    0x00, 0x00, 0x00, 0x00, 0x00, 0x00, 0x00, 0x00, 0x00, 0x00, 0x00, 0x00,
    0x00, 0x00, 0x00, 0x00, 0x00, 0x00, 0x00, 0x00, 0x00, 0x00, 0x63, 0x00,
    0x29, 0x01, 0xce, 0x01, 0xf0, 0x01, 0xef, 0x01, 0xef, 0x01, 0xef, 0x01,
    0xef, 0x01, 0xef, 0x01, 0xef, 0x01, 0xef, 0x01, 0xef, 0x01, 0xef, 0x01,
    0xef, 0x01, 0xef, 0x01, 0xef, 0x01, 0xef, 0x01, 0xef, 0x01, 0xef, 0x01,
    0xef, 0x01, 0xef, 0x01, 0xef, 0x01, 0xef, 0x01, 0xef, 0x01, 0xef, 0x01,
    0xef, 0x01, 0xef, 0x01, 0xef, 0x01, 0xef, 0x01, 0xef, 0x01, 0xef, 0x01,
    0xef, 0x01, 0xef, 0x01, 0xef, 0x01, 0xef, 0x01, 0xef, 0x01, 0xef, 0x01,
    0xef, 0x01, 0xef, 0x01, 0xef, 0x01, 0xef, 0x01, 0xef, 0x01, 0xef, 0x01,
    0xef, 0x01, 0xef, 0x01, 0xef, 0x01, 0xef, 0x01, 0xef, 0x01, 0xef, 0x01,
    0xef, 0x01, 0xef, 0x01, 0xef, 0x01, 0xef, 0x01, 0xef, 0x01, 0xef, 0x01,
    0xef, 0x01, 0xef, 0x01, 0xef, 0x01, 0xef, 0x01, 0xef, 0x01, 0xef, 0x01,
    0xef, 0x01, 0xef, 0x01, 0xef, 0x01, 0xef, 0x01, 0xef, 0x01, 0xef, 0x01,
    0xef, 0x01, 0xef, 0x01, 0xef, 0x01, 0xef, 0x01, 0xef, 0x01, 0xef, 0x01,
    0xef, 0x01, 0xef, 0x01, 0xef, 0x01, 0xef, 0x01, 0xef, 0x01, 0xef, 0x01,
    0xef, 0x01, 0xef, 0x01, 0xef, 0x01, 0xef, 0x01, 0xef, 0x01, 0xef, 0x01,
    0xef, 0x01, 0xef, 0x01, 0xef, 0x01, 0xef, 0x01, 0xef, 0x01, 0xef, 0x01,
    0xef, 0x01, 0xef, 0x01, 0xef, 0x01, 0xef, 0x01, 0xef, 0x01, 0xef, 0x01,
    0xef, 0x01, 0xef, 0x01, 0xef, 0x01, 0xef, 0x01, 0xef, 0x01, 0xef, 0x01,
    0xef, 0x01, 0xef, 0x01, 0xef, 0x01, 0xef, 0x01, 0xef, 0x01, 0xef, 0x01,
    0xef, 0x01, 0xef, 0x01, 0xef, 0x01, 0xef, 0x01, 0xef, 0x01, 0xef, 0x01,
    0xef, 0x01, 0xef, 0x01, 0xef, 0x01, 0xef, 0x01, 0xef, 0x01, 0xef, 0x01,
    0xef, 0x01, 0xef, 0x01, 0xef, 0x01, 0xef, 0x01, 0xef, 0x01, 0xef, 0x01,
    0xef, 0x01, 0xef, 0x01, 0xef, 0x01, 0xef, 0x01, 0xef, 0x01, 0xef, 0x01,
    0xef, 0x01, 0xef, 0x01, 0xef, 0x01, 0xef, 0x01, 0xef, 0x01, 0xef, 0x01,
    0xef, 0x01, 0xef, 0x01, 0xef, 0x01, 0xef, 0x01, 0xef, 0x01, 0xef, 0x01,
    0xef, 0x01, 0xef, 0x01, 0xef, 0x01, 0xef, 0x01, 0xef, 0x01, 0xef, 0x01,
    0xef, 0x01, 0xef, 0x01, 0xef, 0x01, 0xef, 0x01, 0xef, 0x01, 0xef, 0x01,
    0xef, 0x01, 0xef, 0x01, 0xef, 0x01, 0xef, 0x01, 0xef, 0x01, 0xef, 0x01,
    0xef, 0x01, 0xef, 0x01, 0xef, 0x01, 0xef, 0x01, 0xef, 0x01, 0xef, 0x01,
    0xef, 0x01, 0xef, 0x01, 0xef, 0x01, 0xef, 0x01, 0x10, 0x02, 0x8c, 0x01,
    0x84, 0x00, 0x00, 0x00, 0x00, 0x00, 0x00, 0x00, 0x00, 0x00, 0x00, 0x00,
    0x00, 0x00, 0x00, 0x00, 0x00, 0x00, 0x00, 0x00, 0x00, 0x00, 0x00, 0x00,
    0x00, 0x00, 0x00, 0x00, 0x00, 0x00, 0x00, 0x00, 0x00, 0x00, 0x00, 0x00,
    0x00, 0x00, 0x00, 0x00, 0x00, 0x00, 0x00, 0x00, 0x00, 0x00, 0x00, 0x00,
    0x00, 0x00, 0x00, 0x00, 0x00, 0x00, 0x00, 0x00, 0x00, 0x00, 0x00, 0x00,
    0x00, 0x00, 0x00, 0x00, 0x00, 0x00, 0x00, 0x00, 0x00, 0x00, 0x00, 0x00,
    0x00, 0x00, 0x00, 0x00, 0x00, 0x00, 0x00, 0x00, 0x00, 0x00, 0x00, 0x00,
    0x00, 0x00, 0x00, 0x00, 0x00, 0x00, 0x00, 0x00, 0x00, 0x00, 0x00, 0x00,
    0x00, 0x00, 0x00, 0x00, 0x00, 0x00, 0x00, 0x00, 0x00, 0x00, 0x00, 0x00,
    0x00, 0x00, 0x00, 0x00, 0x41, 0x00, 0xc6, 0x00, 0x8c, 0x01, 0xef, 0x01,
    0x10, 0x02, 0xef, 0x01, 0xef, 0x01, 0xef, 0x01, 0xef, 0x01, 0xef, 0x01,
    0xef, 0x01, 0xef, 0x01, 0xef, 0x01, 0xef, 0x01, 0xef, 0x01, 0xef, 0x01,
    0xef, 0x01, 0xef, 0x01, 0xef, 0x01, 0xef, 0x01, 0xef, 0x01, 0xef, 0x01,
    0xef, 0x01, 0xef, 0x01, 0xef, 0x01, 0xef, 0x01, 0xef, 0x01, 0xef, 0x01,
    0xef, 0x01, 0xef, 0x01, 0xef, 0x01, 0xef, 0x01, 0xef, 0x01, 0xef, 0x01,
    0xef, 0x01, 0xef, 0x01, 0xef, 0x01, 0xef, 0x01, 0xef, 0x01, 0xef, 0x01,
    0xef, 0x01, 0xef, 0x01, 0xef, 0x01, 0xef, 0x01, 0xef, 0x01, 0xef, 0x01,
    0xef, 0x01, 0xef, 0x01, 0xef, 0x01, 0xef, 0x01, 0xef, 0x01, 0xef, 0x01,
    0xef, 0x01, 0xef, 0x01, 0xef, 0x01, 0xef, 0x01, 0xef, 0x01, 0xef, 0x01,
    0xef, 0x01, 0xef, 0x01, 0xef, 0x01, 0xef, 0x01, 0xef, 0x01, 0xef, 0x01,
    0xef, 0x01, 0xef, 0x01, 0xef, 0x01, 0xef, 0x01, 0xef, 0x01, 0xef, 0x01,
    0xef, 0x01, 0xef, 0x01, 0xef, 0x01, 0xef, 0x01, 0xef, 0x01, 0xef, 0x01,
    0xef, 0x01, 0xef, 0x01, 0xef, 0x01, 0xef, 0x01, 0xef, 0x01, 0xef, 0x01,
    0xef, 0x01, 0xef, 0x01, 0xef, 0x01, 0xef, 0x01, 0xef, 0x01, 0xef, 0x01,
    0xef, 0x01, 0xef, 0x01, 0xef, 0x01, 0xef, 0x01, 0xef, 0x01, 0xef, 0x01,
    0xef, 0x01, 0xef, 0x01, 0xef, 0x01, 0xef, 0x01, 0xef, 0x01, 0xef, 0x01,
    0xef, 0x01, 0xef, 0x01, 0xef, 0x01, 0xef, 0x01, 0xef, 0x01, 0xef, 0x01,
    0xef, 0x01, 0xef, 0x01, 0xef, 0x01, 0xef, 0x01, 0xef, 0x01, 0xef, 0x01,
    0xef, 0x01, 0xef, 0x01, 0xef, 0x01, 0xef, 0x01, 0xef, 0x01, 0xef, 0x01,
    0xef, 0x01, 0xef, 0x01, 0xef, 0x01, 0xef, 0x01, 0xef, 0x01, 0xef, 0x01,
    0xef, 0x01, 0xef, 0x01, 0xef, 0x01, 0xef, 0x01, 0xef, 0x01, 0xef, 0x01,
    0xef, 0x01, 0xef, 0x01, 0xef, 0x01, 0xef, 0x01, 0xef, 0x01, 0xef, 0x01,
    0xef, 0x01, 0xef, 0x01, 0xef, 0x01, 0xef, 0x01, 0xef, 0x01, 0xef, 0x01,
    0xef, 0x01, 0xef, 0x01, 0xef, 0x01, 0xef, 0x01, 0xef, 0x01, 0xef, 0x01,
    0xef, 0x01, 0xef, 0x01, 0xef, 0x01, 0xef, 0x01, 0xef, 0x01, 0xef, 0x01,
    0xef, 0x01, 0xef, 0x01, 0xef, 0x01, 0xef, 0x01, 0xef, 0x01, 0xef, 0x01,
    0xef, 0x01, 0xef, 0x01, 0xef, 0x01, 0xef, 0x01, 0xef, 0x01, 0xef, 0x01,
    0xef, 0x01, 0xef, 0x01, 0xef, 0x01, 0xef, 0x01, 0xef, 0x01, 0xef, 0x01,
    0xef, 0x01, 0x28, 0x01, 0x21, 0x00, 0x00, 0x00, 0x00, 0x00, 0x00, 0x00,
    0x00, 0x00, 0x00, 0x00, 0x00, 0x00, 0x00, 0x00, 0x00, 0x00, 0x00, 0x00,
    0x00, 0x00, 0x00, 0x00, 0x00, 0x00, 0x00, 0x00, 0x00, 0x00, 0x00, 0x00,
    0x00, 0x00, 0x00, 0x00, 0x00, 0x00, 0x00, 0x00, 0x00, 0x00, 0x00, 0x00,
    0x00, 0x00, 0x00, 0x00, 0x00, 0x00, 0x00, 0x00, 0x00, 0x00, 0x00, 0x00,
    0x00, 0x00, 0x00, 0x00, 0x00, 0x00, 0x00, 0x00, 0x00, 0x00, 0x00, 0x00,
    0x00, 0x00, 0x00, 0x00, 0x00, 0x00, 0x00, 0x00, 0x00, 0x00, 0x00, 0x00,
    0x00, 0x00, 0x00, 0x00, 0x00, 0x00, 0x00, 0x00, 0x00, 0x00, 0x00, 0x00,
    0x00, 0x00, 0x00, 0x00, 0x00, 0x00, 0x00, 0x00, 0x00, 0x00, 0x00, 0x00,
    0x00, 0x00, 0x00, 0x00, 0x00, 0x00, 0x00, 0x00, 0x00, 0x00, 0x00, 0x00,
    0x84, 0x00, 0x29, 0x01, 0xce, 0x01, 0xef, 0x01, 0xef, 0x01, 0xef, 0x01,
    0xef, 0x01, 0xef, 0x01, 0xef, 0x01, 0xef, 0x01, 0xef, 0x01, 0xef, 0x01,
    0xef, 0x01, 0xef, 0x01, 0xef, 0x01, 0xef, 0x01, 0xef, 0x01, 0xef, 0x01,
    0xef, 0x01, 0xef, 0x01, 0xef, 0x01, 0xef, 0x01, 0xef, 0x01, 0xef, 0x01,
    0xef, 0x01, 0xef, 0x01, 0xef, 0x01, 0xef, 0x01, 0xef, 0x01, 0xef, 0x01,
    0xef, 0x01, 0xef, 0x01, 0xef, 0x01, 0xef, 0x01, 0xef, 0x01, 0xef, 0x01,
    0xef, 0x01, 0xef, 0x01, 0xef, 0x01, 0xef, 0x01, 0xef, 0x01, 0xef, 0x01,
    0xef, 0x01, 0xef, 0x01, 0xef, 0x01, 0xef, 0x01, 0xef, 0x01, 0xef, 0x01,
    0xef, 0x01, 0xef, 0x01, 0xef, 0x01, 0xef, 0x01, 0xef, 0x01, 0xef, 0x01,
    0xef, 0x01, 0xef, 0x01, 0xef, 0x01, 0xef, 0x01, 0xef, 0x01, 0xef, 0x01,
    0xef, 0x01, 0xef, 0x01, 0xef, 0x01, 0xef, 0x01, 0xef, 0x01, 0xef, 0x01,
    0xef, 0x01, 0xef, 0x01, 0xef, 0x01, 0xef, 0x01, 0xef, 0x01, 0xef, 0x01,
    0xef, 0x01, 0xef, 0x01, 0xef, 0x01, 0xef, 0x01, 0xef, 0x01, 0xef, 0x01,
    0xef, 0x01, 0xef, 0x01, 0xef, 0x01, 0xef, 0x01, 0xef, 0x01, 0xef, 0x01,
    0xef, 0x01, 0xef, 0x01, 0xef, 0x01, 0xef, 0x01, 0xef, 0x01, 0xef, 0x01,
    0xef, 0x01, 0xef, 0x01, 0xef, 0x01, 0xef, 0x01, 0xef, 0x01, 0xef, 0x01,
    0xef, 0x01, 0xef, 0x01, 0xef, 0x01, 0xef, 0x01, 0xef, 0x01, 0xef, 0x01,
    0xef, 0x01, 0xef, 0x01, 0xef, 0x01, 0xef, 0x01, 0xef, 0x01, 0xef, 0x01,
    0xef, 0x01, 0xef, 0x01, 0xef, 0x01, 0xef, 0x01, 0xef, 0x01, 0xef, 0x01,
    0xef, 0x01, 0xef, 0x01, 0xef, 0x01, 0xef, 0x01, 0xef, 0x01, 0xef, 0x01,
    0xef, 0x01, 0xef, 0x01, 0xef, 0x01, 0xef, 0x01, 0xef, 0x01, 0xef, 0x01,
    0xef, 0x01, 0xef, 0x01, 0xef, 0x01, 0xef, 0x01, 0xef, 0x01, 0xef, 0x01,
    0xef, 0x01, 0xef, 0x01, 0xef, 0x01, 0xef, 0x01, 0xef, 0x01, 0xef, 0x01,
    0xef, 0x01, 0xef, 0x01, 0xef, 0x01, 0xef, 0x01, 0xef, 0x01, 0xef, 0x01,
    0xef, 0x01, 0xef, 0x01, 0xef, 0x01, 0xef, 0x01, 0xef, 0x01, 0xef, 0x01,
    0xef, 0x01, 0xef, 0x01, 0xef, 0x01, 0xef, 0x01, 0xef, 0x01, 0xef, 0x01,
    0xef, 0x01, 0xef, 0x01, 0xef, 0x01, 0xef, 0x01, 0xef, 0x01, 0xef, 0x01,
    0xef, 0x01, 0xef, 0x01, 0xef, 0x01, 0xef, 0x01, 0xef, 0x01, 0xef, 0x01,
    0xef, 0x01, 0x10, 0x02, 0x8d, 0x01, 0x84, 0x00, 0x00, 0x00, 0x00, 0x00,
    0x00, 0x00, 0x00, 0x00, 0x00, 0x00, 0x00, 0x00, 0x00, 0x00, 0x00, 0x00,
    0x00, 0x00, 0x00, 0x00, 0x00, 0x00, 0x00, 0x00, 0x00, 0x00, 0x00, 0x00,
    0x00, 0x00, 0x00, 0x00, 0x00, 0x00, 0x00, 0x00, 0x00, 0x00, 0x00, 0x00,
    0x00, 0x00, 0x00, 0x00, 0x00, 0x00, 0x00, 0x00, 0x00, 0x00, 0x00, 0x00,
    0x00, 0x00, 0x00, 0x00, 0x00, 0x00, 0x00, 0x00, 0x00, 0x00, 0x00, 0x00,
    0x00, 0x00, 0x00, 0x00, 0x00, 0x00, 0x00, 0x00, 0x00, 0x00, 0x00, 0x00,
    0x00, 0x00, 0x00, 0x00, 0x00, 0x00, 0x00, 0x00, 0x00, 0x00, 0x00, 0x00,
    0x00, 0x00, 0x00, 0x00, 0x00, 0x00, 0x00, 0x00, 0x00, 0x00, 0x00, 0x00,
    0x00, 0x00, 0x00, 0x00, 0x00, 0x00, 0x00, 0x00, 0x00, 0x00, 0x00, 0x00,
    0x00, 0x00, 0x00, 0x00, 0x00, 0x00, 0x22, 0x00, 0xc6, 0x00, 0x8c, 0x01,
    0xef, 0x01, 0x10, 0x02, 0xef, 0x01, 0xef, 0x01, 0xef, 0x01, 0xef, 0x01,
    0xef, 0x01, 0xef, 0x01, 0xef, 0x01, 0xef, 0x01, 0xef, 0x01, 0xef, 0x01,
    0xef, 0x01, 0xef, 0x01, 0xef, 0x01, 0xef, 0x01, 0xef, 0x01, 0xef, 0x01,
    0xef, 0x01, 0xef, 0x01, 0xef, 0x01, 0xef, 0x01, 0xef, 0x01, 0xef, 0x01,
    0xef, 0x01, 0xef, 0x01, 0xef, 0x01, 0xef, 0x01, 0xef, 0x01, 0xef, 0x01,
    0xef, 0x01, 0xef, 0x01, 0xef, 0x01, 0xef, 0x01, 0xef, 0x01, 0xef, 0x01,
    0xef, 0x01, 0xef, 0x01, 0xef, 0x01, 0xef, 0x01, 0xef, 0x01, 0xef, 0x01,
    0xef, 0x01, 0xef, 0x01, 0xef, 0x01, 0xef, 0x01, 0xef, 0x01, 0xef, 0x01,
    0xef, 0x01, 0xef, 0x01, 0xef, 0x01, 0xef, 0x01, 0xef, 0x01, 0xef, 0x01,
    0xef, 0x01, 0xef, 0x01, 0xef, 0x01, 0xef, 0x01, 0xef, 0x01, 0xef, 0x01,
    0xef, 0x01, 0xef, 0x01, 0xef, 0x01, 0xef, 0x01, 0xef, 0x01, 0xef, 0x01,
    0xef, 0x01, 0xef, 0x01, 0xef, 0x01, 0xef, 0x01, 0xef, 0x01, 0xef, 0x01,
    0xef, 0x01, 0xef, 0x01, 0xef, 0x01, 0xef, 0x01, 0xef, 0x01, 0xef, 0x01,
    0xef, 0x01, 0xef, 0x01, 0xef, 0x01, 0xef, 0x01, 0xef, 0x01, 0xef, 0x01,
    0xef, 0x01, 0xef, 0x01, 0xef, 0x01, 0xef, 0x01, 0xef, 0x01, 0xef, 0x01,
    0xef, 0x01, 0xef, 0x01, 0xef, 0x01, 0xef, 0x01, 0xef, 0x01, 0xef, 0x01,
    0xef, 0x01, 0xef, 0x01, 0xef, 0x01, 0xef, 0x01, 0xef, 0x01, 0xef, 0x01,
    0xef, 0x01, 0xef, 0x01, 0xef, 0x01, 0xef, 0x01, 0xef, 0x01, 0xef, 0x01,
    0xef, 0x01, 0xef, 0x01, 0xef, 0x01, 0xef, 0x01, 0xef, 0x01, 0xef, 0x01,
    0xef, 0x01, 0xef, 0x01, 0xef, 0x01, 0xef, 0x01, 0xef, 0x01, 0xef, 0x01,
    0xef, 0x01, 0xef, 0x01, 0xef, 0x01, 0xef, 0x01, 0xef, 0x01, 0xef, 0x01,
    0xef, 0x01, 0xef, 0x01, 0xef, 0x01, 0xef, 0x01, 0xef, 0x01, 0xef, 0x01,
    0xef, 0x01, 0xef, 0x01, 0xef, 0x01, 0xef, 0x01, 0xef, 0x01, 0xef, 0x01,
    0xef, 0x01, 0xef, 0x01, 0xef, 0x01, 0xef, 0x01, 0xef, 0x01, 0xef, 0x01,
    0xef, 0x01, 0xef, 0x01, 0xef, 0x01, 0xef, 0x01, 0xef, 0x01, 0xef, 0x01,
    0xef, 0x01, 0xef, 0x01, 0xef, 0x01, 0xef, 0x01, 0xef, 0x01, 0xef, 0x01,
    0xef, 0x01, 0xef, 0x01, 0xef, 0x01, 0xef, 0x01, 0xef, 0x01, 0xef, 0x01,
    0xef, 0x01, 0xef, 0x01, 0xef, 0x01, 0xef, 0x01, 0x29, 0x01, 0x21, 0x00,
    0x00, 0x00, 0x00, 0x00, 0x00, 0x00, 0x00, 0x00, 0x00, 0x00, 0x00, 0x00,
    0x00, 0x00, 0x00, 0x00, 0x00, 0x00, 0x00, 0x00, 0x00, 0x00, 0x00, 0x00,
    0x00, 0x00, 0x00, 0x00, 0x00, 0x00, 0x00, 0x00, 0x00, 0x00, 0x00, 0x00,
    0x00, 0x00, 0x00, 0x00, 0x00, 0x00, 0x00, 0x00, 0x00, 0x00, 0x00, 0x00,
    0x00, 0x00, 0x00, 0x00, 0x00, 0x00, 0x00, 0x00, 0x00, 0x00, 0x00, 0x00,
    0x00, 0x00, 0x00, 0x00, 0x00, 0x00, 0x00, 0x00, 0x00, 0x00, 0x00, 0x00,
    0x00, 0x00, 0x00, 0x00, 0x00, 0x00, 0x00, 0x00, 0x00, 0x00, 0x00, 0x00,
    0x00, 0x00, 0x00, 0x00, 0x00, 0x00, 0x00, 0x00, 0x00, 0x00, 0x00, 0x00,
    0x00, 0x00, 0x00, 0x00, 0x00, 0x00, 0x00, 0x00, 0x00, 0x00, 0x00, 0x00,
    0x00, 0x00, 0x00, 0x00, 0x00, 0x00, 0x00, 0x00, 0x00, 0x00, 0x00, 0x00,
    0x00, 0x00, 0x84, 0x00, 0x29, 0x01, 0xad, 0x01, 0xef, 0x01, 0xef, 0x01,
    0xef, 0x01, 0xef, 0x01, 0xef, 0x01, 0xef, 0x01, 0xef, 0x01, 0xef, 0x01,
    0xef, 0x01, 0xef, 0x01, 0xef, 0x01, 0xef, 0x01, 0xef, 0x01, 0xef, 0x01,
    0xef, 0x01, 0xef, 0x01, 0xef, 0x01, 0xef, 0x01, 0xef, 0x01, 0xef, 0x01,
    0xef, 0x01, 0xef, 0x01, 0xef, 0x01, 0xef, 0x01, 0xef, 0x01, 0xef, 0x01,
    0xef, 0x01, 0xef, 0x01, 0xef, 0x01, 0xef, 0x01, 0xef, 0x01, 0xef, 0x01,
    0xef, 0x01, 0xef, 0x01, 0xef, 0x01, 0xef, 0x01, 0xef, 0x01, 0xef, 0x01,
    0xef, 0x01, 0xef, 0x01, 0xef, 0x01, 0xef, 0x01, 0xef, 0x01, 0xef, 0x01,
    0xef, 0x01, 0xef, 0x01, 0xef, 0x01, 0xef, 0x01, 0xef, 0x01, 0xef, 0x01,
    0xef, 0x01, 0xef, 0x01, 0xef, 0x01, 0xef, 0x01, 0xef, 0x01, 0xef, 0x01,
    0xef, 0x01, 0xef, 0x01, 0xef, 0x01, 0xef, 0x01, 0xef, 0x01, 0xef, 0x01,
    0xef, 0x01, 0xef, 0x01, 0xef, 0x01, 0xef, 0x01, 0xef, 0x01, 0xef, 0x01,
    0xef, 0x01, 0xef, 0x01, 0xef, 0x01, 0xef, 0x01, 0xef, 0x01, 0xef, 0x01,
    0xef, 0x01, 0xef, 0x01, 0xef, 0x01, 0xef, 0x01, 0xef, 0x01, 0xef, 0x01,
    0xef, 0x01, 0xef, 0x01, 0xef, 0x01, 0xef, 0x01, 0xef, 0x01, 0xef, 0x01,
    0xef, 0x01, 0xef, 0x01, 0xef, 0x01, 0xef, 0x01, 0xef, 0x01, 0xef, 0x01,
    0xef, 0x01, 0xef, 0x01, 0xef, 0x01, 0xef, 0x01, 0xef, 0x01, 0xef, 0x01,
    0xef, 0x01, 0xef, 0x01, 0xef, 0x01, 0xef, 0x01, 0xef, 0x01, 0xef, 0x01,
    0xef, 0x01, 0xef, 0x01, 0xef, 0x01, 0xef, 0x01, 0xef, 0x01, 0xef, 0x01,
    0xef, 0x01, 0xef, 0x01, 0xef, 0x01, 0xef, 0x01, 0xef, 0x01, 0xef, 0x01,
    0xef, 0x01, 0xef, 0x01, 0xef, 0x01, 0xef, 0x01, 0xef, 0x01, 0xef, 0x01,
    0xef, 0x01, 0xef, 0x01, 0xef, 0x01, 0xef, 0x01, 0xef, 0x01, 0xef, 0x01,
    0xef, 0x01, 0xef, 0x01, 0xef, 0x01, 0xef, 0x01, 0xef, 0x01, 0xef, 0x01,
    0xef, 0x01, 0xef, 0x01, 0xef, 0x01, 0xef, 0x01, 0xef, 0x01, 0xef, 0x01,
    0xef, 0x01, 0xef, 0x01, 0xef, 0x01, 0xef, 0x01, 0xef, 0x01, 0xef, 0x01,
    0xef, 0x01, 0xef, 0x01, 0xef, 0x01, 0xef, 0x01, 0xef, 0x01, 0xef, 0x01,
    0xef, 0x01, 0xef, 0x01, 0xef, 0x01, 0xef, 0x01, 0xef, 0x01, 0xef, 0x01,
    0xef, 0x01, 0xef, 0x01, 0xef, 0x01, 0xef, 0x01, 0xf0, 0x01, 0xac, 0x01,
    0x84, 0x00, 0x00, 0x00, 0x00, 0x00, 0x00, 0x00, 0x00, 0x00, 0x00, 0x00,
    0x00, 0x00, 0x00, 0x00, 0x00, 0x00, 0x00, 0x00, 0x00, 0x00, 0x00, 0x00,
    0x00, 0x00, 0x00, 0x00, 0x00, 0x00, 0x00, 0x00, 0x00, 0x00, 0x00, 0x00,
    0x00, 0x00, 0x00, 0x00, 0x00, 0x00, 0x00, 0x00, 0x00, 0x00, 0x00, 0x00,
    0x00, 0x00, 0x00, 0x00, 0x00, 0x00, 0x00, 0x00, 0x00, 0x00, 0x00, 0x00,
    0x00, 0x00, 0x00, 0x00, 0x00, 0x00, 0x00, 0x00, 0x00, 0x00, 0x00, 0x00,
    0x00, 0x00, 0x00, 0x00, 0x00, 0x00, 0x00, 0x00, 0x00, 0x00, 0x00, 0x00,
    0x00, 0x00, 0x00, 0x00, 0x00, 0x00, 0x00, 0x00, 0x00, 0x00, 0x00, 0x00,
    0x00, 0x00, 0x00, 0x00, 0x00, 0x00, 0x00, 0x00, 0x00, 0x00, 0x00, 0x00,
    0x00, 0x00, 0x00, 0x00, 0x00, 0x00, 0x00, 0x00, 0x00, 0x00, 0x00, 0x00,
    0x00, 0x00, 0x00, 0x00, 0x00, 0x00, 0x00, 0x00, 0x21, 0x00, 0xc6, 0x00,
    0x6b, 0x01, 0xef, 0x01, 0x10, 0x02, 0xef, 0x01, 0xef, 0x01, 0xef, 0x01,
    0xef, 0x01, 0xef, 0x01, 0xef, 0x01, 0xef, 0x01, 0xef, 0x01, 0xef, 0x01,
    0xef, 0x01, 0xef, 0x01, 0xef, 0x01, 0xef, 0x01, 0xef, 0x01, 0xef, 0x01,
    0xef, 0x01, 0xef, 0x01, 0xef, 0x01, 0xef, 0x01, 0xef, 0x01, 0xef, 0x01,
    0xef, 0x01, 0xef, 0x01, 0xef, 0x01, 0xef, 0x01, 0xef, 0x01, 0xef, 0x01,
    0xef, 0x01, 0xef, 0x01, 0xef, 0x01, 0xef, 0x01, 0xef, 0x01, 0xef, 0x01,
    0xef, 0x01, 0xef, 0x01, 0xef, 0x01, 0xef, 0x01, 0xef, 0x01, 0xef, 0x01,
    0xef, 0x01, 0xef, 0x01, 0xef, 0x01, 0xef, 0x01, 0xef, 0x01, 0xef, 0x01,
    0xef, 0x01, 0xef, 0x01, 0xef, 0x01, 0xef, 0x01, 0xef, 0x01, 0xef, 0x01,
    0xef, 0x01, 0xef, 0x01, 0xef, 0x01, 0xef, 0x01, 0xef, 0x01, 0xef, 0x01,
    0xef, 0x01, 0xef, 0x01, 0xef, 0x01, 0xef, 0x01, 0xef, 0x01, 0xef, 0x01,
    0xef, 0x01, 0xef, 0x01, 0xef, 0x01, 0xef, 0x01, 0xef, 0x01, 0xef, 0x01,
    0xef, 0x01, 0xef, 0x01, 0xef, 0x01, 0xef, 0x01, 0xef, 0x01, 0xef, 0x01,
    0xef, 0x01, 0xef, 0x01, 0xef, 0x01, 0xef, 0x01, 0xef, 0x01, 0xef, 0x01,
    0xef, 0x01, 0xef, 0x01, 0xef, 0x01, 0xef, 0x01, 0xef, 0x01, 0xef, 0x01,
    0xef, 0x01, 0xef, 0x01, 0xef, 0x01, 0xef, 0x01, 0xef, 0x01, 0xef, 0x01,
    0xef, 0x01, 0xef, 0x01, 0xef, 0x01, 0xef, 0x01, 0xef, 0x01, 0xef, 0x01,
    0xef, 0x01, 0xef, 0x01, 0xef, 0x01, 0xef, 0x01, 0xef, 0x01, 0xef, 0x01,
    0xef, 0x01, 0xef, 0x01, 0xef, 0x01, 0xef, 0x01, 0xef, 0x01, 0xef, 0x01,
    0xef, 0x01, 0xef, 0x01, 0xef, 0x01, 0xef, 0x01, 0xef, 0x01, 0xef, 0x01,
    0xef, 0x01, 0xef, 0x01, 0xef, 0x01, 0xef, 0x01, 0xef, 0x01, 0xef, 0x01,
    0xef, 0x01, 0xef, 0x01, 0xef, 0x01, 0xef, 0x01, 0xef, 0x01, 0xef, 0x01,
    0xef, 0x01, 0xef, 0x01, 0xef, 0x01, 0xef, 0x01, 0xef, 0x01, 0xef, 0x01,
    0xef, 0x01, 0xef, 0x01, 0xef, 0x01, 0xef, 0x01, 0xef, 0x01, 0xef, 0x01,
    0xef, 0x01, 0xef, 0x01, 0xef, 0x01, 0xef, 0x01, 0xef, 0x01, 0xef, 0x01,
    0xef, 0x01, 0xef, 0x01, 0xef, 0x01, 0xef, 0x01, 0xef, 0x01, 0xef, 0x01,
    0xef, 0x01, 0xef, 0x01, 0xef, 0x01, 0xef, 0x01, 0xef, 0x01, 0xef, 0x01,
    0xef, 0x01, 0x08, 0x01, 0x21, 0x00, 0x00, 0x00, 0x00, 0x00, 0x00, 0x00,
    0x00, 0x00, 0x00, 0x00, 0x00, 0x00, 0x00, 0x00, 0x00, 0x00, 0x00, 0x00,
    0x00, 0x00, 0x00, 0x00, 0x00, 0x00, 0x00, 0x00, 0x00, 0x00, 0x00, 0x00,
    0x00, 0x00, 0x00, 0x00, 0x00, 0x00, 0x00, 0x00, 0x00, 0x00, 0x00, 0x00,
    0x00, 0x00, 0x00, 0x00, 0x00, 0x00, 0x00, 0x00, 0x00, 0x00, 0x00, 0x00,
    0x00, 0x00, 0x00, 0x00, 0x00, 0x00, 0x00, 0x00, 0x00, 0x00, 0x00, 0x00,
    0x00, 0x00, 0x00, 0x00, 0x00, 0x00, 0x00, 0x00, 0x00, 0x00, 0x00, 0x00,
    0x00, 0x00, 0x00, 0x00, 0x00, 0x00, 0x00, 0x00, 0x00, 0x00, 0x00, 0x00,
    0x00, 0x00, 0x00, 0x00, 0x00, 0x00, 0x00, 0x00, 0x00, 0x00, 0x00, 0x00,
    0x00, 0x00, 0x00, 0x00, 0x00, 0x00, 0x00, 0x00, 0x00, 0x00, 0x00, 0x00,
    0x00, 0x00, 0x00, 0x00, 0x00, 0x00, 0x00, 0x00, 0x00, 0x00, 0x00, 0x00,
    0x00, 0x00, 0x00, 0x00, 0x63, 0x00, 0x08, 0x01, 0xad, 0x01, 0xef, 0x01,
    0xef, 0x01, 0xef, 0x01, 0xef, 0x01, 0xef, 0x01, 0xef, 0x01, 0xef, 0x01,
    0xef, 0x01, 0xef, 0x01, 0xef, 0x01, 0xef, 0x01, 0xef, 0x01, 0xef, 0x01,
    0xef, 0x01, 0xef, 0x01, 0xef, 0x01, 0xef, 0x01, 0xef, 0x01, 0xef, 0x01,
    0xef, 0x01, 0xef, 0x01, 0xef, 0x01, 0xef, 0x01, 0xef, 0x01, 0xef, 0x01,
    0xef, 0x01, 0xef, 0x01, 0xef, 0x01, 0xef, 0x01, 0xef, 0x01, 0xef, 0x01,
    0xef, 0x01, 0xef, 0x01, 0xef, 0x01, 0xef, 0x01, 0xef, 0x01, 0xef, 0x01,
    0xef, 0x01, 0xef, 0x01, 0xef, 0x01, 0xef, 0x01, 0xef, 0x01, 0xef, 0x01,
    0xef, 0x01, 0xef, 0x01, 0xef, 0x01, 0xef, 0x01, 0xef, 0x01, 0xef, 0x01,
    0xef, 0x01, 0xef, 0x01, 0xef, 0x01, 0xef, 0x01, 0xef, 0x01, 0xef, 0x01,
    0xef, 0x01, 0xef, 0x01, 0xef, 0x01, 0xef, 0x01, 0xef, 0x01, 0xef, 0x01,
    0xef, 0x01, 0xef, 0x01, 0xef, 0x01, 0xef, 0x01, 0xef, 0x01, 0xef, 0x01,
    0xef, 0x01, 0xef, 0x01, 0xef, 0x01, 0xef, 0x01, 0xef, 0x01, 0xef, 0x01,
    0xef, 0x01, 0xef, 0x01, 0xef, 0x01, 0xef, 0x01, 0xef, 0x01, 0xef, 0x01,
    0xef, 0x01, 0xef, 0x01, 0xef, 0x01, 0xef, 0x01, 0xef, 0x01, 0xef, 0x01,
    0xef, 0x01, 0xef, 0x01, 0xef, 0x01, 0xef, 0x01, 0xef, 0x01, 0xef, 0x01,
    0xef, 0x01, 0xef, 0x01, 0xef, 0x01, 0xef, 0x01, 0xef, 0x01, 0xef, 0x01,
    0xef, 0x01, 0xef, 0x01, 0xef, 0x01, 0xef, 0x01, 0xef, 0x01, 0xef, 0x01,
    0xef, 0x01, 0xef, 0x01, 0xef, 0x01, 0xef, 0x01, 0xef, 0x01, 0xef, 0x01,
    0xef, 0x01, 0xef, 0x01, 0xef, 0x01, 0xef, 0x01, 0xef, 0x01, 0xef, 0x01,
    0xef, 0x01, 0xef, 0x01, 0xef, 0x01, 0xef, 0x01, 0xef, 0x01, 0xef, 0x01,
    0xef, 0x01, 0xef, 0x01, 0xef, 0x01, 0xef, 0x01, 0xef, 0x01, 0xef, 0x01,
    0xef, 0x01, 0xef, 0x01, 0xef, 0x01, 0xef, 0x01, 0xef, 0x01, 0xef, 0x01,
    0xef, 0x01, 0xef, 0x01, 0xef, 0x01, 0xef, 0x01, 0xef, 0x01, 0xef, 0x01,
    0xef, 0x01, 0xef, 0x01, 0xef, 0x01, 0xef, 0x01, 0xef, 0x01, 0xef, 0x01,
    0xef, 0x01, 0xef, 0x01, 0xef, 0x01, 0xef, 0x01, 0xef, 0x01, 0xef, 0x01,
    0xef, 0x01, 0xef, 0x01, 0xef, 0x01, 0xef, 0x01, 0xef, 0x01, 0xef, 0x01,
    0xef, 0x01, 0x10, 0x02, 0x8c, 0x01, 0x84, 0x00, 0x00, 0x00, 0x00, 0x00,
    0x00, 0x00, 0x00, 0x00, 0x00, 0x00, 0x00, 0x00, 0x00, 0x00, 0x00, 0x00,
    0x00, 0x00, 0x00, 0x00, 0x00, 0x00, 0x00, 0x00, 0x00, 0x00, 0x00, 0x00,
    0x00, 0x00, 0x00, 0x00, 0x00, 0x00, 0x00, 0x00, 0x00, 0x00, 0x00, 0x00,
    0x00, 0x00, 0x00, 0x00, 0x00, 0x00, 0x00, 0x00, 0x00, 0x00, 0x00, 0x00,
    0x00, 0x00, 0x00, 0x00, 0x00, 0x00, 0x00, 0x00, 0x00, 0x00, 0x00, 0x00,
    0x00, 0x00, 0x00, 0x00, 0x00, 0x00, 0x00, 0x00, 0x00, 0x00, 0x00, 0x00,
    0x00, 0x00, 0x00, 0x00, 0x00, 0x00, 0x00, 0x00, 0x00, 0x00, 0x00, 0x00,
    0x00, 0x00, 0x00, 0x00, 0x00, 0x00, 0x00, 0x00, 0x00, 0x00, 0x00, 0x00,
    0x00, 0x00, 0x00, 0x00, 0x00, 0x00, 0x00, 0x00, 0x00, 0x00, 0x00, 0x00,
    0x00, 0x00, 0x00, 0x00, 0x00, 0x00, 0x00, 0x00, 0x00, 0x00, 0x00, 0x00,
    0x00, 0x00, 0x00, 0x00, 0x00, 0x00, 0x00, 0x00, 0x00, 0x00, 0x21, 0x00,
    0xa5, 0x00, 0x4a, 0x01, 0xce, 0x01, 0xef, 0x01, 0xef, 0x01, 0xef, 0x01,
    0xef, 0x01, 0xef, 0x01, 0xef, 0x01, 0xef, 0x01, 0xef, 0x01, 0xef, 0x01,
    0xef, 0x01, 0xef, 0x01, 0xef, 0x01, 0xef, 0x01, 0xef, 0x01, 0xef, 0x01,
    0xef, 0x01, 0xef, 0x01, 0xef, 0x01, 0xef, 0x01, 0xef, 0x01, 0xef, 0x01,
    0xef, 0x01, 0xef, 0x01, 0xef, 0x01, 0xef, 0x01, 0xef, 0x01, 0xef, 0x01,
    0xef, 0x01, 0xef, 0x01, 0xef, 0x01, 0xef, 0x01, 0xef, 0x01, 0xef, 0x01,
    0xef, 0x01, 0xef, 0x01, 0xef, 0x01, 0xef, 0x01, 0xef, 0x01, 0xef, 0x01,
    0xef, 0x01, 0xef, 0x01, 0xef, 0x01, 0xef, 0x01, 0xef, 0x01, 0xef, 0x01,
    0xef, 0x01, 0xef, 0x01, 0xef, 0x01, 0xef, 0x01, 0xef, 0x01, 0xef, 0x01,
    0xef, 0x01, 0xef, 0x01, 0xef, 0x01, 0xef, 0x01, 0xef, 0x01, 0xef, 0x01,
    0xef, 0x01, 0xef, 0x01, 0xef, 0x01, 0xef, 0x01, 0xef, 0x01, 0xef, 0x01,
    0xef, 0x01, 0xef, 0x01, 0xef, 0x01, 0xef, 0x01, 0xef, 0x01, 0xef, 0x01,
    0xef, 0x01, 0xef, 0x01, 0xef, 0x01, 0xef, 0x01, 0xef, 0x01, 0xef, 0x01,
    0xef, 0x01, 0xef, 0x01, 0xef, 0x01, 0xef, 0x01, 0xef, 0x01, 0xef, 0x01,
    0xef, 0x01, 0xef, 0x01, 0xef, 0x01, 0xef, 0x01, 0xef, 0x01, 0xef, 0x01,
    0xef, 0x01, 0xef, 0x01, 0xef, 0x01, 0xef, 0x01, 0xef, 0x01, 0xef, 0x01,
    0xef, 0x01, 0xef, 0x01, 0xef, 0x01, 0xef, 0x01, 0xef, 0x01, 0xef, 0x01,
    0xef, 0x01, 0xef, 0x01, 0xef, 0x01, 0xef, 0x01, 0xef, 0x01, 0xef, 0x01,
    0xef, 0x01, 0xef, 0x01, 0xef, 0x01, 0xef, 0x01, 0xef, 0x01, 0xef, 0x01,
    0xef, 0x01, 0xef, 0x01, 0xef, 0x01, 0xef, 0x01, 0xef, 0x01, 0xef, 0x01,
    0xef, 0x01, 0xef, 0x01, 0xef, 0x01, 0xef, 0x01, 0xef, 0x01, 0xef, 0x01,
    0xef, 0x01, 0xef, 0x01, 0xef, 0x01, 0xef, 0x01, 0xef, 0x01, 0xef, 0x01,
    0xef, 0x01, 0xef, 0x01, 0xef, 0x01, 0xef, 0x01, 0xef, 0x01, 0xef, 0x01,
    0xef, 0x01, 0xef, 0x01, 0xef, 0x01, 0xef, 0x01, 0xef, 0x01, 0xef, 0x01,
    0xef, 0x01, 0xef, 0x01, 0xef, 0x01, 0xef, 0x01, 0xef, 0x01, 0xef, 0x01,
    0xef, 0x01, 0xef, 0x01, 0xef, 0x01, 0xef, 0x01, 0xef, 0x01, 0xef, 0x01,
    0xef, 0x01, 0xef, 0x01, 0xef, 0x01, 0xef, 0x01, 0x07, 0x01, 0x21, 0x00,
    0x00, 0x00, 0x00, 0x00, 0x00, 0x00, 0x00, 0x00, 0x00, 0x00, 0x00, 0x00,
    0x00, 0x00, 0x00, 0x00, 0x00, 0x00, 0x00, 0x00, 0x00, 0x00, 0x00, 0x00,
    0x00, 0x00, 0x00, 0x00, 0x00, 0x00, 0x00, 0x00, 0x00, 0x00, 0x00, 0x00,
    0x00, 0x00, 0x00, 0x00, 0x00, 0x00, 0x00, 0x00, 0x00, 0x00, 0x00, 0x00,
    0x00, 0x00, 0x00, 0x00, 0x00, 0x00, 0x00, 0x00, 0x00, 0x00, 0x00, 0x00,
    0x00, 0x00, 0x00, 0x00, 0x00, 0x00, 0x00, 0x00, 0x00, 0x00, 0x00, 0x00,
    0x00, 0x00, 0x00, 0x00, 0x00, 0x00, 0x00, 0x00, 0x00, 0x00, 0x00, 0x00,
    0x00, 0x00, 0x00, 0x00, 0x00, 0x00, 0x00, 0x00, 0x00, 0x00, 0x00, 0x00,
    0x00, 0x00, 0x00, 0x00, 0x00, 0x00, 0x00, 0x00, 0x00, 0x00, 0x00, 0x00,
    0x00, 0x00, 0x00, 0x00, 0x00, 0x00, 0x00, 0x00, 0x00, 0x00, 0x00, 0x00,
    0x00, 0x00, 0x00, 0x00, 0x00, 0x00, 0x00, 0x00, 0x00, 0x00, 0x00, 0x00,
    0x00, 0x00, 0x00, 0x00, 0x00, 0x00, 0x42, 0x00, 0xe7, 0x00, 0x8c, 0x01,
    0xef, 0x01, 0xef, 0x01, 0xef, 0x01, 0xef, 0x01, 0xef, 0x01, 0xef, 0x01,
    0xef, 0x01, 0xef, 0x01, 0xef, 0x01, 0xef, 0x01, 0xef, 0x01, 0xef, 0x01,
    0xef, 0x01, 0xef, 0x01, 0xef, 0x01, 0xef, 0x01, 0xef, 0x01, 0xef, 0x01,
    0xef, 0x01, 0xef, 0x01, 0xef, 0x01, 0xef, 0x01, 0xef, 0x01, 0xef, 0x01,
    0xef, 0x01, 0xef, 0x01, 0xef, 0x01, 0xef, 0x01, 0xef, 0x01, 0xef, 0x01,
    0xef, 0x01, 0xef, 0x01, 0xef, 0x01, 0xef, 0x01, 0xef, 0x01, 0xef, 0x01,
    0xef, 0x01, 0xef, 0x01, 0xef, 0x01, 0xef, 0x01, 0xef, 0x01, 0xef, 0x01,
    0xef, 0x01, 0xef, 0x01, 0xef, 0x01, 0xef, 0x01, 0xef, 0x01, 0xef, 0x01,
    0xef, 0x01, 0xef, 0x01, 0xef, 0x01, 0xef, 0x01, 0xef, 0x01, 0xef, 0x01,
    0xef, 0x01, 0xef, 0x01, 0xef, 0x01, 0xef, 0x01, 0xef, 0x01, 0xef, 0x01,
    0xef, 0x01, 0xef, 0x01, 0xef, 0x01, 0xef, 0x01, 0xef, 0x01, 0xef, 0x01,
    0xef, 0x01, 0xef, 0x01, 0xef, 0x01, 0xef, 0x01, 0xef, 0x01, 0xef, 0x01,
    0xef, 0x01, 0xef, 0x01, 0xef, 0x01, 0xef, 0x01, 0xef, 0x01, 0xef, 0x01,
    0xef, 0x01, 0xef, 0x01, 0xef, 0x01, 0xef, 0x01, 0xef, 0x01, 0xef, 0x01,
    0xef, 0x01, 0xef, 0x01, 0xef, 0x01, 0xef, 0x01, 0xef, 0x01, 0xef, 0x01,
    0xef, 0x01, 0xef, 0x01, 0xef, 0x01, 0xef, 0x01, 0xef, 0x01, 0xef, 0x01,
    0xef, 0x01, 0xef, 0x01, 0xef, 0x01, 0xef, 0x01, 0xef, 0x01, 0xef, 0x01,
    0xef, 0x01, 0xef, 0x01, 0xef, 0x01, 0xef, 0x01, 0xef, 0x01, 0xef, 0x01,
    0xef, 0x01, 0xef, 0x01, 0xef, 0x01, 0xef, 0x01, 0xef, 0x01, 0xef, 0x01,
    0xef, 0x01, 0xef, 0x01, 0xef, 0x01, 0xef, 0x01, 0xef, 0x01, 0xef, 0x01,
    0xef, 0x01, 0xef, 0x01, 0xef, 0x01, 0xef, 0x01, 0xef, 0x01, 0xef, 0x01,
    0xef, 0x01, 0xef, 0x01, 0xef, 0x01, 0xef, 0x01, 0xef, 0x01, 0xef, 0x01,
    0xef, 0x01, 0xef, 0x01, 0xef, 0x01, 0xef, 0x01, 0xef, 0x01, 0xef, 0x01,
    0xef, 0x01, 0xef, 0x01, 0xef, 0x01, 0xef, 0x01, 0xef, 0x01, 0xef, 0x01,
    0xef, 0x01, 0xef, 0x01, 0xef, 0x01, 0xef, 0x01, 0xef, 0x01, 0xef, 0x01,
    0xef, 0x01, 0xef, 0x01, 0xef, 0x01, 0xef, 0x01, 0x10, 0x02, 0x6b, 0x01,
    0x63, 0x00, 0x00, 0x00, 0x00, 0x00, 0x00, 0x00, 0x00, 0x00, 0x00, 0x00,
    0x00, 0x00, 0x00, 0x00, 0x00, 0x00, 0x00, 0x00, 0x00, 0x00, 0x00, 0x00,
    0x00, 0x00, 0x00, 0x00, 0x00, 0x00, 0x00, 0x00, 0x00, 0x00, 0x00, 0x00,
    0x00, 0x00, 0x00, 0x00, 0x00, 0x00, 0x00, 0x00, 0x00, 0x00, 0x00, 0x00,
    0x00, 0x00, 0x00, 0x00, 0x00, 0x00, 0x00, 0x00, 0x00, 0x00, 0x00, 0x00,
    0x00, 0x00, 0x00, 0x00, 0x00, 0x00, 0x00, 0x00, 0x00, 0x00, 0x00, 0x00,
    0x00, 0x00, 0x00, 0x00, 0x00, 0x00, 0x00, 0x00, 0x00, 0x00, 0x00, 0x00,
    0x00, 0x00, 0x00, 0x00, 0x00, 0x00, 0x00, 0x00, 0x00, 0x00, 0x00, 0x00,
    0x00, 0x00, 0x00, 0x00, 0x00, 0x00, 0x00, 0x00, 0x00, 0x00, 0x00, 0x00,
    0x00, 0x00, 0x00, 0x00, 0x00, 0x00, 0x00, 0x00, 0x00, 0x00, 0x00, 0x00,
    0x00, 0x00, 0x00, 0x00, 0x00, 0x00, 0x00, 0x00, 0x00, 0x00, 0x00, 0x00,
    0x00, 0x00, 0x00, 0x00, 0x00, 0x00, 0x00, 0x00, 0x00, 0x00, 0x00, 0x00,
    0x00, 0x00, 0x63, 0x00, 0x29, 0x01, 0xad, 0x01, 0xef, 0x01, 0xef, 0x01,
    0xef, 0x01, 0xef, 0x01, 0xef, 0x01, 0xef, 0x01, 0xef, 0x01, 0xef, 0x01,
    0xef, 0x01, 0xef, 0x01, 0xef, 0x01, 0xef, 0x01, 0xef, 0x01, 0xef, 0x01,
    0xef, 0x01, 0xef, 0x01, 0xef, 0x01, 0xef, 0x01, 0xef, 0x01, 0xef, 0x01,
    0xef, 0x01, 0xef, 0x01, 0xef, 0x01, 0xef, 0x01, 0xef, 0x01, 0xef, 0x01,
    0xef, 0x01, 0xef, 0x01, 0xef, 0x01, 0xef, 0x01, 0xef, 0x01, 0xef, 0x01,
    0xef, 0x01, 0xef, 0x01, 0xef, 0x01, 0xef, 0x01, 0xef, 0x01, 0xef, 0x01,
    0xef, 0x01, 0xef, 0x01, 0xef, 0x01, 0xef, 0x01, 0xef, 0x01, 0xef, 0x01,
    0xef, 0x01, 0xef, 0x01, 0xef, 0x01, 0xef, 0x01, 0xef, 0x01, 0xef, 0x01,
    0xef, 0x01, 0xef, 0x01, 0xef, 0x01, 0xef, 0x01, 0xef, 0x01, 0xef, 0x01,
    0xef, 0x01, 0xef, 0x01, 0xef, 0x01, 0xef, 0x01, 0xef, 0x01, 0xef, 0x01,
    0xef, 0x01, 0xef, 0x01, 0xef, 0x01, 0xef, 0x01, 0xef, 0x01, 0xef, 0x01,
    0xef, 0x01, 0xef, 0x01, 0xef, 0x01, 0xef, 0x01, 0xef, 0x01, 0xef, 0x01,
    0xef, 0x01, 0xef, 0x01, 0xef, 0x01, 0xef, 0x01, 0xef, 0x01, 0xef, 0x01,
    0xef, 0x01, 0xef, 0x01, 0xef, 0x01, 0xef, 0x01, 0xef, 0x01, 0xef, 0x01,
    0xef, 0x01, 0xef, 0x01, 0xef, 0x01, 0xef, 0x01, 0xef, 0x01, 0xef, 0x01,
    0xef, 0x01, 0xef, 0x01, 0xef, 0x01, 0xef, 0x01, 0xef, 0x01, 0xef, 0x01,
    0xef, 0x01, 0xef, 0x01, 0xef, 0x01, 0xef, 0x01, 0xef, 0x01, 0xef, 0x01,
    0xef, 0x01, 0xef, 0x01, 0xef, 0x01, 0xef, 0x01, 0xef, 0x01, 0xef, 0x01,
    0xef, 0x01, 0xef, 0x01, 0xef, 0x01, 0xef, 0x01, 0xef, 0x01, 0xef, 0x01,
    0xef, 0x01, 0xef, 0x01, 0xef, 0x01, 0xef, 0x01, 0xef, 0x01, 0xef, 0x01,
    0xef, 0x01, 0xef, 0x01, 0xef, 0x01, 0xef, 0x01, 0xef, 0x01, 0xef, 0x01,
    0xef, 0x01, 0xef, 0x01, 0xef, 0x01, 0xef, 0x01, 0xef, 0x01, 0xef, 0x01,
    0xef, 0x01, 0xef, 0x01, 0xef, 0x01, 0xef, 0x01, 0xef, 0x01, 0xef, 0x01,
    0xef, 0x01, 0xef, 0x01, 0xef, 0x01, 0xef, 0x01, 0xef, 0x01, 0xef, 0x01,
    0xef, 0x01, 0xef, 0x01, 0xef, 0x01, 0xef, 0x01, 0xef, 0x01, 0xef, 0x01,
    0xce, 0x01, 0xc6, 0x00, 0x00, 0x00, 0x00, 0x00, 0x00, 0x00, 0x00, 0x00,
    0x00, 0x00, 0x00, 0x00, 0x00, 0x00, 0x00, 0x00, 0x00, 0x00, 0x00, 0x00,
    0x00, 0x00, 0x00, 0x00, 0x00, 0x00, 0x00, 0x00, 0x00, 0x00, 0x00, 0x00,
    0x00, 0x00, 0x00, 0x00, 0x00, 0x00, 0x00, 0x00, 0x00, 0x00, 0x00, 0x00,
    0x00, 0x00, 0x00, 0x00, 0x00, 0x00, 0x00, 0x00, 0x00, 0x00, 0x00, 0x00,
    0x00, 0x00, 0x00, 0x00, 0x00, 0x00, 0x00, 0x00, 0x00, 0x00, 0x00, 0x00,
    0x00, 0x00, 0x00, 0x00, 0x00, 0x00, 0x00, 0x00, 0x00, 0x00, 0x00, 0x00,
    0x00, 0x00, 0x00, 0x00, 0x00, 0x00, 0x00, 0x00, 0x00, 0x00, 0x00, 0x00,
    0x00, 0x00, 0x00, 0x00, 0x00, 0x00, 0x00, 0x00, 0x00, 0x00, 0x00, 0x00,
    0x00, 0x00, 0x00, 0x00, 0x00, 0x00, 0x00, 0x00, 0x00, 0x00, 0x00, 0x00,
    0x00, 0x00, 0x00, 0x00, 0x00, 0x00, 0x00, 0x00, 0x00, 0x00, 0x00, 0x00,
    0x00, 0x00, 0x00, 0x00, 0x00, 0x00, 0x00, 0x00, 0x00, 0x00, 0x00, 0x00,
    0x00, 0x00, 0x00, 0x00, 0x00, 0x00, 0x00, 0x00, 0x21, 0x00, 0x84, 0x00,
    0x4a, 0x01, 0xce, 0x01, 0xef, 0x01, 0xef, 0x01, 0xef, 0x01, 0xef, 0x01,
    0xef, 0x01, 0xef, 0x01, 0xef, 0x01, 0xef, 0x01, 0xef, 0x01, 0xef, 0x01,
    0xef, 0x01, 0xef, 0x01, 0xef, 0x01, 0xef, 0x01, 0xef, 0x01, 0xef, 0x01,
    0xef, 0x01, 0xef, 0x01, 0xef, 0x01, 0xef, 0x01, 0xef, 0x01, 0xef, 0x01,
    0xef, 0x01, 0xef, 0x01, 0xef, 0x01, 0xef, 0x01, 0xef, 0x01, 0xef, 0x01,
    0xef, 0x01, 0xef, 0x01, 0xef, 0x01, 0xef, 0x01, 0xef, 0x01, 0xef, 0x01,
    0xef, 0x01, 0xef, 0x01, 0xef, 0x01, 0xef, 0x01, 0xef, 0x01, 0xef, 0x01,
    0xef, 0x01, 0xef, 0x01, 0xef, 0x01, 0xef, 0x01, 0xef, 0x01, 0xef, 0x01,
    0xef, 0x01, 0xef, 0x01, 0xef, 0x01, 0xef, 0x01, 0xef, 0x01, 0xef, 0x01,
    0xef, 0x01, 0xef, 0x01, 0xef, 0x01, 0xef, 0x01, 0xef, 0x01, 0xef, 0x01,
    0xef, 0x01, 0xef, 0x01, 0xef, 0x01, 0xef, 0x01, 0xef, 0x01, 0xef, 0x01,
    0xef, 0x01, 0xef, 0x01, 0xef, 0x01, 0xef, 0x01, 0xef, 0x01, 0xef, 0x01,
    0xef, 0x01, 0xef, 0x01, 0xef, 0x01, 0xef, 0x01, 0xef, 0x01, 0xef, 0x01,
    0xef, 0x01, 0xef, 0x01, 0xef, 0x01, 0xef, 0x01, 0xef, 0x01, 0xef, 0x01,
    0xef, 0x01, 0xef, 0x01, 0xef, 0x01, 0xef, 0x01, 0xef, 0x01, 0xef, 0x01,
    0xef, 0x01, 0xef, 0x01, 0xef, 0x01, 0xef, 0x01, 0xef, 0x01, 0xef, 0x01,
    0xef, 0x01, 0xef, 0x01, 0xef, 0x01, 0xef, 0x01, 0xef, 0x01, 0xef, 0x01,
    0xef, 0x01, 0xef, 0x01, 0xef, 0x01, 0xef, 0x01, 0xef, 0x01, 0xef, 0x01,
    0xef, 0x01, 0xef, 0x01, 0xef, 0x01, 0xef, 0x01, 0xef, 0x01, 0xef, 0x01,
    0xef, 0x01, 0xef, 0x01, 0xef, 0x01, 0xef, 0x01, 0xef, 0x01, 0xef, 0x01,
    0xef, 0x01, 0xef, 0x01, 0xef, 0x01, 0xef, 0x01, 0xef, 0x01, 0xef, 0x01,
    0xef, 0x01, 0xef, 0x01, 0xef, 0x01, 0xef, 0x01, 0xef, 0x01, 0xef, 0x01,
    0xef, 0x01, 0xef, 0x01, 0xef, 0x01, 0xef, 0x01, 0xef, 0x01, 0xef, 0x01,
    0xef, 0x01, 0xef, 0x01, 0xef, 0x01, 0xef, 0x01, 0xef, 0x01, 0xef, 0x01,
    0xef, 0x01, 0xef, 0x01, 0xef, 0x01, 0xef, 0x01, 0xef, 0x01, 0xef, 0x01,
    0xef, 0x01, 0xef, 0x01, 0x4a, 0x01, 0x42, 0x00, 0x00, 0x00, 0x00, 0x00,
    0x00, 0x00, 0x00, 0x00, 0x00, 0x00, 0x00, 0x00, 0x00, 0x00, 0x00, 0x00,
    0x00, 0x00, 0x00, 0x00, 0x00, 0x00, 0x00, 0x00, 0x00, 0x00, 0x00, 0x00,
    0x00, 0x00, 0x00, 0x00, 0x00, 0x00, 0x00, 0x00, 0x00, 0x00, 0x00, 0x00,
    0x00, 0x00, 0x00, 0x00, 0x00, 0x00, 0x00, 0x00, 0x00, 0x00, 0x00, 0x00,
    0x00, 0x00, 0x00, 0x00, 0x00, 0x00, 0x00, 0x00, 0x00, 0x00, 0x00, 0x00,
    0x00, 0x00, 0x00, 0x00, 0x00, 0x00, 0x00, 0x00, 0x00, 0x00, 0x00, 0x00,
    0x00, 0x00, 0x00, 0x00, 0x00, 0x00, 0x00, 0x00, 0x00, 0x00, 0x00, 0x00,
    0x00, 0x00, 0x00, 0x00, 0x00, 0x00, 0x00, 0x00, 0x00, 0x00, 0x00, 0x00,
    0x00, 0x00, 0x00, 0x00, 0x00, 0x00, 0x00, 0x00, 0x00, 0x00, 0x00, 0x00,
    0x00, 0x00, 0x00, 0x00, 0x00, 0x00, 0x00, 0x00, 0x00, 0x00, 0x00, 0x00,
    0x00, 0x00, 0x00, 0x00, 0x00, 0x00, 0x00, 0x00, 0x00, 0x00, 0x00, 0x00,
    0x00, 0x00, 0x00, 0x00, 0x00, 0x00, 0x00, 0x00, 0x00, 0x00, 0x00, 0x00,
    0x00, 0x00, 0x00, 0x00, 0x22, 0x00, 0xc6, 0x00, 0x6b, 0x01, 0xce, 0x01,
    0xef, 0x01, 0xef, 0x01, 0xef, 0x01, 0xef, 0x01, 0xef, 0x01, 0xef, 0x01,
    0xef, 0x01, 0xef, 0x01, 0xef, 0x01, 0xef, 0x01, 0xef, 0x01, 0xef, 0x01,
    0xef, 0x01, 0xef, 0x01, 0xef, 0x01, 0xef, 0x01, 0xef, 0x01, 0xef, 0x01,
    0xef, 0x01, 0xef, 0x01, 0xef, 0x01, 0xef, 0x01, 0xef, 0x01, 0xef, 0x01,
    0xef, 0x01, 0xef, 0x01, 0xef, 0x01, 0xef, 0x01, 0xef, 0x01, 0xef, 0x01,
    0xef, 0x01, 0xef, 0x01, 0xef, 0x01, 0xef, 0x01, 0xef, 0x01, 0xef, 0x01,
    0xef, 0x01, 0xef, 0x01, 0xef, 0x01, 0xef, 0x01, 0xef, 0x01, 0xef, 0x01,
    0xef, 0x01, 0xef, 0x01, 0xef, 0x01, 0xef, 0x01, 0xef, 0x01, 0xef, 0x01,
    0xef, 0x01, 0xef, 0x01, 0xef, 0x01, 0xef, 0x01, 0xef, 0x01, 0xef, 0x01,
    0xef, 0x01, 0xef, 0x01, 0xef, 0x01, 0xef, 0x01, 0xef, 0x01, 0xef, 0x01,
    0xef, 0x01, 0xef, 0x01, 0xef, 0x01, 0xef, 0x01, 0xef, 0x01, 0xef, 0x01,
    0xef, 0x01, 0xef, 0x01, 0xef, 0x01, 0xef, 0x01, 0xef, 0x01, 0xef, 0x01,
    0xef, 0x01, 0xef, 0x01, 0xef, 0x01, 0xef, 0x01, 0xef, 0x01, 0xef, 0x01,
    0xef, 0x01, 0xef, 0x01, 0xef, 0x01, 0xef, 0x01, 0xef, 0x01, 0xef, 0x01,
    0xef, 0x01, 0xef, 0x01, 0xef, 0x01, 0xef, 0x01, 0xef, 0x01, 0xef, 0x01,
    0xef, 0x01, 0xef, 0x01, 0xef, 0x01, 0xef, 0x01, 0xef, 0x01, 0xef, 0x01,
    0xef, 0x01, 0xef, 0x01, 0xef, 0x01, 0xef, 0x01, 0xef, 0x01, 0xef, 0x01,
    0xef, 0x01, 0xef, 0x01, 0xef, 0x01, 0xef, 0x01, 0xef, 0x01, 0xef, 0x01,
    0xef, 0x01, 0xef, 0x01, 0xef, 0x01, 0xef, 0x01, 0xef, 0x01, 0xef, 0x01,
    0xef, 0x01, 0xef, 0x01, 0xef, 0x01, 0xef, 0x01, 0xef, 0x01, 0xef, 0x01,
    0xef, 0x01, 0xef, 0x01, 0xef, 0x01, 0xef, 0x01, 0xef, 0x01, 0xef, 0x01,
    0xef, 0x01, 0xef, 0x01, 0xef, 0x01, 0xef, 0x01, 0xef, 0x01, 0xef, 0x01,
    0xef, 0x01, 0xef, 0x01, 0xef, 0x01, 0xef, 0x01, 0xef, 0x01, 0xef, 0x01,
    0xef, 0x01, 0xef, 0x01, 0xef, 0x01, 0xef, 0x01, 0xef, 0x01, 0xef, 0x01,
    0xef, 0x01, 0xef, 0x01, 0xef, 0x01, 0x8d, 0x01, 0x84, 0x00, 0x00, 0x00,
    0x00, 0x00, 0x00, 0x00, 0x00, 0x00, 0x00, 0x00, 0x00, 0x00, 0x00, 0x00,
    0x00, 0x00, 0x00, 0x00, 0x00, 0x00, 0x00, 0x00, 0x00, 0x00, 0x00, 0x00,
    0x00, 0x00, 0x00, 0x00, 0x00, 0x00, 0x00, 0x00, 0x00, 0x00, 0x00, 0x00,
    0x00, 0x00, 0x00, 0x00, 0x00, 0x00, 0x00, 0x00, 0x00, 0x00, 0x00, 0x00,
    0x00, 0x00, 0x00, 0x00, 0x00, 0x00, 0x00, 0x00, 0x00, 0x00, 0x00, 0x00,
    0x00, 0x00, 0x00, 0x00, 0x00, 0x00, 0x00, 0x00, 0x00, 0x00, 0x00, 0x00,
    0x00, 0x00, 0x00, 0x00, 0x00, 0x00, 0x00, 0x00, 0x00, 0x00, 0x00, 0x00,
    0x00, 0x00, 0x00, 0x00, 0x00, 0x00, 0x00, 0x00, 0x00, 0x00, 0x00, 0x00,
    0x00, 0x00, 0x00, 0x00, 0x00, 0x00, 0x00, 0x00, 0x00, 0x00, 0x00, 0x00,
    0x00, 0x00, 0x00, 0x00, 0x00, 0x00, 0x00, 0x00, 0x00, 0x00, 0x00, 0x00,
    0x00, 0x00, 0x00, 0x00, 0x00, 0x00, 0x00, 0x00, 0x00, 0x00, 0x00, 0x00,
    0x00, 0x00, 0x00, 0x00, 0x00, 0x00, 0x00, 0x00, 0x00, 0x00, 0x00, 0x00,
    0x00, 0x00, 0x00, 0x00, 0x00, 0x00, 0x00, 0x00, 0x00, 0x00, 0x00, 0x00,
    0x42, 0x00, 0xe7, 0x00, 0x8c, 0x01, 0xcf, 0x01, 0xef, 0x01, 0xef, 0x01,
    0xef, 0x01, 0xef, 0x01, 0xef, 0x01, 0xef, 0x01, 0xef, 0x01, 0xef, 0x01,
    0xef, 0x01, 0xef, 0x01, 0xef, 0x01, 0xef, 0x01, 0xef, 0x01, 0xef, 0x01,
    0xef, 0x01, 0xef, 0x01, 0xef, 0x01, 0xef, 0x01, 0xef, 0x01, 0xef, 0x01,
    0xef, 0x01, 0xef, 0x01, 0xef, 0x01, 0xef, 0x01, 0xef, 0x01, 0xef, 0x01,
    0xef, 0x01, 0xef, 0x01, 0xef, 0x01, 0xef, 0x01, 0xef, 0x01, 0xef, 0x01,
    0xef, 0x01, 0xef, 0x01, 0xef, 0x01, 0xef, 0x01, 0xef, 0x01, 0xef, 0x01,
    0xef, 0x01, 0xef, 0x01, 0xef, 0x01, 0xef, 0x01, 0xef, 0x01, 0xef, 0x01,
    0xef, 0x01, 0xef, 0x01, 0xef, 0x01, 0xef, 0x01, 0xef, 0x01, 0xef, 0x01,
    0xef, 0x01, 0xef, 0x01, 0xef, 0x01, 0xef, 0x01, 0xef, 0x01, 0xef, 0x01,
    0xef, 0x01, 0xef, 0x01, 0xef, 0x01, 0xef, 0x01, 0xef, 0x01, 0xef, 0x01,
    0xef, 0x01, 0xef, 0x01, 0xef, 0x01, 0xef, 0x01, 0xef, 0x01, 0xef, 0x01,
    0xef, 0x01, 0xef, 0x01, 0xef, 0x01, 0xef, 0x01, 0xef, 0x01, 0xef, 0x01,
    0xef, 0x01, 0xef, 0x01, 0xef, 0x01, 0xef, 0x01, 0xef, 0x01, 0xef, 0x01,
    0xef, 0x01, 0xef, 0x01, 0xef, 0x01, 0xef, 0x01, 0xef, 0x01, 0xef, 0x01,
    0xef, 0x01, 0xef, 0x01, 0xef, 0x01, 0xef, 0x01, 0xef, 0x01, 0xef, 0x01,
    0xef, 0x01, 0xef, 0x01, 0xef, 0x01, 0xef, 0x01, 0xef, 0x01, 0xef, 0x01,
    0xef, 0x01, 0xef, 0x01, 0xef, 0x01, 0xef, 0x01, 0xef, 0x01, 0xef, 0x01,
    0xef, 0x01, 0xef, 0x01, 0xef, 0x01, 0xef, 0x01, 0xef, 0x01, 0xef, 0x01,
    0xef, 0x01, 0xef, 0x01, 0xef, 0x01, 0xef, 0x01, 0xef, 0x01, 0xef, 0x01,
    0xef, 0x01, 0xef, 0x01, 0xef, 0x01, 0xef, 0x01, 0xef, 0x01, 0xef, 0x01,
    0xef, 0x01, 0xef, 0x01, 0xef, 0x01, 0xef, 0x01, 0xef, 0x01, 0xef, 0x01,
    0xef, 0x01, 0xef, 0x01, 0xef, 0x01, 0xef, 0x01, 0xef, 0x01, 0xef, 0x01,
    0xef, 0x01, 0xef, 0x01, 0xef, 0x01, 0xef, 0x01, 0xef, 0x01, 0xef, 0x01,
    0xef, 0x01, 0xef, 0x01, 0xef, 0x01, 0xef, 0x01, 0xcf, 0x01, 0xe7, 0x00,
    0x21, 0x00, 0x00, 0x00, 0x00, 0x00, 0x00, 0x00, 0x00, 0x00, 0x00, 0x00,
    0x00, 0x00, 0x00, 0x00, 0x00, 0x00, 0x00, 0x00, 0x00, 0x00, 0x00, 0x00,
    0x00, 0x00, 0x00, 0x00, 0x00, 0x00, 0x00, 0x00, 0x00, 0x00, 0x00, 0x00,
    0x00, 0x00, 0x00, 0x00, 0x00, 0x00, 0x00, 0x00, 0x00, 0x00, 0x00, 0x00,
    0x00, 0x00, 0x00, 0x00, 0x00, 0x00, 0x00, 0x00, 0x00, 0x00, 0x00, 0x00,
    0x00, 0x00, 0x00, 0x00, 0x00, 0x00, 0x00, 0x00, 0x00, 0x00, 0x00, 0x00,
    0x00, 0x00, 0x00, 0x00, 0x00, 0x00, 0x00, 0x00, 0x00, 0x00, 0x00, 0x00,
    0x00, 0x00, 0x00, 0x00, 0x00, 0x00, 0x00, 0x00, 0x00, 0x00, 0x00, 0x00,
    0x00, 0x00, 0x00, 0x00, 0x00, 0x00, 0x00, 0x00, 0x00, 0x00, 0x00, 0x00,
    0x00, 0x00, 0x00, 0x00, 0x00, 0x00, 0x00, 0x00, 0x00, 0x00, 0x00, 0x00,
    0x00, 0x00, 0x00, 0x00, 0x00, 0x00, 0x00, 0x00, 0x00, 0x00, 0x00, 0x00,
    0x00, 0x00, 0x00, 0x00, 0x00, 0x00, 0x00, 0x00, 0x00, 0x00, 0x00, 0x00,
    0x00, 0x00, 0x00, 0x00, 0x00, 0x00, 0x00, 0x00, 0x00, 0x00, 0x00, 0x00,
    0x00, 0x00, 0x00, 0x00, 0x00, 0x00, 0x00, 0x00, 0x63, 0x00, 0x08, 0x01,
    0xac, 0x01, 0xef, 0x01, 0xef, 0x01, 0xef, 0x01, 0xef, 0x01, 0xef, 0x01,
    0xef, 0x01, 0xef, 0x01, 0xef, 0x01, 0xef, 0x01, 0xef, 0x01, 0xef, 0x01,
    0xef, 0x01, 0xef, 0x01, 0xef, 0x01, 0xef, 0x01, 0xef, 0x01, 0xef, 0x01,
    0xef, 0x01, 0xef, 0x01, 0xef, 0x01, 0xef, 0x01, 0xef, 0x01, 0xef, 0x01,
    0xef, 0x01, 0xef, 0x01, 0xef, 0x01, 0xef, 0x01, 0xef, 0x01, 0xef, 0x01,
    0xef, 0x01, 0xef, 0x01, 0xef, 0x01, 0xef, 0x01, 0xef, 0x01, 0xef, 0x01,
    0xef, 0x01, 0xef, 0x01, 0xef, 0x01, 0xef, 0x01, 0xef, 0x01, 0xef, 0x01,
    0xef, 0x01, 0xef, 0x01, 0xef, 0x01, 0xef, 0x01, 0xef, 0x01, 0xef, 0x01,
    0xef, 0x01, 0xef, 0x01, 0xef, 0x01, 0xef, 0x01, 0xef, 0x01, 0xef, 0x01,
    0xef, 0x01, 0xef, 0x01, 0xef, 0x01, 0xef, 0x01, 0xef, 0x01, 0xef, 0x01,
    0xef, 0x01, 0xef, 0x01, 0xef, 0x01, 0xef, 0x01, 0xef, 0x01, 0xef, 0x01,
    0xef, 0x01, 0xef, 0x01, 0xef, 0x01, 0xef, 0x01, 0xef, 0x01, 0xef, 0x01,
    0xef, 0x01, 0xef, 0x01, 0xef, 0x01, 0xef, 0x01, 0xef, 0x01, 0xef, 0x01,
    0xef, 0x01, 0xef, 0x01, 0xef, 0x01, 0xef, 0x01, 0xef, 0x01, 0xef, 0x01,
    0xef, 0x01, 0xef, 0x01, 0xef, 0x01, 0xef, 0x01, 0xef, 0x01, 0xef, 0x01,
    0xef, 0x01, 0xef, 0x01, 0xef, 0x01, 0xef, 0x01, 0xef, 0x01, 0xef, 0x01,
    0xef, 0x01, 0xef, 0x01, 0xef, 0x01, 0xef, 0x01, 0xef, 0x01, 0xef, 0x01,
    0xef, 0x01, 0xef, 0x01, 0xef, 0x01, 0xef, 0x01, 0xef, 0x01, 0xef, 0x01,
    0xef, 0x01, 0xef, 0x01, 0xef, 0x01, 0xef, 0x01, 0xef, 0x01, 0xef, 0x01,
    0xef, 0x01, 0xef, 0x01, 0xef, 0x01, 0xef, 0x01, 0xef, 0x01, 0xef, 0x01,
    0xef, 0x01, 0xef, 0x01, 0xef, 0x01, 0xef, 0x01, 0xef, 0x01, 0xef, 0x01,
    0xef, 0x01, 0xef, 0x01, 0xef, 0x01, 0xef, 0x01, 0xef, 0x01, 0xef, 0x01,
    0xef, 0x01, 0xef, 0x01, 0xef, 0x01, 0xef, 0x01, 0xef, 0x01, 0xef, 0x01,
    0xef, 0x01, 0xef, 0x01, 0xef, 0x01, 0xef, 0x01, 0xef, 0x01, 0xef, 0x01,
    0x4a, 0x01, 0x42, 0x00, 0x00, 0x00, 0x00, 0x00, 0x00, 0x00, 0x00, 0x00,
    0x00, 0x00, 0x00, 0x00, 0x00, 0x00, 0x00, 0x00, 0x00, 0x00, 0x00, 0x00,
    0x00, 0x00, 0x00, 0x00, 0x00, 0x00, 0x00, 0x00, 0x00, 0x00, 0x00, 0x00,
    0x00, 0x00, 0x00, 0x00, 0x00, 0x00, 0x00, 0x00, 0x00, 0x00, 0x00, 0x00,
    0x00, 0x00, 0x00, 0x00, 0x00, 0x00, 0x00, 0x00, 0x00, 0x00, 0x00, 0x00,
    0x00, 0x00, 0x00, 0x00, 0x00, 0x00, 0x00, 0x00, 0x00, 0x00, 0x00, 0x00,
    0x00, 0x00, 0x00, 0x00, 0x00, 0x00, 0x00, 0x00, 0x00, 0x00, 0x00, 0x00,
    0x00, 0x00, 0x00, 0x00, 0x00, 0x00, 0x00, 0x00, 0x00, 0x00, 0x00, 0x00,
    0x00, 0x00, 0x00, 0x00, 0x00, 0x00, 0x00, 0x00, 0x00, 0x00, 0x00, 0x00,
    0x00, 0x00, 0x00, 0x00, 0x00, 0x00, 0x00, 0x00, 0x00, 0x00, 0x00, 0x00,
    0x00, 0x00, 0x00, 0x00, 0x00, 0x00, 0x00, 0x00, 0x00, 0x00, 0x00, 0x00,
    0x00, 0x00, 0x00, 0x00, 0x00, 0x00, 0x00, 0x00, 0x00, 0x00, 0x00, 0x00,
    0x00, 0x00, 0x00, 0x00, 0x00, 0x00, 0x00, 0x00, 0x00, 0x00, 0x00, 0x00,
    0x00, 0x00, 0x00, 0x00, 0x00, 0x00, 0x00, 0x00, 0x00, 0x00, 0x00, 0x00,
    0x00, 0x00, 0x21, 0x00, 0x63, 0x00, 0x29, 0x01, 0xad, 0x01, 0xef, 0x01,
    0xef, 0x01, 0xef, 0x01, 0xef, 0x01, 0xef, 0x01, 0xef, 0x01, 0xef, 0x01,
    0xef, 0x01, 0xef, 0x01, 0xef, 0x01, 0xef, 0x01, 0xef, 0x01, 0xef, 0x01,
    0xef, 0x01, 0xef, 0x01, 0xef, 0x01, 0xef, 0x01, 0xef, 0x01, 0xef, 0x01,
    0xef, 0x01, 0xef, 0x01, 0xef, 0x01, 0xef, 0x01, 0xef, 0x01, 0xef, 0x01,
    0xef, 0x01, 0xef, 0x01, 0xef, 0x01, 0xef, 0x01, 0xef, 0x01, 0xef, 0x01,
    0xef, 0x01, 0xef, 0x01, 0xef, 0x01, 0xef, 0x01, 0xef, 0x01, 0xef, 0x01,
    0xef, 0x01, 0xef, 0x01, 0xef, 0x01, 0xef, 0x01, 0xef, 0x01, 0xef, 0x01,
    0xef, 0x01, 0xef, 0x01, 0xef, 0x01, 0xef, 0x01, 0xef, 0x01, 0xef, 0x01,
    0xef, 0x01, 0xef, 0x01, 0xef, 0x01, 0xef, 0x01, 0xef, 0x01, 0xef, 0x01,
    0xef, 0x01, 0xef, 0x01, 0xef, 0x01, 0xef, 0x01, 0xef, 0x01, 0xef, 0x01,
    0xef, 0x01, 0xef, 0x01, 0xef, 0x01, 0xef, 0x01, 0xef, 0x01, 0xef, 0x01,
    0xef, 0x01, 0xef, 0x01, 0xef, 0x01, 0xef, 0x01, 0xef, 0x01, 0xef, 0x01,
    0xef, 0x01, 0xef, 0x01, 0xef, 0x01, 0xef, 0x01, 0xef, 0x01, 0xef, 0x01,
    0xef, 0x01, 0xef, 0x01, 0xef, 0x01, 0xef, 0x01, 0xef, 0x01, 0xef, 0x01,
    0xef, 0x01, 0xef, 0x01, 0xef, 0x01, 0xef, 0x01, 0xef, 0x01, 0xef, 0x01,
    0xef, 0x01, 0xef, 0x01, 0xef, 0x01, 0xef, 0x01, 0xef, 0x01, 0xef, 0x01,
    0xef, 0x01, 0xef, 0x01, 0xef, 0x01, 0xef, 0x01, 0xef, 0x01, 0xef, 0x01,
    0xef, 0x01, 0xef, 0x01, 0xef, 0x01, 0xef, 0x01, 0xef, 0x01, 0xef, 0x01,
    0xef, 0x01, 0xef, 0x01, 0xef, 0x01, 0xef, 0x01, 0xef, 0x01, 0xef, 0x01,
    0xef, 0x01, 0xef, 0x01, 0xef, 0x01, 0xef, 0x01, 0xef, 0x01, 0xef, 0x01,
    0xef, 0x01, 0xef, 0x01, 0xef, 0x01, 0xef, 0x01, 0xef, 0x01, 0xef, 0x01,
    0xef, 0x01, 0xef, 0x01, 0xef, 0x01, 0xef, 0x01, 0xef, 0x01, 0xef, 0x01,
    0xef, 0x01, 0xef, 0x01, 0xef, 0x01, 0xef, 0x01, 0xef, 0x01, 0xef, 0x01,
    0xef, 0x01, 0xad, 0x01, 0x85, 0x00, 0x00, 0x00, 0x00, 0x00, 0x00, 0x00,
    0x00, 0x00, 0x00, 0x00, 0x00, 0x00, 0x00, 0x00, 0x00, 0x00, 0x00, 0x00,
    0x00, 0x00, 0x00, 0x00, 0x00, 0x00, 0x00, 0x00, 0x00, 0x00, 0x00, 0x00,
    0x00, 0x00, 0x00, 0x00, 0x00, 0x00, 0x00, 0x00, 0x00, 0x00, 0x00, 0x00,
    0x00, 0x00, 0x00, 0x00, 0x00, 0x00, 0x00, 0x00, 0x00, 0x00, 0x00, 0x00,
    0x00, 0x00, 0x00, 0x00, 0x00, 0x00, 0x00, 0x00, 0x00, 0x00, 0x00, 0x00,
    0x00, 0x00, 0x00, 0x00, 0x00, 0x00, 0x00, 0x00, 0x00, 0x00, 0x00, 0x00,
    0x00, 0x00, 0x00, 0x00, 0x00, 0x00, 0x00, 0x00, 0x00, 0x00, 0x00, 0x00,
    0x00, 0x00, 0x00, 0x00, 0x00, 0x00, 0x00, 0x00, 0x00, 0x00, 0x00, 0x00,
    0x00, 0x00, 0x00, 0x00, 0x00, 0x00, 0x00, 0x00, 0x00, 0x00, 0x00, 0x00,
    0x00, 0x00, 0x00, 0x00, 0x00, 0x00, 0x00, 0x00, 0x00, 0x00, 0x00, 0x00,
    0x00, 0x00, 0x00, 0x00, 0x00, 0x00, 0x00, 0x00, 0x00, 0x00, 0x00, 0x00,
    0x00, 0x00, 0x00, 0x00, 0x00, 0x00, 0x00, 0x00, 0x00, 0x00, 0x00, 0x00,
    0x00, 0x00, 0x00, 0x00, 0x00, 0x00, 0x00, 0x00, 0x00, 0x00, 0x00, 0x00,
    0x00, 0x00, 0x00, 0x00, 0x00, 0x00, 0x00, 0x00, 0x00, 0x00, 0x21, 0x00,
    0x84, 0x00, 0x29, 0x01, 0xad, 0x01, 0xef, 0x01, 0x0f, 0x02, 0xef, 0x01,
    0xef, 0x01, 0xef, 0x01, 0xef, 0x01, 0xef, 0x01, 0xef, 0x01, 0xef, 0x01,
    0xef, 0x01, 0xef, 0x01, 0xef, 0x01, 0xef, 0x01, 0xef, 0x01, 0xef, 0x01,
    0xef, 0x01, 0xef, 0x01, 0xef, 0x01, 0xef, 0x01, 0xef, 0x01, 0xef, 0x01,
    0xef, 0x01, 0xef, 0x01, 0xef, 0x01, 0xef, 0x01, 0xef, 0x01, 0xef, 0x01,
    0xef, 0x01, 0xef, 0x01, 0xef, 0x01, 0xef, 0x01, 0xef, 0x01, 0xef, 0x01,
    0xef, 0x01, 0xef, 0x01, 0xef, 0x01, 0xef, 0x01, 0xef, 0x01, 0xef, 0x01,
    0xef, 0x01, 0xef, 0x01, 0xef, 0x01, 0xef, 0x01, 0xef, 0x01, 0xef, 0x01,
    0xef, 0x01, 0xef, 0x01, 0xef, 0x01, 0xef, 0x01, 0xef, 0x01, 0xef, 0x01,
    0xef, 0x01, 0xef, 0x01, 0xef, 0x01, 0xef, 0x01, 0xef, 0x01, 0xef, 0x01,
    0xef, 0x01, 0xef, 0x01, 0xef, 0x01, 0xef, 0x01, 0xef, 0x01, 0xef, 0x01,
    0xef, 0x01, 0xef, 0x01, 0xef, 0x01, 0xef, 0x01, 0xef, 0x01, 0xef, 0x01,
    0xef, 0x01, 0xef, 0x01, 0xef, 0x01, 0xef, 0x01, 0xef, 0x01, 0xef, 0x01,
    0xef, 0x01, 0xef, 0x01, 0xef, 0x01, 0xef, 0x01, 0xef, 0x01, 0xef, 0x01,
    0xef, 0x01, 0xef, 0x01, 0xef, 0x01, 0xef, 0x01, 0xef, 0x01, 0xef, 0x01,
    0xef, 0x01, 0xef, 0x01, 0xef, 0x01, 0xef, 0x01, 0xef, 0x01, 0xef, 0x01,
    0xef, 0x01, 0xef, 0x01, 0xef, 0x01, 0xef, 0x01, 0xef, 0x01, 0xef, 0x01,
    0xef, 0x01, 0xef, 0x01, 0xef, 0x01, 0xef, 0x01, 0xef, 0x01, 0xef, 0x01,
    0xef, 0x01, 0xef, 0x01, 0xef, 0x01, 0xef, 0x01, 0xef, 0x01, 0xef, 0x01,
    0xef, 0x01, 0xef, 0x01, 0xef, 0x01, 0xef, 0x01, 0xef, 0x01, 0xef, 0x01,
    0xef, 0x01, 0xef, 0x01, 0xef, 0x01, 0xef, 0x01, 0xef, 0x01, 0xef, 0x01,
    0xef, 0x01, 0xef, 0x01, 0xef, 0x01, 0xef, 0x01, 0xef, 0x01, 0xef, 0x01,
    0xef, 0x01, 0xef, 0x01, 0xef, 0x01, 0xef, 0x01, 0xef, 0x01, 0xef, 0x01,
    0xef, 0x01, 0xef, 0x01, 0xce, 0x01, 0xe7, 0x00, 0x21, 0x00, 0x00, 0x00,
    0x00, 0x00, 0x00, 0x00, 0x00, 0x00, 0x00, 0x00, 0x00, 0x00, 0x00, 0x00,
    0x00, 0x00, 0x00, 0x00, 0x00, 0x00, 0x00, 0x00, 0x00, 0x00, 0x00, 0x00,
    0x00, 0x00, 0x00, 0x00, 0x00, 0x00, 0x00, 0x00, 0x00, 0x00, 0x00, 0x00,
    0x00, 0x00, 0x00, 0x00, 0x00, 0x00, 0x00, 0x00, 0x00, 0x00, 0x00, 0x00,
    0x00, 0x00, 0x00, 0x00, 0x00, 0x00, 0x00, 0x00, 0x00, 0x00, 0x00, 0x00,
    0x00, 0x00, 0x00, 0x00, 0x00, 0x00, 0x00, 0x00, 0x00, 0x00, 0x00, 0x00,
    0x00, 0x00, 0x00, 0x00, 0x00, 0x00, 0x00, 0x00, 0x00, 0x00, 0x00, 0x00,
    0x00, 0x00, 0x00, 0x00, 0x00, 0x00, 0x00, 0x00, 0x00, 0x00, 0x00, 0x00,
    0x00, 0x00, 0x00, 0x00, 0x00, 0x00, 0x00, 0x00, 0x00, 0x00, 0x00, 0x00,
    0x00, 0x00, 0x00, 0x00, 0x00, 0x00, 0x00, 0x00, 0x00, 0x00, 0x00, 0x00,
    0x00, 0x00, 0x00, 0x00, 0x00, 0x00, 0x00, 0x00, 0x00, 0x00, 0x00, 0x00,
    0x00, 0x00, 0x00, 0x00, 0x00, 0x00, 0x00, 0x00, 0x00, 0x00, 0x00, 0x00,
    0x00, 0x00, 0x00, 0x00, 0x00, 0x00, 0x00, 0x00, 0x00, 0x00, 0x00, 0x00,
    0x00, 0x00, 0x00, 0x00, 0x00, 0x00, 0x00, 0x00, 0x00, 0x00, 0x00, 0x00,
    0x00, 0x00, 0x00, 0x00, 0x00, 0x00, 0x21, 0x00, 0x84, 0x00, 0x29, 0x01,
    0xad, 0x01, 0xef, 0x01, 0xef, 0x01, 0xef, 0x01, 0xef, 0x01, 0xef, 0x01,
    0xef, 0x01, 0xef, 0x01, 0xef, 0x01, 0xef, 0x01, 0xef, 0x01, 0xef, 0x01,
    0xef, 0x01, 0xef, 0x01, 0xef, 0x01, 0xef, 0x01, 0xef, 0x01, 0xef, 0x01,
    0xef, 0x01, 0xef, 0x01, 0xef, 0x01, 0xef, 0x01, 0xef, 0x01, 0xef, 0x01,
    0xef, 0x01, 0xef, 0x01, 0xef, 0x01, 0xef, 0x01, 0xef, 0x01, 0xef, 0x01,
    0xef, 0x01, 0xef, 0x01, 0xef, 0x01, 0xef, 0x01, 0xef, 0x01, 0xef, 0x01,
    0xef, 0x01, 0xef, 0x01, 0xef, 0x01, 0xef, 0x01, 0xef, 0x01, 0xef, 0x01,
    0xef, 0x01, 0xef, 0x01, 0xef, 0x01, 0xef, 0x01, 0xef, 0x01, 0xef, 0x01,
    0xef, 0x01, 0xef, 0x01, 0xef, 0x01, 0xef, 0x01, 0xef, 0x01, 0xef, 0x01,
    0xef, 0x01, 0xef, 0x01, 0xef, 0x01, 0xef, 0x01, 0xef, 0x01, 0xef, 0x01,
    0xef, 0x01, 0xef, 0x01, 0xef, 0x01, 0xef, 0x01, 0xef, 0x01, 0xef, 0x01,
    0xef, 0x01, 0xef, 0x01, 0xef, 0x01, 0xef, 0x01, 0xef, 0x01, 0xef, 0x01,
    0xef, 0x01, 0xef, 0x01, 0xef, 0x01, 0xef, 0x01, 0xef, 0x01, 0xef, 0x01,
    0xef, 0x01, 0xef, 0x01, 0xef, 0x01, 0xef, 0x01, 0xef, 0x01, 0xef, 0x01,
    0xef, 0x01, 0xef, 0x01, 0xef, 0x01, 0xef, 0x01, 0xef, 0x01, 0xef, 0x01,
    0xef, 0x01, 0xef, 0x01, 0xef, 0x01, 0xef, 0x01, 0xef, 0x01, 0xef, 0x01,
    0xef, 0x01, 0xef, 0x01, 0xef, 0x01, 0xef, 0x01, 0xef, 0x01, 0xef, 0x01,
    0xef, 0x01, 0xef, 0x01, 0xef, 0x01, 0xef, 0x01, 0xef, 0x01, 0xef, 0x01,
    0xef, 0x01, 0xef, 0x01, 0xef, 0x01, 0xef, 0x01, 0xef, 0x01, 0xef, 0x01,
    0xef, 0x01, 0xef, 0x01, 0xef, 0x01, 0xef, 0x01, 0xef, 0x01, 0xef, 0x01,
    0xef, 0x01, 0xef, 0x01, 0xef, 0x01, 0xef, 0x01, 0xef, 0x01, 0xef, 0x01,
    0xef, 0x01, 0xef, 0x01, 0xef, 0x01, 0xef, 0x01, 0xef, 0x01, 0xef, 0x01,
    0xef, 0x01, 0xef, 0x01, 0xef, 0x01, 0xef, 0x01, 0x2a, 0x01, 0x42, 0x00,
    0x00, 0x00, 0x00, 0x00, 0x00, 0x00, 0x00, 0x00, 0x00, 0x00, 0x00, 0x00,
    0x00, 0x00, 0x00, 0x00, 0x00, 0x00, 0x00, 0x00, 0x00, 0x00, 0x00, 0x00,
    0x00, 0x00, 0x00, 0x00, 0x00, 0x00, 0x00, 0x00, 0x00, 0x00, 0x00, 0x00,
    0x00, 0x00, 0x00, 0x00, 0x00, 0x00, 0x00, 0x00, 0x00, 0x00, 0x00, 0x00,
    0x00, 0x00, 0x00, 0x00, 0x00, 0x00, 0x00, 0x00, 0x00, 0x00, 0x00, 0x00,
    0x00, 0x00, 0x00, 0x00, 0x00, 0x00, 0x00, 0x00, 0x00, 0x00, 0x00, 0x00,
    0x00, 0x00, 0x00, 0x00, 0x00, 0x00, 0x00, 0x00, 0x00, 0x00, 0x00, 0x00,
    0x00, 0x00, 0x00, 0x00, 0x00, 0x00, 0x00, 0x00, 0x00, 0x00, 0x00, 0x00,
    0x00, 0x00, 0x00, 0x00, 0x00, 0x00, 0x00, 0x00, 0x00, 0x00, 0x00, 0x00,
    0x00, 0x00, 0x00, 0x00, 0x00, 0x00, 0x00, 0x00, 0x00, 0x00, 0x00, 0x00,
    0x00, 0x00, 0x00, 0x00, 0x00, 0x00, 0x00, 0x00, 0x00, 0x00, 0x00, 0x00,
    0x00, 0x00, 0x00, 0x00, 0x00, 0x00, 0x00, 0x00, 0x00, 0x00, 0x00, 0x00,
    0x00, 0x00, 0x00, 0x00, 0x00, 0x00, 0x00, 0x00, 0x00, 0x00, 0x00, 0x00,
    0x00, 0x00, 0x00, 0x00, 0x00, 0x00, 0x00, 0x00, 0x00, 0x00, 0x00, 0x00,
    0x00, 0x00, 0x00, 0x00, 0x00, 0x00, 0x00, 0x00, 0x00, 0x00, 0x00, 0x00,
    0x00, 0x00, 0x21, 0x00, 0x85, 0x00, 0x29, 0x01, 0xad, 0x01, 0xef, 0x01,
    0xef, 0x01, 0xef, 0x01, 0xef, 0x01, 0xef, 0x01, 0xef, 0x01, 0xef, 0x01,
    0xef, 0x01, 0xef, 0x01, 0xef, 0x01, 0xef, 0x01, 0xef, 0x01, 0xef, 0x01,
    0xef, 0x01, 0xef, 0x01, 0xef, 0x01, 0xef, 0x01, 0xef, 0x01, 0xef, 0x01,
    0xef, 0x01, 0xef, 0x01, 0xef, 0x01, 0xef, 0x01, 0xef, 0x01, 0xef, 0x01,
    0xef, 0x01, 0xef, 0x01, 0xef, 0x01, 0xef, 0x01, 0xef, 0x01, 0xef, 0x01,
    0xef, 0x01, 0xef, 0x01, 0xef, 0x01, 0xef, 0x01, 0xef, 0x01, 0xef, 0x01,
    0xef, 0x01, 0xef, 0x01, 0xef, 0x01, 0xef, 0x01, 0xef, 0x01, 0xef, 0x01,
    0xef, 0x01, 0xef, 0x01, 0xef, 0x01, 0xef, 0x01, 0xef, 0x01, 0xef, 0x01,
    0xef, 0x01, 0xef, 0x01, 0xef, 0x01, 0xef, 0x01, 0xef, 0x01, 0xef, 0x01,
    0xef, 0x01, 0xef, 0x01, 0xef, 0x01, 0xef, 0x01, 0xef, 0x01, 0xef, 0x01,
    0xef, 0x01, 0xef, 0x01, 0xef, 0x01, 0xef, 0x01, 0xef, 0x01, 0xef, 0x01,
    0xef, 0x01, 0xef, 0x01, 0xef, 0x01, 0xef, 0x01, 0xef, 0x01, 0xef, 0x01,
    0xef, 0x01, 0xef, 0x01, 0xef, 0x01, 0xef, 0x01, 0xef, 0x01, 0xef, 0x01,
    0xef, 0x01, 0xef, 0x01, 0xef, 0x01, 0xef, 0x01, 0xef, 0x01, 0xef, 0x01,
    0xef, 0x01, 0xef, 0x01, 0xef, 0x01, 0xef, 0x01, 0xef, 0x01, 0xef, 0x01,
    0xef, 0x01, 0xef, 0x01, 0xef, 0x01, 0xef, 0x01, 0xef, 0x01, 0xef, 0x01,
    0xef, 0x01, 0xef, 0x01, 0xef, 0x01, 0xef, 0x01, 0xef, 0x01, 0xef, 0x01,
    0xef, 0x01, 0xef, 0x01, 0xef, 0x01, 0xef, 0x01, 0xef, 0x01, 0xef, 0x01,
    0xef, 0x01, 0xef, 0x01, 0xef, 0x01, 0xef, 0x01, 0xef, 0x01, 0xef, 0x01,
    0xef, 0x01, 0xef, 0x01, 0xef, 0x01, 0xef, 0x01, 0xef, 0x01, 0xef, 0x01,
    0xef, 0x01, 0xef, 0x01, 0xef, 0x01, 0xef, 0x01, 0xef, 0x01, 0xef, 0x01,
    0xef, 0x01, 0xef, 0x01, 0xef, 0x01, 0xef, 0x01, 0xef, 0x01, 0x6c, 0x01,
    0x63, 0x00, 0x00, 0x00, 0x00, 0x00, 0x00, 0x00, 0x00, 0x00, 0x00, 0x00,
    0x00, 0x00, 0x00, 0x00, 0x00, 0x00, 0x00, 0x00, 0x00, 0x00, 0x00, 0x00,
    0x00, 0x00, 0x00, 0x00, 0x00, 0x00, 0x00, 0x00, 0x00, 0x00, 0x00, 0x00,
    0x00, 0x00, 0x00, 0x00, 0x00, 0x00, 0x00, 0x00, 0x00, 0x00, 0x00, 0x00,
    0x00, 0x00, 0x00, 0x00, 0x00, 0x00, 0x00, 0x00, 0x00, 0x00, 0x00, 0x00,
    0x00, 0x00, 0x00, 0x00, 0x00, 0x00, 0x00, 0x00, 0x00, 0x00, 0x00, 0x00,
    0x00, 0x00, 0x00, 0x00, 0x00, 0x00, 0x00, 0x00, 0x00, 0x00, 0x00, 0x00,
    0x00, 0x00, 0x00, 0x00, 0x00, 0x00, 0x00, 0x00, 0x00, 0x00, 0x00, 0x00,
    0x00, 0x00, 0x00, 0x00, 0x00, 0x00, 0x00, 0x00, 0x00, 0x00, 0x00, 0x00,
    0x00, 0x00, 0x00, 0x00, 0x00, 0x00, 0x00, 0x00, 0x00, 0x00, 0x00, 0x00,
    0x00, 0x00, 0x00, 0x00, 0x00, 0x00, 0x00, 0x00, 0x00, 0x00, 0x00, 0x00,
    0x00, 0x00, 0x00, 0x00, 0x00, 0x00, 0x00, 0x00, 0x00, 0x00, 0x00, 0x00,
    0x00, 0x00, 0x00, 0x00, 0x00, 0x00, 0x00, 0x00, 0x00, 0x00, 0x00, 0x00,
    0x00, 0x00, 0x00, 0x00, 0x00, 0x00, 0x00, 0x00, 0x00, 0x00, 0x00, 0x00,
    0x00, 0x00, 0x00, 0x00, 0x00, 0x00, 0x00, 0x00, 0x00, 0x00, 0x00, 0x00,
    0x00, 0x00, 0x00, 0x00, 0x00, 0x00, 0x00, 0x00, 0x00, 0x00, 0x41, 0x00,
    0x85, 0x00, 0x29, 0x01, 0xcd, 0x01, 0xef, 0x01, 0xef, 0x01, 0xef, 0x01,
    0xef, 0x01, 0xef, 0x01, 0xef, 0x01, 0xef, 0x01, 0xef, 0x01, 0xef, 0x01,
    0xef, 0x01, 0xef, 0x01, 0xef, 0x01, 0xef, 0x01, 0xef, 0x01, 0xef, 0x01,
    0xef, 0x01, 0xef, 0x01, 0xef, 0x01, 0xef, 0x01, 0xef, 0x01, 0xef, 0x01,
    0xef, 0x01, 0xef, 0x01, 0xef, 0x01, 0xef, 0x01, 0xef, 0x01, 0xef, 0x01,
    0xef, 0x01, 0xef, 0x01, 0xef, 0x01, 0xef, 0x01, 0xef, 0x01, 0xef, 0x01,
    0xef, 0x01, 0xef, 0x01, 0xef, 0x01, 0xef, 0x01, 0xef, 0x01, 0xef, 0x01,
    0xef, 0x01, 0xef, 0x01, 0xef, 0x01, 0xef, 0x01, 0xef, 0x01, 0xef, 0x01,
    0xef, 0x01, 0xef, 0x01, 0xef, 0x01, 0xef, 0x01, 0xef, 0x01, 0xef, 0x01,
    0xef, 0x01, 0xef, 0x01, 0xef, 0x01, 0xef, 0x01, 0xef, 0x01, 0xef, 0x01,
    0xef, 0x01, 0xef, 0x01, 0xef, 0x01, 0xef, 0x01, 0xef, 0x01, 0xef, 0x01,
    0xef, 0x01, 0xef, 0x01, 0xef, 0x01, 0xef, 0x01, 0xef, 0x01, 0xef, 0x01,
    0xef, 0x01, 0xef, 0x01, 0xef, 0x01, 0xef, 0x01, 0xef, 0x01, 0xef, 0x01,
    0xef, 0x01, 0xef, 0x01, 0xef, 0x01, 0xef, 0x01, 0xef, 0x01, 0xef, 0x01,
    0xef, 0x01, 0xef, 0x01, 0xef, 0x01, 0xef, 0x01, 0xef, 0x01, 0xef, 0x01,
    0xef, 0x01, 0xef, 0x01, 0xef, 0x01, 0xef, 0x01, 0xef, 0x01, 0xef, 0x01,
    0xef, 0x01, 0xef, 0x01, 0xef, 0x01, 0xef, 0x01, 0xef, 0x01, 0xef, 0x01,
    0xef, 0x01, 0xef, 0x01, 0xef, 0x01, 0xef, 0x01, 0xef, 0x01, 0xef, 0x01,
    0xef, 0x01, 0xef, 0x01, 0xef, 0x01, 0xef, 0x01, 0xef, 0x01, 0xef, 0x01,
    0xef, 0x01, 0xef, 0x01, 0xef, 0x01, 0xef, 0x01, 0xef, 0x01, 0xef, 0x01,
    0xef, 0x01, 0xef, 0x01, 0xef, 0x01, 0xef, 0x01, 0xef, 0x01, 0xef, 0x01,
    0xef, 0x01, 0xef, 0x01, 0xef, 0x01, 0xef, 0x01, 0xef, 0x01, 0xef, 0x01,
    0xad, 0x01, 0xa5, 0x00, 0x20, 0x00, 0x00, 0x00, 0x00, 0x00, 0x00, 0x00,
    0x00, 0x00, 0x00, 0x00, 0x00, 0x00, 0x00, 0x00, 0x00, 0x00, 0x00, 0x00,
    0x00, 0x00, 0x00, 0x00, 0x00, 0x00, 0x00, 0x00, 0x00, 0x00, 0x00, 0x00,
    0x00, 0x00, 0x00, 0x00, 0x00, 0x00, 0x00, 0x00, 0x00, 0x00, 0x00, 0x00,
    0x00, 0x00, 0x00, 0x00, 0x00, 0x00, 0x00, 0x00, 0x00, 0x00, 0x00, 0x00,
    0x00, 0x00, 0x00, 0x00, 0x00, 0x00, 0x00, 0x00, 0x00, 0x00, 0x00, 0x00,
    0x00, 0x00, 0x00, 0x00, 0x00, 0x00, 0x00, 0x00, 0x00, 0x00, 0x00, 0x00,
    0x00, 0x00, 0x00, 0x00, 0x00, 0x00, 0x00, 0x00, 0x00, 0x00, 0x00, 0x00,
    0x00, 0x00, 0x00, 0x00, 0x00, 0x00, 0x00, 0x00, 0x00, 0x00, 0x00, 0x00,
    0x00, 0x00, 0x00, 0x00, 0x00, 0x00, 0x00, 0x00, 0x00, 0x00, 0x00, 0x00,
    0x00, 0x00, 0x00, 0x00, 0x00, 0x00, 0x00, 0x00, 0x00, 0x00, 0x00, 0x00,
    0x00, 0x00, 0x00, 0x00, 0x00, 0x00, 0x00, 0x00, 0x00, 0x00, 0x00, 0x00,
    0x00, 0x00, 0x00, 0x00, 0x00, 0x00, 0x00, 0x00, 0x00, 0x00, 0x00, 0x00,
    0x00, 0x00, 0x00, 0x00, 0x00, 0x00, 0x00, 0x00, 0x00, 0x00, 0x00, 0x00,
    0x00, 0x00, 0x00, 0x00, 0x00, 0x00, 0x00, 0x00, 0x00, 0x00, 0x00, 0x00,
    0x00, 0x00, 0x00, 0x00, 0x00, 0x00, 0x00, 0x00, 0x00, 0x00, 0x00, 0x00,
    0x00, 0x00, 0x00, 0x00, 0x00, 0x00, 0x21, 0x00, 0x84, 0x00, 0x08, 0x01,
    0xad, 0x01, 0xef, 0x01, 0xef, 0x01, 0xef, 0x01, 0xef, 0x01, 0xef, 0x01,
    0xef, 0x01, 0xef, 0x01, 0xef, 0x01, 0xef, 0x01, 0xef, 0x01, 0xef, 0x01,
    0xef, 0x01, 0xef, 0x01, 0xef, 0x01, 0xef, 0x01, 0xef, 0x01, 0xef, 0x01,
    0xef, 0x01, 0xef, 0x01, 0xef, 0x01, 0xef, 0x01, 0xef, 0x01, 0xef, 0x01,
    0xef, 0x01, 0xef, 0x01, 0xef, 0x01, 0xef, 0x01, 0xef, 0x01, 0xef, 0x01,
    0xef, 0x01, 0xef, 0x01, 0xef, 0x01, 0xef, 0x01, 0xef, 0x01, 0xef, 0x01,
    0xef, 0x01, 0xef, 0x01, 0xef, 0x01, 0xef, 0x01, 0xef, 0x01, 0xef, 0x01,
    0xef, 0x01, 0xef, 0x01, 0xef, 0x01, 0xef, 0x01, 0xef, 0x01, 0xef, 0x01,
    0xef, 0x01, 0xef, 0x01, 0xef, 0x01, 0xef, 0x01, 0xef, 0x01, 0xef, 0x01,
    0xef, 0x01, 0xef, 0x01, 0xef, 0x01, 0xef, 0x01, 0xef, 0x01, 0xef, 0x01,
    0xef, 0x01, 0xef, 0x01, 0xef, 0x01, 0xef, 0x01, 0xef, 0x01, 0xef, 0x01,
    0xef, 0x01, 0xef, 0x01, 0xef, 0x01, 0xef, 0x01, 0xef, 0x01, 0xef, 0x01,
    0xef, 0x01, 0xef, 0x01, 0xef, 0x01, 0xef, 0x01, 0xef, 0x01, 0xef, 0x01,
    0xef, 0x01, 0xef, 0x01, 0xef, 0x01, 0xef, 0x01, 0xef, 0x01, 0xef, 0x01,
    0xef, 0x01, 0xef, 0x01, 0xef, 0x01, 0xef, 0x01, 0xef, 0x01, 0xef, 0x01,
    0xef, 0x01, 0xef, 0x01, 0xef, 0x01, 0xef, 0x01, 0xef, 0x01, 0xef, 0x01,
    0xef, 0x01, 0xef, 0x01, 0xef, 0x01, 0xef, 0x01, 0xef, 0x01, 0xef, 0x01,
    0xef, 0x01, 0xef, 0x01, 0xef, 0x01, 0xef, 0x01, 0xef, 0x01, 0xef, 0x01,
    0xef, 0x01, 0xef, 0x01, 0xef, 0x01, 0xef, 0x01, 0xef, 0x01, 0xef, 0x01,
    0xef, 0x01, 0xef, 0x01, 0xef, 0x01, 0xef, 0x01, 0xef, 0x01, 0xef, 0x01,
    0xef, 0x01, 0xef, 0x01, 0xef, 0x01, 0xef, 0x01, 0xef, 0x01, 0xef, 0x01,
    0xef, 0x01, 0xce, 0x01, 0xc7, 0x00, 0x21, 0x00, 0x00, 0x00, 0x00, 0x00,
    0x00, 0x00, 0x00, 0x00, 0x00, 0x00, 0x00, 0x00, 0x00, 0x00, 0x00, 0x00,
    0x00, 0x00, 0x00, 0x00, 0x00, 0x00, 0x00, 0x00, 0x00, 0x00, 0x00, 0x00,
    0x00, 0x00, 0x00, 0x00, 0x00, 0x00, 0x00, 0x00, 0x00, 0x00, 0x00, 0x00,
    0x00, 0x00, 0x00, 0x00, 0x00, 0x00, 0x00, 0x00, 0x00, 0x00, 0x00, 0x00,
    0x00, 0x00, 0x00, 0x00, 0x00, 0x00, 0x00, 0x00, 0x00, 0x00, 0x00, 0x00,
    0x00, 0x00, 0x00, 0x00, 0x00, 0x00, 0x00, 0x00, 0x00, 0x00, 0x00, 0x00,
    0x00, 0x00, 0x00, 0x00, 0x00, 0x00, 0x00, 0x00, 0x00, 0x00, 0x00, 0x00,
    0x00, 0x00, 0x00, 0x00, 0x00, 0x00, 0x00, 0x00, 0x00, 0x00, 0x00, 0x00,
    0x00, 0x00, 0x00, 0x00, 0x00, 0x00, 0x00, 0x00, 0x00, 0x00, 0x00, 0x00,
    0x00, 0x00, 0x00, 0x00, 0x00, 0x00, 0x00, 0x00, 0x00, 0x00, 0x00, 0x00,
    0x00, 0x00, 0x00, 0x00, 0x00, 0x00, 0x00, 0x00, 0x00, 0x00, 0x00, 0x00,
    0x00, 0x00, 0x00, 0x00, 0x00, 0x00, 0x00, 0x00, 0x00, 0x00, 0x00, 0x00,
    0x00, 0x00, 0x00, 0x00, 0x00, 0x00, 0x00, 0x00, 0x00, 0x00, 0x00, 0x00,
    0x00, 0x00, 0x00, 0x00, 0x00, 0x00, 0x00, 0x00, 0x00, 0x00, 0x00, 0x00,
    0x00, 0x00, 0x00, 0x00, 0x00, 0x00, 0x00, 0x00, 0x00, 0x00, 0x00, 0x00,
    0x00, 0x00, 0x00, 0x00, 0x00, 0x00, 0x00, 0x00, 0x00, 0x00, 0x00, 0x00,
    0x00, 0x00, 0x21, 0x00, 0x84, 0x00, 0x08, 0x01, 0x8c, 0x01, 0xef, 0x01,
    0xef, 0x01, 0xef, 0x01, 0xef, 0x01, 0xef, 0x01, 0xef, 0x01, 0xef, 0x01,
    0xef, 0x01, 0xef, 0x01, 0xef, 0x01, 0xef, 0x01, 0xef, 0x01, 0xef, 0x01,
    0xef, 0x01, 0xef, 0x01, 0xef, 0x01, 0xef, 0x01, 0xef, 0x01, 0xef, 0x01,
    0xef, 0x01, 0xef, 0x01, 0xef, 0x01, 0xef, 0x01, 0xef, 0x01, 0xef, 0x01,
    0xef, 0x01, 0xef, 0x01, 0xef, 0x01, 0xef, 0x01, 0xef, 0x01, 0xef, 0x01,
    0xef, 0x01, 0xef, 0x01, 0xef, 0x01, 0xef, 0x01, 0xef, 0x01, 0xef, 0x01,
    0xef, 0x01, 0xef, 0x01, 0xef, 0x01, 0xef, 0x01, 0xef, 0x01, 0xef, 0x01,
    0xef, 0x01, 0xef, 0x01, 0xef, 0x01, 0xef, 0x01, 0xef, 0x01, 0xef, 0x01,
    0xef, 0x01, 0xef, 0x01, 0xef, 0x01, 0xef, 0x01, 0xef, 0x01, 0xef, 0x01,
    0xef, 0x01, 0xef, 0x01, 0xef, 0x01, 0xef, 0x01, 0xef, 0x01, 0xef, 0x01,
    0xef, 0x01, 0xef, 0x01, 0xef, 0x01, 0xef, 0x01, 0xef, 0x01, 0xef, 0x01,
    0xef, 0x01, 0xef, 0x01, 0xef, 0x01, 0xef, 0x01, 0xef, 0x01, 0xef, 0x01,
    0xef, 0x01, 0xef, 0x01, 0xef, 0x01, 0xef, 0x01, 0xef, 0x01, 0xef, 0x01,
    0xef, 0x01, 0xef, 0x01, 0xef, 0x01, 0xef, 0x01, 0xef, 0x01, 0xef, 0x01,
    0xef, 0x01, 0xef, 0x01, 0xef, 0x01, 0xef, 0x01, 0xef, 0x01, 0xef, 0x01,
    0xef, 0x01, 0xef, 0x01, 0xef, 0x01, 0xef, 0x01, 0xef, 0x01, 0xef, 0x01,
    0xef, 0x01, 0xef, 0x01, 0xef, 0x01, 0xef, 0x01, 0xef, 0x01, 0xef, 0x01,
    0xef, 0x01, 0xef, 0x01, 0xef, 0x01, 0xef, 0x01, 0xef, 0x01, 0xef, 0x01,
    0xef, 0x01, 0xef, 0x01, 0xef, 0x01, 0xef, 0x01, 0xef, 0x01, 0xef, 0x01,
    0xef, 0x01, 0xef, 0x01, 0xef, 0x01, 0xef, 0x01, 0xef, 0x01, 0xef, 0x01,
    0xef, 0x01, 0xef, 0x01, 0xcf, 0x01, 0x08, 0x01, 0x21, 0x00, 0x00, 0x00,
    0x00, 0x00, 0x00, 0x00, 0x00, 0x00, 0x00, 0x00, 0x00, 0x00, 0x00, 0x00,
    0x00, 0x00, 0x00, 0x00, 0x00, 0x00, 0x00, 0x00, 0x00, 0x00, 0x00, 0x00,
    0x00, 0x00, 0x00, 0x00, 0x00, 0x00, 0x00, 0x00, 0x00, 0x00, 0x00, 0x00,
    0x00, 0x00, 0x00, 0x00, 0x00, 0x00, 0x00, 0x00, 0x00, 0x00, 0x00, 0x00,
    0x00, 0x00, 0x00, 0x00, 0x00, 0x00, 0x00, 0x00, 0x00, 0x00, 0x00, 0x00,
    0x00, 0x00, 0x00, 0x00, 0x00, 0x00, 0x00, 0x00, 0x00, 0x00, 0x00, 0x00,
    0x00, 0x00, 0x00, 0x00, 0x00, 0x00, 0x00, 0x00, 0x00, 0x00, 0x00, 0x00,
    0x00, 0x00, 0x00, 0x00, 0x00, 0x00, 0x00, 0x00, 0x00, 0x00, 0x00, 0x00,
    0x00, 0x00, 0x00, 0x00, 0x00, 0x00, 0x00, 0x00, 0x00, 0x00, 0x00, 0x00,
    0x00, 0x00, 0x00, 0x00, 0x00, 0x00, 0x00, 0x00, 0x00, 0x00, 0x00, 0x00,
    0x00, 0x00, 0x00, 0x00, 0x00, 0x00, 0x00, 0x00, 0x00, 0x00, 0x00, 0x00,
    0x00, 0x00, 0x00, 0x00, 0x00, 0x00, 0x00, 0x00, 0x00, 0x00, 0x00, 0x00,
    0x00, 0x00, 0x00, 0x00, 0x00, 0x00, 0x00, 0x00, 0x00, 0x00, 0x00, 0x00,
    0x00, 0x00, 0x00, 0x00, 0x00, 0x00, 0x00, 0x00, 0x00, 0x00, 0x00, 0x00,
    0x00, 0x00, 0x00, 0x00, 0x00, 0x00, 0x00, 0x00, 0x00, 0x00, 0x00, 0x00,
    0x00, 0x00, 0x00, 0x00, 0x00, 0x00, 0x00, 0x00, 0x00, 0x00, 0x00, 0x00,
    0x00, 0x00, 0x00, 0x00, 0x00, 0x00, 0x00, 0x00, 0x00, 0x00, 0x21, 0x00,
    0x63, 0x00, 0xe7, 0x00, 0x6b, 0x01, 0xce, 0x01, 0x0f, 0x02, 0xef, 0x01,
    0xef, 0x01, 0xef, 0x01, 0xef, 0x01, 0xef, 0x01, 0xef, 0x01, 0xef, 0x01,
    0xef, 0x01, 0xef, 0x01, 0xef, 0x01, 0xef, 0x01, 0xef, 0x01, 0xef, 0x01,
    0xef, 0x01, 0xef, 0x01, 0xef, 0x01, 0xef, 0x01, 0xef, 0x01, 0xef, 0x01,
    0xef, 0x01, 0xef, 0x01, 0xef, 0x01, 0xef, 0x01, 0xef, 0x01, 0xef, 0x01,
    0xef, 0x01, 0xef, 0x01, 0xef, 0x01, 0xef, 0x01, 0xef, 0x01, 0xef, 0x01,
    0xef, 0x01, 0xef, 0x01, 0xef, 0x01, 0xef, 0x01, 0xef, 0x01, 0xef, 0x01,
    0xef, 0x01, 0xef, 0x01, 0xef, 0x01, 0xef, 0x01, 0xef, 0x01, 0xef, 0x01,
    0xef, 0x01, 0xef, 0x01, 0xef, 0x01, 0xef, 0x01, 0xef, 0x01, 0xef, 0x01,
    0xef, 0x01, 0xef, 0x01, 0xef, 0x01, 0xef, 0x01, 0xef, 0x01, 0xef, 0x01,
    0xef, 0x01, 0xef, 0x01, 0xef, 0x01, 0xef, 0x01, 0xef, 0x01, 0xef, 0x01,
    0xef, 0x01, 0xef, 0x01, 0xef, 0x01, 0xef, 0x01, 0xef, 0x01, 0xef, 0x01,
    0xef, 0x01, 0xef, 0x01, 0xef, 0x01, 0xef, 0x01, 0xef, 0x01, 0xef, 0x01,
    0xef, 0x01, 0xef, 0x01, 0xef, 0x01, 0xef, 0x01, 0xef, 0x01, 0xef, 0x01,
    0xef, 0x01, 0xef, 0x01, 0xef, 0x01, 0xef, 0x01, 0xef, 0x01, 0xef, 0x01,
    0xef, 0x01, 0xef, 0x01, 0xef, 0x01, 0xef, 0x01, 0xef, 0x01, 0xef, 0x01,
    0xef, 0x01, 0xef, 0x01, 0xef, 0x01, 0xef, 0x01, 0xef, 0x01, 0xef, 0x01,
    0xef, 0x01, 0xef, 0x01, 0xef, 0x01, 0xef, 0x01, 0xef, 0x01, 0xef, 0x01,
    0xef, 0x01, 0xef, 0x01, 0xef, 0x01, 0xef, 0x01, 0xef, 0x01, 0xef, 0x01,
    0xef, 0x01, 0xef, 0x01, 0xef, 0x01, 0xef, 0x01, 0xef, 0x01, 0xef, 0x01,
    0xef, 0x01, 0xef, 0x01, 0xef, 0x01, 0xef, 0x01, 0x29, 0x01, 0x42, 0x00,
    0x00, 0x00, 0x00, 0x00, 0x00, 0x00, 0x00, 0x00, 0x00, 0x00, 0x00, 0x00,
    0x00, 0x00, 0x00, 0x00, 0x00, 0x00, 0x00, 0x00, 0x00, 0x00, 0x00, 0x00,
    0x00, 0x00, 0x00, 0x00, 0x00, 0x00, 0x00, 0x00, 0x00, 0x00, 0x00, 0x00,
    0x00, 0x00, 0x00, 0x00, 0x00, 0x00, 0x00, 0x00, 0x00, 0x00, 0x00, 0x00,
    0x00, 0x00, 0x00, 0x00, 0x00, 0x00, 0x00, 0x00, 0x00, 0x00, 0x00, 0x00,
    0x00, 0x00, 0x00, 0x00, 0x00, 0x00, 0x00, 0x00, 0x00, 0x00, 0x00, 0x00,
    0x00, 0x00, 0x00, 0x00, 0x00, 0x00, 0x00, 0x00, 0x00, 0x00, 0x00, 0x00,
    0x00, 0x00, 0x00, 0x00, 0x00, 0x00, 0x00, 0x00, 0x00, 0x00, 0x00, 0x00,
    0x00, 0x00, 0x00, 0x00, 0x00, 0x00, 0x00, 0x00, 0x00, 0x00, 0x00, 0x00,
    0x00, 0x00, 0x00, 0x00, 0x00, 0x00, 0x00, 0x00, 0x00, 0x00, 0x00, 0x00,
    0x00, 0x00, 0x00, 0x00, 0x00, 0x00, 0x00, 0x00, 0x00, 0x00, 0x00, 0x00,
    0x00, 0x00, 0x00, 0x00, 0x00, 0x00, 0x00, 0x00, 0x00, 0x00, 0x00, 0x00,
    0x00, 0x00, 0x00, 0x00, 0x00, 0x00, 0x00, 0x00, 0x00, 0x00, 0x00, 0x00,
    0x00, 0x00, 0x00, 0x00, 0x00, 0x00, 0x00, 0x00, 0x00, 0x00, 0x00, 0x00,
    0x00, 0x00, 0x00, 0x00, 0x00, 0x00, 0x00, 0x00, 0x00, 0x00, 0x00, 0x00,
    0x00, 0x00, 0x00, 0x00, 0x00, 0x00, 0x00, 0x00, 0x00, 0x00, 0x00, 0x00,
    0x00, 0x00, 0x00, 0x00, 0x00, 0x00, 0x00, 0x00, 0x00, 0x00, 0x00, 0x00,
    0x00, 0x00, 0x00, 0x00, 0x00, 0x00, 0x20, 0x00, 0x43, 0x00, 0xc6, 0x00,
    0x4a, 0x01, 0xad, 0x01, 0xef, 0x01, 0xf0, 0x01, 0xef, 0x01, 0xef, 0x01,
    0xef, 0x01, 0xef, 0x01, 0xef, 0x01, 0xef, 0x01, 0xef, 0x01, 0xef, 0x01,
    0xef, 0x01, 0xef, 0x01, 0xef, 0x01, 0xef, 0x01, 0xef, 0x01, 0xef, 0x01,
    0xef, 0x01, 0xef, 0x01, 0xef, 0x01, 0xef, 0x01, 0xef, 0x01, 0xef, 0x01,
    0xef, 0x01, 0xef, 0x01, 0xef, 0x01, 0xef, 0x01, 0xef, 0x01, 0xef, 0x01,
    0xef, 0x01, 0xef, 0x01, 0xef, 0x01, 0xef, 0x01, 0xef, 0x01, 0xef, 0x01,
    0xef, 0x01, 0xef, 0x01, 0xef, 0x01, 0xef, 0x01, 0xef, 0x01, 0xef, 0x01,
    0xef, 0x01, 0xef, 0x01, 0xef, 0x01, 0xef, 0x01, 0xef, 0x01, 0xef, 0x01,
    0xef, 0x01, 0xef, 0x01, 0xef, 0x01, 0xef, 0x01, 0xef, 0x01, 0xef, 0x01,
    0xef, 0x01, 0xef, 0x01, 0xef, 0x01, 0xef, 0x01, 0xef, 0x01, 0xef, 0x01,
    0xef, 0x01, 0xef, 0x01, 0xef, 0x01, 0xef, 0x01, 0xef, 0x01, 0xef, 0x01,
    0xef, 0x01, 0xef, 0x01, 0xef, 0x01, 0xef, 0x01, 0xef, 0x01, 0xef, 0x01,
    0xef, 0x01, 0xef, 0x01, 0xef, 0x01, 0xef, 0x01, 0xef, 0x01, 0xef, 0x01,
    0xef, 0x01, 0xef, 0x01, 0xef, 0x01, 0xef, 0x01, 0xef, 0x01, 0xef, 0x01,
    0xef, 0x01, 0xef, 0x01, 0xef, 0x01, 0xef, 0x01, 0xef, 0x01, 0xef, 0x01,
    0xef, 0x01, 0xef, 0x01, 0xef, 0x01, 0xef, 0x01, 0xef, 0x01, 0xef, 0x01,
    0xef, 0x01, 0xef, 0x01, 0xef, 0x01, 0xef, 0x01, 0xef, 0x01, 0xef, 0x01,
    0xef, 0x01, 0xef, 0x01, 0xef, 0x01, 0xef, 0x01, 0xef, 0x01, 0xef, 0x01,
    0xef, 0x01, 0xef, 0x01, 0xef, 0x01, 0xef, 0x01, 0xef, 0x01, 0xef, 0x01,
    0xef, 0x01, 0xef, 0x01, 0xef, 0x01, 0xef, 0x01, 0xef, 0x01, 0x4a, 0x01,
    0x63, 0x00, 0x00, 0x00, 0x00, 0x00, 0x00, 0x00, 0x00, 0x00, 0x00, 0x00,
    0x00, 0x00, 0x00, 0x00, 0x00, 0x00, 0x00, 0x00, 0x00, 0x00, 0x00, 0x00,
    0x00, 0x00, 0x00, 0x00, 0x00, 0x00, 0x00, 0x00, 0x00, 0x00, 0x00, 0x00,
    0x00, 0x00, 0x00, 0x00, 0x00, 0x00, 0x00, 0x00, 0x00, 0x00, 0x00, 0x00,
    0x00, 0x00, 0x00, 0x00, 0x00, 0x00, 0x00, 0x00, 0x00, 0x00, 0x00, 0x00,
    0x00, 0x00, 0x00, 0x00, 0x00, 0x00, 0x00, 0x00, 0x00, 0x00, 0x00, 0x00,
    0x00, 0x00, 0x00, 0x00, 0x00, 0x00, 0x00, 0x00, 0x00, 0x00, 0x00, 0x00,
    0x00, 0x00, 0x00, 0x00, 0x00, 0x00, 0x00, 0x00, 0x00, 0x00, 0x00, 0x00,
    0x00, 0x00, 0x00, 0x00, 0x00, 0x00, 0x00, 0x00, 0x00, 0x00, 0x00, 0x00,
    0x00, 0x00, 0x00, 0x00, 0x00, 0x00, 0x00, 0x00, 0x00, 0x00, 0x00, 0x00,
    0x00, 0x00, 0x00, 0x00, 0x00, 0x00, 0x00, 0x00, 0x00, 0x00, 0x00, 0x00,
    0x00, 0x00, 0x00, 0x00, 0x00, 0x00, 0x00, 0x00, 0x00, 0x00, 0x00, 0x00,
    0x00, 0x00, 0x00, 0x00, 0x00, 0x00, 0x00, 0x00, 0x00, 0x00, 0x00, 0x00,
    0x00, 0x00, 0x00, 0x00, 0x00, 0x00, 0x00, 0x00, 0x00, 0x00, 0x00, 0x00,
    0x00, 0x00, 0x00, 0x00, 0x00, 0x00, 0x00, 0x00, 0x00, 0x00, 0x00, 0x00,
    0x00, 0x00, 0x00, 0x00, 0x00, 0x00, 0x00, 0x00, 0x00, 0x00, 0x00, 0x00,
    0x00, 0x00, 0x00, 0x00, 0x00, 0x00, 0x00, 0x00, 0x00, 0x00, 0x00, 0x00,
    0x00, 0x00, 0x00, 0x00, 0x00, 0x00, 0x00, 0x00, 0x00, 0x00, 0x00, 0x00,
    0x00, 0x00, 0x00, 0x00, 0x42, 0x00, 0xa5, 0x00, 0x29, 0x01, 0x8c, 0x01,
    0xef, 0x01, 0x0f, 0x02, 0xef, 0x01, 0xef, 0x01, 0xef, 0x01, 0xef, 0x01,
    0xef, 0x01, 0xef, 0x01, 0xef, 0x01, 0xef, 0x01, 0xef, 0x01, 0xef, 0x01,
    0xef, 0x01, 0xef, 0x01, 0xef, 0x01, 0xef, 0x01, 0xef, 0x01, 0xef, 0x01,
    0xef, 0x01, 0xef, 0x01, 0xef, 0x01, 0xef, 0x01, 0xef, 0x01, 0xef, 0x01,
    0xef, 0x01, 0xef, 0x01, 0xef, 0x01, 0xef, 0x01, 0xef, 0x01, 0xef, 0x01,
    0xef, 0x01, 0xef, 0x01, 0xef, 0x01, 0xef, 0x01, 0xef, 0x01, 0xef, 0x01,
    0xef, 0x01, 0xef, 0x01, 0xef, 0x01, 0xef, 0x01, 0xef, 0x01, 0xef, 0x01,
    0xef, 0x01, 0xef, 0x01, 0xef, 0x01, 0xef, 0x01, 0xef, 0x01, 0xef, 0x01,
    0xef, 0x01, 0xef, 0x01, 0xef, 0x01, 0xef, 0x01, 0xef, 0x01, 0xef, 0x01,
    0xef, 0x01, 0xef, 0x01, 0xef, 0x01, 0xef, 0x01, 0xef, 0x01, 0xef, 0x01,
    0xef, 0x01, 0xef, 0x01, 0xef, 0x01, 0xef, 0x01, 0xef, 0x01, 0xef, 0x01,
    0xef, 0x01, 0xef, 0x01, 0xef, 0x01, 0xef, 0x01, 0xef, 0x01, 0xef, 0x01,
    0xef, 0x01, 0xef, 0x01, 0xef, 0x01, 0xef, 0x01, 0xef, 0x01, 0xef, 0x01,
    0xef, 0x01, 0xef, 0x01, 0xef, 0x01, 0xef, 0x01, 0xef, 0x01, 0xef, 0x01,
    0xef, 0x01, 0xef, 0x01, 0xef, 0x01, 0xef, 0x01, 0xef, 0x01, 0xef, 0x01,
    0xef, 0x01, 0xef, 0x01, 0xef, 0x01, 0xef, 0x01, 0xef, 0x01, 0xef, 0x01,
    0xef, 0x01, 0xef, 0x01, 0xef, 0x01, 0xef, 0x01, 0xef, 0x01, 0xef, 0x01,
    0xef, 0x01, 0xef, 0x01, 0xef, 0x01, 0xef, 0x01, 0xef, 0x01, 0xef, 0x01,
    0xef, 0x01, 0xef, 0x01, 0xef, 0x01, 0xef, 0x01, 0xef, 0x01, 0xef, 0x01,
    0x4a, 0x01, 0x63, 0x00, 0x00, 0x00, 0x00, 0x00, 0x00, 0x00, 0x00, 0x00,
    0x00, 0x00, 0x00, 0x00, 0x00, 0x00, 0x00, 0x00, 0x00, 0x00, 0x00, 0x00,
    0x00, 0x00, 0x00, 0x00, 0x00, 0x00, 0x00, 0x00, 0x00, 0x00, 0x00, 0x00,
    0x00, 0x00, 0x00, 0x00, 0x00, 0x00, 0x00, 0x00, 0x00, 0x00, 0x00, 0x00,
    0x00, 0x00, 0x00, 0x00, 0x00, 0x00, 0x00, 0x00, 0x00, 0x00, 0x00, 0x00,
    0x00, 0x00, 0x00, 0x00, 0x00, 0x00, 0x00, 0x00, 0x00, 0x00, 0x00, 0x00,
    0x00, 0x00, 0x00, 0x00, 0x00, 0x00, 0x00, 0x00, 0x00, 0x00, 0x00, 0x00,
    0x00, 0x00, 0x00, 0x00, 0x00, 0x00, 0x00, 0x00, 0x00, 0x00, 0x00, 0x00,
    0x00, 0x00, 0x00, 0x00, 0x00, 0x00, 0x00, 0x00, 0x00, 0x00, 0x00, 0x00,
    0x00, 0x00, 0x00, 0x00, 0x00, 0x00, 0x00, 0x00, 0x00, 0x00, 0x00, 0x00,
    0x00, 0x00, 0x00, 0x00, 0x00, 0x00, 0x00, 0x00, 0x00, 0x00, 0x00, 0x00,
    0x00, 0x00, 0x00, 0x00, 0x00, 0x00, 0x00, 0x00, 0x00, 0x00, 0x00, 0x00,
    0x00, 0x00, 0x00, 0x00, 0x00, 0x00, 0x00, 0x00, 0x00, 0x00, 0x00, 0x00,
    0x00, 0x00, 0x00, 0x00, 0x00, 0x00, 0x00, 0x00, 0x00, 0x00, 0x00, 0x00,
    0x00, 0x00, 0x00, 0x00, 0x00, 0x00, 0x00, 0x00, 0x00, 0x00, 0x00, 0x00,
    0x00, 0x00, 0x00, 0x00, 0x00, 0x00, 0x00, 0x00, 0x00, 0x00, 0x00, 0x00,
    0x00, 0x00, 0x00, 0x00, 0x00, 0x00, 0x00, 0x00, 0x00, 0x00, 0x00, 0x00,
    0x00, 0x00, 0x00, 0x00, 0x00, 0x00, 0x00, 0x00, 0x00, 0x00, 0x00, 0x00,
    0x00, 0x00, 0x00, 0x00, 0x00, 0x00, 0x00, 0x00, 0x00, 0x00, 0x00, 0x00,
    0x21, 0x00, 0x84, 0x00, 0xe7, 0x00, 0x6b, 0x01, 0xce, 0x01, 0x0f, 0x02,
    0xf0, 0x01, 0xef, 0x01, 0xef, 0x01, 0xef, 0x01, 0xef, 0x01, 0xef, 0x01,
    0xef, 0x01, 0xef, 0x01, 0xef, 0x01, 0xef, 0x01, 0xef, 0x01, 0xef, 0x01,
    0xef, 0x01, 0xef, 0x01, 0xef, 0x01, 0xef, 0x01, 0xef, 0x01, 0xef, 0x01,
    0xef, 0x01, 0xef, 0x01, 0xef, 0x01, 0xef, 0x01, 0xef, 0x01, 0xef, 0x01,
    0xef, 0x01, 0xef, 0x01, 0xef, 0x01, 0xef, 0x01, 0xef, 0x01, 0xef, 0x01,
    0xef, 0x01, 0xef, 0x01, 0xef, 0x01, 0xef, 0x01, 0xef, 0x01, 0xef, 0x01,
    0xef, 0x01, 0xef, 0x01, 0xef, 0x01, 0xef, 0x01, 0xef, 0x01, 0xef, 0x01,
    0xef, 0x01, 0xef, 0x01, 0xef, 0x01, 0xef, 0x01, 0xef, 0x01, 0xef, 0x01,
    0xef, 0x01, 0xef, 0x01, 0xef, 0x01, 0xef, 0x01, 0xef, 0x01, 0xef, 0x01,
    0xef, 0x01, 0xef, 0x01, 0xef, 0x01, 0xef, 0x01, 0xef, 0x01, 0xef, 0x01,
    0xef, 0x01, 0xef, 0x01, 0xef, 0x01, 0xef, 0x01, 0xef, 0x01, 0xef, 0x01,
    0xef, 0x01, 0xef, 0x01, 0xef, 0x01, 0xef, 0x01, 0xef, 0x01, 0xef, 0x01,
    0xef, 0x01, 0xef, 0x01, 0xef, 0x01, 0xef, 0x01, 0xef, 0x01, 0xef, 0x01,
    0xef, 0x01, 0xef, 0x01, 0xef, 0x01, 0xef, 0x01, 0xef, 0x01, 0xef, 0x01,
    0xef, 0x01, 0xef, 0x01, 0xef, 0x01, 0xef, 0x01, 0xef, 0x01, 0xef, 0x01,
    0xef, 0x01, 0xef, 0x01, 0xef, 0x01, 0xef, 0x01, 0xef, 0x01, 0xef, 0x01,
    0xef, 0x01, 0xef, 0x01, 0xef, 0x01, 0xef, 0x01, 0xef, 0x01, 0xef, 0x01,
    0xef, 0x01, 0xef, 0x01, 0xef, 0x01, 0xef, 0x01, 0xef, 0x01, 0xef, 0x01,
    0xef, 0x01, 0x4a, 0x01, 0x63, 0x00, 0x00, 0x00, 0x00, 0x00, 0x00, 0x00,
    0x00, 0x00, 0x00, 0x00, 0x00, 0x00, 0x00, 0x00, 0x00, 0x00, 0x00, 0x00,
    0x00, 0x00, 0x00, 0x00, 0x00, 0x00, 0x00, 0x00, 0x00, 0x00, 0x00, 0x00,
    0x00, 0x00, 0x00, 0x00, 0x00, 0x00, 0x00, 0x00, 0x00, 0x00, 0x00, 0x00,
    0x00, 0x00, 0x00, 0x00, 0x00, 0x00, 0x00, 0x00, 0x00, 0x00, 0x00, 0x00,
    0x00, 0x00, 0x00, 0x00, 0x00, 0x00, 0x00, 0x00, 0x00, 0x00, 0x00, 0x00,
    0x00, 0x00, 0x00, 0x00, 0x00, 0x00, 0x00, 0x00, 0x00, 0x00, 0x00, 0x00,
    0x00, 0x00, 0x00, 0x00, 0x00, 0x00, 0x00, 0x00, 0x00, 0x00, 0x00, 0x00,
    0x00, 0x00, 0x00, 0x00, 0x00, 0x00, 0x00, 0x00, 0x00, 0x00, 0x00, 0x00,
    0x00, 0x00, 0x00, 0x00, 0x00, 0x00, 0x00, 0x00, 0x00, 0x00, 0x00, 0x00,
    0x00, 0x00, 0x00, 0x00, 0x00, 0x00, 0x00, 0x00, 0x00, 0x00, 0x00, 0x00,
    0x00, 0x00, 0x00, 0x00, 0x00, 0x00, 0x00, 0x00, 0x00, 0x00, 0x00, 0x00,
    0x00, 0x00, 0x00, 0x00, 0x00, 0x00, 0x00, 0x00, 0x00, 0x00, 0x00, 0x00,
    0x00, 0x00, 0x00, 0x00, 0x00, 0x00, 0x00, 0x00, 0x00, 0x00, 0x00, 0x00,
    0x00, 0x00, 0x00, 0x00, 0x00, 0x00, 0x00, 0x00, 0x00, 0x00, 0x00, 0x00,
    0x00, 0x00, 0x00, 0x00, 0x00, 0x00, 0x00, 0x00, 0x00, 0x00, 0x00, 0x00,
    0x00, 0x00, 0x00, 0x00, 0x00, 0x00, 0x00, 0x00, 0x00, 0x00, 0x00, 0x00,
    0x00, 0x00, 0x00, 0x00, 0x00, 0x00, 0x00, 0x00, 0x00, 0x00, 0x00, 0x00,
    0x00, 0x00, 0x00, 0x00, 0x00, 0x00, 0x00, 0x00, 0x00, 0x00, 0x00, 0x00,
    0x00, 0x00, 0x00, 0x00, 0x00, 0x00, 0x00, 0x00, 0x20, 0x00, 0x63, 0x00,
    0xc6, 0x00, 0x29, 0x01, 0x8c, 0x01, 0xef, 0x01, 0x10, 0x02, 0xef, 0x01,
    0xef, 0x01, 0xef, 0x01, 0xef, 0x01, 0xef, 0x01, 0xef, 0x01, 0xef, 0x01,
    0xef, 0x01, 0xef, 0x01, 0xef, 0x01, 0xef, 0x01, 0xef, 0x01, 0xef, 0x01,
    0xef, 0x01, 0xef, 0x01, 0xef, 0x01, 0xef, 0x01, 0xef, 0x01, 0xef, 0x01,
    0xef, 0x01, 0xef, 0x01, 0xef, 0x01, 0xef, 0x01, 0xef, 0x01, 0xef, 0x01,
    0xef, 0x01, 0xef, 0x01, 0xef, 0x01, 0xef, 0x01, 0xef, 0x01, 0xef, 0x01,
    0xef, 0x01, 0xef, 0x01, 0xef, 0x01, 0xef, 0x01, 0xef, 0x01, 0xef, 0x01,
    0xef, 0x01, 0xef, 0x01, 0xef, 0x01, 0xef, 0x01, 0xef, 0x01, 0xef, 0x01,
    0xef, 0x01, 0xef, 0x01, 0xef, 0x01, 0xef, 0x01, 0xef, 0x01, 0xef, 0x01,
    0xef, 0x01, 0xef, 0x01, 0xef, 0x01, 0xef, 0x01, 0xef, 0x01, 0xef, 0x01,
    0xef, 0x01, 0xef, 0x01, 0xef, 0x01, 0xef, 0x01, 0xef, 0x01, 0xef, 0x01,
    0xef, 0x01, 0xef, 0x01, 0xef, 0x01, 0xef, 0x01, 0xef, 0x01, 0xef, 0x01,
    0xef, 0x01, 0xef, 0x01, 0xef, 0x01, 0xef, 0x01, 0xef, 0x01, 0xef, 0x01,
    0xef, 0x01, 0xef, 0x01, 0xef, 0x01, 0xef, 0x01, 0xef, 0x01, 0xef, 0x01,
    0xef, 0x01, 0xef, 0x01, 0xef, 0x01, 0xef, 0x01, 0xef, 0x01, 0xef, 0x01,
    0xef, 0x01, 0xef, 0x01, 0xef, 0x01, 0xef, 0x01, 0xef, 0x01, 0xef, 0x01,
    0xef, 0x01, 0xef, 0x01, 0xef, 0x01, 0xef, 0x01, 0xef, 0x01, 0xef, 0x01,
    0xef, 0x01, 0xef, 0x01, 0xef, 0x01, 0xef, 0x01, 0xef, 0x01, 0xef, 0x01,
    0xef, 0x01, 0xef, 0x01, 0x6a, 0x01, 0x63, 0x00, 0x00, 0x00, 0x00, 0x00,
    0x00, 0x00, 0x00, 0x00, 0x00, 0x00, 0x00, 0x00, 0x00, 0x00, 0x00, 0x00,
    0x00, 0x00, 0x00, 0x00, 0x00, 0x00, 0x00, 0x00, 0x00, 0x00, 0x00, 0x00,
    0x00, 0x00, 0x00, 0x00, 0x00, 0x00, 0x00, 0x00, 0x00, 0x00, 0x00, 0x00,
    0x00, 0x00, 0x00, 0x00, 0x00, 0x00, 0x00, 0x00, 0x00, 0x00, 0x00, 0x00,
    0x00, 0x00, 0x00, 0x00, 0x00, 0x00, 0x00, 0x00, 0x00, 0x00, 0x00, 0x00,
    0x00, 0x00, 0x00, 0x00, 0x00, 0x00, 0x00, 0x00, 0x00, 0x00, 0x00, 0x00,
    0x00, 0x00, 0x00, 0x00, 0x00, 0x00, 0x00, 0x00, 0x00, 0x00, 0x00, 0x00,
    0x00, 0x00, 0x00, 0x00, 0x00, 0x00, 0x00, 0x00, 0x00, 0x00, 0x00, 0x00,
    0x00, 0x00, 0x00, 0x00, 0x00, 0x00, 0x00, 0x00, 0x00, 0x00, 0x00, 0x00,
    0x00, 0x00, 0x00, 0x00, 0x00, 0x00, 0x00, 0x00, 0x00, 0x00, 0x00, 0x00,
    0x00, 0x00, 0x00, 0x00, 0x00, 0x00, 0x00, 0x00, 0x00, 0x00, 0x00, 0x00,
    0x00, 0x00, 0x00, 0x00, 0x00, 0x00, 0x00, 0x00, 0x00, 0x00, 0x00, 0x00,
    0x00, 0x00, 0x00, 0x00, 0x00, 0x00, 0x00, 0x00, 0x00, 0x00, 0x00, 0x00,
    0x00, 0x00, 0x00, 0x00, 0x00, 0x00, 0x00, 0x00, 0x00, 0x00, 0x00, 0x00,
    0x00, 0x00, 0x00, 0x00, 0x00, 0x00, 0x00, 0x00, 0x00, 0x00, 0x00, 0x00,
    0x00, 0x00, 0x00, 0x00, 0x00, 0x00, 0x00, 0x00, 0x00, 0x00, 0x00, 0x00,
    0x00, 0x00, 0x00, 0x00, 0x00, 0x00, 0x00, 0x00, 0x00, 0x00, 0x00, 0x00,
    0x00, 0x00, 0x00, 0x00, 0x00, 0x00, 0x00, 0x00, 0x00, 0x00, 0x00, 0x00,
    0x00, 0x00, 0x00, 0x00, 0x00, 0x00, 0x00, 0x00, 0x00, 0x00, 0x00, 0x00,
    0x00, 0x00, 0x00, 0x00, 0x00, 0x00, 0x21, 0x00, 0x84, 0x00, 0xe7, 0x00,
    0x6b, 0x01, 0xad, 0x01, 0xef, 0x01, 0x10, 0x02, 0xef, 0x01, 0xef, 0x01,
    0xef, 0x01, 0xef, 0x01, 0xef, 0x01, 0xef, 0x01, 0xef, 0x01, 0xef, 0x01,
    0xef, 0x01, 0xef, 0x01, 0xef, 0x01, 0xef, 0x01, 0xef, 0x01, 0xef, 0x01,
    0xef, 0x01, 0xef, 0x01, 0xef, 0x01, 0xef, 0x01, 0xef, 0x01, 0xef, 0x01,
    0xef, 0x01, 0xef, 0x01, 0xef, 0x01, 0xef, 0x01, 0xef, 0x01, 0xef, 0x01,
    0xef, 0x01, 0xef, 0x01, 0xef, 0x01, 0xef, 0x01, 0xef, 0x01, 0xef, 0x01,
    0xef, 0x01, 0xef, 0x01, 0xef, 0x01, 0xef, 0x01, 0xef, 0x01, 0xef, 0x01,
    0xef, 0x01, 0xef, 0x01, 0xef, 0x01, 0xef, 0x01, 0xef, 0x01, 0xef, 0x01,
    0xef, 0x01, 0xef, 0x01, 0xef, 0x01, 0xef, 0x01, 0xef, 0x01, 0xef, 0x01,
    0xef, 0x01, 0xef, 0x01, 0xef, 0x01, 0xef, 0x01, 0xef, 0x01, 0xef, 0x01,
    0xef, 0x01, 0xef, 0x01, 0xef, 0x01, 0xef, 0x01, 0xef, 0x01, 0xef, 0x01,
    0xef, 0x01, 0xef, 0x01, 0xef, 0x01, 0xef, 0x01, 0xef, 0x01, 0xef, 0x01,
    0xef, 0x01, 0xef, 0x01, 0xef, 0x01, 0xef, 0x01, 0xef, 0x01, 0xef, 0x01,
    0xef, 0x01, 0xef, 0x01, 0xef, 0x01, 0xef, 0x01, 0xef, 0x01, 0xef, 0x01,
    0xef, 0x01, 0xef, 0x01, 0xef, 0x01, 0xef, 0x01, 0xef, 0x01, 0xef, 0x01,
    0xef, 0x01, 0xef, 0x01, 0xef, 0x01, 0xef, 0x01, 0xef, 0x01, 0xef, 0x01,
    0xef, 0x01, 0xef, 0x01, 0xef, 0x01, 0xef, 0x01, 0xef, 0x01, 0xef, 0x01,
    0xef, 0x01, 0xef, 0x01, 0xef, 0x01, 0x4a, 0x01, 0x63, 0x00, 0x00, 0x00,
    0x00, 0x00, 0x00, 0x00, 0x00, 0x00, 0x00, 0x00, 0x00, 0x00, 0x00, 0x00,
    0x00, 0x00, 0x00, 0x00, 0x00, 0x00, 0x00, 0x00, 0x00, 0x00, 0x00, 0x00,
    0x00, 0x00, 0x00, 0x00, 0x00, 0x00, 0x00, 0x00, 0x00, 0x00, 0x00, 0x00,
    0x00, 0x00, 0x00, 0x00, 0x00, 0x00, 0x00, 0x00, 0x00, 0x00, 0x00, 0x00,
    0x00, 0x00, 0x00, 0x00, 0x00, 0x00, 0x00, 0x00, 0x00, 0x00, 0x00, 0x00,
    0x00, 0x00, 0x00, 0x00, 0x00, 0x00, 0x00, 0x00, 0x00, 0x00, 0x00, 0x00,
    0x00, 0x00, 0x00, 0x00, 0x00, 0x00, 0x00, 0x00, 0x00, 0x00, 0x00, 0x00,
    0x00, 0x00, 0x00, 0x00, 0x00, 0x00, 0x00, 0x00, 0x00, 0x00, 0x00, 0x00,
    0x00, 0x00, 0x00, 0x00, 0x00, 0x00, 0x00, 0x00, 0x00, 0x00, 0x00, 0x00,
    0x00, 0x00, 0x00, 0x00, 0x00, 0x00, 0x00, 0x00, 0x00, 0x00, 0x00, 0x00,
    0x00, 0x00, 0x00, 0x00, 0x00, 0x00, 0x00, 0x00, 0x00, 0x00, 0x00, 0x00,
    0x00, 0x00, 0x00, 0x00, 0x00, 0x00, 0x00, 0x00, 0x00, 0x00, 0x00, 0x00,
    0x00, 0x00, 0x00, 0x00, 0x00, 0x00, 0x00, 0x00, 0x00, 0x00, 0x00, 0x00,
    0x00, 0x00, 0x00, 0x00, 0x00, 0x00, 0x00, 0x00, 0x00, 0x00, 0x00, 0x00,
    0x00, 0x00, 0x00, 0x00, 0x00, 0x00, 0x00, 0x00, 0x00, 0x00, 0x00, 0x00,
    0x00, 0x00, 0x00, 0x00, 0x00, 0x00, 0x00, 0x00, 0x00, 0x00, 0x00, 0x00,
    0x00, 0x00, 0x00, 0x00, 0x00, 0x00, 0x00, 0x00, 0x00, 0x00, 0x00, 0x00,
    0x00, 0x00, 0x00, 0x00, 0x00, 0x00, 0x00, 0x00, 0x00, 0x00, 0x00, 0x00,
    0x00, 0x00, 0x00, 0x00, 0x00, 0x00, 0x00, 0x00, 0x00, 0x00, 0x00, 0x00,
    0x00, 0x00, 0x00, 0x00, 0x00, 0x00, 0x00, 0x00, 0x00, 0x00, 0x00, 0x00,
    0x00, 0x00, 0x00, 0x00, 0x42, 0x00, 0xa5, 0x00, 0x29, 0x01, 0x6b, 0x01,
    0xce, 0x01, 0x10, 0x02, 0xf0, 0x01, 0xef, 0x01, 0xef, 0x01, 0xef, 0x01,
    0xef, 0x01, 0xef, 0x01, 0xef, 0x01, 0xef, 0x01, 0xef, 0x01, 0xef, 0x01,
    0xef, 0x01, 0xef, 0x01, 0xef, 0x01, 0xef, 0x01, 0xef, 0x01, 0xef, 0x01,
    0xef, 0x01, 0xef, 0x01, 0xef, 0x01, 0xef, 0x01, 0xef, 0x01, 0xef, 0x01,
    0xef, 0x01, 0xef, 0x01, 0xef, 0x01, 0xef, 0x01, 0xef, 0x01, 0xef, 0x01,
    0xef, 0x01, 0xef, 0x01, 0xef, 0x01, 0xef, 0x01, 0xef, 0x01, 0xef, 0x01,
    0xef, 0x01, 0xef, 0x01, 0xef, 0x01, 0xef, 0x01, 0xef, 0x01, 0xef, 0x01,
    0xef, 0x01, 0xef, 0x01, 0xef, 0x01, 0xef, 0x01, 0xef, 0x01, 0xef, 0x01,
    0xef, 0x01, 0xef, 0x01, 0xef, 0x01, 0xef, 0x01, 0xef, 0x01, 0xef, 0x01,
    0xef, 0x01, 0xef, 0x01, 0xef, 0x01, 0xef, 0x01, 0xef, 0x01, 0xef, 0x01,
    0xef, 0x01, 0xef, 0x01, 0xef, 0x01, 0xef, 0x01, 0xef, 0x01, 0xef, 0x01,
    0xef, 0x01, 0xef, 0x01, 0xef, 0x01, 0xef, 0x01, 0xef, 0x01, 0xef, 0x01,
    0xef, 0x01, 0xef, 0x01, 0xef, 0x01, 0xef, 0x01, 0xef, 0x01, 0xef, 0x01,
    0xef, 0x01, 0xef, 0x01, 0xef, 0x01, 0xef, 0x01, 0xef, 0x01, 0xef, 0x01,
    0xef, 0x01, 0xef, 0x01, 0xef, 0x01, 0xef, 0x01, 0xef, 0x01, 0xef, 0x01,
    0xef, 0x01, 0xef, 0x01, 0xef, 0x01, 0xef, 0x01, 0xef, 0x01, 0xef, 0x01,
    0xef, 0x01, 0xef, 0x01, 0xef, 0x01, 0xce, 0x01, 0x29, 0x01, 0x63, 0x00,
    0x00, 0x00, 0x00, 0x00, 0x00, 0x00, 0x00, 0x00, 0x00, 0x00, 0x00, 0x00,
    0x00, 0x00, 0x00, 0x00, 0x00, 0x00, 0x00, 0x00, 0x00, 0x00, 0x00, 0x00,
    0x00, 0x00, 0x00, 0x00, 0x00, 0x00, 0x00, 0x00, 0x00, 0x00, 0x00, 0x00,
    0x00, 0x00, 0x00, 0x00, 0x00, 0x00, 0x00, 0x00, 0x00, 0x00, 0x00, 0x00,
    0x00, 0x00, 0x00, 0x00, 0x00, 0x00, 0x00, 0x00, 0x00, 0x00, 0x00, 0x00,
    0x00, 0x00, 0x00, 0x00, 0x00, 0x00, 0x00, 0x00, 0x00, 0x00, 0x00, 0x00,
    0x00, 0x00, 0x00, 0x00, 0x00, 0x00, 0x00, 0x00, 0x00, 0x00, 0x00, 0x00,
    0x00, 0x00, 0x00, 0x00, 0x00, 0x00, 0x00, 0x00, 0x00, 0x00, 0x00, 0x00,
    0x00, 0x00, 0x00, 0x00, 0x00, 0x00, 0x00, 0x00, 0x00, 0x00, 0x00, 0x00,
    0x00, 0x00, 0x00, 0x00, 0x00, 0x00, 0x00, 0x00, 0x00, 0x00, 0x00, 0x00,
    0x00, 0x00, 0x00, 0x00, 0x00, 0x00, 0x00, 0x00, 0x00, 0x00, 0x00, 0x00,
    0x00, 0x00, 0x00, 0x00, 0x00, 0x00, 0x00, 0x00, 0x00, 0x00, 0x00, 0x00,
    0x00, 0x00, 0x00, 0x00, 0x00, 0x00, 0x00, 0x00, 0x00, 0x00, 0x00, 0x00,
    0x00, 0x00, 0x00, 0x00, 0x00, 0x00, 0x00, 0x00, 0x00, 0x00, 0x00, 0x00,
    0x00, 0x00, 0x00, 0x00, 0x00, 0x00, 0x00, 0x00, 0x00, 0x00, 0x00, 0x00,
    0x00, 0x00, 0x00, 0x00, 0x00, 0x00, 0x00, 0x00, 0x00, 0x00, 0x00, 0x00,
    0x00, 0x00, 0x00, 0x00, 0x00, 0x00, 0x00, 0x00, 0x00, 0x00, 0x00, 0x00,
    0x00, 0x00, 0x00, 0x00, 0x00, 0x00, 0x00, 0x00, 0x00, 0x00, 0x00, 0x00,
    0x00, 0x00, 0x00, 0x00, 0x00, 0x00, 0x00, 0x00, 0x00, 0x00, 0x00, 0x00,
    0x00, 0x00, 0x00, 0x00, 0x00, 0x00, 0x00, 0x00, 0x00, 0x00, 0x00, 0x00,
    0x00, 0x00, 0x00, 0x00, 0x00, 0x00, 0x00, 0x00, 0x00, 0x00, 0x00, 0x00,
    0x21, 0x00, 0x63, 0x00, 0xc6, 0x00, 0x4a, 0x01, 0x8c, 0x01, 0xce, 0x01,
    0xef, 0x01, 0x10, 0x02, 0xef, 0x01, 0xef, 0x01, 0xef, 0x01, 0xef, 0x01,
    0xef, 0x01, 0xef, 0x01, 0xef, 0x01, 0xef, 0x01, 0xef, 0x01, 0xef, 0x01,
    0xef, 0x01, 0xef, 0x01, 0xef, 0x01, 0xef, 0x01, 0xef, 0x01, 0xef, 0x01,
    0xef, 0x01, 0xef, 0x01, 0xef, 0x01, 0xef, 0x01, 0xef, 0x01, 0xef, 0x01,
    0xef, 0x01, 0xef, 0x01, 0xef, 0x01, 0xef, 0x01, 0xef, 0x01, 0xef, 0x01,
    0xef, 0x01, 0xef, 0x01, 0xef, 0x01, 0xef, 0x01, 0xef, 0x01, 0xef, 0x01,
    0xef, 0x01, 0xef, 0x01, 0xef, 0x01, 0xef, 0x01, 0xef, 0x01, 0xef, 0x01,
    0xef, 0x01, 0xef, 0x01, 0xef, 0x01, 0xef, 0x01, 0xef, 0x01, 0xef, 0x01,
    0xef, 0x01, 0xef, 0x01, 0xef, 0x01, 0xef, 0x01, 0xef, 0x01, 0xef, 0x01,
    0xef, 0x01, 0xef, 0x01, 0xef, 0x01, 0xef, 0x01, 0xef, 0x01, 0xef, 0x01,
    0xef, 0x01, 0xef, 0x01, 0xef, 0x01, 0xef, 0x01, 0xef, 0x01, 0xef, 0x01,
    0xef, 0x01, 0xef, 0x01, 0xef, 0x01, 0xef, 0x01, 0xef, 0x01, 0xef, 0x01,
    0xef, 0x01, 0xef, 0x01, 0xef, 0x01, 0xef, 0x01, 0xef, 0x01, 0xef, 0x01,
    0xef, 0x01, 0xef, 0x01, 0xef, 0x01, 0xef, 0x01, 0xef, 0x01, 0xef, 0x01,
    0xef, 0x01, 0xef, 0x01, 0xef, 0x01, 0xef, 0x01, 0xef, 0x01, 0xef, 0x01,
    0xef, 0x01, 0xef, 0x01, 0xef, 0x01, 0x10, 0x02, 0xce, 0x01, 0x08, 0x01,
    0x42, 0x00, 0x00, 0x00, 0x00, 0x00, 0x00, 0x00, 0x00, 0x00, 0x00, 0x00,
    0x00, 0x00, 0x00, 0x00, 0x00, 0x00, 0x00, 0x00, 0x00, 0x00, 0x00, 0x00,
    0x00, 0x00, 0x00, 0x00, 0x00, 0x00, 0x00, 0x00, 0x00, 0x00, 0x00, 0x00,
    0x00, 0x00, 0x00, 0x00, 0x00, 0x00, 0x00, 0x00, 0x00, 0x00, 0x00, 0x00,
    0x00, 0x00, 0x00, 0x00, 0x00, 0x00, 0x00, 0x00, 0x00, 0x00, 0x00, 0x00,
    0x00, 0x00, 0x00, 0x00, 0x00, 0x00, 0x00, 0x00, 0x00, 0x00, 0x00, 0x00,
    0x00, 0x00, 0x00, 0x00, 0x00, 0x00, 0x00, 0x00, 0x00, 0x00, 0x00, 0x00,
    0x00, 0x00, 0x00, 0x00, 0x00, 0x00, 0x00, 0x00, 0x00, 0x00, 0x00, 0x00,
    0x00, 0x00, 0x00, 0x00, 0x00, 0x00, 0x00, 0x00, 0x00, 0x00, 0x00, 0x00,
    0x00, 0x00, 0x00, 0x00, 0x00, 0x00, 0x00, 0x00, 0x00, 0x00, 0x00, 0x00,
    0x00, 0x00, 0x00, 0x00, 0x00, 0x00, 0x00, 0x00, 0x00, 0x00, 0x00, 0x00,
    0x00, 0x00, 0x00, 0x00, 0x00, 0x00, 0x00, 0x00, 0x00, 0x00, 0x00, 0x00,
    0x00, 0x00, 0x00, 0x00, 0x00, 0x00, 0x00, 0x00, 0x00, 0x00, 0x00, 0x00,
    0x00, 0x00, 0x00, 0x00, 0x00, 0x00, 0x00, 0x00, 0x00, 0x00, 0x00, 0x00,
    0x00, 0x00, 0x00, 0x00, 0x00, 0x00, 0x00, 0x00, 0x00, 0x00, 0x00, 0x00,
    0x00, 0x00, 0x00, 0x00, 0x00, 0x00, 0x00, 0x00, 0x00, 0x00, 0x00, 0x00,
    0x00, 0x00, 0x00, 0x00, 0x00, 0x00, 0x00, 0x00, 0x00, 0x00, 0x00, 0x00,
    0x00, 0x00, 0x00, 0x00, 0x00, 0x00, 0x00, 0x00, 0x00, 0x00, 0x00, 0x00,
    0x00, 0x00, 0x00, 0x00, 0x00, 0x00, 0x00, 0x00, 0x00, 0x00, 0x00, 0x00,
    0x00, 0x00, 0x00, 0x00, 0x00, 0x00, 0x00, 0x00, 0x00, 0x00, 0x00, 0x00,
    0x00, 0x00, 0x00, 0x00, 0x00, 0x00, 0x00, 0x00, 0x00, 0x00, 0x00, 0x00,
    0x00, 0x00, 0x00, 0x00, 0x00, 0x00, 0x00, 0x00, 0x00, 0x00, 0x21, 0x00,
    0x84, 0x00, 0xe7, 0x00, 0x29, 0x01, 0x8c, 0x01, 0xce, 0x01, 0xf0, 0x01,
    0x10, 0x02, 0xef, 0x01, 0xef, 0x01, 0xef, 0x01, 0xef, 0x01, 0xef, 0x01,
    0xef, 0x01, 0xef, 0x01, 0xef, 0x01, 0xef, 0x01, 0xef, 0x01, 0xef, 0x01,
    0xef, 0x01, 0xef, 0x01, 0xef, 0x01, 0xef, 0x01, 0xef, 0x01, 0xef, 0x01,
    0xef, 0x01, 0xef, 0x01, 0xef, 0x01, 0xef, 0x01, 0xef, 0x01, 0xef, 0x01,
    0xef, 0x01, 0xef, 0x01, 0xef, 0x01, 0xef, 0x01, 0xef, 0x01, 0xef, 0x01,
    0xef, 0x01, 0xef, 0x01, 0xef, 0x01, 0xef, 0x01, 0xef, 0x01, 0xef, 0x01,
    0xef, 0x01, 0xef, 0x01, 0xef, 0x01, 0xef, 0x01, 0xef, 0x01, 0xef, 0x01,
    0xef, 0x01, 0xef, 0x01, 0xef, 0x01, 0xef, 0x01, 0xef, 0x01, 0xef, 0x01,
    0xef, 0x01, 0xef, 0x01, 0xef, 0x01, 0xef, 0x01, 0xef, 0x01, 0xef, 0x01,
    0xef, 0x01, 0xef, 0x01, 0xef, 0x01, 0xef, 0x01, 0xef, 0x01, 0xef, 0x01,
    0xef, 0x01, 0xef, 0x01, 0xef, 0x01, 0xef, 0x01, 0xef, 0x01, 0xef, 0x01,
    0xef, 0x01, 0xef, 0x01, 0xef, 0x01, 0xef, 0x01, 0xef, 0x01, 0xef, 0x01,
    0xef, 0x01, 0xef, 0x01, 0xef, 0x01, 0xef, 0x01, 0xef, 0x01, 0xef, 0x01,
    0xef, 0x01, 0xef, 0x01, 0xef, 0x01, 0xef, 0x01, 0xef, 0x01, 0xef, 0x01,
    0xef, 0x01, 0xef, 0x01, 0xef, 0x01, 0xef, 0x01, 0xef, 0x01, 0x8d, 0x01,
    0xe7, 0x00, 0x21, 0x00, 0x00, 0x00, 0x00, 0x00, 0x00, 0x00, 0x00, 0x00,
    0x00, 0x00, 0x00, 0x00, 0x00, 0x00, 0x00, 0x00, 0x00, 0x00, 0x00, 0x00,
    0x00, 0x00, 0x00, 0x00, 0x00, 0x00, 0x00, 0x00, 0x00, 0x00, 0x00, 0x00,
    0x00, 0x00, 0x00, 0x00, 0x00, 0x00, 0x00, 0x00, 0x00, 0x00, 0x00, 0x00,
    0x00, 0x00, 0x00, 0x00, 0x00, 0x00, 0x00, 0x00, 0x00, 0x00, 0x00, 0x00,
    0x00, 0x00, 0x00, 0x00, 0x00, 0x00, 0x00, 0x00, 0x00, 0x00, 0x00, 0x00,
    0x00, 0x00, 0x00, 0x00, 0x00, 0x00, 0x00, 0x00, 0x00, 0x00, 0x00, 0x00,
    0x00, 0x00, 0x00, 0x00, 0x00, 0x00, 0x00, 0x00, 0x00, 0x00, 0x00, 0x00,
    0x00, 0x00, 0x00, 0x00, 0x00, 0x00, 0x00, 0x00, 0x00, 0x00, 0x00, 0x00,
    0x00, 0x00, 0x00, 0x00, 0x00, 0x00, 0x00, 0x00, 0x00, 0x00, 0x00, 0x00,
    0x00, 0x00, 0x00, 0x00, 0x00, 0x00, 0x00, 0x00, 0x00, 0x00, 0x00, 0x00,
    0x00, 0x00, 0x00, 0x00, 0x00, 0x00, 0x00, 0x00, 0x00, 0x00, 0x00, 0x00,
    0x00, 0x00, 0x00, 0x00, 0x00, 0x00, 0x00, 0x00, 0x00, 0x00, 0x00, 0x00,
    0x00, 0x00, 0x00, 0x00, 0x00, 0x00, 0x00, 0x00, 0x00, 0x00, 0x00, 0x00,
    0x00, 0x00, 0x00, 0x00, 0x00, 0x00, 0x00, 0x00, 0x00, 0x00, 0x00, 0x00,
    0x00, 0x00, 0x00, 0x00, 0x00, 0x00, 0x00, 0x00, 0x00, 0x00, 0x00, 0x00,
    0x00, 0x00, 0x00, 0x00, 0x00, 0x00, 0x00, 0x00, 0x00, 0x00, 0x00, 0x00,
    0x00, 0x00, 0x00, 0x00, 0x00, 0x00, 0x00, 0x00, 0x00, 0x00, 0x00, 0x00,
    0x00, 0x00, 0x00, 0x00, 0x00, 0x00, 0x00, 0x00, 0x00, 0x00, 0x00, 0x00,
    0x00, 0x00, 0x00, 0x00, 0x00, 0x00, 0x00, 0x00, 0x00, 0x00, 0x00, 0x00,
    0x00, 0x00, 0x00, 0x00, 0x00, 0x00, 0x00, 0x00, 0x00, 0x00, 0x00, 0x00,
    0x00, 0x00, 0x00, 0x00, 0x00, 0x00, 0x00, 0x00, 0x00, 0x00, 0x00, 0x00,
    0x00, 0x00, 0x00, 0x00, 0x00, 0x00, 0x00, 0x00, 0x42, 0x00, 0x84, 0x00,
    0xe7, 0x00, 0x2a, 0x01, 0x8c, 0x01, 0xce, 0x01, 0xef, 0x01, 0x10, 0x02,
    0xf0, 0x01, 0xef, 0x01, 0xef, 0x01, 0xef, 0x01, 0xef, 0x01, 0xef, 0x01,
    0xef, 0x01, 0xef, 0x01, 0xef, 0x01, 0xef, 0x01, 0xef, 0x01, 0xef, 0x01,
    0xef, 0x01, 0xef, 0x01, 0xef, 0x01, 0xef, 0x01, 0xef, 0x01, 0xef, 0x01,
    0xef, 0x01, 0xef, 0x01, 0xef, 0x01, 0xef, 0x01, 0xef, 0x01, 0xef, 0x01,
    0xef, 0x01, 0xef, 0x01, 0xef, 0x01, 0xef, 0x01, 0xef, 0x01, 0xef, 0x01,
    0xef, 0x01, 0xef, 0x01, 0xef, 0x01, 0xef, 0x01, 0xef, 0x01, 0xef, 0x01,
    0xef, 0x01, 0xef, 0x01, 0xef, 0x01, 0xef, 0x01, 0xef, 0x01, 0xef, 0x01,
    0xef, 0x01, 0xef, 0x01, 0xef, 0x01, 0xef, 0x01, 0xef, 0x01, 0xef, 0x01,
    0xef, 0x01, 0xef, 0x01, 0xef, 0x01, 0xef, 0x01, 0xef, 0x01, 0xef, 0x01,
    0xef, 0x01, 0xef, 0x01, 0xef, 0x01, 0xef, 0x01, 0xef, 0x01, 0xef, 0x01,
    0xef, 0x01, 0xef, 0x01, 0xef, 0x01, 0xef, 0x01, 0xef, 0x01, 0xef, 0x01,
    0xef, 0x01, 0xef, 0x01, 0xef, 0x01, 0xef, 0x01, 0xef, 0x01, 0xef, 0x01,
    0xef, 0x01, 0xef, 0x01, 0xef, 0x01, 0xef, 0x01, 0xef, 0x01, 0xef, 0x01,
    0xef, 0x01, 0xef, 0x01, 0xef, 0x01, 0xef, 0x01, 0x10, 0x02, 0xef, 0x01,
    0x4b, 0x01, 0xa5, 0x00, 0x00, 0x00, 0x00, 0x00, 0x00, 0x00, 0x00, 0x00,
    0x00, 0x00, 0x00, 0x00, 0x00, 0x00, 0x00, 0x00, 0x00, 0x00, 0x00, 0x00,
    0x00, 0x00, 0x00, 0x00, 0x00, 0x00, 0x00, 0x00, 0x00, 0x00, 0x00, 0x00,
    0x00, 0x00, 0x00, 0x00, 0x00, 0x00, 0x00, 0x00, 0x00, 0x00, 0x00, 0x00,
    0x00, 0x00, 0x00, 0x00, 0x00, 0x00, 0x00, 0x00, 0x00, 0x00, 0x00, 0x00,
    0x00, 0x00, 0x00, 0x00, 0x00, 0x00, 0x00, 0x00, 0x00, 0x00, 0x00, 0x00,
    0x00, 0x00, 0x00, 0x00, 0x00, 0x00, 0x00, 0x00, 0x00, 0x00, 0x00, 0x00,
    0x00, 0x00, 0x00, 0x00, 0x00, 0x00, 0x00, 0x00, 0x00, 0x00, 0x00, 0x00,
    0x00, 0x00, 0x00, 0x00, 0x00, 0x00, 0x00, 0x00, 0x00, 0x00, 0x00, 0x00,
    0x00, 0x00, 0x00, 0x00, 0x00, 0x00, 0x00, 0x00, 0x00, 0x00, 0x00, 0x00,
    0x00, 0x00, 0x00, 0x00, 0x00, 0x00, 0x00, 0x00, 0x00, 0x00, 0x00, 0x00,
    0x00, 0x00, 0x00, 0x00, 0x00, 0x00, 0x00, 0x00, 0x00, 0x00, 0x00, 0x00,
    0x00, 0x00, 0x00, 0x00, 0x00, 0x00, 0x00, 0x00, 0x00, 0x00, 0x00, 0x00,
    0x00, 0x00, 0x00, 0x00, 0x00, 0x00, 0x00, 0x00, 0x00, 0x00, 0x00, 0x00,
    0x00, 0x00, 0x00, 0x00, 0x00, 0x00, 0x00, 0x00, 0x00, 0x00, 0x00, 0x00,
    0x00, 0x00, 0x00, 0x00, 0x00, 0x00, 0x00, 0x00, 0x00, 0x00, 0x00, 0x00,
    0x00, 0x00, 0x00, 0x00, 0x00, 0x00, 0x00, 0x00, 0x00, 0x00, 0x00, 0x00,
    0x00, 0x00, 0x00, 0x00, 0x00, 0x00, 0x00, 0x00, 0x00, 0x00, 0x00, 0x00,
    0x00, 0x00, 0x00, 0x00, 0x00, 0x00, 0x00, 0x00, 0x00, 0x00, 0x00, 0x00,
    0x00, 0x00, 0x00, 0x00, 0x00, 0x00, 0x00, 0x00, 0x00, 0x00, 0x00, 0x00,
    0x00, 0x00, 0x00, 0x00, 0x00, 0x00, 0x00, 0x00, 0x00, 0x00, 0x00, 0x00,
    0x00, 0x00, 0x00, 0x00, 0x00, 0x00, 0x00, 0x00, 0x00, 0x00, 0x00, 0x00,
    0x00, 0x00, 0x00, 0x00, 0x00, 0x00, 0x00, 0x00, 0x00, 0x00, 0x00, 0x00,
    0x00, 0x00, 0x00, 0x00, 0x00, 0x00, 0x21, 0x00, 0x84, 0x00, 0xe7, 0x00,
    0x49, 0x01, 0x8c, 0x01, 0xae, 0x01, 0xef, 0x01, 0x0f, 0x02, 0xf0, 0x01,
    0xef, 0x01, 0xef, 0x01, 0xef, 0x01, 0xef, 0x01, 0xef, 0x01, 0xef, 0x01,
    0xef, 0x01, 0xef, 0x01, 0xef, 0x01, 0xef, 0x01, 0xef, 0x01, 0xef, 0x01,
    0xef, 0x01, 0xef, 0x01, 0xef, 0x01, 0xef, 0x01, 0xef, 0x01, 0xef, 0x01,
    0xef, 0x01, 0xef, 0x01, 0xef, 0x01, 0xef, 0x01, 0xef, 0x01, 0xef, 0x01,
    0xef, 0x01, 0xef, 0x01, 0xef, 0x01, 0xef, 0x01, 0xef, 0x01, 0xef, 0x01,
    0xef, 0x01, 0xef, 0x01, 0xef, 0x01, 0xef, 0x01, 0xef, 0x01, 0xef, 0x01,
    0xef, 0x01, 0xef, 0x01, 0xef, 0x01, 0xef, 0x01, 0xef, 0x01, 0xef, 0x01,
    0xef, 0x01, 0xef, 0x01, 0xef, 0x01, 0xef, 0x01, 0xef, 0x01, 0xef, 0x01,
    0xef, 0x01, 0xef, 0x01, 0xef, 0x01, 0xef, 0x01, 0xef, 0x01, 0xef, 0x01,
    0xef, 0x01, 0xef, 0x01, 0xef, 0x01, 0xef, 0x01, 0xef, 0x01, 0xef, 0x01,
    0xef, 0x01, 0xef, 0x01, 0xef, 0x01, 0xef, 0x01, 0xef, 0x01, 0xef, 0x01,
    0xef, 0x01, 0xef, 0x01, 0xef, 0x01, 0xef, 0x01, 0xef, 0x01, 0xef, 0x01,
    0xef, 0x01, 0xef, 0x01, 0xef, 0x01, 0xef, 0x01, 0xef, 0x01, 0xef, 0x01,
    0xad, 0x01, 0x28, 0x01, 0x63, 0x00, 0x00, 0x00, 0x00, 0x00, 0x00, 0x00,
    0x00, 0x00, 0x00, 0x00, 0x00, 0x00, 0x00, 0x00, 0x00, 0x00, 0x00, 0x00,
    0x00, 0x00, 0x00, 0x00, 0x00, 0x00, 0x00, 0x00, 0x00, 0x00, 0x00, 0x00,
    0x00, 0x00, 0x00, 0x00, 0x00, 0x00, 0x00, 0x00, 0x00, 0x00, 0x00, 0x00,
    0x00, 0x00, 0x00, 0x00, 0x00, 0x00, 0x00, 0x00, 0x00, 0x00, 0x00, 0x00,
    0x00, 0x00, 0x00, 0x00, 0x00, 0x00, 0x00, 0x00, 0x00, 0x00, 0x00, 0x00,
    0x00, 0x00, 0x00, 0x00, 0x00, 0x00, 0x00, 0x00, 0x00, 0x00, 0x00, 0x00,
    0x00, 0x00, 0x00, 0x00, 0x00, 0x00, 0x00, 0x00, 0x00, 0x00, 0x00, 0x00,
    0x00, 0x00, 0x00, 0x00, 0x00, 0x00, 0x00, 0x00, 0x00, 0x00, 0x00, 0x00,
    0x00, 0x00, 0x00, 0x00, 0x00, 0x00, 0x00, 0x00, 0x00, 0x00, 0x00, 0x00,
    0x00, 0x00, 0x00, 0x00, 0x00, 0x00, 0x00, 0x00, 0x00, 0x00, 0x00, 0x00,
    0x00, 0x00, 0x00, 0x00, 0x00, 0x00, 0x00, 0x00, 0x00, 0x00, 0x00, 0x00,
    0x00, 0x00, 0x00, 0x00, 0x00, 0x00, 0x00, 0x00, 0x00, 0x00, 0x00, 0x00,
    0x00, 0x00, 0x00, 0x00, 0x00, 0x00, 0x00, 0x00, 0x00, 0x00, 0x00, 0x00,
    0x00, 0x00, 0x00, 0x00, 0x00, 0x00, 0x00, 0x00, 0x00, 0x00, 0x00, 0x00,
    0x00, 0x00, 0x00, 0x00, 0x00, 0x00, 0x00, 0x00, 0x00, 0x00, 0x00, 0x00,
    0x00, 0x00, 0x00, 0x00, 0x00, 0x00, 0x00, 0x00, 0x00, 0x00, 0x00, 0x00,
    0x00, 0x00, 0x00, 0x00, 0x00, 0x00, 0x00, 0x00, 0x00, 0x00, 0x00, 0x00,
    0x00, 0x00, 0x00, 0x00, 0x00, 0x00, 0x00, 0x00, 0x00, 0x00, 0x00, 0x00,
    0x00, 0x00, 0x00, 0x00, 0x00, 0x00, 0x00, 0x00, 0x00, 0x00, 0x00, 0x00,
    0x00, 0x00, 0x00, 0x00, 0x00, 0x00, 0x00, 0x00, 0x00, 0x00, 0x00, 0x00,
    0x00, 0x00, 0x00, 0x00, 0x00, 0x00, 0x00, 0x00, 0x00, 0x00, 0x00, 0x00,
    0x00, 0x00, 0x00, 0x00, 0x00, 0x00, 0x00, 0x00, 0x00, 0x00, 0x00, 0x00,
    0x00, 0x00, 0x00, 0x00, 0x00, 0x00, 0x00, 0x00, 0x00, 0x00, 0x00, 0x00,
    0x00, 0x00, 0x00, 0x00, 0x21, 0x00, 0x83, 0x00, 0xc6, 0x00, 0x29, 0x01,
    0x6b, 0x01, 0xad, 0x01, 0xce, 0x01, 0xef, 0x01, 0x10, 0x02, 0xf0, 0x01,
    0xef, 0x01, 0xef, 0x01, 0xef, 0x01, 0xef, 0x01, 0xef, 0x01, 0xef, 0x01,
    0xef, 0x01, 0xef, 0x01, 0xef, 0x01, 0xef, 0x01, 0xef, 0x01, 0xef, 0x01,
    0xef, 0x01, 0xef, 0x01, 0xef, 0x01, 0xef, 0x01, 0xef, 0x01, 0xef, 0x01,
    0xef, 0x01, 0xef, 0x01, 0xef, 0x01, 0xef, 0x01, 0xef, 0x01, 0xef, 0x01,
    0xef, 0x01, 0xef, 0x01, 0xef, 0x01, 0xef, 0x01, 0xef, 0x01, 0xef, 0x01,
    0xef, 0x01, 0xef, 0x01, 0xef, 0x01, 0xef, 0x01, 0xef, 0x01, 0xef, 0x01,
    0xef, 0x01, 0xef, 0x01, 0xef, 0x01, 0xef, 0x01, 0xef, 0x01, 0xef, 0x01,
    0xef, 0x01, 0xef, 0x01, 0xef, 0x01, 0xef, 0x01, 0xef, 0x01, 0xef, 0x01,
    0xef, 0x01, 0xef, 0x01, 0xef, 0x01, 0xef, 0x01, 0xef, 0x01, 0xef, 0x01,
    0xef, 0x01, 0xef, 0x01, 0xef, 0x01, 0xef, 0x01, 0xef, 0x01, 0xef, 0x01,
    0xef, 0x01, 0xef, 0x01, 0xef, 0x01, 0xef, 0x01, 0xef, 0x01, 0xef, 0x01,
    0xef, 0x01, 0xef, 0x01, 0xef, 0x01, 0xef, 0x01, 0xef, 0x01, 0x10, 0x02,
    0xef, 0x01, 0x6b, 0x01, 0xa6, 0x00, 0x21, 0x00, 0x00, 0x00, 0x00, 0x00,
    0x00, 0x00, 0x00, 0x00, 0x00, 0x00, 0x00, 0x00, 0x00, 0x00, 0x00, 0x00,
    0x00, 0x00, 0x00, 0x00, 0x00, 0x00, 0x00, 0x00, 0x00, 0x00, 0x00, 0x00,
    0x00, 0x00, 0x00, 0x00, 0x00, 0x00, 0x00, 0x00, 0x00, 0x00, 0x00, 0x00,
    0x00, 0x00, 0x00, 0x00, 0x00, 0x00, 0x00, 0x00, 0x00, 0x00, 0x00, 0x00,
    0x00, 0x00, 0x00, 0x00, 0x00, 0x00, 0x00, 0x00, 0x00, 0x00, 0x00, 0x00,
    0x00, 0x00, 0x00, 0x00, 0x00, 0x00, 0x00, 0x00, 0x00, 0x00, 0x00, 0x00,
    0x00, 0x00, 0x00, 0x00, 0x00, 0x00, 0x00, 0x00, 0x00, 0x00, 0x00, 0x00,
    0x00, 0x00, 0x00, 0x00, 0x00, 0x00, 0x00, 0x00, 0x00, 0x00, 0x00, 0x00,
    0x00, 0x00, 0x00, 0x00, 0x00, 0x00, 0x00, 0x00, 0x00, 0x00, 0x00, 0x00,
    0x00, 0x00, 0x00, 0x00, 0x00, 0x00, 0x00, 0x00, 0x00, 0x00, 0x00, 0x00,
    0x00, 0x00, 0x00, 0x00, 0x00, 0x00, 0x00, 0x00, 0x00, 0x00, 0x00, 0x00,
    0x00, 0x00, 0x00, 0x00, 0x00, 0x00, 0x00, 0x00, 0x00, 0x00, 0x00, 0x00,
    0x00, 0x00, 0x00, 0x00, 0x00, 0x00, 0x00, 0x00, 0x00, 0x00, 0x00, 0x00,
    0x00, 0x00, 0x00, 0x00, 0x00, 0x00, 0x00, 0x00, 0x00, 0x00, 0x00, 0x00,
    0x00, 0x00, 0x00, 0x00, 0x00, 0x00, 0x00, 0x00, 0x00, 0x00, 0x00, 0x00,
    0x00, 0x00, 0x00, 0x00, 0x00, 0x00, 0x00, 0x00, 0x00, 0x00, 0x00, 0x00,
    0x00, 0x00, 0x00, 0x00, 0x00, 0x00, 0x00, 0x00, 0x00, 0x00, 0x00, 0x00,
    0x00, 0x00, 0x00, 0x00, 0x00, 0x00, 0x00, 0x00, 0x00, 0x00, 0x00, 0x00,
    0x00, 0x00, 0x00, 0x00, 0x00, 0x00, 0x00, 0x00, 0x00, 0x00, 0x00, 0x00,
    0x00, 0x00, 0x00, 0x00, 0x00, 0x00, 0x00, 0x00, 0x00, 0x00, 0x00, 0x00,
    0x00, 0x00, 0x00, 0x00, 0x00, 0x00, 0x00, 0x00, 0x00, 0x00, 0x00, 0x00,
    0x00, 0x00, 0x00, 0x00, 0x00, 0x00, 0x00, 0x00, 0x00, 0x00, 0x00, 0x00,
    0x00, 0x00, 0x00, 0x00, 0x00, 0x00, 0x00, 0x00, 0x00, 0x00, 0x00, 0x00,
    0x00, 0x00, 0x00, 0x00, 0x00, 0x00, 0x00, 0x00, 0x00, 0x00, 0x00, 0x00,
    0x00, 0x00, 0x21, 0x00, 0x42, 0x00, 0xa5, 0x00, 0x08, 0x01, 0x4a, 0x01,
    0x8c, 0x01, 0xce, 0x01, 0xce, 0x01, 0xef, 0x01, 0x10, 0x02, 0xf0, 0x01,
    0xef, 0x01, 0xef, 0x01, 0xef, 0x01, 0xef, 0x01, 0xef, 0x01, 0xef, 0x01,
    0xef, 0x01, 0xef, 0x01, 0xef, 0x01, 0xef, 0x01, 0xef, 0x01, 0xef, 0x01,
    0xef, 0x01, 0xef, 0x01, 0xef, 0x01, 0xef, 0x01, 0xef, 0x01, 0xef, 0x01,
    0xef, 0x01, 0xef, 0x01, 0xef, 0x01, 0xef, 0x01, 0xef, 0x01, 0xef, 0x01,
    0xef, 0x01, 0xef, 0x01, 0xef, 0x01, 0xef, 0x01, 0xef, 0x01, 0xef, 0x01,
    0xef, 0x01, 0xef, 0x01, 0xef, 0x01, 0xef, 0x01, 0xef, 0x01, 0xef, 0x01,
    0xef, 0x01, 0xef, 0x01, 0xef, 0x01, 0xef, 0x01, 0xef, 0x01, 0xef, 0x01,
    0xef, 0x01, 0xef, 0x01, 0xef, 0x01, 0xef, 0x01, 0xef, 0x01, 0xef, 0x01,
    0xef, 0x01, 0xef, 0x01, 0xef, 0x01, 0xef, 0x01, 0xef, 0x01, 0xef, 0x01,
    0xef, 0x01, 0xef, 0x01, 0xef, 0x01, 0xef, 0x01, 0xef, 0x01, 0xef, 0x01,
    0xef, 0x01, 0xef, 0x01, 0xef, 0x01, 0xef, 0x01, 0xef, 0x01, 0xef, 0x01,
    0xef, 0x01, 0xad, 0x01, 0x08, 0x01, 0x63, 0x00, 0x00, 0x00, 0x00, 0x00,
    0x00, 0x00, 0x00, 0x00, 0x00, 0x00, 0x00, 0x00, 0x00, 0x00, 0x00, 0x00,
    0x00, 0x00, 0x00, 0x00, 0x00, 0x00, 0x00, 0x00, 0x00, 0x00, 0x00, 0x00,
    0x00, 0x00, 0x00, 0x00, 0x00, 0x00, 0x00, 0x00, 0x00, 0x00, 0x00, 0x00,
    0x00, 0x00, 0x00, 0x00, 0x00, 0x00, 0x00, 0x00, 0x00, 0x00, 0x00, 0x00,
    0x00, 0x00, 0x00, 0x00, 0x00, 0x00, 0x00, 0x00, 0x00, 0x00, 0x00, 0x00,
    0x00, 0x00, 0x00, 0x00, 0x00, 0x00, 0x00, 0x00, 0x00, 0x00, 0x00, 0x00,
    0x00, 0x00, 0x00, 0x00, 0x00, 0x00, 0x00, 0x00, 0x00, 0x00, 0x00, 0x00,
    0x00, 0x00, 0x00, 0x00, 0x00, 0x00, 0x00, 0x00, 0x00, 0x00, 0x00, 0x00,
    0x00, 0x00, 0x00, 0x00, 0x00, 0x00, 0x00, 0x00, 0x00, 0x00, 0x00, 0x00,
    0x00, 0x00, 0x00, 0x00, 0x00, 0x00, 0x00, 0x00, 0x00, 0x00, 0x00, 0x00,
    0x00, 0x00, 0x00, 0x00, 0x00, 0x00, 0x00, 0x00, 0x00, 0x00, 0x00, 0x00,
    0x00, 0x00, 0x00, 0x00, 0x00, 0x00, 0x00, 0x00, 0x00, 0x00, 0x00, 0x00,
    0x00, 0x00, 0x00, 0x00, 0x00, 0x00, 0x00, 0x00, 0x00, 0x00, 0x00, 0x00,
    0x00, 0x00, 0x00, 0x00, 0x00, 0x00, 0x00, 0x00, 0x00, 0x00, 0x00, 0x00,
    0x00, 0x00, 0x00, 0x00, 0x00, 0x00, 0x00, 0x00, 0x00, 0x00, 0x00, 0x00,
    0x00, 0x00, 0x00, 0x00, 0x00, 0x00, 0x00, 0x00, 0x00, 0x00, 0x00, 0x00,
    0x00, 0x00, 0x00, 0x00, 0x00, 0x00, 0x00, 0x00, 0x00, 0x00, 0x00, 0x00,
    0x00, 0x00, 0x00, 0x00, 0x00, 0x00, 0x00, 0x00, 0x00, 0x00, 0x00, 0x00,
    0x00, 0x00, 0x00, 0x00, 0x00, 0x00, 0x00, 0x00, 0x00, 0x00, 0x00, 0x00,
    0x00, 0x00, 0x00, 0x00, 0x00, 0x00, 0x00, 0x00, 0x00, 0x00, 0x00, 0x00,
    0x00, 0x00, 0x00, 0x00, 0x00, 0x00, 0x00, 0x00, 0x00, 0x00, 0x00, 0x00,
    0x00, 0x00, 0x00, 0x00, 0x00, 0x00, 0x00, 0x00, 0x00, 0x00, 0x00, 0x00,
    0x00, 0x00, 0x00, 0x00, 0x00, 0x00, 0x00, 0x00, 0x00, 0x00, 0x00, 0x00,
    0x00, 0x00, 0x00, 0x00, 0x00, 0x00, 0x00, 0x00, 0x00, 0x00, 0x00, 0x00,
    0x00, 0x00, 0x00, 0x00, 0x00, 0x00, 0x00, 0x00, 0x00, 0x00, 0x00, 0x00,
    0x00, 0x00, 0x21, 0x00, 0x63, 0x00, 0xc6, 0x00, 0x08, 0x01, 0x6b, 0x01,
    0xac, 0x01, 0xae, 0x01, 0xce, 0x01, 0xef, 0x01, 0x10, 0x02, 0xf0, 0x01,
    0xef, 0x01, 0xef, 0x01, 0xef, 0x01, 0xef, 0x01, 0xef, 0x01, 0xef, 0x01,
    0xef, 0x01, 0xef, 0x01, 0xef, 0x01, 0xef, 0x01, 0xef, 0x01, 0xef, 0x01,
    0xef, 0x01, 0xef, 0x01, 0xef, 0x01, 0xef, 0x01, 0xef, 0x01, 0xef, 0x01,
    0xef, 0x01, 0xef, 0x01, 0xef, 0x01, 0xef, 0x01, 0xef, 0x01, 0xef, 0x01,
    0xef, 0x01, 0xef, 0x01, 0xef, 0x01, 0xef, 0x01, 0xef, 0x01, 0xef, 0x01,
    0xef, 0x01, 0xef, 0x01, 0xef, 0x01, 0xef, 0x01, 0xef, 0x01, 0xef, 0x01,
    0xef, 0x01, 0xef, 0x01, 0xef, 0x01, 0xef, 0x01, 0xef, 0x01, 0xef, 0x01,
    0xef, 0x01, 0xef, 0x01, 0xef, 0x01, 0xef, 0x01, 0xef, 0x01, 0xef, 0x01,
    0xef, 0x01, 0xef, 0x01, 0xef, 0x01, 0xef, 0x01, 0xef, 0x01, 0xef, 0x01,
    0xef, 0x01, 0xef, 0x01, 0xef, 0x01, 0xef, 0x01, 0xef, 0x01, 0x10, 0x02,
    0xef, 0x01, 0xad, 0x01, 0x29, 0x01, 0x84, 0x00, 0x00, 0x00, 0x00, 0x00,
    0x00, 0x00, 0x00, 0x00, 0x00, 0x00, 0x00, 0x00, 0x00, 0x00, 0x00, 0x00,
    0x00, 0x00, 0x00, 0x00, 0x00, 0x00, 0x00, 0x00, 0x00, 0x00, 0x00, 0x00,
    0x00, 0x00, 0x00, 0x00, 0x00, 0x00, 0x00, 0x00, 0x00, 0x00, 0x00, 0x00,
    0x00, 0x00, 0x00, 0x00, 0x00, 0x00, 0x00, 0x00, 0x00, 0x00, 0x00, 0x00,
    0x00, 0x00, 0x00, 0x00, 0x00, 0x00, 0x00, 0x00, 0x00, 0x00, 0x00, 0x00,
    0x00, 0x00, 0x00, 0x00, 0x00, 0x00, 0x00, 0x00, 0x00, 0x00, 0x00, 0x00,
    0x00, 0x00, 0x00, 0x00, 0x00, 0x00, 0x00, 0x00, 0x00, 0x00, 0x00, 0x00,
    0x00, 0x00, 0x00, 0x00, 0x00, 0x00, 0x00, 0x00, 0x00, 0x00, 0x00, 0x00,
    0x00, 0x00, 0x00, 0x00, 0x00, 0x00, 0x00, 0x00, 0x00, 0x00, 0x00, 0x00,
    0x00, 0x00, 0x00, 0x00, 0x00, 0x00, 0x00, 0x00, 0x00, 0x00, 0x00, 0x00,
    0x00, 0x00, 0x00, 0x00, 0x00, 0x00, 0x00, 0x00, 0x00, 0x00, 0x00, 0x00,
    0x00, 0x00, 0x00, 0x00, 0x00, 0x00, 0x00, 0x00, 0x00, 0x00, 0x00, 0x00,
    0x00, 0x00, 0x00, 0x00, 0x00, 0x00, 0x00, 0x00, 0x00, 0x00, 0x00, 0x00,
    0x00, 0x00, 0x00, 0x00, 0x00, 0x00, 0x00, 0x00, 0x00, 0x00, 0x00, 0x00,
    0x00, 0x00, 0x00, 0x00, 0x00, 0x00, 0x00, 0x00, 0x00, 0x00, 0x00, 0x00,
    0x00, 0x00, 0x00, 0x00, 0x00, 0x00, 0x00, 0x00, 0x00, 0x00, 0x00, 0x00,
    0x00, 0x00, 0x00, 0x00, 0x00, 0x00, 0x00, 0x00, 0x00, 0x00, 0x00, 0x00,
    0x00, 0x00, 0x00, 0x00, 0x00, 0x00, 0x00, 0x00, 0x00, 0x00, 0x00, 0x00,
    0x00, 0x00, 0x00, 0x00, 0x00, 0x00, 0x00, 0x00, 0x00, 0x00, 0x00, 0x00,
    0x00, 0x00, 0x00, 0x00, 0x00, 0x00, 0x00, 0x00, 0x00, 0x00, 0x00, 0x00,
    0x00, 0x00, 0x00, 0x00, 0x00, 0x00, 0x00, 0x00, 0x00, 0x00, 0x00, 0x00,
    0x00, 0x00, 0x00, 0x00, 0x00, 0x00, 0x00, 0x00, 0x00, 0x00, 0x00, 0x00,
    0x00, 0x00, 0x00, 0x00, 0x00, 0x00, 0x00, 0x00, 0x00, 0x00, 0x00, 0x00,
    0x00, 0x00, 0x00, 0x00, 0x00, 0x00, 0x00, 0x00, 0x00, 0x00, 0x00, 0x00,
    0x00, 0x00, 0x00, 0x00, 0x00, 0x00, 0x00, 0x00, 0x00, 0x00, 0x00, 0x00,
    0x00, 0x00, 0x00, 0x00, 0x00, 0x00, 0x00, 0x00, 0x00, 0x00, 0x00, 0x00,
    0x00, 0x00, 0x42, 0x00, 0x84, 0x00, 0xc6, 0x00, 0x08, 0x01, 0x6b, 0x01,
    0x8c, 0x01, 0xad, 0x01, 0xce, 0x01, 0xef, 0x01, 0xef, 0x01, 0xf0, 0x01,
    0xef, 0x01, 0xef, 0x01, 0xef, 0x01, 0xef, 0x01, 0xef, 0x01, 0xef, 0x01,
    0xef, 0x01, 0xef, 0x01, 0xef, 0x01, 0xef, 0x01, 0xef, 0x01, 0xef, 0x01,
    0xef, 0x01, 0xef, 0x01, 0xef, 0x01, 0xef, 0x01, 0xef, 0x01, 0xef, 0x01,
    0xef, 0x01, 0xef, 0x01, 0xef, 0x01, 0xef, 0x01, 0xef, 0x01, 0xef, 0x01,
    0xef, 0x01, 0xef, 0x01, 0xef, 0x01, 0xef, 0x01, 0xef, 0x01, 0xef, 0x01,
    0xef, 0x01, 0xef, 0x01, 0xef, 0x01, 0xef, 0x01, 0xef, 0x01, 0xef, 0x01,
    0xef, 0x01, 0xef, 0x01, 0xef, 0x01, 0xef, 0x01, 0xef, 0x01, 0xef, 0x01,
    0xef, 0x01, 0xef, 0x01, 0xef, 0x01, 0xef, 0x01, 0xef, 0x01, 0xef, 0x01,
    0xef, 0x01, 0xef, 0x01, 0xef, 0x01, 0xef, 0x01, 0xef, 0x01, 0xef, 0x01,
    0xcf, 0x01, 0xad, 0x01, 0x4a, 0x01, 0xa5, 0x00, 0x21, 0x00, 0x00, 0x00,
    0x00, 0x00, 0x00, 0x00, 0x00, 0x00, 0x00, 0x00, 0x00, 0x00, 0x00, 0x00,
    0x00, 0x00, 0x00, 0x00, 0x00, 0x00, 0x00, 0x00, 0x00, 0x00, 0x00, 0x00,
    0x00, 0x00, 0x00, 0x00, 0x00, 0x00, 0x00, 0x00, 0x00, 0x00, 0x00, 0x00,
    0x00, 0x00, 0x00, 0x00, 0x00, 0x00, 0x00, 0x00, 0x00, 0x00, 0x00, 0x00,
    0x00, 0x00, 0x00, 0x00, 0x00, 0x00, 0x00, 0x00, 0x00, 0x00, 0x00, 0x00,
    0x00, 0x00, 0x00, 0x00, 0x00, 0x00, 0x00, 0x00, 0x00, 0x00, 0x00, 0x00,
    0x00, 0x00, 0x00, 0x00, 0x00, 0x00, 0x00, 0x00, 0x00, 0x00, 0x00, 0x00,
    0x00, 0x00, 0x00, 0x00, 0x00, 0x00, 0x00, 0x00, 0x00, 0x00, 0x00, 0x00,
    0x00, 0x00, 0x00, 0x00, 0x00, 0x00, 0x00, 0x00, 0x00, 0x00, 0x00, 0x00,
    0x00, 0x00, 0x00, 0x00, 0x00, 0x00, 0x00, 0x00, 0x00, 0x00, 0x00, 0x00,
    0x00, 0x00, 0x00, 0x00, 0x00, 0x00, 0x00, 0x00, 0x00, 0x00, 0x00, 0x00,
    0x00, 0x00, 0x00, 0x00, 0x00, 0x00, 0x00, 0x00, 0x00, 0x00, 0x00, 0x00,
    0x00, 0x00, 0x00, 0x00, 0x00, 0x00, 0x00, 0x00, 0x00, 0x00, 0x00, 0x00,
    0x00, 0x00, 0x00, 0x00, 0x00, 0x00, 0x00, 0x00, 0x00, 0x00, 0x00, 0x00,
    0x00, 0x00, 0x00, 0x00, 0x00, 0x00, 0x00, 0x00, 0x00, 0x00, 0x00, 0x00,
    0x00, 0x00, 0x00, 0x00, 0x00, 0x00, 0x00, 0x00, 0x00, 0x00, 0x00, 0x00,
    0x00, 0x00, 0x00, 0x00, 0x00, 0x00, 0x00, 0x00, 0x00, 0x00, 0x00, 0x00,
    0x00, 0x00, 0x00, 0x00, 0x00, 0x00, 0x00, 0x00, 0x00, 0x00, 0x00, 0x00,
    0x00, 0x00, 0x00, 0x00, 0x00, 0x00, 0x00, 0x00, 0x00, 0x00, 0x00, 0x00,
    0x00, 0x00, 0x00, 0x00, 0x00, 0x00, 0x00, 0x00, 0x00, 0x00, 0x00, 0x00,
    0x00, 0x00, 0x00, 0x00, 0x00, 0x00, 0x00, 0x00, 0x00, 0x00, 0x00, 0x00,
    0x00, 0x00, 0x00, 0x00, 0x00, 0x00, 0x00, 0x00, 0x00, 0x00, 0x00, 0x00,
    0x00, 0x00, 0x00, 0x00, 0x00, 0x00, 0x00, 0x00, 0x00, 0x00, 0x00, 0x00,
    0x00, 0x00, 0x00, 0x00, 0x00, 0x00, 0x00, 0x00, 0x00, 0x00, 0x00, 0x00,
    0x00, 0x00, 0x00, 0x00, 0x00, 0x00, 0x00, 0x00, 0x00, 0x00, 0x00, 0x00,
    0x00, 0x00, 0x00, 0x00, 0x00, 0x00, 0x00, 0x00, 0x00, 0x00, 0x00, 0x00,
    0x00, 0x00, 0x00, 0x00, 0x00, 0x00, 0x00, 0x00, 0x00, 0x00, 0x00, 0x00,
    0x21, 0x00, 0x21, 0x00, 0x63, 0x00, 0xa5, 0x00, 0x08, 0x01, 0x4a, 0x01,
    0x6b, 0x01, 0xad, 0x01, 0xce, 0x01, 0xce, 0x01, 0xef, 0x01, 0xef, 0x01,
    0xf0, 0x01, 0x10, 0x02, 0xef, 0x01, 0xef, 0x01, 0xef, 0x01, 0xef, 0x01,
    0xef, 0x01, 0xef, 0x01, 0xef, 0x01, 0xef, 0x01, 0xef, 0x01, 0xef, 0x01,
    0xef, 0x01, 0xef, 0x01, 0xef, 0x01, 0xef, 0x01, 0xef, 0x01, 0xef, 0x01,
    0xef, 0x01, 0xef, 0x01, 0xef, 0x01, 0xef, 0x01, 0xef, 0x01, 0xef, 0x01,
    0xef, 0x01, 0xef, 0x01, 0xef, 0x01, 0xef, 0x01, 0xef, 0x01, 0xef, 0x01,
    0xef, 0x01, 0xef, 0x01, 0xef, 0x01, 0xef, 0x01, 0xef, 0x01, 0xef, 0x01,
    0xef, 0x01, 0xef, 0x01, 0xef, 0x01, 0xef, 0x01, 0xef, 0x01, 0xef, 0x01,
    0xef, 0x01, 0xef, 0x01, 0xef, 0x01, 0xef, 0x01, 0x10, 0x02, 0xef, 0x01,
    0xce, 0x01, 0x8c, 0x01, 0x29, 0x01, 0xa5, 0x00, 0x21, 0x00, 0x00, 0x00,
    0x00, 0x00, 0x00, 0x00, 0x00, 0x00, 0x00, 0x00, 0x00, 0x00, 0x00, 0x00,
    0x00, 0x00, 0x00, 0x00, 0x00, 0x00, 0x00, 0x00, 0x00, 0x00, 0x00, 0x00,
    0x00, 0x00, 0x00, 0x00, 0x00, 0x00, 0x00, 0x00, 0x00, 0x00, 0x00, 0x00,
    0x00, 0x00, 0x00, 0x00, 0x00, 0x00, 0x00, 0x00, 0x00, 0x00, 0x00, 0x00,
    0x00, 0x00, 0x00, 0x00, 0x00, 0x00, 0x00, 0x00, 0x00, 0x00, 0x00, 0x00,
    0x00, 0x00, 0x00, 0x00, 0x00, 0x00, 0x00, 0x00, 0x00, 0x00, 0x00, 0x00,
    0x00, 0x00, 0x00, 0x00, 0x00, 0x00, 0x00, 0x00, 0x00, 0x00, 0x00, 0x00,
    0x00, 0x00, 0x00, 0x00, 0x00, 0x00, 0x00, 0x00, 0x00, 0x00, 0x00, 0x00,
    0x00, 0x00, 0x00, 0x00, 0x00, 0x00, 0x00, 0x00, 0x00, 0x00, 0x00, 0x00,
    0x00, 0x00, 0x00, 0x00, 0x00, 0x00, 0x00, 0x00, 0x00, 0x00, 0x00, 0x00,
    0x00, 0x00, 0x00, 0x00, 0x00, 0x00, 0x00, 0x00, 0x00, 0x00, 0x00, 0x00,
    0x00, 0x00, 0x00, 0x00, 0x00, 0x00, 0x00, 0x00, 0x00, 0x00, 0x00, 0x00,
    0x00, 0x00, 0x00, 0x00, 0x00, 0x00, 0x00, 0x00, 0x00, 0x00, 0x00, 0x00,
    0x00, 0x00, 0x00, 0x00, 0x00, 0x00, 0x00, 0x00, 0x00, 0x00, 0x00, 0x00,
    0x00, 0x00, 0x00, 0x00, 0x00, 0x00, 0x00, 0x00, 0x00, 0x00, 0x00, 0x00,
    0x00, 0x00, 0x00, 0x00, 0x00, 0x00, 0x00, 0x00, 0x00, 0x00, 0x00, 0x00,
    0x00, 0x00, 0x00, 0x00, 0x00, 0x00, 0x00, 0x00, 0x00, 0x00, 0x00, 0x00,
    0x00, 0x00, 0x00, 0x00, 0x00, 0x00, 0x00, 0x00, 0x00, 0x00, 0x00, 0x00,
    0x00, 0x00, 0x00, 0x00, 0x00, 0x00, 0x00, 0x00, 0x00, 0x00, 0x00, 0x00,
    0x00, 0x00, 0x00, 0x00, 0x00, 0x00, 0x00, 0x00, 0x00, 0x00, 0x00, 0x00,
    0x00, 0x00, 0x00, 0x00, 0x00, 0x00, 0x00, 0x00, 0x00, 0x00, 0x00, 0x00,
    0x00, 0x00, 0x00, 0x00, 0x00, 0x00, 0x00, 0x00, 0x00, 0x00, 0x00, 0x00,
    0x00, 0x00, 0x00, 0x00, 0x00, 0x00, 0x00, 0x00, 0x00, 0x00, 0x00, 0x00,
    0x00, 0x00, 0x00, 0x00, 0x00, 0x00, 0x00, 0x00, 0x00, 0x00, 0x00, 0x00,
    0x00, 0x00, 0x00, 0x00, 0x00, 0x00, 0x00, 0x00, 0x00, 0x00, 0x00, 0x00,
    0x00, 0x00, 0x00, 0x00, 0x00, 0x00, 0x00, 0x00, 0x00, 0x00, 0x00, 0x00,
    0x00, 0x00, 0x00, 0x00, 0x00, 0x00, 0x00, 0x00, 0x00, 0x00, 0x00, 0x00,
    0x00, 0x00, 0x00, 0x00, 0x00, 0x00, 0x00, 0x00, 0x00, 0x00, 0x00, 0x00,
    0x00, 0x00, 0x21, 0x00, 0x42, 0x00, 0x84, 0x00, 0xc6, 0x00, 0xe8, 0x00,
    0x29, 0x01, 0x6b, 0x01, 0xad, 0x01, 0xad, 0x01, 0xce, 0x01, 0xef, 0x01,
    0xef, 0x01, 0xef, 0x01, 0xef, 0x01, 0xef, 0x01, 0xef, 0x01, 0xf0, 0x01,
    0xef, 0x01, 0xef, 0x01, 0xef, 0x01, 0xef, 0x01, 0xef, 0x01, 0xef, 0x01,
    0xef, 0x01, 0xef, 0x01, 0xef, 0x01, 0xef, 0x01, 0xef, 0x01, 0xef, 0x01,
    0xef, 0x01, 0xef, 0x01, 0xef, 0x01, 0xef, 0x01, 0xef, 0x01, 0xef, 0x01,
    0xef, 0x01, 0xef, 0x01, 0xef, 0x01, 0xef, 0x01, 0xef, 0x01, 0xef, 0x01,
    0xef, 0x01, 0xef, 0x01, 0xef, 0x01, 0xef, 0x01, 0xef, 0x01, 0xef, 0x01,
    0xef, 0x01, 0xef, 0x01, 0xef, 0x01, 0xef, 0x01, 0xef, 0x01, 0xcf, 0x01,
    0xad, 0x01, 0x6b, 0x01, 0xe7, 0x00, 0x84, 0x00, 0x21, 0x00, 0x00, 0x00,
    0x00, 0x00, 0x00, 0x00, 0x00, 0x00, 0x00, 0x00, 0x00, 0x00, 0x00, 0x00,
    0x00, 0x00, 0x00, 0x00, 0x00, 0x00, 0x00, 0x00, 0x00, 0x00, 0x00, 0x00,
    0x00, 0x00, 0x00, 0x00, 0x00, 0x00, 0x00, 0x00, 0x00, 0x00, 0x00, 0x00,
    0x00, 0x00, 0x00, 0x00, 0x00, 0x00, 0x00, 0x00, 0x00, 0x00, 0x00, 0x00,
    0x00, 0x00, 0x00, 0x00, 0x00, 0x00, 0x00, 0x00, 0x00, 0x00, 0x00, 0x00,
    0x00, 0x00, 0x00, 0x00, 0x00, 0x00, 0x00, 0x00, 0x00, 0x00, 0x00, 0x00,
    0x00, 0x00, 0x00, 0x00, 0x00, 0x00, 0x00, 0x00, 0x00, 0x00, 0x00, 0x00,
    0x00, 0x00, 0x00, 0x00, 0x00, 0x00, 0x00, 0x00, 0x00, 0x00, 0x00, 0x00,
    0x00, 0x00, 0x00, 0x00, 0x00, 0x00, 0x00, 0x00, 0x00, 0x00, 0x00, 0x00,
    0x00, 0x00, 0x00, 0x00, 0x00, 0x00, 0x00, 0x00, 0x00, 0x00, 0x00, 0x00,
    0x00, 0x00, 0x00, 0x00, 0x00, 0x00, 0x00, 0x00, 0x00, 0x00, 0x00, 0x00,
    0x00, 0x00, 0x00, 0x00, 0x00, 0x00, 0x00, 0x00, 0x00, 0x00, 0x00, 0x00,
    0x00, 0x00, 0x00, 0x00, 0x00, 0x00, 0x00, 0x00, 0x00, 0x00, 0x00, 0x00,
    0x00, 0x00, 0x00, 0x00, 0x00, 0x00, 0x00, 0x00, 0x00, 0x00, 0x00, 0x00,
    0x00, 0x00, 0x00, 0x00, 0x00, 0x00, 0x00, 0x00, 0x00, 0x00, 0x00, 0x00,
    0x00, 0x00, 0x00, 0x00, 0x00, 0x00, 0x00, 0x00, 0x00, 0x00, 0x00, 0x00,
    0x00, 0x00, 0x00, 0x00, 0x00, 0x00, 0x00, 0x00, 0x00, 0x00, 0x00, 0x00,
    0x00, 0x00, 0x00, 0x00, 0x00, 0x00, 0x00, 0x00, 0x00, 0x00, 0x00, 0x00,
    0x00, 0x00, 0x00, 0x00, 0x00, 0x00, 0x00, 0x00, 0x00, 0x00, 0x00, 0x00,
    0x00, 0x00, 0x00, 0x00, 0x00, 0x00, 0x00, 0x00, 0x00, 0x00, 0x00, 0x00,
    0x00, 0x00, 0x00, 0x00, 0x00, 0x00, 0x00, 0x00, 0x00, 0x00, 0x00, 0x00,
    0x00, 0x00, 0x00, 0x00, 0x00, 0x00, 0x00, 0x00, 0x00, 0x00, 0x00, 0x00,
    0x00, 0x00, 0x00, 0x00, 0x00, 0x00, 0x00, 0x00, 0x00, 0x00, 0x00, 0x00,
    0x00, 0x00, 0x00, 0x00, 0x00, 0x00, 0x00, 0x00, 0x00, 0x00, 0x00, 0x00,
    0x00, 0x00, 0x00, 0x00, 0x00, 0x00, 0x00, 0x00, 0x00, 0x00, 0x00, 0x00,
    0x00, 0x00, 0x00, 0x00, 0x00, 0x00, 0x00, 0x00, 0x00, 0x00, 0x00, 0x00,
    0x00, 0x00, 0x00, 0x00, 0x00, 0x00, 0x00, 0x00, 0x00, 0x00, 0x00, 0x00,
    0x00, 0x00, 0x00, 0x00, 0x00, 0x00, 0x00, 0x00, 0x00, 0x00, 0x00, 0x00,
    0x00, 0x00, 0x00, 0x00, 0x00, 0x00, 0x00, 0x00, 0x00, 0x00, 0x00, 0x00,
    0x00, 0x00, 0x00, 0x00, 0x21, 0x00, 0x42, 0x00, 0x63, 0x00, 0x84, 0x00,
    0xc6, 0x00, 0x08, 0x01, 0x4a, 0x01, 0x6c, 0x01, 0x8c, 0x01, 0xad, 0x01,
    0xce, 0x01, 0xce, 0x01, 0xef, 0x01, 0xef, 0x01, 0xef, 0x01, 0xef, 0x01,
    0xef, 0x01, 0xef, 0x01, 0xef, 0x01, 0xf0, 0x01, 0xef, 0x01, 0xef, 0x01,
    0xef, 0x01, 0xef, 0x01, 0xef, 0x01, 0xef, 0x01, 0xef, 0x01, 0xef, 0x01,
    0xef, 0x01, 0xef, 0x01, 0xef, 0x01, 0xef, 0x01, 0xef, 0x01, 0xef, 0x01,
    0xef, 0x01, 0xef, 0x01, 0xef, 0x01, 0xef, 0x01, 0xef, 0x01, 0x10, 0x02,
    0xef, 0x01, 0xef, 0x01, 0xef, 0x01, 0xef, 0x01, 0xce, 0x01, 0xac, 0x01,
    0x6b, 0x01, 0xe8, 0x00, 0x84, 0x00, 0x42, 0x00, 0x00, 0x00, 0x00, 0x00,
    0x00, 0x00, 0x00, 0x00, 0x00, 0x00, 0x00, 0x00, 0x00, 0x00, 0x00, 0x00,
    0x00, 0x00, 0x00, 0x00, 0x00, 0x00, 0x00, 0x00, 0x00, 0x00, 0x00, 0x00,
    0x00, 0x00, 0x00, 0x00, 0x00, 0x00, 0x00, 0x00, 0x00, 0x00, 0x00, 0x00,
    0x00, 0x00, 0x00, 0x00, 0x00, 0x00, 0x00, 0x00, 0x00, 0x00, 0x00, 0x00,
    0x00, 0x00, 0x00, 0x00, 0x00, 0x00, 0x00, 0x00, 0x00, 0x00, 0x00, 0x00,
    0x00, 0x00, 0x00, 0x00, 0x00, 0x00, 0x00, 0x00, 0x00, 0x00, 0x00, 0x00,
    0x00, 0x00, 0x00, 0x00, 0x00, 0x00, 0x00, 0x00, 0x00, 0x00, 0x00, 0x00,
    0x00, 0x00, 0x00, 0x00, 0x00, 0x00, 0x00, 0x00, 0x00, 0x00, 0x00, 0x00,
    0x00, 0x00, 0x00, 0x00, 0x00, 0x00, 0x00, 0x00, 0x00, 0x00, 0x00, 0x00,
    0x00, 0x00, 0x00, 0x00, 0x00, 0x00, 0x00, 0x00, 0x00, 0x00, 0x00, 0x00,
    0x00, 0x00, 0x00, 0x00, 0x00, 0x00, 0x00, 0x00, 0x00, 0x00, 0x00, 0x00,
    0x00, 0x00, 0x00, 0x00, 0x00, 0x00, 0x00, 0x00, 0x00, 0x00, 0x00, 0x00,
    0x00, 0x00, 0x00, 0x00, 0x00, 0x00, 0x00, 0x00, 0x00, 0x00, 0x00, 0x00,
    0x00, 0x00, 0x00, 0x00, 0x00, 0x00, 0x00, 0x00, 0x00, 0x00, 0x00, 0x00,
    0x00, 0x00, 0x00, 0x00, 0x00, 0x00, 0x00, 0x00, 0x00, 0x00, 0x00, 0x00,
    0x00, 0x00, 0x00, 0x00, 0x00, 0x00, 0x00, 0x00, 0x00, 0x00, 0x00, 0x00,
    0x00, 0x00, 0x00, 0x00, 0x00, 0x00, 0x00, 0x00, 0x00, 0x00, 0x00, 0x00,
    0x00, 0x00, 0x00, 0x00, 0x00, 0x00, 0x00, 0x00, 0x00, 0x00, 0x00, 0x00,
    0x00, 0x00, 0x00, 0x00, 0x00, 0x00, 0x00, 0x00, 0x00, 0x00, 0x00, 0x00,
    0x00, 0x00, 0x00, 0x00, 0x00, 0x00, 0x00, 0x00, 0x00, 0x00, 0x00, 0x00,
    0x00, 0x00, 0x00, 0x00, 0x00, 0x00, 0x00, 0x00, 0x00, 0x00, 0x00, 0x00,
    0x00, 0x00, 0x00, 0x00, 0x00, 0x00, 0x00, 0x00, 0x00, 0x00, 0x00, 0x00,
    0x00, 0x00, 0x00, 0x00, 0x00, 0x00, 0x00, 0x00, 0x00, 0x00, 0x00, 0x00,
    0x00, 0x00, 0x00, 0x00, 0x00, 0x00, 0x00, 0x00, 0x00, 0x00, 0x00, 0x00,
    0x00, 0x00, 0x00, 0x00, 0x00, 0x00, 0x00, 0x00, 0x00, 0x00, 0x00, 0x00,
    0x00, 0x00, 0x00, 0x00, 0x00, 0x00, 0x00, 0x00, 0x00, 0x00, 0x00, 0x00,
    0x00, 0x00, 0x00, 0x00, 0x00, 0x00, 0x00, 0x00, 0x00, 0x00, 0x00, 0x00,
    0x00, 0x00, 0x00, 0x00, 0x00, 0x00, 0x00, 0x00, 0x00, 0x00, 0x00, 0x00,
    0x00, 0x00, 0x00, 0x00, 0x00, 0x00, 0x00, 0x00, 0x00, 0x00, 0x00, 0x00,
    0x00, 0x00, 0x00, 0x00, 0x00, 0x00, 0x00, 0x00, 0x00, 0x00, 0x00, 0x00,
    0x00, 0x00, 0x00, 0x00, 0x00, 0x00, 0x20, 0x00, 0x21, 0x00, 0x21, 0x00,
    0x63, 0x00, 0x84, 0x00, 0xa5, 0x00, 0xe7, 0x00, 0x08, 0x01, 0x29, 0x01,
    0x4a, 0x01, 0x6b, 0x01, 0x8c, 0x01, 0x8c, 0x01, 0xad, 0x01, 0xce, 0x01,
    0xce, 0x01, 0xcf, 0x01, 0xef, 0x01, 0xef, 0x01, 0xef, 0x01, 0xef, 0x01,
    0xef, 0x01, 0xef, 0x01, 0xef, 0x01, 0xef, 0x01, 0xef, 0x01, 0xef, 0x01,
    0xef, 0x01, 0xef, 0x01, 0xef, 0x01, 0xef, 0x01, 0xef, 0x01, 0xef, 0x01,
    0xce, 0x01, 0xce, 0x01, 0xad, 0x01, 0x6c, 0x01, 0x4a, 0x01, 0x08, 0x01,
    0xc6, 0x00, 0x63, 0x00, 0x21, 0x00, 0x00, 0x00, 0x00, 0x00, 0x00, 0x00,
    0x00, 0x00, 0x00, 0x00, 0x00, 0x00, 0x00, 0x00, 0x00, 0x00, 0x00, 0x00,
    0x00, 0x00, 0x00, 0x00, 0x00, 0x00, 0x00, 0x00, 0x00, 0x00, 0x00, 0x00,
    0x00, 0x00, 0x00, 0x00, 0x00, 0x00, 0x00, 0x00, 0x00, 0x00, 0x00, 0x00,
    0x00, 0x00, 0x00, 0x00, 0x00, 0x00, 0x00, 0x00, 0x00, 0x00, 0x00, 0x00,
    0x00, 0x00, 0x00, 0x00, 0x00, 0x00, 0x00, 0x00, 0x00, 0x00, 0x00, 0x00,
    0x00, 0x00, 0x00, 0x00, 0x00, 0x00, 0x00, 0x00, 0x00, 0x00, 0x00, 0x00,
    0x00, 0x00, 0x00, 0x00, 0x00, 0x00, 0x00, 0x00, 0x00, 0x00, 0x00, 0x00,
    0x00, 0x00, 0x00, 0x00, 0x00, 0x00, 0x00, 0x00, 0x00, 0x00, 0x00, 0x00,
    0x00, 0x00, 0x00, 0x00, 0x00, 0x00, 0x00, 0x00, 0x00, 0x00, 0x00, 0x00,
    0x00, 0x00, 0x00, 0x00, 0x00, 0x00, 0x00, 0x00, 0x00, 0x00, 0x00, 0x00,
    0x00, 0x00, 0x00, 0x00, 0x00, 0x00, 0x00, 0x00, 0x00, 0x00, 0x00, 0x00,
    0x00, 0x00, 0x00, 0x00, 0x00, 0x00, 0x00, 0x00, 0x00, 0x00, 0x00, 0x00,
    0x00, 0x00, 0x00, 0x00, 0x00, 0x00, 0x00, 0x00, 0x00, 0x00, 0x00, 0x00,
    0x00, 0x00, 0x00, 0x00, 0x00, 0x00, 0x00, 0x00, 0x00, 0x00, 0x00, 0x00,
    0x00, 0x00, 0x00, 0x00, 0x00, 0x00, 0x00, 0x00, 0x00, 0x00, 0x00, 0x00,
    0x00, 0x00, 0x00, 0x00, 0x00, 0x00, 0x00, 0x00, 0x00, 0x00, 0x00, 0x00,
    0x00, 0x00, 0x00, 0x00, 0x00, 0x00, 0x00, 0x00, 0x00, 0x00, 0x00, 0x00,
    0x00, 0x00, 0x00, 0x00, 0x00, 0x00, 0x00, 0x00, 0x00, 0x00, 0x00, 0x00,
    0x00, 0x00, 0x00, 0x00, 0x00, 0x00, 0x00, 0x00, 0x00, 0x00, 0x00, 0x00,
    0x00, 0x00, 0x00, 0x00, 0x00, 0x00, 0x00, 0x00, 0x00, 0x00, 0x00, 0x00,
    0x00, 0x00, 0x00, 0x00, 0x00, 0x00, 0x00, 0x00, 0x00, 0x00, 0x00, 0x00,
    0x00, 0x00, 0x00, 0x00, 0x00, 0x00, 0x00, 0x00, 0x00, 0x00, 0x00, 0x00,
    0x00, 0x00, 0x00, 0x00, 0x00, 0x00, 0x00, 0x00, 0x00, 0x00, 0x00, 0x00,
    0x00, 0x00, 0x00, 0x00, 0x00, 0x00, 0x00, 0x00, 0x00, 0x00, 0x00, 0x00,
    0x00, 0x00, 0x00, 0x00, 0x00, 0x00, 0x00, 0x00, 0x00, 0x00, 0x00, 0x00,
    0x00, 0x00, 0x00, 0x00, 0x00, 0x00, 0x00, 0x00, 0x00, 0x00, 0x00, 0x00,
    0x00, 0x00, 0x00, 0x00, 0x00, 0x00, 0x00, 0x00, 0x00, 0x00, 0x00, 0x00,
    0x00, 0x00, 0x00, 0x00, 0x00, 0x00, 0x00, 0x00, 0x00, 0x00, 0x00, 0x00,
    0x00, 0x00, 0x00, 0x00, 0x00, 0x00, 0x00, 0x00, 0x00, 0x00, 0x00, 0x00,
    0x00, 0x00, 0x00, 0x00, 0x00, 0x00, 0x00, 0x00, 0x00, 0x00, 0x00, 0x00,
    0x00, 0x00, 0x00, 0x00, 0x00, 0x00, 0x00, 0x00, 0x00, 0x00, 0x00, 0x00,
    0x00, 0x00, 0x00, 0x00, 0x00, 0x00, 0x00, 0x00, 0x00, 0x00, 0x00, 0x00,
    0x00, 0x00, 0x21, 0x00, 0x21, 0x00, 0x42, 0x00, 0x63, 0x00, 0x84, 0x00,
    0xa4, 0x00, 0xa5, 0x00, 0xc6, 0x00, 0xe6, 0x00, 0xe7, 0x00, 0xe8, 0x00,
    0x28, 0x01, 0x2a, 0x01, 0x4a, 0x01, 0x2a, 0x01, 0x4a, 0x01, 0x4a, 0x01,
    0x6b, 0x01, 0x8c, 0x01, 0x8c, 0x01, 0x6b, 0x01, 0x4a, 0x01, 0x2a, 0x01,
    0x29, 0x01, 0x08, 0x01, 0xe7, 0x00, 0xa5, 0x00, 0x84, 0x00, 0x63, 0x00,
    0x42, 0x00, 0x00, 0x00, 0x00, 0x00, 0x00, 0x00, 0x00, 0x00, 0x00, 0x00,
    0x00, 0x00, 0x00, 0x00, 0x00, 0x00, 0x00, 0x00, 0x00, 0x00, 0x00, 0x00,
    0x00, 0x00, 0x00, 0x00, 0x00, 0x00, 0x00, 0x00, 0x00, 0x00, 0x00, 0x00,
    0x00, 0x00, 0x00, 0x00, 0x00, 0x00, 0x00, 0x00, 0x00, 0x00, 0x00, 0x00,
    0x00, 0x00, 0x00, 0x00, 0x00, 0x00, 0x00, 0x00, 0x00, 0x00, 0x00, 0x00,
    0x00, 0x00, 0x00, 0x00, 0x00, 0x00, 0x00, 0x00, 0x00, 0x00, 0x00, 0x00,
    0x00, 0x00, 0x00, 0x00, 0x00, 0x00, 0x00, 0x00, 0x00, 0x00, 0x00, 0x00,
    0x00, 0x00, 0x00, 0x00, 0x00, 0x00, 0x00, 0x00, 0x00, 0x00, 0x00, 0x00,
    0x00, 0x00, 0x00, 0x00, 0x00, 0x00, 0x00, 0x00, 0x00, 0x00, 0x00, 0x00,
    0x00, 0x00, 0x00, 0x00
};
